timestamp_utc,lat,lon,depth_m,region,u_ms,v_ms,current_speed_ms
2025-06-01T00:00:00+00:00,6.0,80.0,0.0,Bay of Bengal,0.01425,-0.25751,0.2579
2025-06-01T00:00:00+00:00,6.0,81.0,0.0,Bay of Bengal,0.01311,-0.25985,0.26018
2025-06-01T00:00:00+00:00,6.0,82.0,0.0,Bay of Bengal,0.01179,-0.26201,0.26227
2025-06-01T00:00:00+00:00,6.0,83.0,0.0,Bay of Bengal,0.01031,-0.26396,0.26416
2025-06-01T00:00:00+00:00,6.0,84.0,0.0,Bay of Bengal,0.00868,-0.2657,0.26585
2025-06-01T00:00:00+00:00,6.0,85.0,0.0,Bay of Bengal,0.00693,-0.26724,0.26733
2025-06-01T00:00:00+00:00,6.0,86.0,0.0,Bay of Bengal,0.00506,-0.26857,0.26862
2025-06-01T00:00:00+00:00,6.0,87.0,0.0,Bay of Bengal,0.00311,-0.26968,0.2697
2025-06-01T00:00:00+00:00,6.0,88.0,0.0,Bay of Bengal,0.00109,-0.27058,0.27058
2025-06-01T00:00:00+00:00,6.0,89.0,0.0,Bay of Bengal,-0.00098,-0.27125,0.27126
2025-06-01T00:00:00+00:00,6.0,90.0,0.0,Bay of Bengal,-0.00307,-0.27171,0.27173
2025-06-01T00:00:00+00:00,6.0,91.0,0.0,Bay of Bengal,-0.00516,-0.27195,0.272
2025-06-01T00:00:00+00:00,6.0,92.0,0.0,Bay of Bengal,-0.00723,-0.27197,0.27206
2025-06-01T00:00:00+00:00,6.0,93.0,0.0,Bay of Bengal,-0.00925,-0.27176,0.27192
2025-06-01T00:00:00+00:00,6.0,94.0,0.0,Bay of Bengal,-0.01121,-0.27135,0.27158
2025-06-01T00:00:00+00:00,6.0,95.0,0.0,Bay of Bengal,-0.01307,-0.27071,0.27103
2025-06-01T00:00:00+00:00,6.0,96.0,0.0,Bay of Bengal,-0.01483,-0.26986,0.27027
2025-06-01T00:00:00+00:00,6.0,97.0,0.0,Bay of Bengal,-0.01645,-0.26881,0.26931
2025-06-01T00:00:00+00:00,6.0,98.0,0.0,Bay of Bengal,-0.01794,-0.26754,0.26814
2025-06-01T00:00:00+00:00,7.0,80.0,0.0,Bay of Bengal,-0.01297,-0.25786,0.25818
2025-06-01T00:00:00+00:00,7.0,81.0,0.0,Bay of Bengal,-0.01521,-0.2602,0.26065
2025-06-01T00:00:00+00:00,7.0,82.0,0.0,Bay of Bengal,-0.01732,-0.26236,0.26293
2025-06-01T00:00:00+00:00,7.0,83.0,0.0,Bay of Bengal,-0.01925,-0.26431,0.26501
2025-06-01T00:00:00+00:00,7.0,84.0,0.0,Bay of Bengal,-0.02099,-0.26605,0.26688
2025-06-01T00:00:00+00:00,7.0,85.0,0.0,Bay of Bengal,-0.02252,-0.26759,0.26854
2025-06-01T00:00:00+00:00,7.0,86.0,0.0,Bay of Bengal,-0.02379,-0.26892,0.26997
2025-06-01T00:00:00+00:00,7.0,87.0,0.0,Bay of Bengal,-0.0248,-0.27003,0.27117
2025-06-01T00:00:00+00:00,7.0,88.0,0.0,Bay of Bengal,-0.02554,-0.27093,0.27213
2025-06-01T00:00:00+00:00,7.0,89.0,0.0,Bay of Bengal,-0.02598,-0.2716,0.27284
2025-06-01T00:00:00+00:00,7.0,90.0,0.0,Bay of Bengal,-0.02613,-0.27206,0.27331
2025-06-01T00:00:00+00:00,7.0,91.0,0.0,Bay of Bengal,-0.02598,-0.27229,0.27353
2025-06-01T00:00:00+00:00,7.0,92.0,0.0,Bay of Bengal,-0.02554,-0.27231,0.27351
2025-06-01T00:00:00+00:00,7.0,93.0,0.0,Bay of Bengal,-0.0248,-0.27211,0.27324
2025-06-01T00:00:00+00:00,7.0,94.0,0.0,Bay of Bengal,-0.02379,-0.27169,0.27273
2025-06-01T00:00:00+00:00,7.0,95.0,0.0,Bay of Bengal,-0.02252,-0.27105,0.27199
2025-06-01T00:00:00+00:00,7.0,96.0,0.0,Bay of Bengal,-0.02099,-0.2702,0.27102
2025-06-01T00:00:00+00:00,7.0,97.0,0.0,Bay of Bengal,-0.01925,-0.26915,0.26983
2025-06-01T00:00:00+00:00,7.0,98.0,0.0,Bay of Bengal,-0.01732,-0.26788,0.26844
2025-06-01T00:00:00+00:00,8.0,80.0,0.0,Bay of Bengal,-0.02932,-0.2582,0.25986
2025-06-01T00:00:00+00:00,8.0,81.0,0.0,Bay of Bengal,-0.02864,-0.26055,0.26212
2025-06-01T00:00:00+00:00,8.0,82.0,0.0,Bay of Bengal,-0.0276,-0.2627,0.26415
2025-06-01T00:00:00+00:00,8.0,83.0,0.0,Bay of Bengal,-0.0262,-0.26466,0.26595
2025-06-01T00:00:00+00:00,8.0,84.0,0.0,Bay of Bengal,-0.02448,-0.2664,0.26753
2025-06-01T00:00:00+00:00,8.0,85.0,0.0,Bay of Bengal,-0.02248,-0.26794,0.26888
2025-06-01T00:00:00+00:00,8.0,86.0,0.0,Bay of Bengal,-0.02022,-0.26927,0.27003
2025-06-01T00:00:00+00:00,8.0,87.0,0.0,Bay of Bengal,-0.01776,-0.27038,0.27096
2025-06-01T00:00:00+00:00,8.0,88.0,0.0,Bay of Bengal,-0.01513,-0.27127,0.27169
2025-06-01T00:00:00+00:00,8.0,89.0,0.0,Bay of Bengal,-0.01241,-0.27195,0.27223
2025-06-01T00:00:00+00:00,8.0,90.0,0.0,Bay of Bengal,-0.00962,-0.2724,0.27257
2025-06-01T00:00:00+00:00,8.0,91.0,0.0,Bay of Bengal,-0.00684,-0.27264,0.27273
2025-06-01T00:00:00+00:00,8.0,92.0,0.0,Bay of Bengal,-0.00411,-0.27266,0.27269
2025-06-01T00:00:00+00:00,8.0,93.0,0.0,Bay of Bengal,-0.00149,-0.27245,0.27246
2025-06-01T00:00:00+00:00,8.0,94.0,0.0,Bay of Bengal,0.00098,-0.27203,0.27203
2025-06-01T00:00:00+00:00,8.0,95.0,0.0,Bay of Bengal,0.00323,-0.27139,0.27141
2025-06-01T00:00:00+00:00,8.0,96.0,0.0,Bay of Bengal,0.00524,-0.27054,0.27059
2025-06-01T00:00:00+00:00,8.0,97.0,0.0,Bay of Bengal,0.00696,-0.26948,0.26957
2025-06-01T00:00:00+00:00,8.0,98.0,0.0,Bay of Bengal,0.00835,-0.26822,0.26835
2025-06-01T00:00:00+00:00,9.0,80.0,0.0,Bay of Bengal,-0.01353,-0.25855,0.25891
2025-06-01T00:00:00+00:00,9.0,81.0,0.0,Bay of Bengal,-0.0104,-0.2609,0.26111
2025-06-01T00:00:00+00:00,9.0,82.0,0.0,Bay of Bengal,-0.00734,-0.26305,0.26316
2025-06-01T00:00:00+00:00,9.0,83.0,0.0,Bay of Bengal,-0.00445,-0.265,0.26504
2025-06-01T00:00:00+00:00,9.0,84.0,0.0,Bay of Bengal,-0.00177,-0.26675,0.26676
2025-06-01T00:00:00+00:00,9.0,85.0,0.0,Bay of Bengal,0.00062,-0.26829,0.26829
2025-06-01T00:00:00+00:00,9.0,86.0,0.0,Bay of Bengal,0.00266,-0.26962,0.26963
2025-06-01T00:00:00+00:00,9.0,87.0,0.0,Bay of Bengal,0.0043,-0.27073,0.27076
2025-06-01T00:00:00+00:00,9.0,88.0,0.0,Bay of Bengal,0.0055,-0.27162,0.27168
2025-06-01T00:00:00+00:00,9.0,89.0,0.0,Bay of Bengal,0.00623,-0.27229,0.27237
2025-06-01T00:00:00+00:00,9.0,90.0,0.0,Bay of Bengal,0.00647,-0.27275,0.27283
2025-06-01T00:00:00+00:00,9.0,91.0,0.0,Bay of Bengal,0.00623,-0.27298,0.27305
2025-06-01T00:00:00+00:00,9.0,92.0,0.0,Bay of Bengal,0.0055,-0.273,0.27305
2025-06-01T00:00:00+00:00,9.0,93.0,0.0,Bay of Bengal,0.0043,-0.27279,0.27283
2025-06-01T00:00:00+00:00,9.0,94.0,0.0,Bay of Bengal,0.00266,-0.27237,0.27238
2025-06-01T00:00:00+00:00,9.0,95.0,0.0,Bay of Bengal,0.00062,-0.27173,0.27173
2025-06-01T00:00:00+00:00,9.0,96.0,0.0,Bay of Bengal,-0.00177,-0.27088,0.27089
2025-06-01T00:00:00+00:00,9.0,97.0,0.0,Bay of Bengal,-0.00445,-0.26982,0.26986
2025-06-01T00:00:00+00:00,9.0,98.0,0.0,Bay of Bengal,-0.00734,-0.26855,0.26865
2025-06-01T00:00:00+00:00,10.0,80.0,0.0,Bay of Bengal,0.00187,-0.2589,0.25891
2025-06-01T00:00:00+00:00,10.0,81.0,0.0,Bay of Bengal,0.00218,-0.26125,0.26126
2025-06-01T00:00:00+00:00,10.0,82.0,0.0,Bay of Bengal,0.00187,-0.2634,0.26341
2025-06-01T00:00:00+00:00,10.0,83.0,0.0,Bay of Bengal,0.00097,-0.26535,0.26536
2025-06-01T00:00:00+00:00,10.0,84.0,0.0,Bay of Bengal,-0.0005,-0.2671,0.2671
2025-06-01T00:00:00+00:00,10.0,85.0,0.0,Bay of Bengal,-0.0025,-0.26864,0.26865
2025-06-01T00:00:00+00:00,10.0,86.0,0.0,Bay of Bengal,-0.00497,-0.26996,0.27001
2025-06-01T00:00:00+00:00,10.0,87.0,0.0,Bay of Bengal,-0.00782,-0.27107,0.27119
2025-06-01T00:00:00+00:00,10.0,88.0,0.0,Bay of Bengal,-0.01098,-0.27197,0.27219
2025-06-01T00:00:00+00:00,10.0,89.0,0.0,Bay of Bengal,-0.01435,-0.27264,0.27302
2025-06-01T00:00:00+00:00,10.0,90.0,0.0,Bay of Bengal,-0.01782,-0.27309,0.27367
2025-06-01T00:00:00+00:00,10.0,91.0,0.0,Bay of Bengal,-0.0213,-0.27333,0.27416
2025-06-01T00:00:00+00:00,10.0,92.0,0.0,Bay of Bengal,-0.02466,-0.27334,0.27445
2025-06-01T00:00:00+00:00,10.0,93.0,0.0,Bay of Bengal,-0.02782,-0.27313,0.27455
2025-06-01T00:00:00+00:00,10.0,94.0,0.0,Bay of Bengal,-0.03068,-0.27271,0.27443
2025-06-01T00:00:00+00:00,10.0,95.0,0.0,Bay of Bengal,-0.03314,-0.27207,0.27408
2025-06-01T00:00:00+00:00,10.0,96.0,0.0,Bay of Bengal,-0.03514,-0.27122,0.27349
2025-06-01T00:00:00+00:00,10.0,97.0,0.0,Bay of Bengal,-0.03662,-0.27015,0.27262
2025-06-01T00:00:00+00:00,10.0,98.0,0.0,Bay of Bengal,-0.03752,-0.26888,0.27149
2025-06-01T00:00:00+00:00,11.0,80.0,0.0,Bay of Bengal,-0.01565,-0.25925,0.25972
2025-06-01T00:00:00+00:00,11.0,81.0,0.0,Bay of Bengal,-0.01936,-0.2616,0.26231
2025-06-01T00:00:00+00:00,11.0,82.0,0.0,Bay of Bengal,-0.02319,-0.26375,0.26477
2025-06-01T00:00:00+00:00,11.0,83.0,0.0,Bay of Bengal,-0.02699,-0.2657,0.26707
2025-06-01T00:00:00+00:00,11.0,84.0,0.0,Bay of Bengal,-0.03063,-0.26745,0.2692
2025-06-01T00:00:00+00:00,11.0,85.0,0.0,Bay of Bengal,-0.03396,-0.26899,0.27112
2025-06-01T00:00:00+00:00,11.0,86.0,0.0,Bay of Bengal,-0.03688,-0.27031,0.27281
2025-06-01T00:00:00+00:00,11.0,87.0,0.0,Bay of Bengal,-0.03927,-0.27142,0.27424
2025-06-01T00:00:00+00:00,11.0,88.0,0.0,Bay of Bengal,-0.04104,-0.27231,0.27539
2025-06-01T00:00:00+00:00,11.0,89.0,0.0,Bay of Bengal,-0.04213,-0.27298,0.27621
2025-06-01T00:00:00+00:00,11.0,90.0,0.0,Bay of Bengal,-0.04249,-0.27344,0.27672
2025-06-01T00:00:00+00:00,11.0,91.0,0.0,Bay of Bengal,-0.04213,-0.27367,0.27689
2025-06-01T00:00:00+00:00,11.0,92.0,0.0,Bay of Bengal,-0.04104,-0.27368,0.27674
2025-06-01T00:00:00+00:00,11.0,93.0,0.0,Bay of Bengal,-0.03927,-0.27347,0.27628
2025-06-01T00:00:00+00:00,11.0,94.0,0.0,Bay of Bengal,-0.03688,-0.27305,0.27553
2025-06-01T00:00:00+00:00,11.0,95.0,0.0,Bay of Bengal,-0.03396,-0.27241,0.27452
2025-06-01T00:00:00+00:00,11.0,96.0,0.0,Bay of Bengal,-0.03063,-0.27155,0.27327
2025-06-01T00:00:00+00:00,11.0,97.0,0.0,Bay of Bengal,-0.02699,-0.27049,0.27183
2025-06-01T00:00:00+00:00,11.0,98.0,0.0,Bay of Bengal,-0.02319,-0.26922,0.27021
2025-06-01T00:00:00+00:00,12.0,80.0,0.0,Bay of Bengal,-0.04483,-0.2596,0.26344
2025-06-01T00:00:00+00:00,12.0,81.0,0.0,Bay of Bengal,-0.04653,-0.26195,0.26605
2025-06-01T00:00:00+00:00,12.0,82.0,0.0,Bay of Bengal,-0.0474,-0.2641,0.26832
2025-06-01T00:00:00+00:00,12.0,83.0,0.0,Bay of Bengal,-0.0474,-0.26605,0.27024
2025-06-01T00:00:00+00:00,12.0,84.0,0.0,Bay of Bengal,-0.04653,-0.2678,0.27181
2025-06-01T00:00:00+00:00,12.0,85.0,0.0,Bay of Bengal,-0.04483,-0.26933,0.27304
2025-06-01T00:00:00+00:00,12.0,86.0,0.0,Bay of Bengal,-0.04238,-0.27066,0.27395
2025-06-01T00:00:00+00:00,12.0,87.0,0.0,Bay of Bengal,-0.03927,-0.27176,0.27459
2025-06-01T00:00:00+00:00,12.0,88.0,0.0,Bay of Bengal,-0.03565,-0.27266,0.27498
2025-06-01T00:00:00+00:00,12.0,89.0,0.0,Bay of Bengal,-0.03167,-0.27333,0.27516
2025-06-01T00:00:00+00:00,12.0,90.0,0.0,Bay of Bengal,-0.02751,-0.27378,0.27516
2025-06-01T00:00:00+00:00,12.0,91.0,0.0,Bay of Bengal,-0.02336,-0.27401,0.275
2025-06-01T00:00:00+00:00,12.0,92.0,0.0,Bay of Bengal,-0.01938,-0.27402,0.27471
2025-06-01T00:00:00+00:00,12.0,93.0,0.0,Bay of Bengal,-0.01576,-0.27381,0.27426
2025-06-01T00:00:00+00:00,12.0,94.0,0.0,Bay of Bengal,-0.01265,-0.27338,0.27368
2025-06-01T00:00:00+00:00,12.0,95.0,0.0,Bay of Bengal,-0.01019,-0.27274,0.27293
2025-06-01T00:00:00+00:00,12.0,96.0,0.0,Bay of Bengal,-0.00849,-0.27189,0.27202
2025-06-01T00:00:00+00:00,12.0,97.0,0.0,Bay of Bengal,-0.00762,-0.27082,0.27093
2025-06-01T00:00:00+00:00,12.0,98.0,0.0,Bay of Bengal,-0.00762,-0.26954,0.26965
2025-06-01T00:00:00+00:00,13.0,80.0,0.0,Bay of Bengal,-0.04572,-0.25995,0.26394
2025-06-01T00:00:00+00:00,13.0,81.0,0.0,Bay of Bengal,-0.04194,-0.2623,0.26563
2025-06-01T00:00:00+00:00,13.0,82.0,0.0,Bay of Bengal,-0.0377,-0.26445,0.26712
2025-06-01T00:00:00+00:00,13.0,83.0,0.0,Bay of Bengal,-0.03321,-0.2664,0.26846
2025-06-01T00:00:00+00:00,13.0,84.0,0.0,Bay of Bengal,-0.0287,-0.26814,0.26967
2025-06-01T00:00:00+00:00,13.0,85.0,0.0,Bay of Bengal,-0.02441,-0.26968,0.27078
2025-06-01T00:00:00+00:00,13.0,86.0,0.0,Bay of Bengal,-0.02055,-0.271,0.27178
2025-06-01T00:00:00+00:00,13.0,87.0,0.0,Bay of Bengal,-0.01732,-0.27211,0.27266
2025-06-01T00:00:00+00:00,13.0,88.0,0.0,Bay of Bengal,-0.01488,-0.273,0.2734
2025-06-01T00:00:00+00:00,13.0,89.0,0.0,Bay of Bengal,-0.01337,-0.27367,0.274
2025-06-01T00:00:00+00:00,13.0,90.0,0.0,Bay of Bengal,-0.01286,-0.27412,0.27442
2025-06-01T00:00:00+00:00,13.0,91.0,0.0,Bay of Bengal,-0.01337,-0.27435,0.27467
2025-06-01T00:00:00+00:00,13.0,92.0,0.0,Bay of Bengal,-0.01488,-0.27436,0.27476
2025-06-01T00:00:00+00:00,13.0,93.0,0.0,Bay of Bengal,-0.01732,-0.27415,0.27469
2025-06-01T00:00:00+00:00,13.0,94.0,0.0,Bay of Bengal,-0.02055,-0.27372,0.27449
2025-06-01T00:00:00+00:00,13.0,95.0,0.0,Bay of Bengal,-0.02441,-0.27307,0.27416
2025-06-01T00:00:00+00:00,13.0,96.0,0.0,Bay of Bengal,-0.0287,-0.27222,0.27373
2025-06-01T00:00:00+00:00,13.0,97.0,0.0,Bay of Bengal,-0.03321,-0.27115,0.27317
2025-06-01T00:00:00+00:00,13.0,98.0,0.0,Bay of Bengal,-0.0377,-0.26987,0.27249
2025-06-01T00:00:00+00:00,14.0,80.0,0.0,Bay of Bengal,-0.02565,-0.2603,0.26156
2025-06-01T00:00:00+00:00,14.0,81.0,0.0,Bay of Bengal,-0.02233,-0.26264,0.26359
2025-06-01T00:00:00+00:00,14.0,82.0,0.0,Bay of Bengal,-0.01996,-0.26479,0.26555
2025-06-01T00:00:00+00:00,14.0,83.0,0.0,Bay of Bengal,-0.0187,-0.26674,0.2674
2025-06-01T00:00:00+00:00,14.0,84.0,0.0,Bay of Bengal,-0.01862,-0.26849,0.26913
2025-06-01T00:00:00+00:00,14.0,85.0,0.0,Bay of Bengal,-0.01971,-0.27002,0.27074
2025-06-01T00:00:00+00:00,14.0,86.0,0.0,Bay of Bengal,-0.02193,-0.27135,0.27223
2025-06-01T00:00:00+00:00,14.0,87.0,0.0,Bay of Bengal,-0.02512,-0.27245,0.27361
2025-06-01T00:00:00+00:00,14.0,88.0,0.0,Bay of Bengal,-0.02912,-0.27334,0.27489
2025-06-01T00:00:00+00:00,14.0,89.0,0.0,Bay of Bengal,-0.03367,-0.27401,0.27607
2025-06-01T00:00:00+00:00,14.0,90.0,0.0,Bay of Bengal,-0.03851,-0.27446,0.27715
2025-06-01T00:00:00+00:00,14.0,91.0,0.0,Bay of Bengal,-0.04335,-0.27469,0.27809
2025-06-01T00:00:00+00:00,14.0,92.0,0.0,Bay of Bengal,-0.0479,-0.27469,0.27884
2025-06-01T00:00:00+00:00,14.0,93.0,0.0,Bay of Bengal,-0.05189,-0.27448,0.27934
2025-06-01T00:00:00+00:00,14.0,94.0,0.0,Bay of Bengal,-0.05509,-0.27405,0.27953
2025-06-01T00:00:00+00:00,14.0,95.0,0.0,Bay of Bengal,-0.0573,-0.27341,0.27935
2025-06-01T00:00:00+00:00,14.0,96.0,0.0,Bay of Bengal,-0.0584,-0.27255,0.27873
2025-06-01T00:00:00+00:00,14.0,97.0,0.0,Bay of Bengal,-0.05831,-0.27147,0.27767
2025-06-01T00:00:00+00:00,14.0,98.0,0.0,Bay of Bengal,-0.05705,-0.2702,0.27615
2025-06-01T00:00:00+00:00,15.0,80.0,0.0,Bay of Bengal,-0.02711,-0.26065,0.26205
2025-06-01T00:00:00+00:00,15.0,81.0,0.0,Bay of Bengal,-0.03028,-0.26299,0.26473
2025-06-01T00:00:00+00:00,15.0,82.0,0.0,Bay of Bengal,-0.03443,-0.26514,0.26737
2025-06-01T00:00:00+00:00,15.0,83.0,0.0,Bay of Bengal,-0.03925,-0.26709,0.26996
2025-06-01T00:00:00+00:00,15.0,84.0,0.0,Bay of Bengal,-0.04443,-0.26883,0.27248
2025-06-01T00:00:00+00:00,15.0,85.0,0.0,Bay of Bengal,-0.0496,-0.27037,0.27488
2025-06-01T00:00:00+00:00,15.0,86.0,0.0,Bay of Bengal,-0.05443,-0.27169,0.27709
2025-06-01T00:00:00+00:00,15.0,87.0,0.0,Bay of Bengal,-0.05857,-0.27279,0.27901
2025-06-01T00:00:00+00:00,15.0,88.0,0.0,Bay of Bengal,-0.06175,-0.27368,0.28056
2025-06-01T00:00:00+00:00,15.0,89.0,0.0,Bay of Bengal,-0.06375,-0.27435,0.28166
2025-06-01T00:00:00+00:00,15.0,90.0,0.0,Bay of Bengal,-0.06443,-0.2748,0.28225
2025-06-01T00:00:00+00:00,15.0,91.0,0.0,Bay of Bengal,-0.06375,-0.27502,0.28231
2025-06-01T00:00:00+00:00,15.0,92.0,0.0,Bay of Bengal,-0.06175,-0.27503,0.28188
2025-06-01T00:00:00+00:00,15.0,93.0,0.0,Bay of Bengal,-0.05857,-0.27482,0.28099
2025-06-01T00:00:00+00:00,15.0,94.0,0.0,Bay of Bengal,-0.05443,-0.27438,0.27973
2025-06-01T00:00:00+00:00,15.0,95.0,0.0,Bay of Bengal,-0.0496,-0.27373,0.27819
2025-06-01T00:00:00+00:00,15.0,96.0,0.0,Bay of Bengal,-0.04443,-0.27287,0.27647
2025-06-01T00:00:00+00:00,15.0,97.0,0.0,Bay of Bengal,-0.03925,-0.2718,0.27462
2025-06-01T00:00:00+00:00,15.0,98.0,0.0,Bay of Bengal,-0.03443,-0.27052,0.2727
2025-06-01T00:00:00+00:00,16.0,80.0,0.0,Bay of Bengal,-0.05743,-0.26099,0.26724
2025-06-01T00:00:00+00:00,16.0,81.0,0.0,Bay of Bengal,-0.06235,-0.26334,0.27062
2025-06-01T00:00:00+00:00,16.0,82.0,0.0,Bay of Bengal,-0.06635,-0.26549,0.27365
2025-06-01T00:00:00+00:00,16.0,83.0,0.0,Bay of Bengal,-0.06913,-0.26744,0.27623
2025-06-01T00:00:00+00:00,16.0,84.0,0.0,Bay of Bengal,-0.07048,-0.26918,0.27825
2025-06-01T00:00:00+00:00,16.0,85.0,0.0,Bay of Bengal,-0.07029,-0.27071,0.27969
2025-06-01T00:00:00+00:00,16.0,86.0,0.0,Bay of Bengal,-0.06857,-0.27203,0.28054
2025-06-01T00:00:00+00:00,16.0,87.0,0.0,Bay of Bengal,-0.06545,-0.27313,0.28087
2025-06-01T00:00:00+00:00,16.0,88.0,0.0,Bay of Bengal,-0.06119,-0.27402,0.28077
2025-06-01T00:00:00+00:00,16.0,89.0,0.0,Bay of Bengal,-0.0561,-0.27469,0.28036
2025-06-01T00:00:00+00:00,16.0,90.0,0.0,Bay of Bengal,-0.05059,-0.27513,0.27975
2025-06-01T00:00:00+00:00,16.0,91.0,0.0,Bay of Bengal,-0.04508,-0.27536,0.27902
2025-06-01T00:00:00+00:00,16.0,92.0,0.0,Bay of Bengal,-0.03999,-0.27536,0.27825
2025-06-01T00:00:00+00:00,16.0,93.0,0.0,Bay of Bengal,-0.03573,-0.27515,0.27746
2025-06-01T00:00:00+00:00,16.0,94.0,0.0,Bay of Bengal,-0.03261,-0.27471,0.27664
2025-06-01T00:00:00+00:00,16.0,95.0,0.0,Bay of Bengal,-0.03089,-0.27406,0.2758
2025-06-01T00:00:00+00:00,16.0,96.0,0.0,Bay of Bengal,-0.0307,-0.2732,0.27492
2025-06-01T00:00:00+00:00,16.0,97.0,0.0,Bay of Bengal,-0.03205,-0.27212,0.274
2025-06-01T00:00:00+00:00,16.0,98.0,0.0,Bay of Bengal,-0.03483,-0.27084,0.27307
2025-06-01T00:00:00+00:00,17.0,80.0,0.0,Bay of Bengal,-0.07666,-0.26134,0.27235
2025-06-01T00:00:00+00:00,17.0,81.0,0.0,Bay of Bengal,-0.07479,-0.26368,0.27408
2025-06-01T00:00:00+00:00,17.0,82.0,0.0,Bay of Bengal,-0.07135,-0.26583,0.27524
2025-06-01T00:00:00+00:00,17.0,83.0,0.0,Bay of Bengal,-0.06666,-0.26778,0.27595
2025-06-01T00:00:00+00:00,17.0,84.0,0.0,Bay of Bengal,-0.06112,-0.26952,0.27637
2025-06-01T00:00:00+00:00,17.0,85.0,0.0,Bay of Bengal,-0.05522,-0.27105,0.27662
2025-06-01T00:00:00+00:00,17.0,86.0,0.0,Bay of Bengal,-0.04947,-0.27237,0.27683
2025-06-01T00:00:00+00:00,17.0,87.0,0.0,Bay of Bengal,-0.04438,-0.27347,0.27705
2025-06-01T00:00:00+00:00,17.0,88.0,0.0,Bay of Bengal,-0.04039,-0.27436,0.27731
2025-06-01T00:00:00+00:00,17.0,89.0,0.0,Bay of Bengal,-0.03784,-0.27502,0.27761
2025-06-01T00:00:00+00:00,17.0,90.0,0.0,Bay of Bengal,-0.03697,-0.27547,0.27794
2025-06-01T00:00:00+00:00,17.0,91.0,0.0,Bay of Bengal,-0.03784,-0.27569,0.27828
2025-06-01T00:00:00+00:00,17.0,92.0,0.0,Bay of Bengal,-0.04039,-0.27569,0.27864
2025-06-01T00:00:00+00:00,17.0,93.0,0.0,Bay of Bengal,-0.04438,-0.27548,0.27903
2025-06-01T00:00:00+00:00,17.0,94.0,0.0,Bay of Bengal,-0.04947,-0.27504,0.27945
2025-06-01T00:00:00+00:00,17.0,95.0,0.0,Bay of Bengal,-0.05522,-0.27439,0.27989
2025-06-01T00:00:00+00:00,17.0,96.0,0.0,Bay of Bengal,-0.06112,-0.27352,0.28027
2025-06-01T00:00:00+00:00,17.0,97.0,0.0,Bay of Bengal,-0.06666,-0.27244,0.28048
2025-06-01T00:00:00+00:00,17.0,98.0,0.0,Bay of Bengal,-0.07135,-0.27116,0.28039
2025-06-01T00:00:00+00:00,18.0,80.0,0.0,Bay of Bengal,-0.06353,-0.26169,0.26929
2025-06-01T00:00:00+00:00,18.0,81.0,0.0,Bay of Bengal,-0.05734,-0.26403,0.27019
2025-06-01T00:00:00+00:00,18.0,82.0,0.0,Bay of Bengal,-0.05177,-0.26618,0.27116
2025-06-01T00:00:00+00:00,18.0,83.0,0.0,Bay of Bengal,-0.04734,-0.26812,0.27227
2025-06-01T00:00:00+00:00,18.0,84.0,0.0,Bay of Bengal,-0.0445,-0.26986,0.27351
2025-06-01T00:00:00+00:00,18.0,85.0,0.0,Bay of Bengal,-0.04353,-0.27139,0.27486
2025-06-01T00:00:00+00:00,18.0,86.0,0.0,Bay of Bengal,-0.0445,-0.27271,0.27632
2025-06-01T00:00:00+00:00,18.0,87.0,0.0,Bay of Bengal,-0.04734,-0.27381,0.27787
2025-06-01T00:00:00+00:00,18.0,88.0,0.0,Bay of Bengal,-0.05177,-0.27469,0.27953
2025-06-01T00:00:00+00:00,18.0,89.0,0.0,Bay of Bengal,-0.05734,-0.27536,0.28127
2025-06-01T00:00:00+00:00,18.0,90.0,0.0,Bay of Bengal,-0.06353,-0.2758,0.28302
2025-06-01T00:00:00+00:00,18.0,91.0,0.0,Bay of Bengal,-0.06971,-0.27602,0.28469
2025-06-01T00:00:00+00:00,18.0,92.0,0.0,Bay of Bengal,-0.07528,-0.27602,0.2861
2025-06-01T00:00:00+00:00,18.0,93.0,0.0,Bay of Bengal,-0.07971,-0.2758,0.28709
2025-06-01T00:00:00+00:00,18.0,94.0,0.0,Bay of Bengal,-0.08255,-0.27536,0.28747
2025-06-01T00:00:00+00:00,18.0,95.0,0.0,Bay of Bengal,-0.08353,-0.27471,0.28713
2025-06-01T00:00:00+00:00,18.0,96.0,0.0,Bay of Bengal,-0.08255,-0.27384,0.28601
2025-06-01T00:00:00+00:00,18.0,97.0,0.0,Bay of Bengal,-0.07971,-0.27276,0.28417
2025-06-01T00:00:00+00:00,18.0,98.0,0.0,Bay of Bengal,-0.07528,-0.27147,0.28172
2025-06-01T00:00:00+00:00,19.0,80.0,0.0,Bay of Bengal,-0.05054,-0.26203,0.26686
2025-06-01T00:00:00+00:00,19.0,81.0,0.0,Bay of Bengal,-0.05048,-0.26437,0.26915
2025-06-01T00:00:00+00:00,19.0,82.0,0.0,Bay of Bengal,-0.05258,-0.26652,0.27166
2025-06-01T00:00:00+00:00,19.0,83.0,0.0,Bay of Bengal,-0.05659,-0.26847,0.27437
2025-06-01T00:00:00+00:00,19.0,84.0,0.0,Bay of Bengal,-0.0621,-0.2702,0.27725
2025-06-01T00:00:00+00:00,19.0,85.0,0.0,Bay of Bengal,-0.06849,-0.27173,0.28023
2025-06-01T00:00:00+00:00,19.0,86.0,0.0,Bay of Bengal,-0.07507,-0.27305,0.28318
2025-06-01T00:00:00+00:00,19.0,87.0,0.0,Bay of Bengal,-0.08113,-0.27415,0.2859
2025-06-01T00:00:00+00:00,19.0,88.0,0.0,Bay of Bengal,-0.08599,-0.27503,0.28816
2025-06-01T00:00:00+00:00,19.0,89.0,0.0,Bay of Bengal,-0.08914,-0.27569,0.28975
2025-06-01T00:00:00+00:00,19.0,90.0,0.0,Bay of Bengal,-0.09023,-0.27613,0.2905
2025-06-01T00:00:00+00:00,19.0,91.0,0.0,Bay of Bengal,-0.08914,-0.27635,0.29037
2025-06-01T00:00:00+00:00,19.0,92.0,0.0,Bay of Bengal,-0.08599,-0.27635,0.28942
2025-06-01T00:00:00+00:00,19.0,93.0,0.0,Bay of Bengal,-0.08113,-0.27613,0.2878
2025-06-01T00:00:00+00:00,19.0,94.0,0.0,Bay of Bengal,-0.07507,-0.27569,0.28573
2025-06-01T00:00:00+00:00,19.0,95.0,0.0,Bay of Bengal,-0.06849,-0.27503,0.28343
2025-06-01T00:00:00+00:00,19.0,96.0,0.0,Bay of Bengal,-0.0621,-0.27416,0.2811
2025-06-01T00:00:00+00:00,19.0,97.0,0.0,Bay of Bengal,-0.05659,-0.27307,0.27888
2025-06-01T00:00:00+00:00,19.0,98.0,0.0,Bay of Bengal,-0.05258,-0.27178,0.27682
2025-06-01T00:00:00+00:00,20.0,80.0,0.0,Bay of Bengal,-0.07022,-0.26238,0.27161
2025-06-01T00:00:00+00:00,20.0,81.0,0.0,Bay of Bengal,-0.07706,-0.26472,0.27571
2025-06-01T00:00:00+00:00,20.0,82.0,0.0,Bay of Bengal,-0.0839,-0.26686,0.27974
2025-06-01T00:00:00+00:00,20.0,83.0,0.0,Bay of Bengal,-0.08992,-0.26881,0.28345
2025-06-01T00:00:00+00:00,20.0,84.0,0.0,Bay of Bengal,-0.09438,-0.27054,0.28653
2025-06-01T00:00:00+00:00,20.0,85.0,0.0,Bay of Bengal,-0.09676,-0.27207,0.28876
2025-06-01T00:00:00+00:00,20.0,86.0,0.0,Bay of Bengal,-0.09676,-0.27338,0.29
2025-06-01T00:00:00+00:00,20.0,87.0,0.0,Bay of Bengal,-0.09438,-0.27448,0.29026
2025-06-01T00:00:00+00:00,20.0,88.0,0.0,Bay of Bengal,-0.08992,-0.27536,0.28967
2025-06-01T00:00:00+00:00,20.0,89.0,0.0,Bay of Bengal,-0.0839,-0.27602,0.28849
2025-06-01T00:00:00+00:00,20.0,90.0,0.0,Bay of Bengal,-0.07706,-0.27646,0.287
2025-06-01T00:00:00+00:00,20.0,91.0,0.0,Bay of Bengal,-0.07022,-0.27668,0.28545
2025-06-01T00:00:00+00:00,20.0,92.0,0.0,Bay of Bengal,-0.06421,-0.27667,0.28403
2025-06-01T00:00:00+00:00,20.0,93.0,0.0,Bay of Bengal,-0.05974,-0.27645,0.28283
2025-06-01T00:00:00+00:00,20.0,94.0,0.0,Bay of Bengal,-0.05737,-0.27601,0.28191
2025-06-01T00:00:00+00:00,20.0,95.0,0.0,Bay of Bengal,-0.05737,-0.27535,0.28126
2025-06-01T00:00:00+00:00,20.0,96.0,0.0,Bay of Bengal,-0.05974,-0.27447,0.2809
2025-06-01T00:00:00+00:00,20.0,97.0,0.0,Bay of Bengal,-0.06421,-0.27339,0.28083
2025-06-01T00:00:00+00:00,20.0,98.0,0.0,Bay of Bengal,-0.07022,-0.27209,0.28101
2025-06-01T00:00:00+00:00,21.0,80.0,0.0,Bay of Bengal,-0.10129,-0.26272,0.28157
2025-06-01T00:00:00+00:00,21.0,81.0,0.0,Bay of Bengal,-0.10373,-0.26506,0.28463
2025-06-01T00:00:00+00:00,21.0,82.0,0.0,Bay of Bengal,-0.10354,-0.2672,0.28656
2025-06-01T00:00:00+00:00,21.0,83.0,0.0,Bay of Bengal,-0.10075,-0.26915,0.28738
2025-06-01T00:00:00+00:00,21.0,84.0,0.0,Bay of Bengal,-0.09573,-0.27088,0.2873
2025-06-01T00:00:00+00:00,21.0,85.0,0.0,Bay of Bengal,-0.08915,-0.27241,0.28662
2025-06-01T00:00:00+00:00,21.0,86.0,0.0,Bay of Bengal,-0.08188,-0.27372,0.28571
2025-06-01T00:00:00+00:00,21.0,87.0,0.0,Bay of Bengal,-0.07489,-0.27482,0.28484
2025-06-01T00:00:00+00:00,21.0,88.0,0.0,Bay of Bengal,-0.06911,-0.27569,0.28422
2025-06-01T00:00:00+00:00,21.0,89.0,0.0,Bay of Bengal,-0.0653,-0.27635,0.28396
2025-06-01T00:00:00+00:00,21.0,90.0,0.0,Bay of Bengal,-0.06397,-0.27679,0.28408
2025-06-01T00:00:00+00:00,21.0,91.0,0.0,Bay of Bengal,-0.0653,-0.277,0.2846
2025-06-01T00:00:00+00:00,21.0,92.0,0.0,Bay of Bengal,-0.06911,-0.277,0.28549
2025-06-01T00:00:00+00:00,21.0,93.0,0.0,Bay of Bengal,-0.07489,-0.27677,0.28672
2025-06-01T00:00:00+00:00,21.0,94.0,0.0,Bay of Bengal,-0.08188,-0.27632,0.2882
2025-06-01T00:00:00+00:00,21.0,95.0,0.0,Bay of Bengal,-0.08915,-0.27566,0.28972
2025-06-01T00:00:00+00:00,21.0,96.0,0.0,Bay of Bengal,-0.09573,-0.27478,0.29098
2025-06-01T00:00:00+00:00,21.0,97.0,0.0,Bay of Bengal,-0.10075,-0.2737,0.29165
2025-06-01T00:00:00+00:00,21.0,98.0,0.0,Bay of Bengal,-0.10354,-0.2724,0.29141
2025-06-01T00:00:00+00:00,22.0,80.0,0.0,Bay of Bengal,-0.10379,-0.26306,0.2828
2025-06-01T00:00:00+00:00,22.0,81.0,0.0,Bay of Bengal,-0.09712,-0.2654,0.28261
2025-06-01T00:00:00+00:00,22.0,82.0,0.0,Bay of Bengal,-0.08954,-0.26754,0.28213
2025-06-01T00:00:00+00:00,22.0,83.0,0.0,Bay of Bengal,-0.08217,-0.26948,0.28173
2025-06-01T00:00:00+00:00,22.0,84.0,0.0,Bay of Bengal,-0.07607,-0.27122,0.28168
2025-06-01T00:00:00+00:00,22.0,85.0,0.0,Bay of Bengal,-0.07214,-0.27274,0.28212
2025-06-01T00:00:00+00:00,22.0,86.0,0.0,Bay of Bengal,-0.07095,-0.27405,0.28309
2025-06-01T00:00:00+00:00,22.0,87.0,0.0,Bay of Bengal,-0.07267,-0.27515,0.28458
2025-06-01T00:00:00+00:00,22.0,88.0,0.0,Bay of Bengal,-0.07704,-0.27602,0.28657
2025-06-01T00:00:00+00:00,22.0,89.0,0.0,Bay of Bengal,-0.08344,-0.27668,0.28899
2025-06-01T00:00:00+00:00,22.0,90.0,0.0,Bay of Bengal,-0.09094,-0.27711,0.29165
2025-06-01T00:00:00+00:00,22.0,91.0,0.0,Bay of Bengal,-0.09843,-0.27733,0.29427
2025-06-01T00:00:00+00:00,22.0,92.0,0.0,Bay of Bengal,-0.10483,-0.27732,0.29647
2025-06-01T00:00:00+00:00,22.0,93.0,0.0,Bay of Bengal,-0.10921,-0.27709,0.29783
2025-06-01T00:00:00+00:00,22.0,94.0,0.0,Bay of Bengal,-0.11092,-0.27664,0.29805
2025-06-01T00:00:00+00:00,22.0,95.0,0.0,Bay of Bengal,-0.10973,-0.27597,0.29699
2025-06-01T00:00:00+00:00,22.0,96.0,0.0,Bay of Bengal,-0.1058,-0.27509,0.29474
2025-06-01T00:00:00+00:00,22.0,97.0,0.0,Bay of Bengal,-0.0997,-0.274,0.29158
2025-06-01T00:00:00+00:00,22.0,98.0,0.0,Bay of Bengal,-0.09233,-0.2727,0.28791
2025-06-01T00:00:00+00:00,6.0,80.0,50.0,Bay of Bengal,0.01454,-0.23287,0.23332
2025-06-01T00:00:00+00:00,6.0,81.0,50.0,Bay of Bengal,0.0134,-0.23503,0.23541
2025-06-01T00:00:00+00:00,6.0,82.0,50.0,Bay of Bengal,0.01208,-0.23701,0.23731
2025-06-01T00:00:00+00:00,6.0,83.0,50.0,Bay of Bengal,0.0106,-0.23881,0.23904
2025-06-01T00:00:00+00:00,6.0,84.0,50.0,Bay of Bengal,0.00898,-0.24042,0.24059
2025-06-01T00:00:00+00:00,6.0,85.0,50.0,Bay of Bengal,0.00722,-0.24185,0.24195
2025-06-01T00:00:00+00:00,6.0,86.0,50.0,Bay of Bengal,0.00535,-0.24308,0.24314
2025-06-01T00:00:00+00:00,6.0,87.0,50.0,Bay of Bengal,0.0034,-0.24412,0.24414
2025-06-01T00:00:00+00:00,6.0,88.0,50.0,Bay of Bengal,0.00138,-0.24496,0.24497
2025-06-01T00:00:00+00:00,6.0,89.0,50.0,Bay of Bengal,-0.00069,-0.24561,0.24561
2025-06-01T00:00:00+00:00,6.0,90.0,50.0,Bay of Bengal,-0.00278,-0.24605,0.24607
2025-06-01T00:00:00+00:00,6.0,91.0,50.0,Bay of Bengal,-0.00487,-0.2463,0.24635
2025-06-01T00:00:00+00:00,6.0,92.0,50.0,Bay of Bengal,-0.00694,-0.24635,0.24645
2025-06-01T00:00:00+00:00,6.0,93.0,50.0,Bay of Bengal,-0.00896,-0.2462,0.24636
2025-06-01T00:00:00+00:00,6.0,94.0,50.0,Bay of Bengal,-0.01091,-0.24585,0.2461
2025-06-01T00:00:00+00:00,6.0,95.0,50.0,Bay of Bengal,-0.01278,-0.24531,0.24564
2025-06-01T00:00:00+00:00,6.0,96.0,50.0,Bay of Bengal,-0.01454,-0.24458,0.24501
2025-06-01T00:00:00+00:00,6.0,97.0,50.0,Bay of Bengal,-0.01616,-0.24365,0.24419
2025-06-01T00:00:00+00:00,6.0,98.0,50.0,Bay of Bengal,-0.01764,-0.24254,0.24318
2025-06-01T00:00:00+00:00,7.0,80.0,50.0,Bay of Bengal,-0.01239,-0.23322,0.23355
2025-06-01T00:00:00+00:00,7.0,81.0,50.0,Bay of Bengal,-0.01463,-0.23537,0.23583
2025-06-01T00:00:00+00:00,7.0,82.0,50.0,Bay of Bengal,-0.01673,-0.23736,0.23794
2025-06-01T00:00:00+00:00,7.0,83.0,50.0,Bay of Bengal,-0.01867,-0.23915,0.23988
2025-06-01T00:00:00+00:00,7.0,84.0,50.0,Bay of Bengal,-0.02041,-0.24077,0.24163
2025-06-01T00:00:00+00:00,7.0,85.0,50.0,Bay of Bengal,-0.02193,-0.24219,0.24319
2025-06-01T00:00:00+00:00,7.0,86.0,50.0,Bay of Bengal,-0.02321,-0.24343,0.24453
2025-06-01T00:00:00+00:00,7.0,87.0,50.0,Bay of Bengal,-0.02422,-0.24447,0.24566
2025-06-01T00:00:00+00:00,7.0,88.0,50.0,Bay of Bengal,-0.02495,-0.24531,0.24658
2025-06-01T00:00:00+00:00,7.0,89.0,50.0,Bay of Bengal,-0.0254,-0.24595,0.24726
2025-06-01T00:00:00+00:00,7.0,90.0,50.0,Bay of Bengal,-0.02555,-0.2464,0.24772
2025-06-01T00:00:00+00:00,7.0,91.0,50.0,Bay of Bengal,-0.0254,-0.24665,0.24795
2025-06-01T00:00:00+00:00,7.0,92.0,50.0,Bay of Bengal,-0.02495,-0.24669,0.24795
2025-06-01T00:00:00+00:00,7.0,93.0,50.0,Bay of Bengal,-0.02422,-0.24654,0.24773
2025-06-01T00:00:00+00:00,7.0,94.0,50.0,Bay of Bengal,-0.02321,-0.2462,0.24729
2025-06-01T00:00:00+00:00,7.0,95.0,50.0,Bay of Bengal,-0.02193,-0.24565,0.24663
2025-06-01T00:00:00+00:00,7.0,96.0,50.0,Bay of Bengal,-0.02041,-0.24492,0.24577
2025-06-01T00:00:00+00:00,7.0,97.0,50.0,Bay of Bengal,-0.01867,-0.24399,0.24471
2025-06-01T00:00:00+00:00,7.0,98.0,50.0,Bay of Bengal,-0.01673,-0.24288,0.24346
2025-06-01T00:00:00+00:00,8.0,80.0,50.0,Bay of Bengal,-0.0284,-0.23357,0.23529
2025-06-01T00:00:00+00:00,8.0,81.0,50.0,Bay of Bengal,-0.02773,-0.23572,0.23735
2025-06-01T00:00:00+00:00,8.0,82.0,50.0,Bay of Bengal,-0.02668,-0.2377,0.2392
2025-06-01T00:00:00+00:00,8.0,83.0,50.0,Bay of Bengal,-0.02529,-0.2395,0.24084
2025-06-01T00:00:00+00:00,8.0,84.0,50.0,Bay of Bengal,-0.02357,-0.24112,0.24227
2025-06-01T00:00:00+00:00,8.0,85.0,50.0,Bay of Bengal,-0.02156,-0.24254,0.2435
2025-06-01T00:00:00+00:00,8.0,86.0,50.0,Bay of Bengal,-0.0193,-0.24378,0.24454
2025-06-01T00:00:00+00:00,8.0,87.0,50.0,Bay of Bengal,-0.01684,-0.24481,0.24539
2025-06-01T00:00:00+00:00,8.0,88.0,50.0,Bay of Bengal,-0.01422,-0.24566,0.24607
2025-06-01T00:00:00+00:00,8.0,89.0,50.0,Bay of Bengal,-0.01149,-0.2463,0.24657
2025-06-01T00:00:00+00:00,8.0,90.0,50.0,Bay of Bengal,-0.00871,-0.24675,0.2469
2025-06-01T00:00:00+00:00,8.0,91.0,50.0,Bay of Bengal,-0.00592,-0.24699,0.24706
2025-06-01T00:00:00+00:00,8.0,92.0,50.0,Bay of Bengal,-0.00319,-0.24704,0.24706
2025-06-01T00:00:00+00:00,8.0,93.0,50.0,Bay of Bengal,-0.00057,-0.24689,0.24689
2025-06-01T00:00:00+00:00,8.0,94.0,50.0,Bay of Bengal,0.00189,-0.24654,0.24655
2025-06-01T00:00:00+00:00,8.0,95.0,50.0,Bay of Bengal,0.00415,-0.246,0.24603
2025-06-01T00:00:00+00:00,8.0,96.0,50.0,Bay of Bengal,0.00616,-0.24526,0.24534
2025-06-01T00:00:00+00:00,8.0,97.0,50.0,Bay of Bengal,0.00787,-0.24433,0.24446
2025-06-01T00:00:00+00:00,8.0,98.0,50.0,Bay of Bengal,0.00927,-0.24322,0.24339
2025-06-01T00:00:00+00:00,9.0,80.0,50.0,Bay of Bengal,-0.01224,-0.23392,0.23424
2025-06-01T00:00:00+00:00,9.0,81.0,50.0,Bay of Bengal,-0.00911,-0.23607,0.23625
2025-06-01T00:00:00+00:00,9.0,82.0,50.0,Bay of Bengal,-0.00606,-0.23805,0.23813
2025-06-01T00:00:00+00:00,9.0,83.0,50.0,Bay of Bengal,-0.00316,-0.23985,0.23987
2025-06-01T00:00:00+00:00,9.0,84.0,50.0,Bay of Bengal,-0.00048,-0.24147,0.24147
2025-06-01T00:00:00+00:00,9.0,85.0,50.0,Bay of Bengal,0.0019,-0.24289,0.2429
2025-06-01T00:00:00+00:00,9.0,86.0,50.0,Bay of Bengal,0.00394,-0.24412,0.24416
2025-06-01T00:00:00+00:00,9.0,87.0,50.0,Bay of Bengal,0.00558,-0.24516,0.24523
2025-06-01T00:00:00+00:00,9.0,88.0,50.0,Bay of Bengal,0.00678,-0.246,0.2461
2025-06-01T00:00:00+00:00,9.0,89.0,50.0,Bay of Bengal,0.00752,-0.24665,0.24676
2025-06-01T00:00:00+00:00,9.0,90.0,50.0,Bay of Bengal,0.00776,-0.24709,0.24721
2025-06-01T00:00:00+00:00,9.0,91.0,50.0,Bay of Bengal,0.00752,-0.24734,0.24745
2025-06-01T00:00:00+00:00,9.0,92.0,50.0,Bay of Bengal,0.00678,-0.24738,0.24748
2025-06-01T00:00:00+00:00,9.0,93.0,50.0,Bay of Bengal,0.00558,-0.24723,0.24729
2025-06-01T00:00:00+00:00,9.0,94.0,50.0,Bay of Bengal,0.00394,-0.24688,0.24691
2025-06-01T00:00:00+00:00,9.0,95.0,50.0,Bay of Bengal,0.0019,-0.24633,0.24634
2025-06-01T00:00:00+00:00,9.0,96.0,50.0,Bay of Bengal,-0.00048,-0.2456,0.2456
2025-06-01T00:00:00+00:00,9.0,97.0,50.0,Bay of Bengal,-0.00316,-0.24467,0.24469
2025-06-01T00:00:00+00:00,9.0,98.0,50.0,Bay of Bengal,-0.00606,-0.24355,0.24363
2025-06-01T00:00:00+00:00,10.0,80.0,50.0,Bay of Bengal,0.00357,-0.23426,0.23429
2025-06-01T00:00:00+00:00,10.0,81.0,50.0,Bay of Bengal,0.00387,-0.23642,0.23645
2025-06-01T00:00:00+00:00,10.0,82.0,50.0,Bay of Bengal,0.00357,-0.2384,0.23843
2025-06-01T00:00:00+00:00,10.0,83.0,50.0,Bay of Bengal,0.00267,-0.2402,0.24022
2025-06-01T00:00:00+00:00,10.0,84.0,50.0,Bay of Bengal,0.00119,-0.24181,0.24182
2025-06-01T00:00:00+00:00,10.0,85.0,50.0,Bay of Bengal,-0.00081,-0.24324,0.24324
2025-06-01T00:00:00+00:00,10.0,86.0,50.0,Bay of Bengal,-0.00327,-0.24447,0.24449
2025-06-01T00:00:00+00:00,10.0,87.0,50.0,Bay of Bengal,-0.00613,-0.24551,0.24559
2025-06-01T00:00:00+00:00,10.0,88.0,50.0,Bay of Bengal,-0.00929,-0.24635,0.24652
2025-06-01T00:00:00+00:00,10.0,89.0,50.0,Bay of Bengal,-0.01265,-0.24699,0.24732
2025-06-01T00:00:00+00:00,10.0,90.0,50.0,Bay of Bengal,-0.01613,-0.24744,0.24796
2025-06-01T00:00:00+00:00,10.0,91.0,50.0,Bay of Bengal,-0.0196,-0.24768,0.24845
2025-06-01T00:00:00+00:00,10.0,92.0,50.0,Bay of Bengal,-0.02297,-0.24772,0.24879
2025-06-01T00:00:00+00:00,10.0,93.0,50.0,Bay of Bengal,-0.02613,-0.24757,0.24895
2025-06-01T00:00:00+00:00,10.0,94.0,50.0,Bay of Bengal,-0.02898,-0.24722,0.24891
2025-06-01T00:00:00+00:00,10.0,95.0,50.0,Bay of Bengal,-0.03145,-0.24667,0.24867
2025-06-01T00:00:00+00:00,10.0,96.0,50.0,Bay of Bengal,-0.03345,-0.24593,0.2482
2025-06-01T00:00:00+00:00,10.0,97.0,50.0,Bay of Bengal,-0.03492,-0.245,0.24748
2025-06-01T00:00:00+00:00,10.0,98.0,50.0,Bay of Bengal,-0.03582,-0.24388,0.2465
2025-06-01T00:00:00+00:00,11.0,80.0,50.0,Bay of Bengal,-0.01351,-0.23461,0.235
2025-06-01T00:00:00+00:00,11.0,81.0,50.0,Bay of Bengal,-0.01722,-0.23677,0.2374
2025-06-01T00:00:00+00:00,11.0,82.0,50.0,Bay of Bengal,-0.02105,-0.23875,0.23968
2025-06-01T00:00:00+00:00,11.0,83.0,50.0,Bay of Bengal,-0.02485,-0.24055,0.24183
2025-06-01T00:00:00+00:00,11.0,84.0,50.0,Bay of Bengal,-0.02849,-0.24216,0.24383
2025-06-01T00:00:00+00:00,11.0,85.0,50.0,Bay of Bengal,-0.03182,-0.24359,0.24566
2025-06-01T00:00:00+00:00,11.0,86.0,50.0,Bay of Bengal,-0.03474,-0.24482,0.24727
2025-06-01T00:00:00+00:00,11.0,87.0,50.0,Bay of Bengal,-0.03713,-0.24585,0.24864
2025-06-01T00:00:00+00:00,11.0,88.0,50.0,Bay of Bengal,-0.0389,-0.24669,0.24974
2025-06-01T00:00:00+00:00,11.0,89.0,50.0,Bay of Bengal,-0.03998,-0.24734,0.25055
2025-06-01T00:00:00+00:00,11.0,90.0,50.0,Bay of Bengal,-0.04035,-0.24778,0.25104
2025-06-01T00:00:00+00:00,11.0,91.0,50.0,Bay of Bengal,-0.03998,-0.24802,0.25122
2025-06-01T00:00:00+00:00,11.0,92.0,50.0,Bay of Bengal,-0.0389,-0.24807,0.2511
2025-06-01T00:00:00+00:00,11.0,93.0,50.0,Bay of Bengal,-0.03713,-0.24791,0.25067
2025-06-01T00:00:00+00:00,11.0,94.0,50.0,Bay of Bengal,-0.03474,-0.24756,0.24998
2025-06-01T00:00:00+00:00,11.0,95.0,50.0,Bay of Bengal,-0.03182,-0.24701,0.24905
2025-06-01T00:00:00+00:00,11.0,96.0,50.0,Bay of Bengal,-0.02849,-0.24627,0.24791
2025-06-01T00:00:00+00:00,11.0,97.0,50.0,Bay of Bengal,-0.02485,-0.24534,0.24659
2025-06-01T00:00:00+00:00,11.0,98.0,50.0,Bay of Bengal,-0.02105,-0.24422,0.24512
2025-06-01T00:00:00+00:00,12.0,80.0,50.0,Bay of Bengal,-0.04222,-0.23496,0.23873
2025-06-01T00:00:00+00:00,12.0,81.0,50.0,Bay of Bengal,-0.04392,-0.23712,0.24115
2025-06-01T00:00:00+00:00,12.0,82.0,50.0,Bay of Bengal,-0.04479,-0.2391,0.24326
2025-06-01T00:00:00+00:00,12.0,83.0,50.0,Bay of Bengal,-0.04479,-0.2409,0.24503
2025-06-01T00:00:00+00:00,12.0,84.0,50.0,Bay of Bengal,-0.04392,-0.24251,0.24645
2025-06-01T00:00:00+00:00,12.0,85.0,50.0,Bay of Bengal,-0.04222,-0.24393,0.24756
2025-06-01T00:00:00+00:00,12.0,86.0,50.0,Bay of Bengal,-0.03976,-0.24516,0.24837
2025-06-01T00:00:00+00:00,12.0,87.0,50.0,Bay of Bengal,-0.03665,-0.2462,0.24891
2025-06-01T00:00:00+00:00,12.0,88.0,50.0,Bay of Bengal,-0.03303,-0.24704,0.24924
2025-06-01T00:00:00+00:00,12.0,89.0,50.0,Bay of Bengal,-0.02905,-0.24768,0.24938
2025-06-01T00:00:00+00:00,12.0,90.0,50.0,Bay of Bengal,-0.0249,-0.24812,0.24937
2025-06-01T00:00:00+00:00,12.0,91.0,50.0,Bay of Bengal,-0.02074,-0.24836,0.24923
2025-06-01T00:00:00+00:00,12.0,92.0,50.0,Bay of Bengal,-0.01676,-0.2484,0.24897
2025-06-01T00:00:00+00:00,12.0,93.0,50.0,Bay of Bengal,-0.01314,-0.24825,0.2486
2025-06-01T00:00:00+00:00,12.0,94.0,50.0,Bay of Bengal,-0.01003,-0.24789,0.2481
2025-06-01T00:00:00+00:00,12.0,95.0,50.0,Bay of Bengal,-0.00757,-0.24734,0.24746
2025-06-01T00:00:00+00:00,12.0,96.0,50.0,Bay of Bengal,-0.00587,-0.2466,0.24667
2025-06-01T00:00:00+00:00,12.0,97.0,50.0,Bay of Bengal,-0.00501,-0.24567,0.24572
2025-06-01T00:00:00+00:00,12.0,98.0,50.0,Bay of Bengal,-0.00501,-0.24454,0.2446
2025-06-01T00:00:00+00:00,13.0,80.0,50.0,Bay of Bengal,-0.04259,-0.23531,0.23913
2025-06-01T00:00:00+00:00,13.0,81.0,50.0,Bay of Bengal,-0.03881,-0.23747,0.24062
2025-06-01T00:00:00+00:00,13.0,82.0,50.0,Bay of Bengal,-0.03457,-0.23945,0.24193
2025-06-01T00:00:00+00:00,13.0,83.0,50.0,Bay of Bengal,-0.03008,-0.24125,0.24311
2025-06-01T00:00:00+00:00,13.0,84.0,50.0,Bay of Bengal,-0.02558,-0.24286,0.2442
2025-06-01T00:00:00+00:00,13.0,85.0,50.0,Bay of Bengal,-0.02128,-0.24428,0.2452
2025-06-01T00:00:00+00:00,13.0,86.0,50.0,Bay of Bengal,-0.01742,-0.24551,0.24613
2025-06-01T00:00:00+00:00,13.0,87.0,50.0,Bay of Bengal,-0.01419,-0.24654,0.24695
2025-06-01T00:00:00+00:00,13.0,88.0,50.0,Bay of Bengal,-0.01176,-0.24738,0.24766
2025-06-01T00:00:00+00:00,13.0,89.0,50.0,Bay of Bengal,-0.01025,-0.24802,0.24823
2025-06-01T00:00:00+00:00,13.0,90.0,50.0,Bay of Bengal,-0.00973,-0.24846,0.24865
2025-06-01T00:00:00+00:00,13.0,91.0,50.0,Bay of Bengal,-0.01025,-0.2487,0.24891
2025-06-01T00:00:00+00:00,13.0,92.0,50.0,Bay of Bengal,-0.01176,-0.24874,0.24902
2025-06-01T00:00:00+00:00,13.0,93.0,50.0,Bay of Bengal,-0.01419,-0.24858,0.24899
2025-06-01T00:00:00+00:00,13.0,94.0,50.0,Bay of Bengal,-0.01742,-0.24823,0.24884
2025-06-01T00:00:00+00:00,13.0,95.0,50.0,Bay of Bengal,-0.02128,-0.24768,0.24859
2025-06-01T00:00:00+00:00,13.0,96.0,50.0,Bay of Bengal,-0.02558,-0.24693,0.24825
2025-06-01T00:00:00+00:00,13.0,97.0,50.0,Bay of Bengal,-0.03008,-0.246,0.24783
2025-06-01T00:00:00+00:00,13.0,98.0,50.0,Bay of Bengal,-0.03457,-0.24487,0.2473
2025-06-01T00:00:00+00:00,14.0,80.0,50.0,Bay of Bengal,-0.02199,-0.23566,0.23668
2025-06-01T00:00:00+00:00,14.0,81.0,50.0,Bay of Bengal,-0.01866,-0.23782,0.23855
2025-06-01T00:00:00+00:00,14.0,82.0,50.0,Bay of Bengal,-0.0163,-0.2398,0.24035
2025-06-01T00:00:00+00:00,14.0,83.0,50.0,Bay of Bengal,-0.01504,-0.24159,0.24206
2025-06-01T00:00:00+00:00,14.0,84.0,50.0,Bay of Bengal,-0.01495,-0.2432,0.24366
2025-06-01T00:00:00+00:00,14.0,85.0,50.0,Bay of Bengal,-0.01605,-0.24462,0.24515
2025-06-01T00:00:00+00:00,14.0,86.0,50.0,Bay of Bengal,-0.01826,-0.24585,0.24653
2025-06-01T00:00:00+00:00,14.0,87.0,50.0,Bay of Bengal,-0.02146,-0.24689,0.24782
2025-06-01T00:00:00+00:00,14.0,88.0,50.0,Bay of Bengal,-0.02545,-0.24772,0.24903
2025-06-01T00:00:00+00:00,14.0,89.0,50.0,Bay of Bengal,-0.03,-0.24836,0.25017
2025-06-01T00:00:00+00:00,14.0,90.0,50.0,Bay of Bengal,-0.03484,-0.2488,0.25123
2025-06-01T00:00:00+00:00,14.0,91.0,50.0,Bay of Bengal,-0.03968,-0.24904,0.25218
2025-06-01T00:00:00+00:00,14.0,92.0,50.0,Bay of Bengal,-0.04423,-0.24908,0.25298
2025-06-01T00:00:00+00:00,14.0,93.0,50.0,Bay of Bengal,-0.04823,-0.24892,0.25355
2025-06-01T00:00:00+00:00,14.0,94.0,50.0,Bay of Bengal,-0.05142,-0.24856,0.25382
2025-06-01T00:00:00+00:00,14.0,95.0,50.0,Bay of Bengal,-0.05364,-0.24801,0.25374
2025-06-01T00:00:00+00:00,14.0,96.0,50.0,Bay of Bengal,-0.05473,-0.24726,0.25325
2025-06-01T00:00:00+00:00,14.0,97.0,50.0,Bay of Bengal,-0.05465,-0.24632,0.25231
2025-06-01T00:00:00+00:00,14.0,98.0,50.0,Bay of Bengal,-0.05339,-0.2452,0.25094
2025-06-01T00:00:00+00:00,15.0,80.0,50.0,Bay of Bengal,-0.02288,-0.23601,0.23711
2025-06-01T00:00:00+00:00,15.0,81.0,50.0,Bay of Bengal,-0.02606,-0.23816,0.23958
2025-06-01T00:00:00+00:00,15.0,82.0,50.0,Bay of Bengal,-0.0302,-0.24014,0.24203
2025-06-01T00:00:00+00:00,15.0,83.0,50.0,Bay of Bengal,-0.03502,-0.24194,0.24446
2025-06-01T00:00:00+00:00,15.0,84.0,50.0,Bay of Bengal,-0.0402,-0.24355,0.24684
2025-06-01T00:00:00+00:00,15.0,85.0,50.0,Bay of Bengal,-0.04538,-0.24497,0.24914
2025-06-01T00:00:00+00:00,15.0,86.0,50.0,Bay of Bengal,-0.0502,-0.2462,0.25126
2025-06-01T00:00:00+00:00,15.0,87.0,50.0,Bay of Bengal,-0.05434,-0.24723,0.25313
2025-06-01T00:00:00+00:00,15.0,88.0,50.0,Bay of Bengal,-0.05752,-0.24807,0.25465
2025-06-01T00:00:00+00:00,15.0,89.0,50.0,Bay of Bengal,-0.05952,-0.2487,0.25572
2025-06-01T00:00:00+00:00,15.0,90.0,50.0,Bay of Bengal,-0.0602,-0.24914,0.25631
2025-06-01T00:00:00+00:00,15.0,91.0,50.0,Bay of Bengal,-0.05952,-0.24938,0.25638
2025-06-01T00:00:00+00:00,15.0,92.0,50.0,Bay of Bengal,-0.05752,-0.24941,0.25596
2025-06-01T00:00:00+00:00,15.0,93.0,50.0,Bay of Bengal,-0.05434,-0.24925,0.25511
2025-06-01T00:00:00+00:00,15.0,94.0,50.0,Bay of Bengal,-0.0502,-0.24889,0.2539
2025-06-01T00:00:00+00:00,15.0,95.0,50.0,Bay of Bengal,-0.04538,-0.24834,0.25245
2025-06-01T00:00:00+00:00,15.0,96.0,50.0,Bay of Bengal,-0.0402,-0.24759,0.25083
2025-06-01T00:00:00+00:00,15.0,97.0,50.0,Bay of Bengal,-0.03502,-0.24665,0.24912
2025-06-01T00:00:00+00:00,15.0,98.0,50.0,Bay of Bengal,-0.0302,-0.24552,0.24737
2025-06-01T00:00:00+00:00,16.0,80.0,50.0,Bay of Bengal,-0.05262,-0.23636,0.24214
2025-06-01T00:00:00+00:00,16.0,81.0,50.0,Bay of Bengal,-0.05753,-0.23851,0.24535
2025-06-01T00:00:00+00:00,16.0,82.0,50.0,Bay of Bengal,-0.06154,-0.24049,0.24824
2025-06-01T00:00:00+00:00,16.0,83.0,50.0,Bay of Bengal,-0.06432,-0.24228,0.25068
2025-06-01T00:00:00+00:00,16.0,84.0,50.0,Bay of Bengal,-0.06567,-0.24389,0.25258
2025-06-01T00:00:00+00:00,16.0,85.0,50.0,Bay of Bengal,-0.06547,-0.24531,0.2539
2025-06-01T00:00:00+00:00,16.0,86.0,50.0,Bay of Bengal,-0.06375,-0.24654,0.25465
2025-06-01T00:00:00+00:00,16.0,87.0,50.0,Bay of Bengal,-0.06064,-0.24757,0.25489
2025-06-01T00:00:00+00:00,16.0,88.0,50.0,Bay of Bengal,-0.05637,-0.2484,0.25472
2025-06-01T00:00:00+00:00,16.0,89.0,50.0,Bay of Bengal,-0.05129,-0.24904,0.25427
2025-06-01T00:00:00+00:00,16.0,90.0,50.0,Bay of Bengal,-0.04578,-0.24948,0.25364
2025-06-01T00:00:00+00:00,16.0,91.0,50.0,Bay of Bengal,-0.04026,-0.24971,0.25294
2025-06-01T00:00:00+00:00,16.0,92.0,50.0,Bay of Bengal,-0.03518,-0.24975,0.25221
2025-06-01T00:00:00+00:00,16.0,93.0,50.0,Bay of Bengal,-0.03091,-0.24958,0.25149
2025-06-01T00:00:00+00:00,16.0,94.0,50.0,Bay of Bengal,-0.0278,-0.24922,0.25077
2025-06-01T00:00:00+00:00,16.0,95.0,50.0,Bay of Bengal,-0.02608,-0.24866,0.25003
2025-06-01T00:00:00+00:00,16.0,96.0,50.0,Bay of Bengal,-0.02588,-0.24791,0.24926
2025-06-01T00:00:00+00:00,16.0,97.0,50.0,Bay of Bengal,-0.02723,-0.24697,0.24847
2025-06-01T00:00:00+00:00,16.0,98.0,50.0,Bay of Bengal,-0.03002,-0.24584,0.24766
2025-06-01T00:00:00+00:00,17.0,80.0,50.0,Bay of Bengal,-0.07124,-0.2367,0.24719
2025-06-01T00:00:00+00:00,17.0,81.0,50.0,Bay of Bengal,-0.06937,-0.23886,0.24872
2025-06-01T00:00:00+00:00,17.0,82.0,50.0,Bay of Bengal,-0.06593,-0.24083,0.2497
2025-06-01T00:00:00+00:00,17.0,83.0,50.0,Bay of Bengal,-0.06124,-0.24263,0.25024
2025-06-01T00:00:00+00:00,17.0,84.0,50.0,Bay of Bengal,-0.0557,-0.24424,0.25051
2025-06-01T00:00:00+00:00,17.0,85.0,50.0,Bay of Bengal,-0.0498,-0.24565,0.25065
2025-06-01T00:00:00+00:00,17.0,86.0,50.0,Bay of Bengal,-0.04405,-0.24688,0.25078
2025-06-01T00:00:00+00:00,17.0,87.0,50.0,Bay of Bengal,-0.03896,-0.24791,0.25095
2025-06-01T00:00:00+00:00,17.0,88.0,50.0,Bay of Bengal,-0.03496,-0.24874,0.25119
2025-06-01T00:00:00+00:00,17.0,89.0,50.0,Bay of Bengal,-0.03242,-0.24938,0.25147
2025-06-01T00:00:00+00:00,17.0,90.0,50.0,Bay of Bengal,-0.03155,-0.24981,0.25179
2025-06-01T00:00:00+00:00,17.0,91.0,50.0,Bay of Bengal,-0.03242,-0.25004,0.25214
2025-06-01T00:00:00+00:00,17.0,92.0,50.0,Bay of Bengal,-0.03496,-0.25008,0.25251
2025-06-01T00:00:00+00:00,17.0,93.0,50.0,Bay of Bengal,-0.03896,-0.24991,0.25293
2025-06-01T00:00:00+00:00,17.0,94.0,50.0,Bay of Bengal,-0.04405,-0.24955,0.25341
2025-06-01T00:00:00+00:00,17.0,95.0,50.0,Bay of Bengal,-0.0498,-0.24899,0.25392
2025-06-01T00:00:00+00:00,17.0,96.0,50.0,Bay of Bengal,-0.0557,-0.24823,0.25441
2025-06-01T00:00:00+00:00,17.0,97.0,50.0,Bay of Bengal,-0.06124,-0.24729,0.25476
2025-06-01T00:00:00+00:00,17.0,98.0,50.0,Bay of Bengal,-0.06593,-0.24616,0.25483
2025-06-01T00:00:00+00:00,18.0,80.0,50.0,Bay of Bengal,-0.05748,-0.23705,0.24392
2025-06-01T00:00:00+00:00,18.0,81.0,50.0,Bay of Bengal,-0.0513,-0.2392,0.24464
2025-06-01T00:00:00+00:00,18.0,82.0,50.0,Bay of Bengal,-0.04572,-0.24118,0.24547
2025-06-01T00:00:00+00:00,18.0,83.0,50.0,Bay of Bengal,-0.0413,-0.24297,0.24646
2025-06-01T00:00:00+00:00,18.0,84.0,50.0,Bay of Bengal,-0.03846,-0.24458,0.24758
2025-06-01T00:00:00+00:00,18.0,85.0,50.0,Bay of Bengal,-0.03748,-0.246,0.24883
2025-06-01T00:00:00+00:00,18.0,86.0,50.0,Bay of Bengal,-0.03846,-0.24722,0.25019
2025-06-01T00:00:00+00:00,18.0,87.0,50.0,Bay of Bengal,-0.0413,-0.24825,0.25166
2025-06-01T00:00:00+00:00,18.0,88.0,50.0,Bay of Bengal,-0.04572,-0.24908,0.25324
2025-06-01T00:00:00+00:00,18.0,89.0,50.0,Bay of Bengal,-0.0513,-0.24971,0.25493
2025-06-01T00:00:00+00:00,18.0,90.0,50.0,Bay of Bengal,-0.05748,-0.25014,0.25666
2025-06-01T00:00:00+00:00,18.0,91.0,50.0,Bay of Bengal,-0.06366,-0.25037,0.25834
2025-06-01T00:00:00+00:00,18.0,92.0,50.0,Bay of Bengal,-0.06924,-0.25041,0.2598
2025-06-01T00:00:00+00:00,18.0,93.0,50.0,Bay of Bengal,-0.07366,-0.25024,0.26085
2025-06-01T00:00:00+00:00,18.0,94.0,50.0,Bay of Bengal,-0.0765,-0.24987,0.26132
2025-06-01T00:00:00+00:00,18.0,95.0,50.0,Bay of Bengal,-0.07748,-0.24931,0.26107
2025-06-01T00:00:00+00:00,18.0,96.0,50.0,Bay of Bengal,-0.0765,-0.24855,0.26006
2025-06-01T00:00:00+00:00,18.0,97.0,50.0,Bay of Bengal,-0.07366,-0.24761,0.25833
2025-06-01T00:00:00+00:00,18.0,98.0,50.0,Bay of Bengal,-0.06924,-0.24647,0.25601
2025-06-01T00:00:00+00:00,19.0,80.0,50.0,Bay of Bengal,-0.04385,-0.23739,0.24141
2025-06-01T00:00:00+00:00,19.0,81.0,50.0,Bay of Bengal,-0.0438,-0.23955,0.24352
2025-06-01T00:00:00+00:00,19.0,82.0,50.0,Bay of Bengal,-0.04589,-0.24152,0.24584
2025-06-01T00:00:00+00:00,19.0,83.0,50.0,Bay of Bengal,-0.04991,-0.24331,0.24838
2025-06-01T00:00:00+00:00,19.0,84.0,50.0,Bay of Bengal,-0.05542,-0.24492,0.25111
2025-06-01T00:00:00+00:00,19.0,85.0,50.0,Bay of Bengal,-0.06181,-0.24633,0.25397
2025-06-01T00:00:00+00:00,19.0,86.0,50.0,Bay of Bengal,-0.06839,-0.24756,0.25683
2025-06-01T00:00:00+00:00,19.0,87.0,50.0,Bay of Bengal,-0.07444,-0.24858,0.25949
2025-06-01T00:00:00+00:00,19.0,88.0,50.0,Bay of Bengal,-0.07931,-0.24941,0.26172
2025-06-01T00:00:00+00:00,19.0,89.0,50.0,Bay of Bengal,-0.08246,-0.25004,0.26329
2025-06-01T00:00:00+00:00,19.0,90.0,50.0,Bay of Bengal,-0.08355,-0.25047,0.26404
2025-06-01T00:00:00+00:00,19.0,91.0,50.0,Bay of Bengal,-0.08246,-0.2507,0.26392
2025-06-01T00:00:00+00:00,19.0,92.0,50.0,Bay of Bengal,-0.07931,-0.25073,0.26298
2025-06-01T00:00:00+00:00,19.0,93.0,50.0,Bay of Bengal,-0.07444,-0.25056,0.26139
2025-06-01T00:00:00+00:00,19.0,94.0,50.0,Bay of Bengal,-0.06839,-0.2502,0.25937
2025-06-01T00:00:00+00:00,19.0,95.0,50.0,Bay of Bengal,-0.06181,-0.24963,0.25717
2025-06-01T00:00:00+00:00,19.0,96.0,50.0,Bay of Bengal,-0.05542,-0.24887,0.25497
2025-06-01T00:00:00+00:00,19.0,97.0,50.0,Bay of Bengal,-0.04991,-0.24792,0.2529
2025-06-01T00:00:00+00:00,19.0,98.0,50.0,Bay of Bengal,-0.04589,-0.24678,0.25102
2025-06-01T00:00:00+00:00,20.0,80.0,50.0,Bay of Bengal,-0.06289,-0.23774,0.24591
2025-06-01T00:00:00+00:00,20.0,81.0,50.0,Bay of Bengal,-0.06973,-0.23989,0.24982
2025-06-01T00:00:00+00:00,20.0,82.0,50.0,Bay of Bengal,-0.07657,-0.24186,0.25369
2025-06-01T00:00:00+00:00,20.0,83.0,50.0,Bay of Bengal,-0.08258,-0.24365,0.25727
2025-06-01T00:00:00+00:00,20.0,84.0,50.0,Bay of Bengal,-0.08705,-0.24526,0.26025
2025-06-01T00:00:00+00:00,20.0,85.0,50.0,Bay of Bengal,-0.08942,-0.24667,0.26238
2025-06-01T00:00:00+00:00,20.0,86.0,50.0,Bay of Bengal,-0.08942,-0.24789,0.26353
2025-06-01T00:00:00+00:00,20.0,87.0,50.0,Bay of Bengal,-0.08705,-0.24892,0.2637
2025-06-01T00:00:00+00:00,20.0,88.0,50.0,Bay of Bengal,-0.08258,-0.24975,0.26305
2025-06-01T00:00:00+00:00,20.0,89.0,50.0,Bay of Bengal,-0.07657,-0.25037,0.26182
2025-06-01T00:00:00+00:00,20.0,90.0,50.0,Bay of Bengal,-0.06973,-0.2508,0.26032
2025-06-01T00:00:00+00:00,20.0,91.0,50.0,Bay of Bengal,-0.06289,-0.25103,0.25879
2025-06-01T00:00:00+00:00,20.0,92.0,50.0,Bay of Bengal,-0.05687,-0.25106,0.25742
2025-06-01T00:00:00+00:00,20.0,93.0,50.0,Bay of Bengal,-0.05241,-0.25089,0.2563
2025-06-01T00:00:00+00:00,20.0,94.0,50.0,Bay of Bengal,-0.05003,-0.25052,0.25546
2025-06-01T00:00:00+00:00,20.0,95.0,50.0,Bay of Bengal,-0.05003,-0.24995,0.25491
2025-06-01T00:00:00+00:00,20.0,96.0,50.0,Bay of Bengal,-0.05241,-0.24919,0.25464
2025-06-01T00:00:00+00:00,20.0,97.0,50.0,Bay of Bengal,-0.05687,-0.24823,0.25467
2025-06-01T00:00:00+00:00,20.0,98.0,50.0,Bay of Bengal,-0.06289,-0.24709,0.25497
2025-06-01T00:00:00+00:00,21.0,80.0,50.0,Bay of Bengal,-0.0933,-0.23808,0.25571
2025-06-01T00:00:00+00:00,21.0,81.0,50.0,Bay of Bengal,-0.09574,-0.24023,0.2586
2025-06-01T00:00:00+00:00,21.0,82.0,50.0,Bay of Bengal,-0.09555,-0.2422,0.26037
2025-06-01T00:00:00+00:00,21.0,83.0,50.0,Bay of Bengal,-0.09276,-0.24399,0.26103
2025-06-01T00:00:00+00:00,21.0,84.0,50.0,Bay of Bengal,-0.08774,-0.2456,0.2608
2025-06-01T00:00:00+00:00,21.0,85.0,50.0,Bay of Bengal,-0.08116,-0.24701,0.26
2025-06-01T00:00:00+00:00,21.0,86.0,50.0,Bay of Bengal,-0.07389,-0.24823,0.25899
2025-06-01T00:00:00+00:00,21.0,87.0,50.0,Bay of Bengal,-0.0669,-0.24925,0.25807
2025-06-01T00:00:00+00:00,21.0,88.0,50.0,Bay of Bengal,-0.06112,-0.25008,0.25744
2025-06-01T00:00:00+00:00,21.0,89.0,50.0,Bay of Bengal,-0.05731,-0.2507,0.25717
2025-06-01T00:00:00+00:00,21.0,90.0,50.0,Bay of Bengal,-0.05598,-0.25113,0.25729
2025-06-01T00:00:00+00:00,21.0,91.0,50.0,Bay of Bengal,-0.05731,-0.25136,0.25781
2025-06-01T00:00:00+00:00,21.0,92.0,50.0,Bay of Bengal,-0.06112,-0.25138,0.2587
2025-06-01T00:00:00+00:00,21.0,93.0,50.0,Bay of Bengal,-0.0669,-0.25121,0.25996
2025-06-01T00:00:00+00:00,21.0,94.0,50.0,Bay of Bengal,-0.07389,-0.25083,0.26149
2025-06-01T00:00:00+00:00,21.0,95.0,50.0,Bay of Bengal,-0.08116,-0.25026,0.26309
2025-06-01T00:00:00+00:00,21.0,96.0,50.0,Bay of Bengal,-0.08774,-0.2495,0.26448
2025-06-01T00:00:00+00:00,21.0,97.0,50.0,Bay of Bengal,-0.09276,-0.24854,0.26529
2025-06-01T00:00:00+00:00,21.0,98.0,50.0,Bay of Bengal,-0.09555,-0.2474,0.26521
2025-06-01T00:00:00+00:00,22.0,80.0,50.0,Bay of Bengal,-0.09514,-0.23842,0.2567
2025-06-01T00:00:00+00:00,22.0,81.0,50.0,Bay of Bengal,-0.08846,-0.24057,0.25632
2025-06-01T00:00:00+00:00,22.0,82.0,50.0,Bay of Bengal,-0.08089,-0.24254,0.25568
2025-06-01T00:00:00+00:00,22.0,83.0,50.0,Bay of Bengal,-0.07352,-0.24433,0.25515
2025-06-01T00:00:00+00:00,22.0,84.0,50.0,Bay of Bengal,-0.06742,-0.24593,0.25501
2025-06-01T00:00:00+00:00,22.0,85.0,50.0,Bay of Bengal,-0.06349,-0.24734,0.25536
2025-06-01T00:00:00+00:00,22.0,86.0,50.0,Bay of Bengal,-0.0623,-0.24856,0.25625
2025-06-01T00:00:00+00:00,22.0,87.0,50.0,Bay of Bengal,-0.06401,-0.24958,0.25766
2025-06-01T00:00:00+00:00,22.0,88.0,50.0,Bay of Bengal,-0.06839,-0.25041,0.25958
2025-06-01T00:00:00+00:00,22.0,89.0,50.0,Bay of Bengal,-0.07479,-0.25103,0.26194
2025-06-01T00:00:00+00:00,22.0,90.0,50.0,Bay of Bengal,-0.08228,-0.25145,0.26458
2025-06-01T00:00:00+00:00,22.0,91.0,50.0,Bay of Bengal,-0.08978,-0.25168,0.26721
2025-06-01T00:00:00+00:00,22.0,92.0,50.0,Bay of Bengal,-0.09618,-0.2517,0.26945
2025-06-01T00:00:00+00:00,22.0,93.0,50.0,Bay of Bengal,-0.10055,-0.25152,0.27088
2025-06-01T00:00:00+00:00,22.0,94.0,50.0,Bay of Bengal,-0.10227,-0.25115,0.27117
2025-06-01T00:00:00+00:00,22.0,95.0,50.0,Bay of Bengal,-0.10108,-0.25058,0.27019
2025-06-01T00:00:00+00:00,22.0,96.0,50.0,Bay of Bengal,-0.09715,-0.24981,0.26803
2025-06-01T00:00:00+00:00,22.0,97.0,50.0,Bay of Bengal,-0.09105,-0.24885,0.26498
2025-06-01T00:00:00+00:00,22.0,98.0,50.0,Bay of Bengal,-0.08368,-0.2477,0.26146
2025-06-01T00:00:00+00:00,6.0,80.0,100.0,Bay of Bengal,0.01481,-0.21058,0.2111
2025-06-01T00:00:00+00:00,6.0,81.0,100.0,Bay of Bengal,0.01367,-0.21256,0.213
2025-06-01T00:00:00+00:00,6.0,82.0,100.0,Bay of Bengal,0.01235,-0.21439,0.21474
2025-06-01T00:00:00+00:00,6.0,83.0,100.0,Bay of Bengal,0.01087,-0.21605,0.21632
2025-06-01T00:00:00+00:00,6.0,84.0,100.0,Bay of Bengal,0.00924,-0.21754,0.21774
2025-06-01T00:00:00+00:00,6.0,85.0,100.0,Bay of Bengal,0.00748,-0.21886,0.21899
2025-06-01T00:00:00+00:00,6.0,86.0,100.0,Bay of Bengal,0.00562,-0.22001,0.22008
2025-06-01T00:00:00+00:00,6.0,87.0,100.0,Bay of Bengal,0.00367,-0.22099,0.22102
2025-06-01T00:00:00+00:00,6.0,88.0,100.0,Bay of Bengal,0.00164,-0.22178,0.22179
2025-06-01T00:00:00+00:00,6.0,89.0,100.0,Bay of Bengal,-0.00042,-0.2224,0.2224
2025-06-01T00:00:00+00:00,6.0,90.0,100.0,Bay of Bengal,-0.00252,-0.22284,0.22285
2025-06-01T00:00:00+00:00,6.0,91.0,100.0,Bay of Bengal,-0.00461,-0.22309,0.22314
2025-06-01T00:00:00+00:00,6.0,92.0,100.0,Bay of Bengal,-0.00667,-0.22317,0.22327
2025-06-01T00:00:00+00:00,6.0,93.0,100.0,Bay of Bengal,-0.0087,-0.22307,0.22324
2025-06-01T00:00:00+00:00,6.0,94.0,100.0,Bay of Bengal,-0.01065,-0.22279,0.22304
2025-06-01T00:00:00+00:00,6.0,95.0,100.0,Bay of Bengal,-0.01252,-0.22233,0.22268
2025-06-01T00:00:00+00:00,6.0,96.0,100.0,Bay of Bengal,-0.01427,-0.2217,0.22216
2025-06-01T00:00:00+00:00,6.0,97.0,100.0,Bay of Bengal,-0.0159,-0.2209,0.22147
2025-06-01T00:00:00+00:00,6.0,98.0,100.0,Bay of Bengal,-0.01738,-0.21992,0.22061
2025-06-01T00:00:00+00:00,7.0,80.0,100.0,Bay of Bengal,-0.01186,-0.21092,0.21126
2025-06-01T00:00:00+00:00,7.0,81.0,100.0,Bay of Bengal,-0.0141,-0.21291,0.21338
2025-06-01T00:00:00+00:00,7.0,82.0,100.0,Bay of Bengal,-0.0162,-0.21473,0.21535
2025-06-01T00:00:00+00:00,7.0,83.0,100.0,Bay of Bengal,-0.01814,-0.2164,0.21716
2025-06-01T00:00:00+00:00,7.0,84.0,100.0,Bay of Bengal,-0.01988,-0.21789,0.2188
2025-06-01T00:00:00+00:00,7.0,85.0,100.0,Bay of Bengal,-0.0214,-0.21921,0.22026
2025-06-01T00:00:00+00:00,7.0,86.0,100.0,Bay of Bengal,-0.02268,-0.22036,0.22153
2025-06-01T00:00:00+00:00,7.0,87.0,100.0,Bay of Bengal,-0.02369,-0.22134,0.2226
2025-06-01T00:00:00+00:00,7.0,88.0,100.0,Bay of Bengal,-0.02443,-0.22213,0.22347
2025-06-01T00:00:00+00:00,7.0,89.0,100.0,Bay of Bengal,-0.02487,-0.22275,0.22413
2025-06-01T00:00:00+00:00,7.0,90.0,100.0,Bay of Bengal,-0.02502,-0.22318,0.22458
2025-06-01T00:00:00+00:00,7.0,91.0,100.0,Bay of Bengal,-0.02487,-0.22344,0.22482
2025-06-01T00:00:00+00:00,7.0,92.0,100.0,Bay of Bengal,-0.02443,-0.22352,0.22485
2025-06-01T00:00:00+00:00,7.0,93.0,100.0,Bay of Bengal,-0.02369,-0.22341,0.22467
2025-06-01T00:00:00+00:00,7.0,94.0,100.0,Bay of Bengal,-0.02268,-0.22313,0.22428
2025-06-01T00:00:00+00:00,7.0,95.0,100.0,Bay of Bengal,-0.0214,-0.22267,0.2237
2025-06-01T00:00:00+00:00,7.0,96.0,100.0,Bay of Bengal,-0.01988,-0.22204,0.22293
2025-06-01T00:00:00+00:00,7.0,97.0,100.0,Bay of Bengal,-0.01814,-0.22123,0.22198
2025-06-01T00:00:00+00:00,7.0,98.0,100.0,Bay of Bengal,-0.0162,-0.22026,0.22086
2025-06-01T00:00:00+00:00,8.0,80.0,100.0,Bay of Bengal,-0.02757,-0.21127,0.21307
2025-06-01T00:00:00+00:00,8.0,81.0,100.0,Bay of Bengal,-0.0269,-0.21326,0.21495
2025-06-01T00:00:00+00:00,8.0,82.0,100.0,Bay of Bengal,-0.02585,-0.21508,0.21663
2025-06-01T00:00:00+00:00,8.0,83.0,100.0,Bay of Bengal,-0.02446,-0.21675,0.21812
2025-06-01T00:00:00+00:00,8.0,84.0,100.0,Bay of Bengal,-0.02274,-0.21824,0.21942
2025-06-01T00:00:00+00:00,8.0,85.0,100.0,Bay of Bengal,-0.02073,-0.21956,0.22054
2025-06-01T00:00:00+00:00,8.0,86.0,100.0,Bay of Bengal,-0.01848,-0.22071,0.22148
2025-06-01T00:00:00+00:00,8.0,87.0,100.0,Bay of Bengal,-0.01601,-0.22168,0.22226
2025-06-01T00:00:00+00:00,8.0,88.0,100.0,Bay of Bengal,-0.01339,-0.22248,0.22288
2025-06-01T00:00:00+00:00,8.0,89.0,100.0,Bay of Bengal,-0.01066,-0.22309,0.22335
2025-06-01T00:00:00+00:00,8.0,90.0,100.0,Bay of Bengal,-0.00788,-0.22353,0.22367
2025-06-01T00:00:00+00:00,8.0,91.0,100.0,Bay of Bengal,-0.00509,-0.22379,0.22384
2025-06-01T00:00:00+00:00,8.0,92.0,100.0,Bay of Bengal,-0.00237,-0.22386,0.22387
2025-06-01T00:00:00+00:00,8.0,93.0,100.0,Bay of Bengal,0.00026,-0.22376,0.22376
2025-06-01T00:00:00+00:00,8.0,94.0,100.0,Bay of Bengal,0.00272,-0.22347,0.22349
2025-06-01T00:00:00+00:00,8.0,95.0,100.0,Bay of Bengal,0.00498,-0.22301,0.22307
2025-06-01T00:00:00+00:00,8.0,96.0,100.0,Bay of Bengal,0.00699,-0.22238,0.22249
2025-06-01T00:00:00+00:00,8.0,97.0,100.0,Bay of Bengal,0.0087,-0.22157,0.22174
2025-06-01T00:00:00+00:00,8.0,98.0,100.0,Bay of Bengal,0.0101,-0.2206,0.22083
2025-06-01T00:00:00+00:00,9.0,80.0,100.0,Bay of Bengal,-0.01107,-0.21162,0.21191
2025-06-01T00:00:00+00:00,9.0,81.0,100.0,Bay of Bengal,-0.00794,-0.21361,0.21376
2025-06-01T00:00:00+00:00,9.0,82.0,100.0,Bay of Bengal,-0.00489,-0.21543,0.21549
2025-06-01T00:00:00+00:00,9.0,83.0,100.0,Bay of Bengal,-0.00199,-0.21709,0.2171
2025-06-01T00:00:00+00:00,9.0,84.0,100.0,Bay of Bengal,0.00068,-0.21859,0.21859
2025-06-01T00:00:00+00:00,9.0,85.0,100.0,Bay of Bengal,0.00307,-0.21991,0.21993
2025-06-01T00:00:00+00:00,9.0,86.0,100.0,Bay of Bengal,0.00511,-0.22106,0.22112
2025-06-01T00:00:00+00:00,9.0,87.0,100.0,Bay of Bengal,0.00675,-0.22203,0.22213
2025-06-01T00:00:00+00:00,9.0,88.0,100.0,Bay of Bengal,0.00795,-0.22283,0.22297
2025-06-01T00:00:00+00:00,9.0,89.0,100.0,Bay of Bengal,0.00868,-0.22344,0.22361
2025-06-01T00:00:00+00:00,9.0,90.0,100.0,Bay of Bengal,0.00893,-0.22388,0.22405
2025-06-01T00:00:00+00:00,9.0,91.0,100.0,Bay of Bengal,0.00868,-0.22413,0.2243
2025-06-01T00:00:00+00:00,9.0,92.0,100.0,Bay of Bengal,0.00795,-0.2242,0.22434
2025-06-01T00:00:00+00:00,9.0,93.0,100.0,Bay of Bengal,0.00675,-0.2241,0.2242
2025-06-01T00:00:00+00:00,9.0,94.0,100.0,Bay of Bengal,0.00511,-0.22381,0.22387
2025-06-01T00:00:00+00:00,9.0,95.0,100.0,Bay of Bengal,0.00307,-0.22335,0.22337
2025-06-01T00:00:00+00:00,9.0,96.0,100.0,Bay of Bengal,0.00068,-0.22272,0.22272
2025-06-01T00:00:00+00:00,9.0,97.0,100.0,Bay of Bengal,-0.00199,-0.22191,0.22192
2025-06-01T00:00:00+00:00,9.0,98.0,100.0,Bay of Bengal,-0.00489,-0.22093,0.22099
2025-06-01T00:00:00+00:00,10.0,80.0,100.0,Bay of Bengal,0.0051,-0.21197,0.21203
2025-06-01T00:00:00+00:00,10.0,81.0,100.0,Bay of Bengal,0.00541,-0.21396,0.21403
2025-06-01T00:00:00+00:00,10.0,82.0,100.0,Bay of Bengal,0.0051,-0.21578,0.21584
2025-06-01T00:00:00+00:00,10.0,83.0,100.0,Bay of Bengal,0.0042,-0.21744,0.21748
2025-06-01T00:00:00+00:00,10.0,84.0,100.0,Bay of Bengal,0.00273,-0.21894,0.21895
2025-06-01T00:00:00+00:00,10.0,85.0,100.0,Bay of Bengal,0.00073,-0.22026,0.22026
2025-06-01T00:00:00+00:00,10.0,86.0,100.0,Bay of Bengal,-0.00174,-0.22141,0.22141
2025-06-01T00:00:00+00:00,10.0,87.0,100.0,Bay of Bengal,-0.00459,-0.22238,0.22242
2025-06-01T00:00:00+00:00,10.0,88.0,100.0,Bay of Bengal,-0.00775,-0.22317,0.22331
2025-06-01T00:00:00+00:00,10.0,89.0,100.0,Bay of Bengal,-0.01112,-0.22379,0.22406
2025-06-01T00:00:00+00:00,10.0,90.0,100.0,Bay of Bengal,-0.01459,-0.22422,0.22469
2025-06-01T00:00:00+00:00,10.0,91.0,100.0,Bay of Bengal,-0.01806,-0.22447,0.2252
2025-06-01T00:00:00+00:00,10.0,92.0,100.0,Bay of Bengal,-0.02143,-0.22455,0.22557
2025-06-01T00:00:00+00:00,10.0,93.0,100.0,Bay of Bengal,-0.02459,-0.22444,0.22578
2025-06-01T00:00:00+00:00,10.0,94.0,100.0,Bay of Bengal,-0.02745,-0.22415,0.22583
2025-06-01T00:00:00+00:00,10.0,95.0,100.0,Bay of Bengal,-0.02991,-0.22369,0.22568
2025-06-01T00:00:00+00:00,10.0,96.0,100.0,Bay of Bengal,-0.03191,-0.22305,0.22532
2025-06-01T00:00:00+00:00,10.0,97.0,100.0,Bay of Bengal,-0.03339,-0.22224,0.22474
2025-06-01T00:00:00+00:00,10.0,98.0,100.0,Bay of Bengal,-0.03429,-0.22126,0.22391
2025-06-01T00:00:00+00:00,11.0,80.0,100.0,Bay of Bengal,-0.01158,-0.21232,0.21264
2025-06-01T00:00:00+00:00,11.0,81.0,100.0,Bay of Bengal,-0.01529,-0.21431,0.21485
2025-06-01T00:00:00+00:00,11.0,82.0,100.0,Bay of Bengal,-0.01911,-0.21613,0.21697
2025-06-01T00:00:00+00:00,11.0,83.0,100.0,Bay of Bengal,-0.02291,-0.21779,0.21899
2025-06-01T00:00:00+00:00,11.0,84.0,100.0,Bay of Bengal,-0.02655,-0.21928,0.22089
2025-06-01T00:00:00+00:00,11.0,85.0,100.0,Bay of Bengal,-0.02989,-0.22061,0.22262
2025-06-01T00:00:00+00:00,11.0,86.0,100.0,Bay of Bengal,-0.0328,-0.22175,0.22417
2025-06-01T00:00:00+00:00,11.0,87.0,100.0,Bay of Bengal,-0.03519,-0.22272,0.22549
2025-06-01T00:00:00+00:00,11.0,88.0,100.0,Bay of Bengal,-0.03696,-0.22352,0.22655
2025-06-01T00:00:00+00:00,11.0,89.0,100.0,Bay of Bengal,-0.03805,-0.22413,0.22734
2025-06-01T00:00:00+00:00,11.0,90.0,100.0,Bay of Bengal,-0.03842,-0.22456,0.22782
2025-06-01T00:00:00+00:00,11.0,91.0,100.0,Bay of Bengal,-0.03805,-0.22482,0.22801
2025-06-01T00:00:00+00:00,11.0,92.0,100.0,Bay of Bengal,-0.03696,-0.22489,0.2279
2025-06-01T00:00:00+00:00,11.0,93.0,100.0,Bay of Bengal,-0.03519,-0.22478,0.22752
2025-06-01T00:00:00+00:00,11.0,94.0,100.0,Bay of Bengal,-0.0328,-0.22449,0.22688
2025-06-01T00:00:00+00:00,11.0,95.0,100.0,Bay of Bengal,-0.02989,-0.22403,0.22601
2025-06-01T00:00:00+00:00,11.0,96.0,100.0,Bay of Bengal,-0.02655,-0.22339,0.22496
2025-06-01T00:00:00+00:00,11.0,97.0,100.0,Bay of Bengal,-0.02291,-0.22258,0.22375
2025-06-01T00:00:00+00:00,11.0,98.0,100.0,Bay of Bengal,-0.01911,-0.2216,0.22242
2025-06-01T00:00:00+00:00,12.0,80.0,100.0,Bay of Bengal,-0.03985,-0.21267,0.21637
2025-06-01T00:00:00+00:00,12.0,81.0,100.0,Bay of Bengal,-0.04155,-0.21465,0.21864
2025-06-01T00:00:00+00:00,12.0,82.0,100.0,Bay of Bengal,-0.04242,-0.21648,0.2206
2025-06-01T00:00:00+00:00,12.0,83.0,100.0,Bay of Bengal,-0.04242,-0.21814,0.22222
2025-06-01T00:00:00+00:00,12.0,84.0,100.0,Bay of Bengal,-0.04155,-0.21963,0.22353
2025-06-01T00:00:00+00:00,12.0,85.0,100.0,Bay of Bengal,-0.03985,-0.22095,0.22452
2025-06-01T00:00:00+00:00,12.0,86.0,100.0,Bay of Bengal,-0.03739,-0.2221,0.22522
2025-06-01T00:00:00+00:00,12.0,87.0,100.0,Bay of Bengal,-0.03428,-0.22307,0.22569
2025-06-01T00:00:00+00:00,12.0,88.0,100.0,Bay of Bengal,-0.03066,-0.22386,0.22595
2025-06-01T00:00:00+00:00,12.0,89.0,100.0,Bay of Bengal,-0.02668,-0.22447,0.22605
2025-06-01T00:00:00+00:00,12.0,90.0,100.0,Bay of Bengal,-0.02253,-0.2249,0.22603
2025-06-01T00:00:00+00:00,12.0,91.0,100.0,Bay of Bengal,-0.01837,-0.22516,0.2259
2025-06-01T00:00:00+00:00,12.0,92.0,100.0,Bay of Bengal,-0.01439,-0.22523,0.22569
2025-06-01T00:00:00+00:00,12.0,93.0,100.0,Bay of Bengal,-0.01077,-0.22512,0.22537
2025-06-01T00:00:00+00:00,12.0,94.0,100.0,Bay of Bengal,-0.00766,-0.22483,0.22496
2025-06-01T00:00:00+00:00,12.0,95.0,100.0,Bay of Bengal,-0.00521,-0.22436,0.22442
2025-06-01T00:00:00+00:00,12.0,96.0,100.0,Bay of Bengal,-0.00351,-0.22372,0.22375
2025-06-01T00:00:00+00:00,12.0,97.0,100.0,Bay of Bengal,-0.00264,-0.22291,0.22292
2025-06-01T00:00:00+00:00,12.0,98.0,100.0,Bay of Bengal,-0.00264,-0.22192,0.22194
2025-06-01T00:00:00+00:00,13.0,80.0,100.0,Bay of Bengal,-0.03976,-0.21302,0.2167
2025-06-01T00:00:00+00:00,13.0,81.0,100.0,Bay of Bengal,-0.03598,-0.215,0.21799
2025-06-01T00:00:00+00:00,13.0,82.0,100.0,Bay of Bengal,-0.03174,-0.21683,0.21914
2025-06-01T00:00:00+00:00,13.0,83.0,100.0,Bay of Bengal,-0.02725,-0.21849,0.22018
2025-06-01T00:00:00+00:00,13.0,84.0,100.0,Bay of Bengal,-0.02275,-0.21998,0.22115
2025-06-01T00:00:00+00:00,13.0,85.0,100.0,Bay of Bengal,-0.01845,-0.2213,0.22207
2025-06-01T00:00:00+00:00,13.0,86.0,100.0,Bay of Bengal,-0.01459,-0.22244,0.22292
2025-06-01T00:00:00+00:00,13.0,87.0,100.0,Bay of Bengal,-0.01136,-0.22341,0.2237
2025-06-01T00:00:00+00:00,13.0,88.0,100.0,Bay of Bengal,-0.00893,-0.2242,0.22438
2025-06-01T00:00:00+00:00,13.0,89.0,100.0,Bay of Bengal,-0.00742,-0.22482,0.22494
2025-06-01T00:00:00+00:00,13.0,90.0,100.0,Bay of Bengal,-0.0069,-0.22525,0.22535
2025-06-01T00:00:00+00:00,13.0,91.0,100.0,Bay of Bengal,-0.00742,-0.2255,0.22562
2025-06-01T00:00:00+00:00,13.0,92.0,100.0,Bay of Bengal,-0.00893,-0.22556,0.22574
2025-06-01T00:00:00+00:00,13.0,93.0,100.0,Bay of Bengal,-0.01136,-0.22545,0.22574
2025-06-01T00:00:00+00:00,13.0,94.0,100.0,Bay of Bengal,-0.01459,-0.22516,0.22563
2025-06-01T00:00:00+00:00,13.0,95.0,100.0,Bay of Bengal,-0.01845,-0.2247,0.22545
2025-06-01T00:00:00+00:00,13.0,96.0,100.0,Bay of Bengal,-0.02275,-0.22405,0.2252
2025-06-01T00:00:00+00:00,13.0,97.0,100.0,Bay of Bengal,-0.02725,-0.22324,0.22489
2025-06-01T00:00:00+00:00,13.0,98.0,100.0,Bay of Bengal,-0.03174,-0.22225,0.22451
2025-06-01T00:00:00+00:00,14.0,80.0,100.0,Bay of Bengal,-0.01867,-0.21337,0.21418
2025-06-01T00:00:00+00:00,14.0,81.0,100.0,Bay of Bengal,-0.01535,-0.21535,0.2159
2025-06-01T00:00:00+00:00,14.0,82.0,100.0,Bay of Bengal,-0.01298,-0.21717,0.21756
2025-06-01T00:00:00+00:00,14.0,83.0,100.0,Bay of Bengal,-0.01172,-0.21883,0.21915
2025-06-01T00:00:00+00:00,14.0,84.0,100.0,Bay of Bengal,-0.01164,-0.22032,0.22063
2025-06-01T00:00:00+00:00,14.0,85.0,100.0,Bay of Bengal,-0.01273,-0.22164,0.22201
2025-06-01T00:00:00+00:00,14.0,86.0,100.0,Bay of Bengal,-0.01495,-0.22279,0.22329
2025-06-01T00:00:00+00:00,14.0,87.0,100.0,Bay of Bengal,-0.01814,-0.22376,0.22449
2025-06-01T00:00:00+00:00,14.0,88.0,100.0,Bay of Bengal,-0.02214,-0.22455,0.22563
2025-06-01T00:00:00+00:00,14.0,89.0,100.0,Bay of Bengal,-0.02669,-0.22516,0.22673
2025-06-01T00:00:00+00:00,14.0,90.0,100.0,Bay of Bengal,-0.03153,-0.22558,0.22778
2025-06-01T00:00:00+00:00,14.0,91.0,100.0,Bay of Bengal,-0.03637,-0.22583,0.22874
2025-06-01T00:00:00+00:00,14.0,92.0,100.0,Bay of Bengal,-0.04092,-0.2259,0.22958
2025-06-01T00:00:00+00:00,14.0,93.0,100.0,Bay of Bengal,-0.04491,-0.22579,0.23021
2025-06-01T00:00:00+00:00,14.0,94.0,100.0,Bay of Bengal,-0.04811,-0.2255,0.23057
2025-06-01T00:00:00+00:00,14.0,95.0,100.0,Bay of Bengal,-0.05032,-0.22503,0.23058
2025-06-01T00:00:00+00:00,14.0,96.0,100.0,Bay of Bengal,-0.05142,-0.22438,0.2302
2025-06-01T00:00:00+00:00,14.0,97.0,100.0,Bay of Bengal,-0.05133,-0.22356,0.22938
2025-06-01T00:00:00+00:00,14.0,98.0,100.0,Bay of Bengal,-0.05007,-0.22258,0.22814
2025-06-01T00:00:00+00:00,15.0,80.0,100.0,Bay of Bengal,-0.01905,-0.21371,0.21456
2025-06-01T00:00:00+00:00,15.0,81.0,100.0,Bay of Bengal,-0.02223,-0.2157,0.21684
2025-06-01T00:00:00+00:00,15.0,82.0,100.0,Bay of Bengal,-0.02637,-0.21752,0.21911
2025-06-01T00:00:00+00:00,15.0,83.0,100.0,Bay of Bengal,-0.0312,-0.21918,0.22139
2025-06-01T00:00:00+00:00,15.0,84.0,100.0,Bay of Bengal,-0.03637,-0.22067,0.22365
2025-06-01T00:00:00+00:00,15.0,85.0,100.0,Bay of Bengal,-0.04155,-0.22199,0.22584
2025-06-01T00:00:00+00:00,15.0,86.0,100.0,Bay of Bengal,-0.04637,-0.22313,0.2279
2025-06-01T00:00:00+00:00,15.0,87.0,100.0,Bay of Bengal,-0.05052,-0.2241,0.22972
2025-06-01T00:00:00+00:00,15.0,88.0,100.0,Bay of Bengal,-0.05369,-0.22489,0.23121
2025-06-01T00:00:00+00:00,15.0,89.0,100.0,Bay of Bengal,-0.05569,-0.2255,0.23227
2025-06-01T00:00:00+00:00,15.0,90.0,100.0,Bay of Bengal,-0.05637,-0.22592,0.23285
2025-06-01T00:00:00+00:00,15.0,91.0,100.0,Bay of Bengal,-0.05569,-0.22617,0.23293
2025-06-01T00:00:00+00:00,15.0,92.0,100.0,Bay of Bengal,-0.05369,-0.22624,0.23252
2025-06-01T00:00:00+00:00,15.0,93.0,100.0,Bay of Bengal,-0.05052,-0.22612,0.23169
2025-06-01T00:00:00+00:00,15.0,94.0,100.0,Bay of Bengal,-0.04637,-0.22583,0.23054
2025-06-01T00:00:00+00:00,15.0,95.0,100.0,Bay of Bengal,-0.04155,-0.22536,0.22915
2025-06-01T00:00:00+00:00,15.0,96.0,100.0,Bay of Bengal,-0.03637,-0.22471,0.22763
2025-06-01T00:00:00+00:00,15.0,97.0,100.0,Bay of Bengal,-0.0312,-0.22389,0.22605
2025-06-01T00:00:00+00:00,15.0,98.0,100.0,Bay of Bengal,-0.02637,-0.2229,0.22445
2025-06-01T00:00:00+00:00,16.0,80.0,100.0,Bay of Bengal,-0.04826,-0.21406,0.21943
2025-06-01T00:00:00+00:00,16.0,81.0,100.0,Bay of Bengal,-0.05318,-0.21605,0.22249
2025-06-01T00:00:00+00:00,16.0,82.0,100.0,Bay of Bengal,-0.05718,-0.21787,0.22525
2025-06-01T00:00:00+00:00,16.0,83.0,100.0,Bay of Bengal,-0.05996,-0.21952,0.22757
2025-06-01T00:00:00+00:00,16.0,84.0,100.0,Bay of Bengal,-0.06131,-0.22101,0.22936
2025-06-01T00:00:00+00:00,16.0,85.0,100.0,Bay of Bengal,-0.06112,-0.22233,0.23058
2025-06-01T00:00:00+00:00,16.0,86.0,100.0,Bay of Bengal,-0.0594,-0.22347,0.23123
2025-06-01T00:00:00+00:00,16.0,87.0,100.0,Bay of Bengal,-0.05628,-0.22444,0.23139
2025-06-01T00:00:00+00:00,16.0,88.0,100.0,Bay of Bengal,-0.05202,-0.22523,0.23116
2025-06-01T00:00:00+00:00,16.0,89.0,100.0,Bay of Bengal,-0.04693,-0.22583,0.23066
2025-06-01T00:00:00+00:00,16.0,90.0,100.0,Bay of Bengal,-0.04142,-0.22626,0.23002
2025-06-01T00:00:00+00:00,16.0,91.0,100.0,Bay of Bengal,-0.03591,-0.2265,0.22933
2025-06-01T00:00:00+00:00,16.0,92.0,100.0,Bay of Bengal,-0.03082,-0.22657,0.22865
2025-06-01T00:00:00+00:00,16.0,93.0,100.0,Bay of Bengal,-0.02656,-0.22645,0.228
2025-06-01T00:00:00+00:00,16.0,94.0,100.0,Bay of Bengal,-0.02344,-0.22616,0.22737
2025-06-01T00:00:00+00:00,16.0,95.0,100.0,Bay of Bengal,-0.02172,-0.22568,0.22673
2025-06-01T00:00:00+00:00,16.0,96.0,100.0,Bay of Bengal,-0.02153,-0.22503,0.22606
2025-06-01T00:00:00+00:00,16.0,97.0,100.0,Bay of Bengal,-0.02288,-0.22421,0.22537
2025-06-01T00:00:00+00:00,16.0,98.0,100.0,Bay of Bengal,-0.02566,-0.22322,0.22469
2025-06-01T00:00:00+00:00,17.0,80.0,100.0,Bay of Bengal,-0.06634,-0.21441,0.22444
2025-06-01T00:00:00+00:00,17.0,81.0,100.0,Bay of Bengal,-0.06446,-0.21639,0.22579
2025-06-01T00:00:00+00:00,17.0,82.0,100.0,Bay of Bengal,-0.06103,-0.21821,0.22659
2025-06-01T00:00:00+00:00,17.0,83.0,100.0,Bay of Bengal,-0.05634,-0.21987,0.22697
2025-06-01T00:00:00+00:00,17.0,84.0,100.0,Bay of Bengal,-0.0508,-0.22136,0.22711
2025-06-01T00:00:00+00:00,17.0,85.0,100.0,Bay of Bengal,-0.0449,-0.22267,0.22715
2025-06-01T00:00:00+00:00,17.0,86.0,100.0,Bay of Bengal,-0.03915,-0.22381,0.22721
2025-06-01T00:00:00+00:00,17.0,87.0,100.0,Bay of Bengal,-0.03405,-0.22478,0.22734
2025-06-01T00:00:00+00:00,17.0,88.0,100.0,Bay of Bengal,-0.03006,-0.22556,0.22756
2025-06-01T00:00:00+00:00,17.0,89.0,100.0,Bay of Bengal,-0.02751,-0.22617,0.22784
2025-06-01T00:00:00+00:00,17.0,90.0,100.0,Bay of Bengal,-0.02664,-0.22659,0.22815
2025-06-01T00:00:00+00:00,17.0,91.0,100.0,Bay of Bengal,-0.02751,-0.22684,0.2285
2025-06-01T00:00:00+00:00,17.0,92.0,100.0,Bay of Bengal,-0.03006,-0.2269,0.22888
2025-06-01T00:00:00+00:00,17.0,93.0,100.0,Bay of Bengal,-0.03405,-0.22678,0.22932
2025-06-01T00:00:00+00:00,17.0,94.0,100.0,Bay of Bengal,-0.03915,-0.22648,0.22984
2025-06-01T00:00:00+00:00,17.0,95.0,100.0,Bay of Bengal,-0.0449,-0.22601,0.23042
2025-06-01T00:00:00+00:00,17.0,96.0,100.0,Bay of Bengal,-0.0508,-0.22536,0.23101
2025-06-01T00:00:00+00:00,17.0,97.0,100.0,Bay of Bengal,-0.05634,-0.22453,0.23149
2025-06-01T00:00:00+00:00,17.0,98.0,100.0,Bay of Bengal,-0.06103,-0.22354,0.23172
2025-06-01T00:00:00+00:00,18.0,80.0,100.0,Bay of Bengal,-0.05201,-0.21475,0.22096
2025-06-01T00:00:00+00:00,18.0,81.0,100.0,Bay of Bengal,-0.04583,-0.21674,0.22153
2025-06-01T00:00:00+00:00,18.0,82.0,100.0,Bay of Bengal,-0.04025,-0.21856,0.22223
2025-06-01T00:00:00+00:00,18.0,83.0,100.0,Bay of Bengal,-0.03583,-0.22021,0.22311
2025-06-01T00:00:00+00:00,18.0,84.0,100.0,Bay of Bengal,-0.03299,-0.2217,0.22414
2025-06-01T00:00:00+00:00,18.0,85.0,100.0,Bay of Bengal,-0.03201,-0.22301,0.2253
2025-06-01T00:00:00+00:00,18.0,86.0,100.0,Bay of Bengal,-0.03299,-0.22415,0.22657
2025-06-01T00:00:00+00:00,18.0,87.0,100.0,Bay of Bengal,-0.03583,-0.22512,0.22795
2025-06-01T00:00:00+00:00,18.0,88.0,100.0,Bay of Bengal,-0.04025,-0.2259,0.22946
2025-06-01T00:00:00+00:00,18.0,89.0,100.0,Bay of Bengal,-0.04583,-0.2265,0.23109
2025-06-01T00:00:00+00:00,18.0,90.0,100.0,Bay of Bengal,-0.05201,-0.22693,0.23281
2025-06-01T00:00:00+00:00,18.0,91.0,100.0,Bay of Bengal,-0.05819,-0.22717,0.2345
2025-06-01T00:00:00+00:00,18.0,92.0,100.0,Bay of Bengal,-0.06377,-0.22723,0.23601
2025-06-01T00:00:00+00:00,18.0,93.0,100.0,Bay of Bengal,-0.06819,-0.22711,0.23712
2025-06-01T00:00:00+00:00,18.0,94.0,100.0,Bay of Bengal,-0.07103,-0.22681,0.23767
2025-06-01T00:00:00+00:00,18.0,95.0,100.0,Bay of Bengal,-0.07201,-0.22633,0.23751
2025-06-01T00:00:00+00:00,18.0,96.0,100.0,Bay of Bengal,-0.07103,-0.22568,0.23659
2025-06-01T00:00:00+00:00,18.0,97.0,100.0,Bay of Bengal,-0.06819,-0.22485,0.23496
2025-06-01T00:00:00+00:00,18.0,98.0,100.0,Bay of Bengal,-0.06377,-0.22385,0.23276
2025-06-01T00:00:00+00:00,19.0,80.0,100.0,Bay of Bengal,-0.03781,-0.2151,0.2184
2025-06-01T00:00:00+00:00,19.0,81.0,100.0,Bay of Bengal,-0.03775,-0.21708,0.22034
2025-06-01T00:00:00+00:00,19.0,82.0,100.0,Bay of Bengal,-0.03984,-0.2189,0.2225
2025-06-01T00:00:00+00:00,19.0,83.0,100.0,Bay of Bengal,-0.04386,-0.22055,0.22487
2025-06-01T00:00:00+00:00,19.0,84.0,100.0,Bay of Bengal,-0.04937,-0.22204,0.22746
2025-06-01T00:00:00+00:00,19.0,85.0,100.0,Bay of Bengal,-0.05576,-0.22335,0.23021
2025-06-01T00:00:00+00:00,19.0,86.0,100.0,Bay of Bengal,-0.06234,-0.22449,0.23299
2025-06-01T00:00:00+00:00,19.0,87.0,100.0,Bay of Bengal,-0.0684,-0.22545,0.2356
2025-06-01T00:00:00+00:00,19.0,88.0,100.0,Bay of Bengal,-0.07326,-0.22624,0.2378
2025-06-01T00:00:00+00:00,19.0,89.0,100.0,Bay of Bengal,-0.07641,-0.22684,0.23936
2025-06-01T00:00:00+00:00,19.0,90.0,100.0,Bay of Bengal,-0.0775,-0.22726,0.24011
2025-06-01T00:00:00+00:00,19.0,91.0,100.0,Bay of Bengal,-0.07641,-0.2275,0.23999
2025-06-01T00:00:00+00:00,19.0,92.0,100.0,Bay of Bengal,-0.07326,-0.22756,0.23906
2025-06-01T00:00:00+00:00,19.0,93.0,100.0,Bay of Bengal,-0.0684,-0.22743,0.23749
2025-06-01T00:00:00+00:00,19.0,94.0,100.0,Bay of Bengal,-0.06234,-0.22713,0.23553
2025-06-01T00:00:00+00:00,19.0,95.0,100.0,Bay of Bengal,-0.05576,-0.22665,0.23341
2025-06-01T00:00:00+00:00,19.0,96.0,100.0,Bay of Bengal,-0.04937,-0.22599,0.23132
2025-06-01T00:00:00+00:00,19.0,97.0,100.0,Bay of Bengal,-0.04386,-0.22516,0.2294
2025-06-01T00:00:00+00:00,19.0,98.0,100.0,Bay of Bengal,-0.03984,-0.22416,0.22768
2025-06-01T00:00:00+00:00,20.0,80.0,100.0,Bay of Bengal,-0.05625,-0.21544,0.22267
2025-06-01T00:00:00+00:00,20.0,81.0,100.0,Bay of Bengal,-0.06309,-0.21742,0.22639
2025-06-01T00:00:00+00:00,20.0,82.0,100.0,Bay of Bengal,-0.06993,-0.21924,0.23013
2025-06-01T00:00:00+00:00,20.0,83.0,100.0,Bay of Bengal,-0.07595,-0.2209,0.23359
2025-06-01T00:00:00+00:00,20.0,84.0,100.0,Bay of Bengal,-0.08041,-0.22238,0.23647
2025-06-01T00:00:00+00:00,20.0,85.0,100.0,Bay of Bengal,-0.08279,-0.22369,0.23852
2025-06-01T00:00:00+00:00,20.0,86.0,100.0,Bay of Bengal,-0.08279,-0.22483,0.23959
2025-06-01T00:00:00+00:00,20.0,87.0,100.0,Bay of Bengal,-0.08041,-0.22579,0.23968
2025-06-01T00:00:00+00:00,20.0,88.0,100.0,Bay of Bengal,-0.07595,-0.22657,0.23896
2025-06-01T00:00:00+00:00,20.0,89.0,100.0,Bay of Bengal,-0.06993,-0.22717,0.23769
2025-06-01T00:00:00+00:00,20.0,90.0,100.0,Bay of Bengal,-0.06309,-0.22759,0.23617
2025-06-01T00:00:00+00:00,20.0,91.0,100.0,Bay of Bengal,-0.05625,-0.22782,0.23467
2025-06-01T00:00:00+00:00,20.0,92.0,100.0,Bay of Bengal,-0.05024,-0.22788,0.23335
2025-06-01T00:00:00+00:00,20.0,93.0,100.0,Bay of Bengal,-0.04577,-0.22775,0.23231
2025-06-01T00:00:00+00:00,20.0,94.0,100.0,Bay of Bengal,-0.0434,-0.22745,0.23155
2025-06-01T00:00:00+00:00,20.0,95.0,100.0,Bay of Bengal,-0.0434,-0.22697,0.23108
2025-06-01T00:00:00+00:00,20.0,96.0,100.0,Bay of Bengal,-0.04577,-0.22631,0.23089
2025-06-01T00:00:00+00:00,20.0,97.0,100.0,Bay of Bengal,-0.05024,-0.22548,0.231
2025-06-01T00:00:00+00:00,20.0,98.0,100.0,Bay of Bengal,-0.05625,-0.22447,0.23141
2025-06-01T00:00:00+00:00,21.0,80.0,100.0,Bay of Bengal,-0.08607,-0.21579,0.23232
2025-06-01T00:00:00+00:00,21.0,81.0,100.0,Bay of Bengal,-0.08851,-0.21777,0.23506
2025-06-01T00:00:00+00:00,21.0,82.0,100.0,Bay of Bengal,-0.08831,-0.21958,0.23668
2025-06-01T00:00:00+00:00,21.0,83.0,100.0,Bay of Bengal,-0.08553,-0.22123,0.23719
2025-06-01T00:00:00+00:00,21.0,84.0,100.0,Bay of Bengal,-0.08051,-0.22272,0.23682
2025-06-01T00:00:00+00:00,21.0,85.0,100.0,Bay of Bengal,-0.07393,-0.22403,0.23591
2025-06-01T00:00:00+00:00,21.0,86.0,100.0,Bay of Bengal,-0.06666,-0.22516,0.23482
2025-06-01T00:00:00+00:00,21.0,87.0,100.0,Bay of Bengal,-0.05967,-0.22612,0.23386
2025-06-01T00:00:00+00:00,21.0,88.0,100.0,Bay of Bengal,-0.05389,-0.2269,0.23321
2025-06-01T00:00:00+00:00,21.0,89.0,100.0,Bay of Bengal,-0.05008,-0.2275,0.23294
2025-06-01T00:00:00+00:00,21.0,90.0,100.0,Bay of Bengal,-0.04875,-0.22791,0.23307
2025-06-01T00:00:00+00:00,21.0,91.0,100.0,Bay of Bengal,-0.05008,-0.22815,0.23358
2025-06-01T00:00:00+00:00,21.0,92.0,100.0,Bay of Bengal,-0.05389,-0.2282,0.23448
2025-06-01T00:00:00+00:00,21.0,93.0,100.0,Bay of Bengal,-0.05967,-0.22807,0.23575
2025-06-01T00:00:00+00:00,21.0,94.0,100.0,Bay of Bengal,-0.06666,-0.22777,0.23732
2025-06-01T00:00:00+00:00,21.0,95.0,100.0,Bay of Bengal,-0.07393,-0.22728,0.239
2025-06-01T00:00:00+00:00,21.0,96.0,100.0,Bay of Bengal,-0.08051,-0.22662,0.2405
2025-06-01T00:00:00+00:00,21.0,97.0,100.0,Bay of Bengal,-0.08553,-0.22579,0.24144
2025-06-01T00:00:00+00:00,21.0,98.0,100.0,Bay of Bengal,-0.08831,-0.22478,0.24151
2025-06-01T00:00:00+00:00,22.0,80.0,100.0,Bay of Bengal,-0.08731,-0.21613,0.2331
2025-06-01T00:00:00+00:00,22.0,81.0,100.0,Bay of Bengal,-0.08063,-0.21811,0.23253
2025-06-01T00:00:00+00:00,22.0,82.0,100.0,Bay of Bengal,-0.07306,-0.21992,0.23174
2025-06-01T00:00:00+00:00,22.0,83.0,100.0,Bay of Bengal,-0.06569,-0.22157,0.2311
2025-06-01T00:00:00+00:00,22.0,84.0,100.0,Bay of Bengal,-0.05959,-0.22305,0.23088
2025-06-01T00:00:00+00:00,22.0,85.0,100.0,Bay of Bengal,-0.05566,-0.22436,0.23116
2025-06-01T00:00:00+00:00,22.0,86.0,100.0,Bay of Bengal,-0.05446,-0.2255,0.23198
2025-06-01T00:00:00+00:00,22.0,87.0,100.0,Bay of Bengal,-0.05618,-0.22645,0.23332
2025-06-01T00:00:00+00:00,22.0,88.0,100.0,Bay of Bengal,-0.06056,-0.22723,0.23516
2025-06-01T00:00:00+00:00,22.0,89.0,100.0,Bay of Bengal,-0.06696,-0.22782,0.23746
2025-06-01T00:00:00+00:00,22.0,90.0,100.0,Bay of Bengal,-0.07445,-0.22824,0.24008
2025-06-01T00:00:00+00:00,22.0,91.0,100.0,Bay of Bengal,-0.08194,-0.22847,0.24272
2025-06-01T00:00:00+00:00,22.0,92.0,100.0,Bay of Bengal,-0.08835,-0.22852,0.24501
2025-06-01T00:00:00+00:00,22.0,93.0,100.0,Bay of Bengal,-0.09272,-0.22839,0.2465
2025-06-01T00:00:00+00:00,22.0,94.0,100.0,Bay of Bengal,-0.09444,-0.22808,0.24686
2025-06-01T00:00:00+00:00,22.0,95.0,100.0,Bay of Bengal,-0.09325,-0.22759,0.24596
2025-06-01T00:00:00+00:00,22.0,96.0,100.0,Bay of Bengal,-0.08932,-0.22693,0.24387
2025-06-01T00:00:00+00:00,22.0,97.0,100.0,Bay of Bengal,-0.08322,-0.22609,0.24092
2025-06-01T00:00:00+00:00,22.0,98.0,100.0,Bay of Bengal,-0.07585,-0.22508,0.23752
2025-06-04T00:00:00+00:00,6.0,80.0,0.0,Bay of Bengal,-0.00301,-0.26788,0.2679
2025-06-04T00:00:00+00:00,6.0,81.0,0.0,Bay of Bengal,-0.00415,-0.27023,0.27026
2025-06-04T00:00:00+00:00,6.0,82.0,0.0,Bay of Bengal,-0.00547,-0.27238,0.27244
2025-06-04T00:00:00+00:00,6.0,83.0,0.0,Bay of Bengal,-0.00695,-0.27433,0.27442
2025-06-04T00:00:00+00:00,6.0,84.0,0.0,Bay of Bengal,-0.00858,-0.27608,0.27621
2025-06-04T00:00:00+00:00,6.0,85.0,0.0,Bay of Bengal,-0.01033,-0.27762,0.27781
2025-06-04T00:00:00+00:00,6.0,86.0,0.0,Bay of Bengal,-0.0122,-0.27895,0.27921
2025-06-04T00:00:00+00:00,6.0,87.0,0.0,Bay of Bengal,-0.01415,-0.28006,0.28041
2025-06-04T00:00:00+00:00,6.0,88.0,0.0,Bay of Bengal,-0.01617,-0.28095,0.28142
2025-06-04T00:00:00+00:00,6.0,89.0,0.0,Bay of Bengal,-0.01824,-0.28163,0.28222
2025-06-04T00:00:00+00:00,6.0,90.0,0.0,Bay of Bengal,-0.02033,-0.28209,0.28282
2025-06-04T00:00:00+00:00,6.0,91.0,0.0,Bay of Bengal,-0.02242,-0.28232,0.28321
2025-06-04T00:00:00+00:00,6.0,92.0,0.0,Bay of Bengal,-0.02449,-0.28234,0.2834
2025-06-04T00:00:00+00:00,6.0,93.0,0.0,Bay of Bengal,-0.02651,-0.28214,0.28338
2025-06-04T00:00:00+00:00,6.0,94.0,0.0,Bay of Bengal,-0.02847,-0.28172,0.28315
2025-06-04T00:00:00+00:00,6.0,95.0,0.0,Bay of Bengal,-0.03033,-0.28109,0.28272
2025-06-04T00:00:00+00:00,6.0,96.0,0.0,Bay of Bengal,-0.03209,-0.28024,0.28207
2025-06-04T00:00:00+00:00,6.0,97.0,0.0,Bay of Bengal,-0.03371,-0.27918,0.28121
2025-06-04T00:00:00+00:00,6.0,98.0,0.0,Bay of Bengal,-0.03519,-0.27792,0.28014
2025-06-04T00:00:00+00:00,7.0,80.0,0.0,Bay of Bengal,-0.03023,-0.26823,0.26993
2025-06-04T00:00:00+00:00,7.0,81.0,0.0,Bay of Bengal,-0.03247,-0.27058,0.27252
2025-06-04T00:00:00+00:00,7.0,82.0,0.0,Bay of Bengal,-0.03458,-0.27273,0.27491
2025-06-04T00:00:00+00:00,7.0,83.0,0.0,Bay of Bengal,-0.03651,-0.27468,0.2771
2025-06-04T00:00:00+00:00,7.0,84.0,0.0,Bay of Bengal,-0.03825,-0.27643,0.27906
2025-06-04T00:00:00+00:00,7.0,85.0,0.0,Bay of Bengal,-0.03977,-0.27797,0.2808
2025-06-04T00:00:00+00:00,7.0,86.0,0.0,Bay of Bengal,-0.04105,-0.27929,0.28229
2025-06-04T00:00:00+00:00,7.0,87.0,0.0,Bay of Bengal,-0.04206,-0.28041,0.28354
2025-06-04T00:00:00+00:00,7.0,88.0,0.0,Bay of Bengal,-0.0428,-0.2813,0.28454
2025-06-04T00:00:00+00:00,7.0,89.0,0.0,Bay of Bengal,-0.04324,-0.28198,0.28527
2025-06-04T00:00:00+00:00,7.0,90.0,0.0,Bay of Bengal,-0.04339,-0.28243,0.28575
2025-06-04T00:00:00+00:00,7.0,91.0,0.0,Bay of Bengal,-0.04324,-0.28267,0.28596
2025-06-04T00:00:00+00:00,7.0,92.0,0.0,Bay of Bengal,-0.0428,-0.28269,0.28591
2025-06-04T00:00:00+00:00,7.0,93.0,0.0,Bay of Bengal,-0.04206,-0.28248,0.2856
2025-06-04T00:00:00+00:00,7.0,94.0,0.0,Bay of Bengal,-0.04105,-0.28206,0.28503
2025-06-04T00:00:00+00:00,7.0,95.0,0.0,Bay of Bengal,-0.03977,-0.28143,0.28422
2025-06-04T00:00:00+00:00,7.0,96.0,0.0,Bay of Bengal,-0.03825,-0.28058,0.28317
2025-06-04T00:00:00+00:00,7.0,97.0,0.0,Bay of Bengal,-0.03651,-0.27952,0.28189
2025-06-04T00:00:00+00:00,7.0,98.0,0.0,Bay of Bengal,-0.03458,-0.27826,0.2804
2025-06-04T00:00:00+00:00,8.0,80.0,0.0,Bay of Bengal,-0.04658,-0.26858,0.27259
2025-06-04T00:00:00+00:00,8.0,81.0,0.0,Bay of Bengal,-0.0459,-0.27093,0.27479
2025-06-04T00:00:00+00:00,8.0,82.0,0.0,Bay of Bengal,-0.04486,-0.27308,0.27674
2025-06-04T00:00:00+00:00,8.0,83.0,0.0,Bay of Bengal,-0.04346,-0.27503,0.27844
2025-06-04T00:00:00+00:00,8.0,84.0,0.0,Bay of Bengal,-0.04174,-0.27678,0.27991
2025-06-04T00:00:00+00:00,8.0,85.0,0.0,Bay of Bengal,-0.03974,-0.27832,0.28114
2025-06-04T00:00:00+00:00,8.0,86.0,0.0,Bay of Bengal,-0.03748,-0.27964,0.28214
2025-06-04T00:00:00+00:00,8.0,87.0,0.0,Bay of Bengal,-0.03502,-0.28075,0.28293
2025-06-04T00:00:00+00:00,8.0,88.0,0.0,Bay of Bengal,-0.03239,-0.28165,0.2835
2025-06-04T00:00:00+00:00,8.0,89.0,0.0,Bay of Bengal,-0.02966,-0.28232,0.28388
2025-06-04T00:00:00+00:00,8.0,90.0,0.0,Bay of Bengal,-0.02688,-0.28278,0.28405
2025-06-04T00:00:00+00:00,8.0,91.0,0.0,Bay of Bengal,-0.0241,-0.28301,0.28404
2025-06-04T00:00:00+00:00,8.0,92.0,0.0,Bay of Bengal,-0.02137,-0.28303,0.28384
2025-06-04T00:00:00+00:00,8.0,93.0,0.0,Bay of Bengal,-0.01875,-0.28283,0.28345
2025-06-04T00:00:00+00:00,8.0,94.0,0.0,Bay of Bengal,-0.01628,-0.28241,0.28287
2025-06-04T00:00:00+00:00,8.0,95.0,0.0,Bay of Bengal,-0.01403,-0.28177,0.28212
2025-06-04T00:00:00+00:00,8.0,96.0,0.0,Bay of Bengal,-0.01202,-0.28092,0.28118
2025-06-04T00:00:00+00:00,8.0,97.0,0.0,Bay of Bengal,-0.0103,-0.27986,0.28005
2025-06-04T00:00:00+00:00,8.0,98.0,0.0,Bay of Bengal,-0.00891,-0.27859,0.27873
2025-06-04T00:00:00+00:00,9.0,80.0,0.0,Bay of Bengal,-0.03078,-0.26893,0.27068
2025-06-04T00:00:00+00:00,9.0,81.0,0.0,Bay of Bengal,-0.02766,-0.27128,0.27268
2025-06-04T00:00:00+00:00,9.0,82.0,0.0,Bay of Bengal,-0.0246,-0.27343,0.27453
2025-06-04T00:00:00+00:00,9.0,83.0,0.0,Bay of Bengal,-0.0217,-0.27538,0.27623
2025-06-04T00:00:00+00:00,9.0,84.0,0.0,Bay of Bengal,-0.01903,-0.27713,0.27778
2025-06-04T00:00:00+00:00,9.0,85.0,0.0,Bay of Bengal,-0.01664,-0.27866,0.27916
2025-06-04T00:00:00+00:00,9.0,86.0,0.0,Bay of Bengal,-0.0146,-0.27999,0.28037
2025-06-04T00:00:00+00:00,9.0,87.0,0.0,Bay of Bengal,-0.01296,-0.2811,0.2814
2025-06-04T00:00:00+00:00,9.0,88.0,0.0,Bay of Bengal,-0.01176,-0.28199,0.28224
2025-06-04T00:00:00+00:00,9.0,89.0,0.0,Bay of Bengal,-0.01103,-0.28267,0.28288
2025-06-04T00:00:00+00:00,9.0,90.0,0.0,Bay of Bengal,-0.01078,-0.28312,0.28333
2025-06-04T00:00:00+00:00,9.0,91.0,0.0,Bay of Bengal,-0.01103,-0.28336,0.28357
2025-06-04T00:00:00+00:00,9.0,92.0,0.0,Bay of Bengal,-0.01176,-0.28337,0.28362
2025-06-04T00:00:00+00:00,9.0,93.0,0.0,Bay of Bengal,-0.01296,-0.28317,0.28347
2025-06-04T00:00:00+00:00,9.0,94.0,0.0,Bay of Bengal,-0.0146,-0.28275,0.28312
2025-06-04T00:00:00+00:00,9.0,95.0,0.0,Bay of Bengal,-0.01664,-0.28211,0.2826
2025-06-04T00:00:00+00:00,9.0,96.0,0.0,Bay of Bengal,-0.01903,-0.28126,0.2819
2025-06-04T00:00:00+00:00,9.0,97.0,0.0,Bay of Bengal,-0.0217,-0.28019,0.28103
2025-06-04T00:00:00+00:00,9.0,98.0,0.0,Bay of Bengal,-0.0246,-0.27893,0.28001
2025-06-04T00:00:00+00:00,10.0,80.0,0.0,Bay of Bengal,-0.01539,-0.26928,0.26972
2025-06-04T00:00:00+00:00,10.0,81.0,0.0,Bay of Bengal,-0.01508,-0.27162,0.27204
2025-06-04T00:00:00+00:00,10.0,82.0,0.0,Bay of Bengal,-0.01539,-0.27378,0.27421
2025-06-04T00:00:00+00:00,10.0,83.0,0.0,Bay of Bengal,-0.01629,-0.27573,0.27621
2025-06-04T00:00:00+00:00,10.0,84.0,0.0,Bay of Bengal,-0.01776,-0.27748,0.27804
2025-06-04T00:00:00+00:00,10.0,85.0,0.0,Bay of Bengal,-0.01976,-0.27901,0.27971
2025-06-04T00:00:00+00:00,10.0,86.0,0.0,Bay of Bengal,-0.02223,-0.28034,0.28122
2025-06-04T00:00:00+00:00,10.0,87.0,0.0,Bay of Bengal,-0.02508,-0.28145,0.28256
2025-06-04T00:00:00+00:00,10.0,88.0,0.0,Bay of Bengal,-0.02824,-0.28234,0.28375
2025-06-04T00:00:00+00:00,10.0,89.0,0.0,Bay of Bengal,-0.03161,-0.28301,0.28477
2025-06-04T00:00:00+00:00,10.0,90.0,0.0,Bay of Bengal,-0.03508,-0.28347,0.28563
2025-06-04T00:00:00+00:00,10.0,91.0,0.0,Bay of Bengal,-0.03855,-0.2837,0.28631
2025-06-04T00:00:00+00:00,10.0,92.0,0.0,Bay of Bengal,-0.04192,-0.28372,0.2868
2025-06-04T00:00:00+00:00,10.0,93.0,0.0,Bay of Bengal,-0.04508,-0.28351,0.28707
2025-06-04T00:00:00+00:00,10.0,94.0,0.0,Bay of Bengal,-0.04794,-0.28309,0.28712
2025-06-04T00:00:00+00:00,10.0,95.0,0.0,Bay of Bengal,-0.0504,-0.28245,0.28691
2025-06-04T00:00:00+00:00,10.0,96.0,0.0,Bay of Bengal,-0.0524,-0.28159,0.28643
2025-06-04T00:00:00+00:00,10.0,97.0,0.0,Bay of Bengal,-0.05388,-0.28053,0.28566
2025-06-04T00:00:00+00:00,10.0,98.0,0.0,Bay of Bengal,-0.05478,-0.27926,0.28458
2025-06-04T00:00:00+00:00,11.0,80.0,0.0,Bay of Bengal,-0.03291,-0.26963,0.27163
2025-06-04T00:00:00+00:00,11.0,81.0,0.0,Bay of Bengal,-0.03662,-0.27197,0.27443
2025-06-04T00:00:00+00:00,11.0,82.0,0.0,Bay of Bengal,-0.04045,-0.27413,0.27709
2025-06-04T00:00:00+00:00,11.0,83.0,0.0,Bay of Bengal,-0.04425,-0.27608,0.2796
2025-06-04T00:00:00+00:00,11.0,84.0,0.0,Bay of Bengal,-0.04789,-0.27782,0.28192
2025-06-04T00:00:00+00:00,11.0,85.0,0.0,Bay of Bengal,-0.05122,-0.27936,0.28402
2025-06-04T00:00:00+00:00,11.0,86.0,0.0,Bay of Bengal,-0.05414,-0.28068,0.28586
2025-06-04T00:00:00+00:00,11.0,87.0,0.0,Bay of Bengal,-0.05653,-0.28179,0.28741
2025-06-04T00:00:00+00:00,11.0,88.0,0.0,Bay of Bengal,-0.0583,-0.28269,0.28863
2025-06-04T00:00:00+00:00,11.0,89.0,0.0,Bay of Bengal,-0.05938,-0.28336,0.28951
2025-06-04T00:00:00+00:00,11.0,90.0,0.0,Bay of Bengal,-0.05975,-0.28381,0.29003
2025-06-04T00:00:00+00:00,11.0,91.0,0.0,Bay of Bengal,-0.05938,-0.28404,0.29019
2025-06-04T00:00:00+00:00,11.0,92.0,0.0,Bay of Bengal,-0.0583,-0.28406,0.28998
2025-06-04T00:00:00+00:00,11.0,93.0,0.0,Bay of Bengal,-0.05653,-0.28385,0.28942
2025-06-04T00:00:00+00:00,11.0,94.0,0.0,Bay of Bengal,-0.05414,-0.28342,0.28855
2025-06-04T00:00:00+00:00,11.0,95.0,0.0,Bay of Bengal,-0.05122,-0.28278,0.28738
2025-06-04T00:00:00+00:00,11.0,96.0,0.0,Bay of Bengal,-0.04789,-0.28193,0.28597
2025-06-04T00:00:00+00:00,11.0,97.0,0.0,Bay of Bengal,-0.04425,-0.28086,0.28433
2025-06-04T00:00:00+00:00,11.0,98.0,0.0,Bay of Bengal,-0.04045,-0.27959,0.2825
2025-06-04T00:00:00+00:00,12.0,80.0,0.0,Bay of Bengal,-0.06209,-0.26998,0.27702
2025-06-04T00:00:00+00:00,12.0,81.0,0.0,Bay of Bengal,-0.06379,-0.27232,0.2797
2025-06-04T00:00:00+00:00,12.0,82.0,0.0,Bay of Bengal,-0.06466,-0.27447,0.28199
2025-06-04T00:00:00+00:00,12.0,83.0,0.0,Bay of Bengal,-0.06466,-0.27642,0.28389
2025-06-04T00:00:00+00:00,12.0,84.0,0.0,Bay of Bengal,-0.06379,-0.27817,0.28539
2025-06-04T00:00:00+00:00,12.0,85.0,0.0,Bay of Bengal,-0.06209,-0.27971,0.28652
2025-06-04T00:00:00+00:00,12.0,86.0,0.0,Bay of Bengal,-0.05964,-0.28103,0.28729
2025-06-04T00:00:00+00:00,12.0,87.0,0.0,Bay of Bengal,-0.05653,-0.28214,0.28775
2025-06-04T00:00:00+00:00,12.0,88.0,0.0,Bay of Bengal,-0.05291,-0.28303,0.28793
2025-06-04T00:00:00+00:00,12.0,89.0,0.0,Bay of Bengal,-0.04893,-0.2837,0.28789
2025-06-04T00:00:00+00:00,12.0,90.0,0.0,Bay of Bengal,-0.04477,-0.28415,0.28766
2025-06-04T00:00:00+00:00,12.0,91.0,0.0,Bay of Bengal,-0.04061,-0.28438,0.28727
2025-06-04T00:00:00+00:00,12.0,92.0,0.0,Bay of Bengal,-0.03664,-0.2844,0.28675
2025-06-04T00:00:00+00:00,12.0,93.0,0.0,Bay of Bengal,-0.03302,-0.28419,0.2861
2025-06-04T00:00:00+00:00,12.0,94.0,0.0,Bay of Bengal,-0.02991,-0.28376,0.28533
2025-06-04T00:00:00+00:00,12.0,95.0,0.0,Bay of Bengal,-0.02745,-0.28312,0.28444
2025-06-04T00:00:00+00:00,12.0,96.0,0.0,Bay of Bengal,-0.02575,-0.28226,0.28343
2025-06-04T00:00:00+00:00,12.0,97.0,0.0,Bay of Bengal,-0.02488,-0.28119,0.28229
2025-06-04T00:00:00+00:00,12.0,98.0,0.0,Bay of Bengal,-0.02488,-0.27992,0.28102
2025-06-04T00:00:00+00:00,13.0,80.0,0.0,Bay of Bengal,-0.06298,-0.27032,0.27756
2025-06-04T00:00:00+00:00,13.0,81.0,0.0,Bay of Bengal,-0.0592,-0.27267,0.27902
2025-06-04T00:00:00+00:00,13.0,82.0,0.0,Bay of Bengal,-0.05496,-0.27482,0.28026
2025-06-04T00:00:00+00:00,13.0,83.0,0.0,Bay of Bengal,-0.05047,-0.27677,0.28134
2025-06-04T00:00:00+00:00,13.0,84.0,0.0,Bay of Bengal,-0.04596,-0.27852,0.28228
2025-06-04T00:00:00+00:00,13.0,85.0,0.0,Bay of Bengal,-0.04167,-0.28005,0.28314
2025-06-04T00:00:00+00:00,13.0,86.0,0.0,Bay of Bengal,-0.03781,-0.28138,0.2839
2025-06-04T00:00:00+00:00,13.0,87.0,0.0,Bay of Bengal,-0.03458,-0.28248,0.28459
2025-06-04T00:00:00+00:00,13.0,88.0,0.0,Bay of Bengal,-0.03214,-0.28337,0.28519
2025-06-04T00:00:00+00:00,13.0,89.0,0.0,Bay of Bengal,-0.03063,-0.28404,0.28569
2025-06-04T00:00:00+00:00,13.0,90.0,0.0,Bay of Bengal,-0.03012,-0.28449,0.28608
2025-06-04T00:00:00+00:00,13.0,91.0,0.0,Bay of Bengal,-0.03063,-0.28472,0.28637
2025-06-04T00:00:00+00:00,13.0,92.0,0.0,Bay of Bengal,-0.03214,-0.28473,0.28654
2025-06-04T00:00:00+00:00,13.0,93.0,0.0,Bay of Bengal,-0.03458,-0.28452,0.28662
2025-06-04T00:00:00+00:00,13.0,94.0,0.0,Bay of Bengal,-0.03781,-0.28409,0.2866
2025-06-04T00:00:00+00:00,13.0,95.0,0.0,Bay of Bengal,-0.04167,-0.28345,0.2865
2025-06-04T00:00:00+00:00,13.0,96.0,0.0,Bay of Bengal,-0.04596,-0.28259,0.2863
2025-06-04T00:00:00+00:00,13.0,97.0,0.0,Bay of Bengal,-0.05047,-0.28152,0.28601
2025-06-04T00:00:00+00:00,13.0,98.0,0.0,Bay of Bengal,-0.05496,-0.28025,0.28558
2025-06-04T00:00:00+00:00,14.0,80.0,0.0,Bay of Bengal,-0.04291,-0.27067,0.27405
2025-06-04T00:00:00+00:00,14.0,81.0,0.0,Bay of Bengal,-0.03959,-0.27302,0.27587
2025-06-04T00:00:00+00:00,14.0,82.0,0.0,Bay of Bengal,-0.03722,-0.27517,0.27768
2025-06-04T00:00:00+00:00,14.0,83.0,0.0,Bay of Bengal,-0.03596,-0.27712,0.27944
2025-06-04T00:00:00+00:00,14.0,84.0,0.0,Bay of Bengal,-0.03588,-0.27886,0.28116
2025-06-04T00:00:00+00:00,14.0,85.0,0.0,Bay of Bengal,-0.03697,-0.2804,0.28283
2025-06-04T00:00:00+00:00,14.0,86.0,0.0,Bay of Bengal,-0.03919,-0.28172,0.28443
2025-06-04T00:00:00+00:00,14.0,87.0,0.0,Bay of Bengal,-0.04238,-0.28283,0.28598
2025-06-04T00:00:00+00:00,14.0,88.0,0.0,Bay of Bengal,-0.04638,-0.28372,0.28748
2025-06-04T00:00:00+00:00,14.0,89.0,0.0,Bay of Bengal,-0.05093,-0.28438,0.28891
2025-06-04T00:00:00+00:00,14.0,90.0,0.0,Bay of Bengal,-0.05577,-0.28483,0.29024
2025-06-04T00:00:00+00:00,14.0,91.0,0.0,Bay of Bengal,-0.06061,-0.28506,0.29143
2025-06-04T00:00:00+00:00,14.0,92.0,0.0,Bay of Bengal,-0.06516,-0.28507,0.29242
2025-06-04T00:00:00+00:00,14.0,93.0,0.0,Bay of Bengal,-0.06915,-0.28486,0.29313
2025-06-04T00:00:00+00:00,14.0,94.0,0.0,Bay of Bengal,-0.07235,-0.28443,0.29348
2025-06-04T00:00:00+00:00,14.0,95.0,0.0,Bay of Bengal,-0.07456,-0.28378,0.29341
2025-06-04T00:00:00+00:00,14.0,96.0,0.0,Bay of Bengal,-0.07566,-0.28292,0.29286
2025-06-04T00:00:00+00:00,14.0,97.0,0.0,Bay of Bengal,-0.07557,-0.28185,0.2918
2025-06-04T00:00:00+00:00,14.0,98.0,0.0,Bay of Bengal,-0.07431,-0.28057,0.29025
2025-06-04T00:00:00+00:00,15.0,80.0,0.0,Bay of Bengal,-0.04437,-0.27102,0.27463
2025-06-04T00:00:00+00:00,15.0,81.0,0.0,Bay of Bengal,-0.04754,-0.27337,0.27747
2025-06-04T00:00:00+00:00,15.0,82.0,0.0,Bay of Bengal,-0.05169,-0.27552,0.28032
2025-06-04T00:00:00+00:00,15.0,83.0,0.0,Bay of Bengal,-0.05651,-0.27747,0.28316
2025-06-04T00:00:00+00:00,15.0,84.0,0.0,Bay of Bengal,-0.06169,-0.27921,0.28594
2025-06-04T00:00:00+00:00,15.0,85.0,0.0,Bay of Bengal,-0.06686,-0.28074,0.28859
2025-06-04T00:00:00+00:00,15.0,86.0,0.0,Bay of Bengal,-0.07169,-0.28206,0.29103
2025-06-04T00:00:00+00:00,15.0,87.0,0.0,Bay of Bengal,-0.07583,-0.28317,0.29315
2025-06-04T00:00:00+00:00,15.0,88.0,0.0,Bay of Bengal,-0.07901,-0.28406,0.29484
2025-06-04T00:00:00+00:00,15.0,89.0,0.0,Bay of Bengal,-0.081,-0.28472,0.29602
2025-06-04T00:00:00+00:00,15.0,90.0,0.0,Bay of Bengal,-0.08169,-0.28517,0.29664
2025-06-04T00:00:00+00:00,15.0,91.0,0.0,Bay of Bengal,-0.081,-0.2854,0.29667
2025-06-04T00:00:00+00:00,15.0,92.0,0.0,Bay of Bengal,-0.07901,-0.2854,0.29614
2025-06-04T00:00:00+00:00,15.0,93.0,0.0,Bay of Bengal,-0.07583,-0.28519,0.2951
2025-06-04T00:00:00+00:00,15.0,94.0,0.0,Bay of Bengal,-0.07169,-0.28476,0.29364
2025-06-04T00:00:00+00:00,15.0,95.0,0.0,Bay of Bengal,-0.06686,-0.28411,0.29187
2025-06-04T00:00:00+00:00,15.0,96.0,0.0,Bay of Bengal,-0.06169,-0.28325,0.28989
2025-06-04T00:00:00+00:00,15.0,97.0,0.0,Bay of Bengal,-0.05651,-0.28217,0.28778
2025-06-04T00:00:00+00:00,15.0,98.0,0.0,Bay of Bengal,-0.05169,-0.28089,0.28561
2025-06-04T00:00:00+00:00,16.0,80.0,0.0,Bay of Bengal,-0.07469,-0.27137,0.28146
2025-06-04T00:00:00+00:00,16.0,81.0,0.0,Bay of Bengal,-0.0796,-0.27371,0.28505
2025-06-04T00:00:00+00:00,16.0,82.0,0.0,Bay of Bengal,-0.08361,-0.27586,0.28825
2025-06-04T00:00:00+00:00,16.0,83.0,0.0,Bay of Bengal,-0.08639,-0.27781,0.29093
2025-06-04T00:00:00+00:00,16.0,84.0,0.0,Bay of Bengal,-0.08774,-0.27955,0.293
2025-06-04T00:00:00+00:00,16.0,85.0,0.0,Bay of Bengal,-0.08755,-0.28109,0.2944
2025-06-04T00:00:00+00:00,16.0,86.0,0.0,Bay of Bengal,-0.08582,-0.28241,0.29516
2025-06-04T00:00:00+00:00,16.0,87.0,0.0,Bay of Bengal,-0.08271,-0.28351,0.29533
2025-06-04T00:00:00+00:00,16.0,88.0,0.0,Bay of Bengal,-0.07845,-0.2844,0.29502
2025-06-04T00:00:00+00:00,16.0,89.0,0.0,Bay of Bengal,-0.07336,-0.28506,0.29435
2025-06-04T00:00:00+00:00,16.0,90.0,0.0,Bay of Bengal,-0.06785,-0.28551,0.29346
2025-06-04T00:00:00+00:00,16.0,91.0,0.0,Bay of Bengal,-0.06234,-0.28573,0.29245
2025-06-04T00:00:00+00:00,16.0,92.0,0.0,Bay of Bengal,-0.05725,-0.28574,0.29142
2025-06-04T00:00:00+00:00,16.0,93.0,0.0,Bay of Bengal,-0.05299,-0.28552,0.2904
2025-06-04T00:00:00+00:00,16.0,94.0,0.0,Bay of Bengal,-0.04987,-0.28509,0.28942
2025-06-04T00:00:00+00:00,16.0,95.0,0.0,Bay of Bengal,-0.04815,-0.28444,0.28848
2025-06-04T00:00:00+00:00,16.0,96.0,0.0,Bay of Bengal,-0.04796,-0.28357,0.2876
2025-06-04T00:00:00+00:00,16.0,97.0,0.0,Bay of Bengal,-0.04931,-0.2825,0.28677
2025-06-04T00:00:00+00:00,16.0,98.0,0.0,Bay of Bengal,-0.05209,-0.28121,0.286
2025-06-04T00:00:00+00:00,17.0,80.0,0.0,Bay of Bengal,-0.09392,-0.27171,0.28749
2025-06-04T00:00:00+00:00,17.0,81.0,0.0,Bay of Bengal,-0.09205,-0.27406,0.2891
2025-06-04T00:00:00+00:00,17.0,82.0,0.0,Bay of Bengal,-0.08861,-0.27621,0.29007
2025-06-04T00:00:00+00:00,17.0,83.0,0.0,Bay of Bengal,-0.08392,-0.27815,0.29054
2025-06-04T00:00:00+00:00,17.0,84.0,0.0,Bay of Bengal,-0.07838,-0.2799,0.29066
2025-06-04T00:00:00+00:00,17.0,85.0,0.0,Bay of Bengal,-0.07248,-0.28143,0.29061
2025-06-04T00:00:00+00:00,17.0,86.0,0.0,Bay of Bengal,-0.06673,-0.28275,0.29051
2025-06-04T00:00:00+00:00,17.0,87.0,0.0,Bay of Bengal,-0.06164,-0.28385,0.29046
2025-06-04T00:00:00+00:00,17.0,88.0,0.0,Bay of Bengal,-0.05764,-0.28473,0.29051
2025-06-04T00:00:00+00:00,17.0,89.0,0.0,Bay of Bengal,-0.0551,-0.2854,0.29067
2025-06-04T00:00:00+00:00,17.0,90.0,0.0,Bay of Bengal,-0.05423,-0.28584,0.29094
2025-06-04T00:00:00+00:00,17.0,91.0,0.0,Bay of Bengal,-0.0551,-0.28607,0.29132
2025-06-04T00:00:00+00:00,17.0,92.0,0.0,Bay of Bengal,-0.05764,-0.28607,0.29182
2025-06-04T00:00:00+00:00,17.0,93.0,0.0,Bay of Bengal,-0.06164,-0.28585,0.29242
2025-06-04T00:00:00+00:00,17.0,94.0,0.0,Bay of Bengal,-0.06673,-0.28541,0.29311
2025-06-04T00:00:00+00:00,17.0,95.0,0.0,Bay of Bengal,-0.07248,-0.28476,0.29384
2025-06-04T00:00:00+00:00,17.0,96.0,0.0,Bay of Bengal,-0.07838,-0.28389,0.29452
2025-06-04T00:00:00+00:00,17.0,97.0,0.0,Bay of Bengal,-0.08392,-0.28282,0.29501
2025-06-04T00:00:00+00:00,17.0,98.0,0.0,Bay of Bengal,-0.08861,-0.28153,0.29515
2025-06-04T00:00:00+00:00,18.0,80.0,0.0,Bay of Bengal,-0.08078,-0.27206,0.2838
2025-06-04T00:00:00+00:00,18.0,81.0,0.0,Bay of Bengal,-0.0746,-0.2744,0.28437
2025-06-04T00:00:00+00:00,18.0,82.0,0.0,Bay of Bengal,-0.06903,-0.27655,0.28504
2025-06-04T00:00:00+00:00,18.0,83.0,0.0,Bay of Bengal,-0.0646,-0.2785,0.28589
2025-06-04T00:00:00+00:00,18.0,84.0,0.0,Bay of Bengal,-0.06176,-0.28024,0.28696
2025-06-04T00:00:00+00:00,18.0,85.0,0.0,Bay of Bengal,-0.06078,-0.28177,0.28825
2025-06-04T00:00:00+00:00,18.0,86.0,0.0,Bay of Bengal,-0.06176,-0.28309,0.28975
2025-06-04T00:00:00+00:00,18.0,87.0,0.0,Bay of Bengal,-0.0646,-0.28419,0.29144
2025-06-04T00:00:00+00:00,18.0,88.0,0.0,Bay of Bengal,-0.06903,-0.28507,0.29331
2025-06-04T00:00:00+00:00,18.0,89.0,0.0,Bay of Bengal,-0.0746,-0.28573,0.29531
2025-06-04T00:00:00+00:00,18.0,90.0,0.0,Bay of Bengal,-0.08078,-0.28618,0.29736
2025-06-04T00:00:00+00:00,18.0,91.0,0.0,Bay of Bengal,-0.08696,-0.2864,0.29931
2025-06-04T00:00:00+00:00,18.0,92.0,0.0,Bay of Bengal,-0.09254,-0.2864,0.30098
2025-06-04T00:00:00+00:00,18.0,93.0,0.0,Bay of Bengal,-0.09696,-0.28618,0.30216
2025-06-04T00:00:00+00:00,18.0,94.0,0.0,Bay of Bengal,-0.09981,-0.28574,0.30267
2025-06-04T00:00:00+00:00,18.0,95.0,0.0,Bay of Bengal,-0.10078,-0.28508,0.30237
2025-06-04T00:00:00+00:00,18.0,96.0,0.0,Bay of Bengal,-0.09981,-0.28421,0.30123
2025-06-04T00:00:00+00:00,18.0,97.0,0.0,Bay of Bengal,-0.09696,-0.28313,0.29928
2025-06-04T00:00:00+00:00,18.0,98.0,0.0,Bay of Bengal,-0.09254,-0.28185,0.29665
2025-06-04T00:00:00+00:00,19.0,80.0,0.0,Bay of Bengal,-0.0678,-0.27241,0.28072
2025-06-04T00:00:00+00:00,19.0,81.0,0.0,Bay of Bengal,-0.06774,-0.27475,0.28298
2025-06-04T00:00:00+00:00,19.0,82.0,0.0,Bay of Bengal,-0.06983,-0.2769,0.28557
2025-06-04T00:00:00+00:00,19.0,83.0,0.0,Bay of Bengal,-0.07385,-0.27884,0.28845
2025-06-04T00:00:00+00:00,19.0,84.0,0.0,Bay of Bengal,-0.07936,-0.28058,0.29159
2025-06-04T00:00:00+00:00,19.0,85.0,0.0,Bay of Bengal,-0.08575,-0.28211,0.29485
2025-06-04T00:00:00+00:00,19.0,86.0,0.0,Bay of Bengal,-0.09233,-0.28342,0.29808
2025-06-04T00:00:00+00:00,19.0,87.0,0.0,Bay of Bengal,-0.09839,-0.28452,0.30105
2025-06-04T00:00:00+00:00,19.0,88.0,0.0,Bay of Bengal,-0.10325,-0.2854,0.30351
2025-06-04T00:00:00+00:00,19.0,89.0,0.0,Bay of Bengal,-0.1064,-0.28607,0.30521
2025-06-04T00:00:00+00:00,19.0,90.0,0.0,Bay of Bengal,-0.10749,-0.28651,0.30601
2025-06-04T00:00:00+00:00,19.0,91.0,0.0,Bay of Bengal,-0.1064,-0.28673,0.30583
2025-06-04T00:00:00+00:00,19.0,92.0,0.0,Bay of Bengal,-0.10325,-0.28672,0.30475
2025-06-04T00:00:00+00:00,19.0,93.0,0.0,Bay of Bengal,-0.09839,-0.2865,0.30293
2025-06-04T00:00:00+00:00,19.0,94.0,0.0,Bay of Bengal,-0.09233,-0.28606,0.30059
2025-06-04T00:00:00+00:00,19.0,95.0,0.0,Bay of Bengal,-0.08575,-0.2854,0.29801
2025-06-04T00:00:00+00:00,19.0,96.0,0.0,Bay of Bengal,-0.07936,-0.28453,0.29539
2025-06-04T00:00:00+00:00,19.0,97.0,0.0,Bay of Bengal,-0.07385,-0.28345,0.29291
2025-06-04T00:00:00+00:00,19.0,98.0,0.0,Bay of Bengal,-0.06983,-0.28216,0.29067
2025-06-04T00:00:00+00:00,20.0,80.0,0.0,Bay of Bengal,-0.08748,-0.27275,0.28644
2025-06-04T00:00:00+00:00,20.0,81.0,0.0,Bay of Bengal,-0.09432,-0.27509,0.29081
2025-06-04T00:00:00+00:00,20.0,82.0,0.0,Bay of Bengal,-0.10116,-0.27724,0.29512
2025-06-04T00:00:00+00:00,20.0,83.0,0.0,Bay of Bengal,-0.10718,-0.27918,0.29905
2025-06-04T00:00:00+00:00,20.0,84.0,0.0,Bay of Bengal,-0.11164,-0.28092,0.30229
2025-06-04T00:00:00+00:00,20.0,85.0,0.0,Bay of Bengal,-0.11402,-0.28245,0.30459
2025-06-04T00:00:00+00:00,20.0,86.0,0.0,Bay of Bengal,-0.11402,-0.28376,0.30581
2025-06-04T00:00:00+00:00,20.0,87.0,0.0,Bay of Bengal,-0.11164,-0.28486,0.30595
2025-06-04T00:00:00+00:00,20.0,88.0,0.0,Bay of Bengal,-0.10718,-0.28574,0.30518
2025-06-04T00:00:00+00:00,20.0,89.0,0.0,Bay of Bengal,-0.10116,-0.2864,0.30374
2025-06-04T00:00:00+00:00,20.0,90.0,0.0,Bay of Bengal,-0.09432,-0.28684,0.30195
2025-06-04T00:00:00+00:00,20.0,91.0,0.0,Bay of Bengal,-0.08748,-0.28705,0.30009
2025-06-04T00:00:00+00:00,20.0,92.0,0.0,Bay of Bengal,-0.08147,-0.28705,0.29839
2025-06-04T00:00:00+00:00,20.0,93.0,0.0,Bay of Bengal,-0.077,-0.28683,0.29698
2025-06-04T00:00:00+00:00,20.0,94.0,0.0,Bay of Bengal,-0.07463,-0.28638,0.29595
2025-06-04T00:00:00+00:00,20.0,95.0,0.0,Bay of Bengal,-0.07463,-0.28572,0.29531
2025-06-04T00:00:00+00:00,20.0,96.0,0.0,Bay of Bengal,-0.077,-0.28485,0.29507
2025-06-04T00:00:00+00:00,20.0,97.0,0.0,Bay of Bengal,-0.08147,-0.28376,0.29522
2025-06-04T00:00:00+00:00,20.0,98.0,0.0,Bay of Bengal,-0.08748,-0.28247,0.2957
2025-06-04T00:00:00+00:00,21.0,80.0,0.0,Bay of Bengal,-0.11855,-0.27309,0.29772
2025-06-04T00:00:00+00:00,21.0,81.0,0.0,Bay of Bengal,-0.12099,-0.27543,0.30084
2025-06-04T00:00:00+00:00,21.0,82.0,0.0,Bay of Bengal,-0.1208,-0.27758,0.30272
2025-06-04T00:00:00+00:00,21.0,83.0,0.0,Bay of Bengal,-0.11801,-0.27952,0.30341
2025-06-04T00:00:00+00:00,21.0,84.0,0.0,Bay of Bengal,-0.11299,-0.28126,0.3031
2025-06-04T00:00:00+00:00,21.0,85.0,0.0,Bay of Bengal,-0.10641,-0.28278,0.30214
2025-06-04T00:00:00+00:00,21.0,86.0,0.0,Bay of Bengal,-0.09914,-0.28409,0.3009
2025-06-04T00:00:00+00:00,21.0,87.0,0.0,Bay of Bengal,-0.09215,-0.28519,0.29971
2025-06-04T00:00:00+00:00,21.0,88.0,0.0,Bay of Bengal,-0.08637,-0.28607,0.29882
2025-06-04T00:00:00+00:00,21.0,89.0,0.0,Bay of Bengal,-0.08256,-0.28673,0.29838
2025-06-04T00:00:00+00:00,21.0,90.0,0.0,Bay of Bengal,-0.08123,-0.28716,0.29843
2025-06-04T00:00:00+00:00,21.0,91.0,0.0,Bay of Bengal,-0.08256,-0.28738,0.299
2025-06-04T00:00:00+00:00,21.0,92.0,0.0,Bay of Bengal,-0.08637,-0.28737,0.30007
2025-06-04T00:00:00+00:00,21.0,93.0,0.0,Bay of Bengal,-0.09215,-0.28715,0.30157
2025-06-04T00:00:00+00:00,21.0,94.0,0.0,Bay of Bengal,-0.09914,-0.2867,0.30336
2025-06-04T00:00:00+00:00,21.0,95.0,0.0,Bay of Bengal,-0.10641,-0.28604,0.30519
2025-06-04T00:00:00+00:00,21.0,96.0,0.0,Bay of Bengal,-0.11299,-0.28516,0.30673
2025-06-04T00:00:00+00:00,21.0,97.0,0.0,Bay of Bengal,-0.11801,-0.28407,0.30761
2025-06-04T00:00:00+00:00,21.0,98.0,0.0,Bay of Bengal,-0.1208,-0.28278,0.3075
2025-06-04T00:00:00+00:00,22.0,80.0,0.0,Bay of Bengal,-0.12105,-0.27344,0.29903
2025-06-04T00:00:00+00:00,22.0,81.0,0.0,Bay of Bengal,-0.11438,-0.27577,0.29855
2025-06-04T00:00:00+00:00,22.0,82.0,0.0,Bay of Bengal,-0.1068,-0.27792,0.29773
2025-06-04T00:00:00+00:00,22.0,83.0,0.0,Bay of Bengal,-0.09943,-0.27986,0.297
2025-06-04T00:00:00+00:00,22.0,84.0,0.0,Bay of Bengal,-0.09333,-0.28159,0.29666
2025-06-04T00:00:00+00:00,22.0,85.0,0.0,Bay of Bengal,-0.0894,-0.28312,0.2969
2025-06-04T00:00:00+00:00,22.0,86.0,0.0,Bay of Bengal,-0.08821,-0.28443,0.29779
2025-06-04T00:00:00+00:00,22.0,87.0,0.0,Bay of Bengal,-0.08993,-0.28552,0.29935
2025-06-04T00:00:00+00:00,22.0,88.0,0.0,Bay of Bengal,-0.0943,-0.2864,0.30152
2025-06-04T00:00:00+00:00,22.0,89.0,0.0,Bay of Bengal,-0.1007,-0.28705,0.30421
2025-06-04T00:00:00+00:00,22.0,90.0,0.0,Bay of Bengal,-0.1082,-0.28749,0.30717
2025-06-04T00:00:00+00:00,22.0,91.0,0.0,Bay of Bengal,-0.11569,-0.2877,0.31009
2025-06-04T00:00:00+00:00,22.0,92.0,0.0,Bay of Bengal,-0.12209,-0.28769,0.31253
2025-06-04T00:00:00+00:00,22.0,93.0,0.0,Bay of Bengal,-0.12647,-0.28746,0.31405
2025-06-04T00:00:00+00:00,22.0,94.0,0.0,Bay of Bengal,-0.12818,-0.28701,0.31434
2025-06-04T00:00:00+00:00,22.0,95.0,0.0,Bay of Bengal,-0.12699,-0.28635,0.31324
2025-06-04T00:00:00+00:00,22.0,96.0,0.0,Bay of Bengal,-0.12306,-0.28547,0.31086
2025-06-04T00:00:00+00:00,22.0,97.0,0.0,Bay of Bengal,-0.11696,-0.28438,0.30749
2025-06-04T00:00:00+00:00,22.0,98.0,0.0,Bay of Bengal,-0.10959,-0.28308,0.30355
2025-06-04T00:00:00+00:00,6.0,80.0,50.0,Bay of Bengal,-0.00108,-0.24226,0.24226
2025-06-04T00:00:00+00:00,6.0,81.0,50.0,Bay of Bengal,-0.00222,-0.24441,0.24442
2025-06-04T00:00:00+00:00,6.0,82.0,50.0,Bay of Bengal,-0.00353,-0.24639,0.24642
2025-06-04T00:00:00+00:00,6.0,83.0,50.0,Bay of Bengal,-0.00501,-0.24819,0.24824
2025-06-04T00:00:00+00:00,6.0,84.0,50.0,Bay of Bengal,-0.00664,-0.24981,0.2499
2025-06-04T00:00:00+00:00,6.0,85.0,50.0,Bay of Bengal,-0.0084,-0.25123,0.25137
2025-06-04T00:00:00+00:00,6.0,86.0,50.0,Bay of Bengal,-0.01026,-0.25247,0.25267
2025-06-04T00:00:00+00:00,6.0,87.0,50.0,Bay of Bengal,-0.01222,-0.25351,0.2538
2025-06-04T00:00:00+00:00,6.0,88.0,50.0,Bay of Bengal,-0.01424,-0.25435,0.25475
2025-06-04T00:00:00+00:00,6.0,89.0,50.0,Bay of Bengal,-0.01631,-0.25499,0.25552
2025-06-04T00:00:00+00:00,6.0,90.0,50.0,Bay of Bengal,-0.0184,-0.25544,0.2561
2025-06-04T00:00:00+00:00,6.0,91.0,50.0,Bay of Bengal,-0.02049,-0.25569,0.25651
2025-06-04T00:00:00+00:00,6.0,92.0,50.0,Bay of Bengal,-0.02255,-0.25574,0.25673
2025-06-04T00:00:00+00:00,6.0,93.0,50.0,Bay of Bengal,-0.02458,-0.25559,0.25677
2025-06-04T00:00:00+00:00,6.0,94.0,50.0,Bay of Bengal,-0.02653,-0.25524,0.25662
2025-06-04T00:00:00+00:00,6.0,95.0,50.0,Bay of Bengal,-0.0284,-0.2547,0.25628
2025-06-04T00:00:00+00:00,6.0,96.0,50.0,Bay of Bengal,-0.03015,-0.25397,0.25575
2025-06-04T00:00:00+00:00,6.0,97.0,50.0,Bay of Bengal,-0.03178,-0.25304,0.25503
2025-06-04T00:00:00+00:00,6.0,98.0,50.0,Bay of Bengal,-0.03326,-0.25193,0.25412
2025-06-04T00:00:00+00:00,7.0,80.0,50.0,Bay of Bengal,-0.02801,-0.24261,0.24422
2025-06-04T00:00:00+00:00,7.0,81.0,50.0,Bay of Bengal,-0.03025,-0.24476,0.24662
2025-06-04T00:00:00+00:00,7.0,82.0,50.0,Bay of Bengal,-0.03235,-0.24674,0.24885
2025-06-04T00:00:00+00:00,7.0,83.0,50.0,Bay of Bengal,-0.03429,-0.24854,0.2509
2025-06-04T00:00:00+00:00,7.0,84.0,50.0,Bay of Bengal,-0.03603,-0.25016,0.25274
2025-06-04T00:00:00+00:00,7.0,85.0,50.0,Bay of Bengal,-0.03755,-0.25158,0.25437
2025-06-04T00:00:00+00:00,7.0,86.0,50.0,Bay of Bengal,-0.03882,-0.25282,0.25578
2025-06-04T00:00:00+00:00,7.0,87.0,50.0,Bay of Bengal,-0.03984,-0.25385,0.25696
2025-06-04T00:00:00+00:00,7.0,88.0,50.0,Bay of Bengal,-0.04057,-0.2547,0.25791
2025-06-04T00:00:00+00:00,7.0,89.0,50.0,Bay of Bengal,-0.04102,-0.25534,0.25861
2025-06-04T00:00:00+00:00,7.0,90.0,50.0,Bay of Bengal,-0.04117,-0.25579,0.25908
2025-06-04T00:00:00+00:00,7.0,91.0,50.0,Bay of Bengal,-0.04102,-0.25603,0.2593
2025-06-04T00:00:00+00:00,7.0,92.0,50.0,Bay of Bengal,-0.04057,-0.25608,0.25928
2025-06-04T00:00:00+00:00,7.0,93.0,50.0,Bay of Bengal,-0.03984,-0.25593,0.25901
2025-06-04T00:00:00+00:00,7.0,94.0,50.0,Bay of Bengal,-0.03882,-0.25558,0.25852
2025-06-04T00:00:00+00:00,7.0,95.0,50.0,Bay of Bengal,-0.03755,-0.25504,0.25779
2025-06-04T00:00:00+00:00,7.0,96.0,50.0,Bay of Bengal,-0.03603,-0.25431,0.25685
2025-06-04T00:00:00+00:00,7.0,97.0,50.0,Bay of Bengal,-0.03429,-0.25338,0.25569
2025-06-04T00:00:00+00:00,7.0,98.0,50.0,Bay of Bengal,-0.03235,-0.25227,0.25433
2025-06-04T00:00:00+00:00,8.0,80.0,50.0,Bay of Bengal,-0.04402,-0.24295,0.24691
2025-06-04T00:00:00+00:00,8.0,81.0,50.0,Bay of Bengal,-0.04334,-0.24511,0.24891
2025-06-04T00:00:00+00:00,8.0,82.0,50.0,Bay of Bengal,-0.0423,-0.24709,0.25069
2025-06-04T00:00:00+00:00,8.0,83.0,50.0,Bay of Bengal,-0.0409,-0.24889,0.25223
2025-06-04T00:00:00+00:00,8.0,84.0,50.0,Bay of Bengal,-0.03919,-0.25051,0.25355
2025-06-04T00:00:00+00:00,8.0,85.0,50.0,Bay of Bengal,-0.03718,-0.25193,0.25466
2025-06-04T00:00:00+00:00,8.0,86.0,50.0,Bay of Bengal,-0.03492,-0.25316,0.25556
2025-06-04T00:00:00+00:00,8.0,87.0,50.0,Bay of Bengal,-0.03246,-0.2542,0.25627
2025-06-04T00:00:00+00:00,8.0,88.0,50.0,Bay of Bengal,-0.02984,-0.25504,0.25678
2025-06-04T00:00:00+00:00,8.0,89.0,50.0,Bay of Bengal,-0.02711,-0.25569,0.25712
2025-06-04T00:00:00+00:00,8.0,90.0,50.0,Bay of Bengal,-0.02432,-0.25613,0.25729
2025-06-04T00:00:00+00:00,8.0,91.0,50.0,Bay of Bengal,-0.02154,-0.25638,0.25728
2025-06-04T00:00:00+00:00,8.0,92.0,50.0,Bay of Bengal,-0.01881,-0.25643,0.25712
2025-06-04T00:00:00+00:00,8.0,93.0,50.0,Bay of Bengal,-0.01619,-0.25628,0.25679
2025-06-04T00:00:00+00:00,8.0,94.0,50.0,Bay of Bengal,-0.01372,-0.25593,0.25629
2025-06-04T00:00:00+00:00,8.0,95.0,50.0,Bay of Bengal,-0.01147,-0.25538,0.25564
2025-06-04T00:00:00+00:00,8.0,96.0,50.0,Bay of Bengal,-0.00946,-0.25465,0.25482
2025-06-04T00:00:00+00:00,8.0,97.0,50.0,Bay of Bengal,-0.00774,-0.25372,0.25384
2025-06-04T00:00:00+00:00,8.0,98.0,50.0,Bay of Bengal,-0.00635,-0.2526,0.25268
2025-06-04T00:00:00+00:00,9.0,80.0,50.0,Bay of Bengal,-0.02785,-0.2433,0.24489
2025-06-04T00:00:00+00:00,9.0,81.0,50.0,Bay of Bengal,-0.02473,-0.24546,0.2467
2025-06-04T00:00:00+00:00,9.0,82.0,50.0,Bay of Bengal,-0.02167,-0.24744,0.24839
2025-06-04T00:00:00+00:00,9.0,83.0,50.0,Bay of Bengal,-0.01878,-0.24924,0.24995
2025-06-04T00:00:00+00:00,9.0,84.0,50.0,Bay of Bengal,-0.0161,-0.25085,0.25137
2025-06-04T00:00:00+00:00,9.0,85.0,50.0,Bay of Bengal,-0.01371,-0.25228,0.25265
2025-06-04T00:00:00+00:00,9.0,86.0,50.0,Bay of Bengal,-0.01167,-0.25351,0.25378
2025-06-04T00:00:00+00:00,9.0,87.0,50.0,Bay of Bengal,-0.01003,-0.25455,0.25475
2025-06-04T00:00:00+00:00,9.0,88.0,50.0,Bay of Bengal,-0.00883,-0.25539,0.25554
2025-06-04T00:00:00+00:00,9.0,89.0,50.0,Bay of Bengal,-0.0081,-0.25603,0.25616
2025-06-04T00:00:00+00:00,9.0,90.0,50.0,Bay of Bengal,-0.00785,-0.25648,0.2566
2025-06-04T00:00:00+00:00,9.0,91.0,50.0,Bay of Bengal,-0.0081,-0.25672,0.25685
2025-06-04T00:00:00+00:00,9.0,92.0,50.0,Bay of Bengal,-0.00883,-0.25677,0.25692
2025-06-04T00:00:00+00:00,9.0,93.0,50.0,Bay of Bengal,-0.01003,-0.25662,0.25681
2025-06-04T00:00:00+00:00,9.0,94.0,50.0,Bay of Bengal,-0.01167,-0.25627,0.25653
2025-06-04T00:00:00+00:00,9.0,95.0,50.0,Bay of Bengal,-0.01371,-0.25572,0.25609
2025-06-04T00:00:00+00:00,9.0,96.0,50.0,Bay of Bengal,-0.0161,-0.25498,0.25549
2025-06-04T00:00:00+00:00,9.0,97.0,50.0,Bay of Bengal,-0.01878,-0.25406,0.25475
2025-06-04T00:00:00+00:00,9.0,98.0,50.0,Bay of Bengal,-0.02167,-0.25294,0.25387
2025-06-04T00:00:00+00:00,10.0,80.0,50.0,Bay of Bengal,-0.01205,-0.24365,0.24395
2025-06-04T00:00:00+00:00,10.0,81.0,50.0,Bay of Bengal,-0.01174,-0.24581,0.24609
2025-06-04T00:00:00+00:00,10.0,82.0,50.0,Bay of Bengal,-0.01205,-0.24779,0.24808
2025-06-04T00:00:00+00:00,10.0,83.0,50.0,Bay of Bengal,-0.01295,-0.24959,0.24992
2025-06-04T00:00:00+00:00,10.0,84.0,50.0,Bay of Bengal,-0.01442,-0.2512,0.25162
2025-06-04T00:00:00+00:00,10.0,85.0,50.0,Bay of Bengal,-0.01642,-0.25263,0.25316
2025-06-04T00:00:00+00:00,10.0,86.0,50.0,Bay of Bengal,-0.01889,-0.25386,0.25456
2025-06-04T00:00:00+00:00,10.0,87.0,50.0,Bay of Bengal,-0.02174,-0.2549,0.25582
2025-06-04T00:00:00+00:00,10.0,88.0,50.0,Bay of Bengal,-0.0249,-0.25574,0.25695
2025-06-04T00:00:00+00:00,10.0,89.0,50.0,Bay of Bengal,-0.02827,-0.25638,0.25793
2025-06-04T00:00:00+00:00,10.0,90.0,50.0,Bay of Bengal,-0.03174,-0.25682,0.25878
2025-06-04T00:00:00+00:00,10.0,91.0,50.0,Bay of Bengal,-0.03522,-0.25707,0.25947
2025-06-04T00:00:00+00:00,10.0,92.0,50.0,Bay of Bengal,-0.03858,-0.25711,0.25999
2025-06-04T00:00:00+00:00,10.0,93.0,50.0,Bay of Bengal,-0.04174,-0.25696,0.26033
2025-06-04T00:00:00+00:00,10.0,94.0,50.0,Bay of Bengal,-0.0446,-0.25661,0.26045
2025-06-04T00:00:00+00:00,10.0,95.0,50.0,Bay of Bengal,-0.04706,-0.25606,0.26035
2025-06-04T00:00:00+00:00,10.0,96.0,50.0,Bay of Bengal,-0.04906,-0.25532,0.25999
2025-06-04T00:00:00+00:00,10.0,97.0,50.0,Bay of Bengal,-0.05054,-0.25439,0.25936
2025-06-04T00:00:00+00:00,10.0,98.0,50.0,Bay of Bengal,-0.05144,-0.25327,0.25844
2025-06-04T00:00:00+00:00,11.0,80.0,50.0,Bay of Bengal,-0.02913,-0.244,0.24573
2025-06-04T00:00:00+00:00,11.0,81.0,50.0,Bay of Bengal,-0.03284,-0.24616,0.24834
2025-06-04T00:00:00+00:00,11.0,82.0,50.0,Bay of Bengal,-0.03667,-0.24814,0.25083
2025-06-04T00:00:00+00:00,11.0,83.0,50.0,Bay of Bengal,-0.04047,-0.24994,0.25319
2025-06-04T00:00:00+00:00,11.0,84.0,50.0,Bay of Bengal,-0.0441,-0.25155,0.25539
2025-06-04T00:00:00+00:00,11.0,85.0,50.0,Bay of Bengal,-0.04744,-0.25297,0.25738
2025-06-04T00:00:00+00:00,11.0,86.0,50.0,Bay of Bengal,-0.05036,-0.25421,0.25915
2025-06-04T00:00:00+00:00,11.0,87.0,50.0,Bay of Bengal,-0.05274,-0.25524,0.26063
2025-06-04T00:00:00+00:00,11.0,88.0,50.0,Bay of Bengal,-0.05451,-0.25608,0.26182
2025-06-04T00:00:00+00:00,11.0,89.0,50.0,Bay of Bengal,-0.0556,-0.25672,0.26268
2025-06-04T00:00:00+00:00,11.0,90.0,50.0,Bay of Bengal,-0.05597,-0.25717,0.26319
2025-06-04T00:00:00+00:00,11.0,91.0,50.0,Bay of Bengal,-0.0556,-0.25741,0.26335
2025-06-04T00:00:00+00:00,11.0,92.0,50.0,Bay of Bengal,-0.05451,-0.25745,0.26316
2025-06-04T00:00:00+00:00,11.0,93.0,50.0,Bay of Bengal,-0.05274,-0.2573,0.26265
2025-06-04T00:00:00+00:00,11.0,94.0,50.0,Bay of Bengal,-0.05036,-0.25694,0.26183
2025-06-04T00:00:00+00:00,11.0,95.0,50.0,Bay of Bengal,-0.04744,-0.2564,0.26075
2025-06-04T00:00:00+00:00,11.0,96.0,50.0,Bay of Bengal,-0.0441,-0.25565,0.25943
2025-06-04T00:00:00+00:00,11.0,97.0,50.0,Bay of Bengal,-0.04047,-0.25472,0.25792
2025-06-04T00:00:00+00:00,11.0,98.0,50.0,Bay of Bengal,-0.03667,-0.2536,0.25624
2025-06-04T00:00:00+00:00,12.0,80.0,50.0,Bay of Bengal,-0.05783,-0.24435,0.2511
2025-06-04T00:00:00+00:00,12.0,81.0,50.0,Bay of Bengal,-0.05953,-0.24651,0.25359
2025-06-04T00:00:00+00:00,12.0,82.0,50.0,Bay of Bengal,-0.0604,-0.24849,0.25572
2025-06-04T00:00:00+00:00,12.0,83.0,50.0,Bay of Bengal,-0.0604,-0.25029,0.25747
2025-06-04T00:00:00+00:00,12.0,84.0,50.0,Bay of Bengal,-0.05953,-0.2519,0.25884
2025-06-04T00:00:00+00:00,12.0,85.0,50.0,Bay of Bengal,-0.05783,-0.25332,0.25984
2025-06-04T00:00:00+00:00,12.0,86.0,50.0,Bay of Bengal,-0.05538,-0.25455,0.26051
2025-06-04T00:00:00+00:00,12.0,87.0,50.0,Bay of Bengal,-0.05227,-0.25559,0.26088
2025-06-04T00:00:00+00:00,12.0,88.0,50.0,Bay of Bengal,-0.04865,-0.25643,0.261
2025-06-04T00:00:00+00:00,12.0,89.0,50.0,Bay of Bengal,-0.04467,-0.25707,0.26092
2025-06-04T00:00:00+00:00,12.0,90.0,50.0,Bay of Bengal,-0.04051,-0.25751,0.26068
2025-06-04T00:00:00+00:00,12.0,91.0,50.0,Bay of Bengal,-0.03635,-0.25775,0.2603
2025-06-04T00:00:00+00:00,12.0,92.0,50.0,Bay of Bengal,-0.03238,-0.25779,0.25982
2025-06-04T00:00:00+00:00,12.0,93.0,50.0,Bay of Bengal,-0.02876,-0.25764,0.25924
2025-06-04T00:00:00+00:00,12.0,94.0,50.0,Bay of Bengal,-0.02565,-0.25728,0.25856
2025-06-04T00:00:00+00:00,12.0,95.0,50.0,Bay of Bengal,-0.02319,-0.25673,0.25778
2025-06-04T00:00:00+00:00,12.0,96.0,50.0,Bay of Bengal,-0.02149,-0.25599,0.25689
2025-06-04T00:00:00+00:00,12.0,97.0,50.0,Bay of Bengal,-0.02062,-0.25505,0.25589
2025-06-04T00:00:00+00:00,12.0,98.0,50.0,Bay of Bengal,-0.02062,-0.25393,0.25477
2025-06-04T00:00:00+00:00,13.0,80.0,50.0,Bay of Bengal,-0.05821,-0.2447,0.25153
2025-06-04T00:00:00+00:00,13.0,81.0,50.0,Bay of Bengal,-0.05443,-0.24686,0.25279
2025-06-04T00:00:00+00:00,13.0,82.0,50.0,Bay of Bengal,-0.05019,-0.24884,0.25385
2025-06-04T00:00:00+00:00,13.0,83.0,50.0,Bay of Bengal,-0.0457,-0.25063,0.25477
2025-06-04T00:00:00+00:00,13.0,84.0,50.0,Bay of Bengal,-0.04119,-0.25224,0.25559
2025-06-04T00:00:00+00:00,13.0,85.0,50.0,Bay of Bengal,-0.0369,-0.25367,0.25634
2025-06-04T00:00:00+00:00,13.0,86.0,50.0,Bay of Bengal,-0.03304,-0.2549,0.25703
2025-06-04T00:00:00+00:00,13.0,87.0,50.0,Bay of Bengal,-0.02981,-0.25593,0.25766
2025-06-04T00:00:00+00:00,13.0,88.0,50.0,Bay of Bengal,-0.02737,-0.25677,0.25823
2025-06-04T00:00:00+00:00,13.0,89.0,50.0,Bay of Bengal,-0.02586,-0.25741,0.25871
2025-06-04T00:00:00+00:00,13.0,90.0,50.0,Bay of Bengal,-0.02535,-0.25785,0.25909
2025-06-04T00:00:00+00:00,13.0,91.0,50.0,Bay of Bengal,-0.02586,-0.25809,0.25938
2025-06-04T00:00:00+00:00,13.0,92.0,50.0,Bay of Bengal,-0.02737,-0.25813,0.25958
2025-06-04T00:00:00+00:00,13.0,93.0,50.0,Bay of Bengal,-0.02981,-0.25797,0.25969
2025-06-04T00:00:00+00:00,13.0,94.0,50.0,Bay of Bengal,-0.03304,-0.25762,0.25973
2025-06-04T00:00:00+00:00,13.0,95.0,50.0,Bay of Bengal,-0.0369,-0.25706,0.2597
2025-06-04T00:00:00+00:00,13.0,96.0,50.0,Bay of Bengal,-0.04119,-0.25632,0.25961
2025-06-04T00:00:00+00:00,13.0,97.0,50.0,Bay of Bengal,-0.0457,-0.25538,0.25944
2025-06-04T00:00:00+00:00,13.0,98.0,50.0,Bay of Bengal,-0.05019,-0.25426,0.25917
2025-06-04T00:00:00+00:00,14.0,80.0,50.0,Bay of Bengal,-0.0376,-0.24505,0.24792
2025-06-04T00:00:00+00:00,14.0,81.0,50.0,Bay of Bengal,-0.03428,-0.2472,0.24957
2025-06-04T00:00:00+00:00,14.0,82.0,50.0,Bay of Bengal,-0.03192,-0.24918,0.25122
2025-06-04T00:00:00+00:00,14.0,83.0,50.0,Bay of Bengal,-0.03065,-0.25098,0.25284
2025-06-04T00:00:00+00:00,14.0,84.0,50.0,Bay of Bengal,-0.03057,-0.25259,0.25443
2025-06-04T00:00:00+00:00,14.0,85.0,50.0,Bay of Bengal,-0.03167,-0.25401,0.25598
2025-06-04T00:00:00+00:00,14.0,86.0,50.0,Bay of Bengal,-0.03388,-0.25524,0.25748
2025-06-04T00:00:00+00:00,14.0,87.0,50.0,Bay of Bengal,-0.03708,-0.25628,0.25894
2025-06-04T00:00:00+00:00,14.0,88.0,50.0,Bay of Bengal,-0.04107,-0.25711,0.26037
2025-06-04T00:00:00+00:00,14.0,89.0,50.0,Bay of Bengal,-0.04562,-0.25775,0.26176
2025-06-04T00:00:00+00:00,14.0,90.0,50.0,Bay of Bengal,-0.05046,-0.25819,0.26307
2025-06-04T00:00:00+00:00,14.0,91.0,50.0,Bay of Bengal,-0.0553,-0.25843,0.26428
2025-06-04T00:00:00+00:00,14.0,92.0,50.0,Bay of Bengal,-0.05985,-0.25847,0.26531
2025-06-04T00:00:00+00:00,14.0,93.0,50.0,Bay of Bengal,-0.06384,-0.25831,0.26608
2025-06-04T00:00:00+00:00,14.0,94.0,50.0,Bay of Bengal,-0.06704,-0.25795,0.26652
2025-06-04T00:00:00+00:00,14.0,95.0,50.0,Bay of Bengal,-0.06925,-0.2574,0.26655
2025-06-04T00:00:00+00:00,14.0,96.0,50.0,Bay of Bengal,-0.07035,-0.25665,0.26612
2025-06-04T00:00:00+00:00,14.0,97.0,50.0,Bay of Bengal,-0.07027,-0.25571,0.26519
2025-06-04T00:00:00+00:00,14.0,98.0,50.0,Bay of Bengal,-0.069,-0.25458,0.26377
2025-06-04T00:00:00+00:00,15.0,80.0,50.0,Bay of Bengal,-0.0385,-0.2454,0.2484
2025-06-04T00:00:00+00:00,15.0,81.0,50.0,Bay of Bengal,-0.04167,-0.24755,0.25103
2025-06-04T00:00:00+00:00,15.0,82.0,50.0,Bay of Bengal,-0.04582,-0.24953,0.2537
2025-06-04T00:00:00+00:00,15.0,83.0,50.0,Bay of Bengal,-0.05064,-0.25133,0.25638
2025-06-04T00:00:00+00:00,15.0,84.0,50.0,Bay of Bengal,-0.05582,-0.25294,0.25902
2025-06-04T00:00:00+00:00,15.0,85.0,50.0,Bay of Bengal,-0.06099,-0.25436,0.26157
2025-06-04T00:00:00+00:00,15.0,86.0,50.0,Bay of Bengal,-0.06582,-0.25558,0.26392
2025-06-04T00:00:00+00:00,15.0,87.0,50.0,Bay of Bengal,-0.06996,-0.25662,0.26598
2025-06-04T00:00:00+00:00,15.0,88.0,50.0,Bay of Bengal,-0.07314,-0.25745,0.26764
2025-06-04T00:00:00+00:00,15.0,89.0,50.0,Bay of Bengal,-0.07513,-0.25809,0.2688
2025-06-04T00:00:00+00:00,15.0,90.0,50.0,Bay of Bengal,-0.07582,-0.25853,0.26941
2025-06-04T00:00:00+00:00,15.0,91.0,50.0,Bay of Bengal,-0.07513,-0.25876,0.26945
2025-06-04T00:00:00+00:00,15.0,92.0,50.0,Bay of Bengal,-0.07314,-0.2588,0.26894
2025-06-04T00:00:00+00:00,15.0,93.0,50.0,Bay of Bengal,-0.06996,-0.25864,0.26793
2025-06-04T00:00:00+00:00,15.0,94.0,50.0,Bay of Bengal,-0.06582,-0.25828,0.26653
2025-06-04T00:00:00+00:00,15.0,95.0,50.0,Bay of Bengal,-0.06099,-0.25772,0.26484
2025-06-04T00:00:00+00:00,15.0,96.0,50.0,Bay of Bengal,-0.05582,-0.25697,0.26297
2025-06-04T00:00:00+00:00,15.0,97.0,50.0,Bay of Bengal,-0.05064,-0.25603,0.26099
2025-06-04T00:00:00+00:00,15.0,98.0,50.0,Bay of Bengal,-0.04582,-0.25491,0.25899
2025-06-04T00:00:00+00:00,16.0,80.0,50.0,Bay of Bengal,-0.06823,-0.24574,0.25504
2025-06-04T00:00:00+00:00,16.0,81.0,50.0,Bay of Bengal,-0.07315,-0.2479,0.25846
2025-06-04T00:00:00+00:00,16.0,82.0,50.0,Bay of Bengal,-0.07715,-0.24988,0.26152
2025-06-04T00:00:00+00:00,16.0,83.0,50.0,Bay of Bengal,-0.07994,-0.25167,0.26406
2025-06-04T00:00:00+00:00,16.0,84.0,50.0,Bay of Bengal,-0.08128,-0.25328,0.266
2025-06-04T00:00:00+00:00,16.0,85.0,50.0,Bay of Bengal,-0.08109,-0.2547,0.2673
2025-06-04T00:00:00+00:00,16.0,86.0,50.0,Bay of Bengal,-0.07937,-0.25593,0.26795
2025-06-04T00:00:00+00:00,16.0,87.0,50.0,Bay of Bengal,-0.07626,-0.25696,0.26803
2025-06-04T00:00:00+00:00,16.0,88.0,50.0,Bay of Bengal,-0.07199,-0.25779,0.26766
2025-06-04T00:00:00+00:00,16.0,89.0,50.0,Bay of Bengal,-0.06691,-0.25843,0.26695
2025-06-04T00:00:00+00:00,16.0,90.0,50.0,Bay of Bengal,-0.06139,-0.25886,0.26604
2025-06-04T00:00:00+00:00,16.0,91.0,50.0,Bay of Bengal,-0.05588,-0.2591,0.26506
2025-06-04T00:00:00+00:00,16.0,92.0,50.0,Bay of Bengal,-0.05079,-0.25913,0.26407
2025-06-04T00:00:00+00:00,16.0,93.0,50.0,Bay of Bengal,-0.04653,-0.25897,0.26312
2025-06-04T00:00:00+00:00,16.0,94.0,50.0,Bay of Bengal,-0.04342,-0.25861,0.26223
2025-06-04T00:00:00+00:00,16.0,95.0,50.0,Bay of Bengal,-0.0417,-0.25805,0.2614
2025-06-04T00:00:00+00:00,16.0,96.0,50.0,Bay of Bengal,-0.0415,-0.2573,0.26063
2025-06-04T00:00:00+00:00,16.0,97.0,50.0,Bay of Bengal,-0.04285,-0.25636,0.25991
2025-06-04T00:00:00+00:00,16.0,98.0,50.0,Bay of Bengal,-0.04563,-0.25523,0.25927
2025-06-04T00:00:00+00:00,17.0,80.0,50.0,Bay of Bengal,-0.08686,-0.24609,0.26097
2025-06-04T00:00:00+00:00,17.0,81.0,50.0,Bay of Bengal,-0.08498,-0.24824,0.26239
2025-06-04T00:00:00+00:00,17.0,82.0,50.0,Bay of Bengal,-0.08155,-0.25022,0.26317
2025-06-04T00:00:00+00:00,17.0,83.0,50.0,Bay of Bengal,-0.07686,-0.25202,0.26347
2025-06-04T00:00:00+00:00,17.0,84.0,50.0,Bay of Bengal,-0.07132,-0.25362,0.26346
2025-06-04T00:00:00+00:00,17.0,85.0,50.0,Bay of Bengal,-0.06542,-0.25504,0.2633
2025-06-04T00:00:00+00:00,17.0,86.0,50.0,Bay of Bengal,-0.05967,-0.25627,0.26312
2025-06-04T00:00:00+00:00,17.0,87.0,50.0,Bay of Bengal,-0.05458,-0.2573,0.26302
2025-06-04T00:00:00+00:00,17.0,88.0,50.0,Bay of Bengal,-0.05058,-0.25813,0.26304
2025-06-04T00:00:00+00:00,17.0,89.0,50.0,Bay of Bengal,-0.04804,-0.25876,0.26318
2025-06-04T00:00:00+00:00,17.0,90.0,50.0,Bay of Bengal,-0.04716,-0.2592,0.26345
2025-06-04T00:00:00+00:00,17.0,91.0,50.0,Bay of Bengal,-0.04804,-0.25943,0.26384
2025-06-04T00:00:00+00:00,17.0,92.0,50.0,Bay of Bengal,-0.05058,-0.25947,0.26435
2025-06-04T00:00:00+00:00,17.0,93.0,50.0,Bay of Bengal,-0.05458,-0.2593,0.26498
2025-06-04T00:00:00+00:00,17.0,94.0,50.0,Bay of Bengal,-0.05967,-0.25894,0.26572
2025-06-04T00:00:00+00:00,17.0,95.0,50.0,Bay of Bengal,-0.06542,-0.25838,0.26653
2025-06-04T00:00:00+00:00,17.0,96.0,50.0,Bay of Bengal,-0.07132,-0.25762,0.26731
2025-06-04T00:00:00+00:00,17.0,97.0,50.0,Bay of Bengal,-0.07686,-0.25668,0.26794
2025-06-04T00:00:00+00:00,17.0,98.0,50.0,Bay of Bengal,-0.08155,-0.25554,0.26824
2025-06-04T00:00:00+00:00,18.0,80.0,50.0,Bay of Bengal,-0.0731,-0.24644,0.25705
2025-06-04T00:00:00+00:00,18.0,81.0,50.0,Bay of Bengal,-0.06692,-0.24859,0.25744
2025-06-04T00:00:00+00:00,18.0,82.0,50.0,Bay of Bengal,-0.06134,-0.25057,0.25796
2025-06-04T00:00:00+00:00,18.0,83.0,50.0,Bay of Bengal,-0.05692,-0.25236,0.2587
2025-06-04T00:00:00+00:00,18.0,84.0,50.0,Bay of Bengal,-0.05408,-0.25397,0.25966
2025-06-04T00:00:00+00:00,18.0,85.0,50.0,Bay of Bengal,-0.0531,-0.25538,0.26084
2025-06-04T00:00:00+00:00,18.0,86.0,50.0,Bay of Bengal,-0.05408,-0.25661,0.26224
2025-06-04T00:00:00+00:00,18.0,87.0,50.0,Bay of Bengal,-0.05692,-0.25764,0.26385
2025-06-04T00:00:00+00:00,18.0,88.0,50.0,Bay of Bengal,-0.06134,-0.25847,0.26565
2025-06-04T00:00:00+00:00,18.0,89.0,50.0,Bay of Bengal,-0.06692,-0.2591,0.2676
2025-06-04T00:00:00+00:00,18.0,90.0,50.0,Bay of Bengal,-0.0731,-0.25953,0.26963
2025-06-04T00:00:00+00:00,18.0,91.0,50.0,Bay of Bengal,-0.07928,-0.25976,0.27159
2025-06-04T00:00:00+00:00,18.0,92.0,50.0,Bay of Bengal,-0.08485,-0.25979,0.2733
2025-06-04T00:00:00+00:00,18.0,93.0,50.0,Bay of Bengal,-0.08928,-0.25963,0.27455
2025-06-04T00:00:00+00:00,18.0,94.0,50.0,Bay of Bengal,-0.09212,-0.25926,0.27514
2025-06-04T00:00:00+00:00,18.0,95.0,50.0,Bay of Bengal,-0.0931,-0.2587,0.27494
2025-06-04T00:00:00+00:00,18.0,96.0,50.0,Bay of Bengal,-0.09212,-0.25794,0.2739
2025-06-04T00:00:00+00:00,18.0,97.0,50.0,Bay of Bengal,-0.08928,-0.25699,0.27206
2025-06-04T00:00:00+00:00,18.0,98.0,50.0,Bay of Bengal,-0.08485,-0.25586,0.26956
2025-06-04T00:00:00+00:00,19.0,80.0,50.0,Bay of Bengal,-0.05947,-0.24678,0.25385
2025-06-04T00:00:00+00:00,19.0,81.0,50.0,Bay of Bengal,-0.05941,-0.24893,0.25593
2025-06-04T00:00:00+00:00,19.0,82.0,50.0,Bay of Bengal,-0.06151,-0.25091,0.25834
2025-06-04T00:00:00+00:00,19.0,83.0,50.0,Bay of Bengal,-0.06553,-0.2527,0.26106
2025-06-04T00:00:00+00:00,19.0,84.0,50.0,Bay of Bengal,-0.07103,-0.25431,0.26404
2025-06-04T00:00:00+00:00,19.0,85.0,50.0,Bay of Bengal,-0.07742,-0.25572,0.26719
2025-06-04T00:00:00+00:00,19.0,86.0,50.0,Bay of Bengal,-0.08401,-0.25694,0.27033
2025-06-04T00:00:00+00:00,19.0,87.0,50.0,Bay of Bengal,-0.09006,-0.25797,0.27324
2025-06-04T00:00:00+00:00,19.0,88.0,50.0,Bay of Bengal,-0.09493,-0.2588,0.27566
2025-06-04T00:00:00+00:00,19.0,89.0,50.0,Bay of Bengal,-0.09808,-0.25943,0.27735
2025-06-04T00:00:00+00:00,19.0,90.0,50.0,Bay of Bengal,-0.09917,-0.25986,0.27814
2025-06-04T00:00:00+00:00,19.0,91.0,50.0,Bay of Bengal,-0.09808,-0.26009,0.27797
2025-06-04T00:00:00+00:00,19.0,92.0,50.0,Bay of Bengal,-0.09493,-0.26012,0.2769
2025-06-04T00:00:00+00:00,19.0,93.0,50.0,Bay of Bengal,-0.09006,-0.25995,0.27511
2025-06-04T00:00:00+00:00,19.0,94.0,50.0,Bay of Bengal,-0.08401,-0.25958,0.27284
2025-06-04T00:00:00+00:00,19.0,95.0,50.0,Bay of Bengal,-0.07742,-0.25902,0.27034
2025-06-04T00:00:00+00:00,19.0,96.0,50.0,Bay of Bengal,-0.07103,-0.25826,0.26785
2025-06-04T00:00:00+00:00,19.0,97.0,50.0,Bay of Bengal,-0.06553,-0.25731,0.26552
2025-06-04T00:00:00+00:00,19.0,98.0,50.0,Bay of Bengal,-0.06151,-0.25617,0.26345
2025-06-04T00:00:00+00:00,20.0,80.0,50.0,Bay of Bengal,-0.07851,-0.24713,0.2593
2025-06-04T00:00:00+00:00,20.0,81.0,50.0,Bay of Bengal,-0.08535,-0.24928,0.26348
2025-06-04T00:00:00+00:00,20.0,82.0,50.0,Bay of Bengal,-0.09219,-0.25125,0.26763
2025-06-04T00:00:00+00:00,20.0,83.0,50.0,Bay of Bengal,-0.0982,-0.25304,0.27143
2025-06-04T00:00:00+00:00,20.0,84.0,50.0,Bay of Bengal,-0.10267,-0.25465,0.27456
2025-06-04T00:00:00+00:00,20.0,85.0,50.0,Bay of Bengal,-0.10504,-0.25606,0.27677
2025-06-04T00:00:00+00:00,20.0,86.0,50.0,Bay of Bengal,-0.10504,-0.25728,0.2779
2025-06-04T00:00:00+00:00,20.0,87.0,50.0,Bay of Bengal,-0.10267,-0.25831,0.27796
2025-06-04T00:00:00+00:00,20.0,88.0,50.0,Bay of Bengal,-0.0982,-0.25913,0.27712
2025-06-04T00:00:00+00:00,20.0,89.0,50.0,Bay of Bengal,-0.09219,-0.25976,0.27564
2025-06-04T00:00:00+00:00,20.0,90.0,50.0,Bay of Bengal,-0.08535,-0.26019,0.27383
2025-06-04T00:00:00+00:00,20.0,91.0,50.0,Bay of Bengal,-0.07851,-0.26042,0.27199
2025-06-04T00:00:00+00:00,20.0,92.0,50.0,Bay of Bengal,-0.07249,-0.26045,0.27035
2025-06-04T00:00:00+00:00,20.0,93.0,50.0,Bay of Bengal,-0.06802,-0.26027,0.26902
2025-06-04T00:00:00+00:00,20.0,94.0,50.0,Bay of Bengal,-0.06565,-0.2599,0.26807
2025-06-04T00:00:00+00:00,20.0,95.0,50.0,Bay of Bengal,-0.06565,-0.25934,0.26752
2025-06-04T00:00:00+00:00,20.0,96.0,50.0,Bay of Bengal,-0.06802,-0.25857,0.26737
2025-06-04T00:00:00+00:00,20.0,97.0,50.0,Bay of Bengal,-0.07249,-0.25762,0.26763
2025-06-04T00:00:00+00:00,20.0,98.0,50.0,Bay of Bengal,-0.07851,-0.25648,0.26823
2025-06-04T00:00:00+00:00,21.0,80.0,50.0,Bay of Bengal,-0.10892,-0.24747,0.27038
2025-06-04T00:00:00+00:00,21.0,81.0,50.0,Bay of Bengal,-0.11135,-0.24962,0.27333
2025-06-04T00:00:00+00:00,21.0,82.0,50.0,Bay of Bengal,-0.11116,-0.25159,0.27505
2025-06-04T00:00:00+00:00,21.0,83.0,50.0,Bay of Bengal,-0.10837,-0.25338,0.27558
2025-06-04T00:00:00+00:00,21.0,84.0,50.0,Bay of Bengal,-0.10336,-0.25498,0.27513
2025-06-04T00:00:00+00:00,21.0,85.0,50.0,Bay of Bengal,-0.09678,-0.2564,0.27405
2025-06-04T00:00:00+00:00,21.0,86.0,50.0,Bay of Bengal,-0.08951,-0.25762,0.27272
2025-06-04T00:00:00+00:00,21.0,87.0,50.0,Bay of Bengal,-0.08252,-0.25864,0.27148
2025-06-04T00:00:00+00:00,21.0,88.0,50.0,Bay of Bengal,-0.07674,-0.25947,0.27057
2025-06-04T00:00:00+00:00,21.0,89.0,50.0,Bay of Bengal,-0.07293,-0.26009,0.27012
2025-06-04T00:00:00+00:00,21.0,90.0,50.0,Bay of Bengal,-0.0716,-0.26052,0.27018
2025-06-04T00:00:00+00:00,21.0,91.0,50.0,Bay of Bengal,-0.07293,-0.26074,0.27075
2025-06-04T00:00:00+00:00,21.0,92.0,50.0,Bay of Bengal,-0.07674,-0.26077,0.27182
2025-06-04T00:00:00+00:00,21.0,93.0,50.0,Bay of Bengal,-0.08252,-0.26059,0.27335
2025-06-04T00:00:00+00:00,21.0,94.0,50.0,Bay of Bengal,-0.08951,-0.26022,0.27518
2025-06-04T00:00:00+00:00,21.0,95.0,50.0,Bay of Bengal,-0.09678,-0.25965,0.2771
2025-06-04T00:00:00+00:00,21.0,96.0,50.0,Bay of Bengal,-0.10336,-0.25889,0.27876
2025-06-04T00:00:00+00:00,21.0,97.0,50.0,Bay of Bengal,-0.10837,-0.25793,0.27977
2025-06-04T00:00:00+00:00,21.0,98.0,50.0,Bay of Bengal,-0.11116,-0.25679,0.27982
2025-06-04T00:00:00+00:00,22.0,80.0,50.0,Bay of Bengal,-0.11076,-0.24781,0.27143
2025-06-04T00:00:00+00:00,22.0,81.0,50.0,Bay of Bengal,-0.10408,-0.24996,0.27076
2025-06-04T00:00:00+00:00,22.0,82.0,50.0,Bay of Bengal,-0.0965,-0.25193,0.26978
2025-06-04T00:00:00+00:00,22.0,83.0,50.0,Bay of Bengal,-0.08913,-0.25372,0.26892
2025-06-04T00:00:00+00:00,22.0,84.0,50.0,Bay of Bengal,-0.08304,-0.25532,0.26848
2025-06-04T00:00:00+00:00,22.0,85.0,50.0,Bay of Bengal,-0.07911,-0.25673,0.26864
2025-06-04T00:00:00+00:00,22.0,86.0,50.0,Bay of Bengal,-0.07791,-0.25795,0.26946
2025-06-04T00:00:00+00:00,22.0,87.0,50.0,Bay of Bengal,-0.07963,-0.25897,0.27094
2025-06-04T00:00:00+00:00,22.0,88.0,50.0,Bay of Bengal,-0.08401,-0.25979,0.27304
2025-06-04T00:00:00+00:00,22.0,89.0,50.0,Bay of Bengal,-0.09041,-0.26042,0.27567
2025-06-04T00:00:00+00:00,22.0,90.0,50.0,Bay of Bengal,-0.0979,-0.26084,0.27861
2025-06-04T00:00:00+00:00,22.0,91.0,50.0,Bay of Bengal,-0.10539,-0.26107,0.28154
2025-06-04T00:00:00+00:00,22.0,92.0,50.0,Bay of Bengal,-0.11179,-0.26109,0.28402
2025-06-04T00:00:00+00:00,22.0,93.0,50.0,Bay of Bengal,-0.11617,-0.26091,0.28561
2025-06-04T00:00:00+00:00,22.0,94.0,50.0,Bay of Bengal,-0.11789,-0.26054,0.28597
2025-06-04T00:00:00+00:00,22.0,95.0,50.0,Bay of Bengal,-0.11669,-0.25996,0.28495
2025-06-04T00:00:00+00:00,22.0,96.0,50.0,Bay of Bengal,-0.11276,-0.2592,0.28266
2025-06-04T00:00:00+00:00,22.0,97.0,50.0,Bay of Bengal,-0.10667,-0.25824,0.2794
2025-06-04T00:00:00+00:00,22.0,98.0,50.0,Bay of Bengal,-0.0993,-0.25709,0.2756
2025-06-04T00:00:00+00:00,6.0,80.0,100.0,Bay of Bengal,0.00067,-0.21907,0.21907
2025-06-04T00:00:00+00:00,6.0,81.0,100.0,Bay of Bengal,-0.00047,-0.22106,0.22106
2025-06-04T00:00:00+00:00,6.0,82.0,100.0,Bay of Bengal,-0.00178,-0.22288,0.22289
2025-06-04T00:00:00+00:00,6.0,83.0,100.0,Bay of Bengal,-0.00326,-0.22454,0.22457
2025-06-04T00:00:00+00:00,6.0,84.0,100.0,Bay of Bengal,-0.00489,-0.22604,0.22609
2025-06-04T00:00:00+00:00,6.0,85.0,100.0,Bay of Bengal,-0.00665,-0.22736,0.22746
2025-06-04T00:00:00+00:00,6.0,86.0,100.0,Bay of Bengal,-0.00851,-0.22851,0.22867
2025-06-04T00:00:00+00:00,6.0,87.0,100.0,Bay of Bengal,-0.01047,-0.22948,0.22972
2025-06-04T00:00:00+00:00,6.0,88.0,100.0,Bay of Bengal,-0.01249,-0.23028,0.23062
2025-06-04T00:00:00+00:00,6.0,89.0,100.0,Bay of Bengal,-0.01456,-0.23089,0.23135
2025-06-04T00:00:00+00:00,6.0,90.0,100.0,Bay of Bengal,-0.01665,-0.23133,0.23193
2025-06-04T00:00:00+00:00,6.0,91.0,100.0,Bay of Bengal,-0.01874,-0.23159,0.23235
2025-06-04T00:00:00+00:00,6.0,92.0,100.0,Bay of Bengal,-0.0208,-0.23167,0.2326
2025-06-04T00:00:00+00:00,6.0,93.0,100.0,Bay of Bengal,-0.02283,-0.23156,0.23269
2025-06-04T00:00:00+00:00,6.0,94.0,100.0,Bay of Bengal,-0.02478,-0.23128,0.23261
2025-06-04T00:00:00+00:00,6.0,95.0,100.0,Bay of Bengal,-0.02665,-0.23083,0.23236
2025-06-04T00:00:00+00:00,6.0,96.0,100.0,Bay of Bengal,-0.0284,-0.23019,0.23194
2025-06-04T00:00:00+00:00,6.0,97.0,100.0,Bay of Bengal,-0.03003,-0.22939,0.23135
2025-06-04T00:00:00+00:00,6.0,98.0,100.0,Bay of Bengal,-0.03151,-0.22842,0.23058
2025-06-04T00:00:00+00:00,7.0,80.0,100.0,Bay of Bengal,-0.02599,-0.21942,0.22095
2025-06-04T00:00:00+00:00,7.0,81.0,100.0,Bay of Bengal,-0.02823,-0.2214,0.2232
2025-06-04T00:00:00+00:00,7.0,82.0,100.0,Bay of Bengal,-0.03034,-0.22323,0.22528
2025-06-04T00:00:00+00:00,7.0,83.0,100.0,Bay of Bengal,-0.03227,-0.22489,0.22719
2025-06-04T00:00:00+00:00,7.0,84.0,100.0,Bay of Bengal,-0.03401,-0.22638,0.22893
2025-06-04T00:00:00+00:00,7.0,85.0,100.0,Bay of Bengal,-0.03553,-0.22771,0.23046
2025-06-04T00:00:00+00:00,7.0,86.0,100.0,Bay of Bengal,-0.03681,-0.22886,0.2318
2025-06-04T00:00:00+00:00,7.0,87.0,100.0,Bay of Bengal,-0.03782,-0.22983,0.23292
2025-06-04T00:00:00+00:00,7.0,88.0,100.0,Bay of Bengal,-0.03856,-0.23063,0.23383
2025-06-04T00:00:00+00:00,7.0,89.0,100.0,Bay of Bengal,-0.039,-0.23124,0.23451
2025-06-04T00:00:00+00:00,7.0,90.0,100.0,Bay of Bengal,-0.03915,-0.23168,0.23496
2025-06-04T00:00:00+00:00,7.0,91.0,100.0,Bay of Bengal,-0.039,-0.23193,0.23519
2025-06-04T00:00:00+00:00,7.0,92.0,100.0,Bay of Bengal,-0.03856,-0.23201,0.23519
2025-06-04T00:00:00+00:00,7.0,93.0,100.0,Bay of Bengal,-0.03782,-0.23191,0.23497
2025-06-04T00:00:00+00:00,7.0,94.0,100.0,Bay of Bengal,-0.03681,-0.23163,0.23453
2025-06-04T00:00:00+00:00,7.0,95.0,100.0,Bay of Bengal,-0.03553,-0.23117,0.23388
2025-06-04T00:00:00+00:00,7.0,96.0,100.0,Bay of Bengal,-0.03401,-0.23053,0.23303
2025-06-04T00:00:00+00:00,7.0,97.0,100.0,Bay of Bengal,-0.03227,-0.22973,0.23198
2025-06-04T00:00:00+00:00,7.0,98.0,100.0,Bay of Bengal,-0.03034,-0.22875,0.23076
2025-06-04T00:00:00+00:00,8.0,80.0,100.0,Bay of Bengal,-0.0417,-0.21977,0.22369
2025-06-04T00:00:00+00:00,8.0,81.0,100.0,Bay of Bengal,-0.04103,-0.22175,0.22552
2025-06-04T00:00:00+00:00,8.0,82.0,100.0,Bay of Bengal,-0.03998,-0.22358,0.22713
2025-06-04T00:00:00+00:00,8.0,83.0,100.0,Bay of Bengal,-0.03859,-0.22524,0.22852
2025-06-04T00:00:00+00:00,8.0,84.0,100.0,Bay of Bengal,-0.03687,-0.22673,0.22971
2025-06-04T00:00:00+00:00,8.0,85.0,100.0,Bay of Bengal,-0.03486,-0.22806,0.23071
2025-06-04T00:00:00+00:00,8.0,86.0,100.0,Bay of Bengal,-0.03261,-0.2292,0.23151
2025-06-04T00:00:00+00:00,8.0,87.0,100.0,Bay of Bengal,-0.03014,-0.23018,0.23214
2025-06-04T00:00:00+00:00,8.0,88.0,100.0,Bay of Bengal,-0.02752,-0.23097,0.23261
2025-06-04T00:00:00+00:00,8.0,89.0,100.0,Bay of Bengal,-0.02479,-0.23159,0.23291
2025-06-04T00:00:00+00:00,8.0,90.0,100.0,Bay of Bengal,-0.02201,-0.23202,0.23307
2025-06-04T00:00:00+00:00,8.0,91.0,100.0,Bay of Bengal,-0.01923,-0.23228,0.23307
2025-06-04T00:00:00+00:00,8.0,92.0,100.0,Bay of Bengal,-0.0165,-0.23235,0.23294
2025-06-04T00:00:00+00:00,8.0,93.0,100.0,Bay of Bengal,-0.01387,-0.23225,0.23266
2025-06-04T00:00:00+00:00,8.0,94.0,100.0,Bay of Bengal,-0.01141,-0.23197,0.23225
2025-06-04T00:00:00+00:00,8.0,95.0,100.0,Bay of Bengal,-0.00915,-0.23151,0.23169
2025-06-04T00:00:00+00:00,8.0,96.0,100.0,Bay of Bengal,-0.00715,-0.23087,0.23098
2025-06-04T00:00:00+00:00,8.0,97.0,100.0,Bay of Bengal,-0.00543,-0.23007,0.23013
2025-06-04T00:00:00+00:00,8.0,98.0,100.0,Bay of Bengal,-0.00403,-0.22909,0.22913
2025-06-04T00:00:00+00:00,9.0,80.0,100.0,Bay of Bengal,-0.0252,-0.22012,0.22155
2025-06-04T00:00:00+00:00,9.0,81.0,100.0,Bay of Bengal,-0.02208,-0.2221,0.2232
2025-06-04T00:00:00+00:00,9.0,82.0,100.0,Bay of Bengal,-0.01902,-0.22393,0.22473
2025-06-04T00:00:00+00:00,9.0,83.0,100.0,Bay of Bengal,-0.01612,-0.22559,0.22616
2025-06-04T00:00:00+00:00,9.0,84.0,100.0,Bay of Bengal,-0.01345,-0.22708,0.22748
2025-06-04T00:00:00+00:00,9.0,85.0,100.0,Bay of Bengal,-0.01106,-0.2284,0.22867
2025-06-04T00:00:00+00:00,9.0,86.0,100.0,Bay of Bengal,-0.00902,-0.22955,0.22973
2025-06-04T00:00:00+00:00,9.0,87.0,100.0,Bay of Bengal,-0.00738,-0.23053,0.23064
2025-06-04T00:00:00+00:00,9.0,88.0,100.0,Bay of Bengal,-0.00618,-0.23132,0.2314
2025-06-04T00:00:00+00:00,9.0,89.0,100.0,Bay of Bengal,-0.00545,-0.23193,0.232
2025-06-04T00:00:00+00:00,9.0,90.0,100.0,Bay of Bengal,-0.0052,-0.23237,0.23243
2025-06-04T00:00:00+00:00,9.0,91.0,100.0,Bay of Bengal,-0.00545,-0.23262,0.23269
2025-06-04T00:00:00+00:00,9.0,92.0,100.0,Bay of Bengal,-0.00618,-0.2327,0.23278
2025-06-04T00:00:00+00:00,9.0,93.0,100.0,Bay of Bengal,-0.00738,-0.23259,0.23271
2025-06-04T00:00:00+00:00,9.0,94.0,100.0,Bay of Bengal,-0.00902,-0.23231,0.23248
2025-06-04T00:00:00+00:00,9.0,95.0,100.0,Bay of Bengal,-0.01106,-0.23185,0.23211
2025-06-04T00:00:00+00:00,9.0,96.0,100.0,Bay of Bengal,-0.01345,-0.23121,0.2316
2025-06-04T00:00:00+00:00,9.0,97.0,100.0,Bay of Bengal,-0.01612,-0.2304,0.23097
2025-06-04T00:00:00+00:00,9.0,98.0,100.0,Bay of Bengal,-0.01902,-0.22943,0.23021
2025-06-04T00:00:00+00:00,10.0,80.0,100.0,Bay of Bengal,-0.00903,-0.22047,0.22065
2025-06-04T00:00:00+00:00,10.0,81.0,100.0,Bay of Bengal,-0.00872,-0.22245,0.22262
2025-06-04T00:00:00+00:00,10.0,82.0,100.0,Bay of Bengal,-0.00903,-0.22428,0.22446
2025-06-04T00:00:00+00:00,10.0,83.0,100.0,Bay of Bengal,-0.00993,-0.22594,0.22616
2025-06-04T00:00:00+00:00,10.0,84.0,100.0,Bay of Bengal,-0.0114,-0.22743,0.22772
2025-06-04T00:00:00+00:00,10.0,85.0,100.0,Bay of Bengal,-0.0134,-0.22875,0.22914
2025-06-04T00:00:00+00:00,10.0,86.0,100.0,Bay of Bengal,-0.01587,-0.2299,0.23045
2025-06-04T00:00:00+00:00,10.0,87.0,100.0,Bay of Bengal,-0.01872,-0.23087,0.23163
2025-06-04T00:00:00+00:00,10.0,88.0,100.0,Bay of Bengal,-0.02188,-0.23167,0.2327
2025-06-04T00:00:00+00:00,10.0,89.0,100.0,Bay of Bengal,-0.02525,-0.23228,0.23365
2025-06-04T00:00:00+00:00,10.0,90.0,100.0,Bay of Bengal,-0.02872,-0.23271,0.23448
2025-06-04T00:00:00+00:00,10.0,91.0,100.0,Bay of Bengal,-0.0322,-0.23297,0.23518
2025-06-04T00:00:00+00:00,10.0,92.0,100.0,Bay of Bengal,-0.03556,-0.23304,0.23574
2025-06-04T00:00:00+00:00,10.0,93.0,100.0,Bay of Bengal,-0.03872,-0.23293,0.23613
2025-06-04T00:00:00+00:00,10.0,94.0,100.0,Bay of Bengal,-0.04158,-0.23265,0.23633
2025-06-04T00:00:00+00:00,10.0,95.0,100.0,Bay of Bengal,-0.04404,-0.23219,0.23633
2025-06-04T00:00:00+00:00,10.0,96.0,100.0,Bay of Bengal,-0.04604,-0.23155,0.23608
2025-06-04T00:00:00+00:00,10.0,97.0,100.0,Bay of Bengal,-0.04752,-0.23074,0.23558
2025-06-04T00:00:00+00:00,10.0,98.0,100.0,Bay of Bengal,-0.04842,-0.22976,0.2348
2025-06-04T00:00:00+00:00,11.0,80.0,100.0,Bay of Bengal,-0.02571,-0.22081,0.22231
2025-06-04T00:00:00+00:00,11.0,81.0,100.0,Bay of Bengal,-0.02942,-0.2228,0.22473
2025-06-04T00:00:00+00:00,11.0,82.0,100.0,Bay of Bengal,-0.03324,-0.22462,0.22707
2025-06-04T00:00:00+00:00,11.0,83.0,100.0,Bay of Bengal,-0.03705,-0.22629,0.2293
2025-06-04T00:00:00+00:00,11.0,84.0,100.0,Bay of Bengal,-0.04068,-0.22778,0.23138
2025-06-04T00:00:00+00:00,11.0,85.0,100.0,Bay of Bengal,-0.04402,-0.2291,0.23329
2025-06-04T00:00:00+00:00,11.0,86.0,100.0,Bay of Bengal,-0.04693,-0.23025,0.23498
2025-06-04T00:00:00+00:00,11.0,87.0,100.0,Bay of Bengal,-0.04932,-0.23122,0.23642
2025-06-04T00:00:00+00:00,11.0,88.0,100.0,Bay of Bengal,-0.05109,-0.23201,0.23757
2025-06-04T00:00:00+00:00,11.0,89.0,100.0,Bay of Bengal,-0.05218,-0.23262,0.2384
2025-06-04T00:00:00+00:00,11.0,90.0,100.0,Bay of Bengal,-0.05255,-0.23306,0.23891
2025-06-04T00:00:00+00:00,11.0,91.0,100.0,Bay of Bengal,-0.05218,-0.23331,0.23907
2025-06-04T00:00:00+00:00,11.0,92.0,100.0,Bay of Bengal,-0.05109,-0.23338,0.23891
2025-06-04T00:00:00+00:00,11.0,93.0,100.0,Bay of Bengal,-0.04932,-0.23327,0.23843
2025-06-04T00:00:00+00:00,11.0,94.0,100.0,Bay of Bengal,-0.04693,-0.23299,0.23767
2025-06-04T00:00:00+00:00,11.0,95.0,100.0,Bay of Bengal,-0.04402,-0.23252,0.23665
2025-06-04T00:00:00+00:00,11.0,96.0,100.0,Bay of Bengal,-0.04068,-0.23188,0.23542
2025-06-04T00:00:00+00:00,11.0,97.0,100.0,Bay of Bengal,-0.03705,-0.23107,0.23402
2025-06-04T00:00:00+00:00,11.0,98.0,100.0,Bay of Bengal,-0.03324,-0.23009,0.23248
2025-06-04T00:00:00+00:00,12.0,80.0,100.0,Bay of Bengal,-0.05398,-0.22116,0.22766
2025-06-04T00:00:00+00:00,12.0,81.0,100.0,Bay of Bengal,-0.05568,-0.22315,0.22999
2025-06-04T00:00:00+00:00,12.0,82.0,100.0,Bay of Bengal,-0.05655,-0.22497,0.23197
2025-06-04T00:00:00+00:00,12.0,83.0,100.0,Bay of Bengal,-0.05655,-0.22663,0.23358
2025-06-04T00:00:00+00:00,12.0,84.0,100.0,Bay of Bengal,-0.05568,-0.22813,0.23482
2025-06-04T00:00:00+00:00,12.0,85.0,100.0,Bay of Bengal,-0.05398,-0.22945,0.23571
2025-06-04T00:00:00+00:00,12.0,86.0,100.0,Bay of Bengal,-0.05152,-0.23059,0.23628
2025-06-04T00:00:00+00:00,12.0,87.0,100.0,Bay of Bengal,-0.04841,-0.23156,0.23657
2025-06-04T00:00:00+00:00,12.0,88.0,100.0,Bay of Bengal,-0.04479,-0.23235,0.23663
2025-06-04T00:00:00+00:00,12.0,89.0,100.0,Bay of Bengal,-0.04082,-0.23297,0.23652
2025-06-04T00:00:00+00:00,12.0,90.0,100.0,Bay of Bengal,-0.03666,-0.2334,0.23626
2025-06-04T00:00:00+00:00,12.0,91.0,100.0,Bay of Bengal,-0.0325,-0.23365,0.2359
2025-06-04T00:00:00+00:00,12.0,92.0,100.0,Bay of Bengal,-0.02852,-0.23372,0.23545
2025-06-04T00:00:00+00:00,12.0,93.0,100.0,Bay of Bengal,-0.0249,-0.23361,0.23493
2025-06-04T00:00:00+00:00,12.0,94.0,100.0,Bay of Bengal,-0.02179,-0.23332,0.23434
2025-06-04T00:00:00+00:00,12.0,95.0,100.0,Bay of Bengal,-0.01934,-0.23286,0.23366
2025-06-04T00:00:00+00:00,12.0,96.0,100.0,Bay of Bengal,-0.01764,-0.23222,0.23288
2025-06-04T00:00:00+00:00,12.0,97.0,100.0,Bay of Bengal,-0.01677,-0.2314,0.23201
2025-06-04T00:00:00+00:00,12.0,98.0,100.0,Bay of Bengal,-0.01677,-0.23042,0.23103
2025-06-04T00:00:00+00:00,13.0,80.0,100.0,Bay of Bengal,-0.05389,-0.22151,0.22797
2025-06-04T00:00:00+00:00,13.0,81.0,100.0,Bay of Bengal,-0.05011,-0.2235,0.22905
2025-06-04T00:00:00+00:00,13.0,82.0,100.0,Bay of Bengal,-0.04587,-0.22532,0.22994
2025-06-04T00:00:00+00:00,13.0,83.0,100.0,Bay of Bengal,-0.04138,-0.22698,0.23072
2025-06-04T00:00:00+00:00,13.0,84.0,100.0,Bay of Bengal,-0.03688,-0.22847,0.23143
2025-06-04T00:00:00+00:00,13.0,85.0,100.0,Bay of Bengal,-0.03258,-0.22979,0.23209
2025-06-04T00:00:00+00:00,13.0,86.0,100.0,Bay of Bengal,-0.02872,-0.23094,0.23272
2025-06-04T00:00:00+00:00,13.0,87.0,100.0,Bay of Bengal,-0.02549,-0.23191,0.2333
2025-06-04T00:00:00+00:00,13.0,88.0,100.0,Bay of Bengal,-0.02306,-0.2327,0.23384
2025-06-04T00:00:00+00:00,13.0,89.0,100.0,Bay of Bengal,-0.02155,-0.23331,0.2343
2025-06-04T00:00:00+00:00,13.0,90.0,100.0,Bay of Bengal,-0.02103,-0.23374,0.23468
2025-06-04T00:00:00+00:00,13.0,91.0,100.0,Bay of Bengal,-0.02155,-0.23399,0.23498
2025-06-04T00:00:00+00:00,13.0,92.0,100.0,Bay of Bengal,-0.02306,-0.23406,0.23519
2025-06-04T00:00:00+00:00,13.0,93.0,100.0,Bay of Bengal,-0.02549,-0.23395,0.23533
2025-06-04T00:00:00+00:00,13.0,94.0,100.0,Bay of Bengal,-0.02872,-0.23366,0.23542
2025-06-04T00:00:00+00:00,13.0,95.0,100.0,Bay of Bengal,-0.03258,-0.23319,0.23545
2025-06-04T00:00:00+00:00,13.0,96.0,100.0,Bay of Bengal,-0.03688,-0.23255,0.23545
2025-06-04T00:00:00+00:00,13.0,97.0,100.0,Bay of Bengal,-0.04138,-0.23173,0.2354
2025-06-04T00:00:00+00:00,13.0,98.0,100.0,Bay of Bengal,-0.04587,-0.23075,0.23526
2025-06-04T00:00:00+00:00,14.0,80.0,100.0,Bay of Bengal,-0.0328,-0.22186,0.22427
2025-06-04T00:00:00+00:00,14.0,81.0,100.0,Bay of Bengal,-0.02948,-0.22385,0.22578
2025-06-04T00:00:00+00:00,14.0,82.0,100.0,Bay of Bengal,-0.02711,-0.22567,0.22729
2025-06-04T00:00:00+00:00,14.0,83.0,100.0,Bay of Bengal,-0.02585,-0.22733,0.22879
2025-06-04T00:00:00+00:00,14.0,84.0,100.0,Bay of Bengal,-0.02577,-0.22882,0.23026
2025-06-04T00:00:00+00:00,14.0,85.0,100.0,Bay of Bengal,-0.02686,-0.23014,0.2317
2025-06-04T00:00:00+00:00,14.0,86.0,100.0,Bay of Bengal,-0.02908,-0.23128,0.2331
2025-06-04T00:00:00+00:00,14.0,87.0,100.0,Bay of Bengal,-0.03228,-0.23225,0.23448
2025-06-04T00:00:00+00:00,14.0,88.0,100.0,Bay of Bengal,-0.03627,-0.23304,0.23585
2025-06-04T00:00:00+00:00,14.0,89.0,100.0,Bay of Bengal,-0.04082,-0.23365,0.23719
2025-06-04T00:00:00+00:00,14.0,90.0,100.0,Bay of Bengal,-0.04566,-0.23408,0.23849
2025-06-04T00:00:00+00:00,14.0,91.0,100.0,Bay of Bengal,-0.0505,-0.23433,0.23971
2025-06-04T00:00:00+00:00,14.0,92.0,100.0,Bay of Bengal,-0.05505,-0.23439,0.24077
2025-06-04T00:00:00+00:00,14.0,93.0,100.0,Bay of Bengal,-0.05904,-0.23428,0.24161
2025-06-04T00:00:00+00:00,14.0,94.0,100.0,Bay of Bengal,-0.06224,-0.23399,0.24213
2025-06-04T00:00:00+00:00,14.0,95.0,100.0,Bay of Bengal,-0.06445,-0.23352,0.24225
2025-06-04T00:00:00+00:00,14.0,96.0,100.0,Bay of Bengal,-0.06555,-0.23288,0.24192
2025-06-04T00:00:00+00:00,14.0,97.0,100.0,Bay of Bengal,-0.06546,-0.23206,0.24111
2025-06-04T00:00:00+00:00,14.0,98.0,100.0,Bay of Bengal,-0.0642,-0.23107,0.23982
2025-06-04T00:00:00+00:00,15.0,80.0,100.0,Bay of Bengal,-0.03318,-0.22221,0.22467
2025-06-04T00:00:00+00:00,15.0,81.0,100.0,Bay of Bengal,-0.03636,-0.22419,0.22712
2025-06-04T00:00:00+00:00,15.0,82.0,100.0,Bay of Bengal,-0.0405,-0.22602,0.22962
2025-06-04T00:00:00+00:00,15.0,83.0,100.0,Bay of Bengal,-0.04533,-0.22767,0.23214
2025-06-04T00:00:00+00:00,15.0,84.0,100.0,Bay of Bengal,-0.0505,-0.22916,0.23466
2025-06-04T00:00:00+00:00,15.0,85.0,100.0,Bay of Bengal,-0.05568,-0.23048,0.23711
2025-06-04T00:00:00+00:00,15.0,86.0,100.0,Bay of Bengal,-0.0605,-0.23163,0.2394
2025-06-04T00:00:00+00:00,15.0,87.0,100.0,Bay of Bengal,-0.06465,-0.23259,0.24141
2025-06-04T00:00:00+00:00,15.0,88.0,100.0,Bay of Bengal,-0.06782,-0.23338,0.24304
2025-06-04T00:00:00+00:00,15.0,89.0,100.0,Bay of Bengal,-0.06982,-0.23399,0.24419
2025-06-04T00:00:00+00:00,15.0,90.0,100.0,Bay of Bengal,-0.0705,-0.23442,0.24479
2025-06-04T00:00:00+00:00,15.0,91.0,100.0,Bay of Bengal,-0.06982,-0.23466,0.24483
2025-06-04T00:00:00+00:00,15.0,92.0,100.0,Bay of Bengal,-0.06782,-0.23473,0.24433
2025-06-04T00:00:00+00:00,15.0,93.0,100.0,Bay of Bengal,-0.06465,-0.23461,0.24336
2025-06-04T00:00:00+00:00,15.0,94.0,100.0,Bay of Bengal,-0.0605,-0.23432,0.24201
2025-06-04T00:00:00+00:00,15.0,95.0,100.0,Bay of Bengal,-0.05568,-0.23385,0.24039
2025-06-04T00:00:00+00:00,15.0,96.0,100.0,Bay of Bengal,-0.0505,-0.2332,0.23861
2025-06-04T00:00:00+00:00,15.0,97.0,100.0,Bay of Bengal,-0.04533,-0.23238,0.23676
2025-06-04T00:00:00+00:00,15.0,98.0,100.0,Bay of Bengal,-0.0405,-0.23139,0.23491
2025-06-04T00:00:00+00:00,16.0,80.0,100.0,Bay of Bengal,-0.06239,-0.22256,0.23114
2025-06-04T00:00:00+00:00,16.0,81.0,100.0,Bay of Bengal,-0.06731,-0.22454,0.23441
2025-06-04T00:00:00+00:00,16.0,82.0,100.0,Bay of Bengal,-0.07131,-0.22636,0.23733
2025-06-04T00:00:00+00:00,16.0,83.0,100.0,Bay of Bengal,-0.07409,-0.22802,0.23976
2025-06-04T00:00:00+00:00,16.0,84.0,100.0,Bay of Bengal,-0.07544,-0.22951,0.24159
2025-06-04T00:00:00+00:00,16.0,85.0,100.0,Bay of Bengal,-0.07525,-0.23083,0.24278
2025-06-04T00:00:00+00:00,16.0,86.0,100.0,Bay of Bengal,-0.07353,-0.23197,0.24334
2025-06-04T00:00:00+00:00,16.0,87.0,100.0,Bay of Bengal,-0.07041,-0.23293,0.24334
2025-06-04T00:00:00+00:00,16.0,88.0,100.0,Bay of Bengal,-0.06615,-0.23372,0.2429
2025-06-04T00:00:00+00:00,16.0,89.0,100.0,Bay of Bengal,-0.06106,-0.23433,0.24215
2025-06-04T00:00:00+00:00,16.0,90.0,100.0,Bay of Bengal,-0.05555,-0.23475,0.24124
2025-06-04T00:00:00+00:00,16.0,91.0,100.0,Bay of Bengal,-0.05004,-0.235,0.24027
2025-06-04T00:00:00+00:00,16.0,92.0,100.0,Bay of Bengal,-0.04495,-0.23506,0.23932
2025-06-04T00:00:00+00:00,16.0,93.0,100.0,Bay of Bengal,-0.04069,-0.23495,0.23844
2025-06-04T00:00:00+00:00,16.0,94.0,100.0,Bay of Bengal,-0.03757,-0.23465,0.23764
2025-06-04T00:00:00+00:00,16.0,95.0,100.0,Bay of Bengal,-0.03585,-0.23418,0.23691
2025-06-04T00:00:00+00:00,16.0,96.0,100.0,Bay of Bengal,-0.03566,-0.23353,0.23623
2025-06-04T00:00:00+00:00,16.0,97.0,100.0,Bay of Bengal,-0.03701,-0.23271,0.23563
2025-06-04T00:00:00+00:00,16.0,98.0,100.0,Bay of Bengal,-0.03979,-0.23171,0.2351
2025-06-04T00:00:00+00:00,17.0,80.0,100.0,Bay of Bengal,-0.08047,-0.2229,0.23698
2025-06-04T00:00:00+00:00,17.0,81.0,100.0,Bay of Bengal,-0.07859,-0.22489,0.23822
2025-06-04T00:00:00+00:00,17.0,82.0,100.0,Bay of Bengal,-0.07516,-0.22671,0.23884
2025-06-04T00:00:00+00:00,17.0,83.0,100.0,Bay of Bengal,-0.07047,-0.22836,0.23899
2025-06-04T00:00:00+00:00,17.0,84.0,100.0,Bay of Bengal,-0.06493,-0.22985,0.23885
2025-06-04T00:00:00+00:00,17.0,85.0,100.0,Bay of Bengal,-0.05903,-0.23117,0.23858
2025-06-04T00:00:00+00:00,17.0,86.0,100.0,Bay of Bengal,-0.05328,-0.23231,0.23834
2025-06-04T00:00:00+00:00,17.0,87.0,100.0,Bay of Bengal,-0.04818,-0.23327,0.2382
2025-06-04T00:00:00+00:00,17.0,88.0,100.0,Bay of Bengal,-0.04419,-0.23406,0.23819
2025-06-04T00:00:00+00:00,17.0,89.0,100.0,Bay of Bengal,-0.04164,-0.23466,0.23833
2025-06-04T00:00:00+00:00,17.0,90.0,100.0,Bay of Bengal,-0.04077,-0.23509,0.2386
2025-06-04T00:00:00+00:00,17.0,91.0,100.0,Bay of Bengal,-0.04164,-0.23533,0.23899
2025-06-04T00:00:00+00:00,17.0,92.0,100.0,Bay of Bengal,-0.04419,-0.23539,0.23951
2025-06-04T00:00:00+00:00,17.0,93.0,100.0,Bay of Bengal,-0.04818,-0.23527,0.24016
2025-06-04T00:00:00+00:00,17.0,94.0,100.0,Bay of Bengal,-0.05328,-0.23498,0.24094
2025-06-04T00:00:00+00:00,17.0,95.0,100.0,Bay of Bengal,-0.05903,-0.2345,0.24182
2025-06-04T00:00:00+00:00,17.0,96.0,100.0,Bay of Bengal,-0.06493,-0.23385,0.2427
2025-06-04T00:00:00+00:00,17.0,97.0,100.0,Bay of Bengal,-0.07047,-0.23303,0.24345
2025-06-04T00:00:00+00:00,17.0,98.0,100.0,Bay of Bengal,-0.07516,-0.23203,0.2439
2025-06-04T00:00:00+00:00,18.0,80.0,100.0,Bay of Bengal,-0.06614,-0.22325,0.23284
2025-06-04T00:00:00+00:00,18.0,81.0,100.0,Bay of Bengal,-0.05996,-0.22523,0.23308
2025-06-04T00:00:00+00:00,18.0,82.0,100.0,Bay of Bengal,-0.05438,-0.22705,0.23347
2025-06-04T00:00:00+00:00,18.0,83.0,100.0,Bay of Bengal,-0.04996,-0.22871,0.2341
2025-06-04T00:00:00+00:00,18.0,84.0,100.0,Bay of Bengal,-0.04712,-0.23019,0.23497
2025-06-04T00:00:00+00:00,18.0,85.0,100.0,Bay of Bengal,-0.04614,-0.23151,0.23606
2025-06-04T00:00:00+00:00,18.0,86.0,100.0,Bay of Bengal,-0.04712,-0.23265,0.23737
2025-06-04T00:00:00+00:00,18.0,87.0,100.0,Bay of Bengal,-0.04996,-0.23361,0.23889
2025-06-04T00:00:00+00:00,18.0,88.0,100.0,Bay of Bengal,-0.05438,-0.23439,0.24062
2025-06-04T00:00:00+00:00,18.0,89.0,100.0,Bay of Bengal,-0.05996,-0.235,0.24253
2025-06-04T00:00:00+00:00,18.0,90.0,100.0,Bay of Bengal,-0.06614,-0.23542,0.24454
2025-06-04T00:00:00+00:00,18.0,91.0,100.0,Bay of Bengal,-0.07232,-0.23566,0.24651
2025-06-04T00:00:00+00:00,18.0,92.0,100.0,Bay of Bengal,-0.0779,-0.23572,0.24826
2025-06-04T00:00:00+00:00,18.0,93.0,100.0,Bay of Bengal,-0.08232,-0.2356,0.24957
2025-06-04T00:00:00+00:00,18.0,94.0,100.0,Bay of Bengal,-0.08516,-0.2353,0.25024
2025-06-04T00:00:00+00:00,18.0,95.0,100.0,Bay of Bengal,-0.08614,-0.23482,0.25012
2025-06-04T00:00:00+00:00,18.0,96.0,100.0,Bay of Bengal,-0.08516,-0.23417,0.24917
2025-06-04T00:00:00+00:00,18.0,97.0,100.0,Bay of Bengal,-0.08232,-0.23334,0.24744
2025-06-04T00:00:00+00:00,18.0,98.0,100.0,Bay of Bengal,-0.0779,-0.23235,0.24506
2025-06-04T00:00:00+00:00,19.0,80.0,100.0,Bay of Bengal,-0.05194,-0.22359,0.22955
2025-06-04T00:00:00+00:00,19.0,81.0,100.0,Bay of Bengal,-0.05188,-0.22557,0.23146
2025-06-04T00:00:00+00:00,19.0,82.0,100.0,Bay of Bengal,-0.05398,-0.22739,0.23371
2025-06-04T00:00:00+00:00,19.0,83.0,100.0,Bay of Bengal,-0.05799,-0.22905,0.23628
2025-06-04T00:00:00+00:00,19.0,84.0,100.0,Bay of Bengal,-0.0635,-0.23053,0.23912
2025-06-04T00:00:00+00:00,19.0,85.0,100.0,Bay of Bengal,-0.06989,-0.23185,0.24215
2025-06-04T00:00:00+00:00,19.0,86.0,100.0,Bay of Bengal,-0.07647,-0.23299,0.24522
2025-06-04T00:00:00+00:00,19.0,87.0,100.0,Bay of Bengal,-0.08253,-0.23395,0.24808
2025-06-04T00:00:00+00:00,19.0,88.0,100.0,Bay of Bengal,-0.08739,-0.23473,0.25047
2025-06-04T00:00:00+00:00,19.0,89.0,100.0,Bay of Bengal,-0.09054,-0.23533,0.25215
2025-06-04T00:00:00+00:00,19.0,90.0,100.0,Bay of Bengal,-0.09163,-0.23575,0.25293
2025-06-04T00:00:00+00:00,19.0,91.0,100.0,Bay of Bengal,-0.09054,-0.23599,0.25277
2025-06-04T00:00:00+00:00,19.0,92.0,100.0,Bay of Bengal,-0.08739,-0.23605,0.25171
2025-06-04T00:00:00+00:00,19.0,93.0,100.0,Bay of Bengal,-0.08253,-0.23593,0.24994
2025-06-04T00:00:00+00:00,19.0,94.0,100.0,Bay of Bengal,-0.07647,-0.23562,0.24772
2025-06-04T00:00:00+00:00,19.0,95.0,100.0,Bay of Bengal,-0.06989,-0.23514,0.24531
2025-06-04T00:00:00+00:00,19.0,96.0,100.0,Bay of Bengal,-0.0635,-0.23449,0.24293
2025-06-04T00:00:00+00:00,19.0,97.0,100.0,Bay of Bengal,-0.05799,-0.23366,0.24075
2025-06-04T00:00:00+00:00,19.0,98.0,100.0,Bay of Bengal,-0.05398,-0.23266,0.23884
2025-06-04T00:00:00+00:00,20.0,80.0,100.0,Bay of Bengal,-0.07038,-0.22394,0.23474
2025-06-04T00:00:00+00:00,20.0,81.0,100.0,Bay of Bengal,-0.07722,-0.22592,0.23875
2025-06-04T00:00:00+00:00,20.0,82.0,100.0,Bay of Bengal,-0.08406,-0.22774,0.24276
2025-06-04T00:00:00+00:00,20.0,83.0,100.0,Bay of Bengal,-0.09008,-0.22939,0.24644
2025-06-04T00:00:00+00:00,20.0,84.0,100.0,Bay of Bengal,-0.09454,-0.23087,0.24948
2025-06-04T00:00:00+00:00,20.0,85.0,100.0,Bay of Bengal,-0.09692,-0.23219,0.2516
2025-06-04T00:00:00+00:00,20.0,86.0,100.0,Bay of Bengal,-0.09692,-0.23332,0.25265
2025-06-04T00:00:00+00:00,20.0,87.0,100.0,Bay of Bengal,-0.09454,-0.23428,0.25264
2025-06-04T00:00:00+00:00,20.0,88.0,100.0,Bay of Bengal,-0.09008,-0.23506,0.25173
2025-06-04T00:00:00+00:00,20.0,89.0,100.0,Bay of Bengal,-0.08406,-0.23566,0.25021
2025-06-04T00:00:00+00:00,20.0,90.0,100.0,Bay of Bengal,-0.07722,-0.23608,0.24839
2025-06-04T00:00:00+00:00,20.0,91.0,100.0,Bay of Bengal,-0.07038,-0.23632,0.24658
2025-06-04T00:00:00+00:00,20.0,92.0,100.0,Bay of Bengal,-0.06437,-0.23637,0.24498
2025-06-04T00:00:00+00:00,20.0,93.0,100.0,Bay of Bengal,-0.0599,-0.23625,0.24373
2025-06-04T00:00:00+00:00,20.0,94.0,100.0,Bay of Bengal,-0.05753,-0.23594,0.24286
2025-06-04T00:00:00+00:00,20.0,95.0,100.0,Bay of Bengal,-0.05753,-0.23546,0.24239
2025-06-04T00:00:00+00:00,20.0,96.0,100.0,Bay of Bengal,-0.0599,-0.2348,0.24232
2025-06-04T00:00:00+00:00,20.0,97.0,100.0,Bay of Bengal,-0.06437,-0.23397,0.24266
2025-06-04T00:00:00+00:00,20.0,98.0,100.0,Bay of Bengal,-0.07038,-0.23297,0.24337
2025-06-04T00:00:00+00:00,21.0,80.0,100.0,Bay of Bengal,-0.1002,-0.22428,0.24565
2025-06-04T00:00:00+00:00,21.0,81.0,100.0,Bay of Bengal,-0.10264,-0.22626,0.24845
2025-06-04T00:00:00+00:00,21.0,82.0,100.0,Bay of Bengal,-0.10245,-0.22808,0.25003
2025-06-04T00:00:00+00:00,21.0,83.0,100.0,Bay of Bengal,-0.09966,-0.22973,0.25041
2025-06-04T00:00:00+00:00,21.0,84.0,100.0,Bay of Bengal,-0.09464,-0.23121,0.24983
2025-06-04T00:00:00+00:00,21.0,85.0,100.0,Bay of Bengal,-0.08806,-0.23252,0.24864
2025-06-04T00:00:00+00:00,21.0,86.0,100.0,Bay of Bengal,-0.08079,-0.23366,0.24723
2025-06-04T00:00:00+00:00,21.0,87.0,100.0,Bay of Bengal,-0.0738,-0.23461,0.24595
2025-06-04T00:00:00+00:00,21.0,88.0,100.0,Bay of Bengal,-0.06802,-0.23539,0.24502
2025-06-04T00:00:00+00:00,21.0,89.0,100.0,Bay of Bengal,-0.06421,-0.23599,0.24457
2025-06-04T00:00:00+00:00,21.0,90.0,100.0,Bay of Bengal,-0.06288,-0.23641,0.24463
2025-06-04T00:00:00+00:00,21.0,91.0,100.0,Bay of Bengal,-0.06421,-0.23664,0.2452
2025-06-04T00:00:00+00:00,21.0,92.0,100.0,Bay of Bengal,-0.06802,-0.2367,0.24628
2025-06-04T00:00:00+00:00,21.0,93.0,100.0,Bay of Bengal,-0.0738,-0.23657,0.24781
2025-06-04T00:00:00+00:00,21.0,94.0,100.0,Bay of Bengal,-0.08079,-0.23626,0.24969
2025-06-04T00:00:00+00:00,21.0,95.0,100.0,Bay of Bengal,-0.08806,-0.23578,0.25168
2025-06-04T00:00:00+00:00,21.0,96.0,100.0,Bay of Bengal,-0.09464,-0.23511,0.25345
2025-06-04T00:00:00+00:00,21.0,97.0,100.0,Bay of Bengal,-0.09966,-0.23428,0.25459
2025-06-04T00:00:00+00:00,21.0,98.0,100.0,Bay of Bengal,-0.10245,-0.23327,0.25478
2025-06-04T00:00:00+00:00,22.0,80.0,100.0,Bay of Bengal,-0.10144,-0.22462,0.24647
2025-06-04T00:00:00+00:00,22.0,81.0,100.0,Bay of Bengal,-0.09476,-0.2266,0.24562
2025-06-04T00:00:00+00:00,22.0,82.0,100.0,Bay of Bengal,-0.08719,-0.22842,0.24449
2025-06-04T00:00:00+00:00,22.0,83.0,100.0,Bay of Bengal,-0.07982,-0.23007,0.24352
2025-06-04T00:00:00+00:00,22.0,84.0,100.0,Bay of Bengal,-0.07372,-0.23155,0.243
2025-06-04T00:00:00+00:00,22.0,85.0,100.0,Bay of Bengal,-0.06979,-0.23286,0.24309
2025-06-04T00:00:00+00:00,22.0,86.0,100.0,Bay of Bengal,-0.0686,-0.23399,0.24384
2025-06-04T00:00:00+00:00,22.0,87.0,100.0,Bay of Bengal,-0.07031,-0.23495,0.24524
2025-06-04T00:00:00+00:00,22.0,88.0,100.0,Bay of Bengal,-0.07469,-0.23572,0.24727
2025-06-04T00:00:00+00:00,22.0,89.0,100.0,Bay of Bengal,-0.08109,-0.23632,0.24984
2025-06-04T00:00:00+00:00,22.0,90.0,100.0,Bay of Bengal,-0.08858,-0.23673,0.25276
2025-06-04T00:00:00+00:00,22.0,91.0,100.0,Bay of Bengal,-0.09608,-0.23697,0.2557
2025-06-04T00:00:00+00:00,22.0,92.0,100.0,Bay of Bengal,-0.10248,-0.23702,0.25822
2025-06-04T00:00:00+00:00,22.0,93.0,100.0,Bay of Bengal,-0.10685,-0.23689,0.25987
2025-06-04T00:00:00+00:00,22.0,94.0,100.0,Bay of Bengal,-0.10857,-0.23658,0.2603
2025-06-04T00:00:00+00:00,22.0,95.0,100.0,Bay of Bengal,-0.10738,-0.23609,0.25936
2025-06-04T00:00:00+00:00,22.0,96.0,100.0,Bay of Bengal,-0.10345,-0.23542,0.25715
2025-06-04T00:00:00+00:00,22.0,97.0,100.0,Bay of Bengal,-0.09735,-0.23459,0.25398
2025-06-04T00:00:00+00:00,22.0,98.0,100.0,Bay of Bengal,-0.08998,-0.23358,0.25031
2025-06-07T00:00:00+00:00,6.0,80.0,0.0,Bay of Bengal,-0.01997,-0.27772,0.27844
2025-06-07T00:00:00+00:00,6.0,81.0,0.0,Bay of Bengal,-0.02111,-0.28007,0.28087
2025-06-07T00:00:00+00:00,6.0,82.0,0.0,Bay of Bengal,-0.02243,-0.28222,0.28311
2025-06-07T00:00:00+00:00,6.0,83.0,0.0,Bay of Bengal,-0.02391,-0.28418,0.28518
2025-06-07T00:00:00+00:00,6.0,84.0,0.0,Bay of Bengal,-0.02554,-0.28592,0.28706
2025-06-07T00:00:00+00:00,6.0,85.0,0.0,Bay of Bengal,-0.02729,-0.28746,0.28875
2025-06-07T00:00:00+00:00,6.0,86.0,0.0,Bay of Bengal,-0.02916,-0.28879,0.29026
2025-06-07T00:00:00+00:00,6.0,87.0,0.0,Bay of Bengal,-0.03111,-0.2899,0.29156
2025-06-07T00:00:00+00:00,6.0,88.0,0.0,Bay of Bengal,-0.03314,-0.29079,0.29268
2025-06-07T00:00:00+00:00,6.0,89.0,0.0,Bay of Bengal,-0.0352,-0.29147,0.29359
2025-06-07T00:00:00+00:00,6.0,90.0,0.0,Bay of Bengal,-0.03729,-0.29193,0.2943
2025-06-07T00:00:00+00:00,6.0,91.0,0.0,Bay of Bengal,-0.03938,-0.29217,0.29481
2025-06-07T00:00:00+00:00,6.0,92.0,0.0,Bay of Bengal,-0.04145,-0.29218,0.29511
2025-06-07T00:00:00+00:00,6.0,93.0,0.0,Bay of Bengal,-0.04347,-0.29198,0.2952
2025-06-07T00:00:00+00:00,6.0,94.0,0.0,Bay of Bengal,-0.04543,-0.29156,0.29508
2025-06-07T00:00:00+00:00,6.0,95.0,0.0,Bay of Bengal,-0.04729,-0.29093,0.29475
2025-06-07T00:00:00+00:00,6.0,96.0,0.0,Bay of Bengal,-0.04905,-0.29008,0.2942
2025-06-07T00:00:00+00:00,6.0,97.0,0.0,Bay of Bengal,-0.05068,-0.28902,0.29343
2025-06-07T00:00:00+00:00,6.0,98.0,0.0,Bay of Bengal,-0.05216,-0.28776,0.29245
2025-06-07T00:00:00+00:00,7.0,80.0,0.0,Bay of Bengal,-0.04719,-0.27807,0.28205
2025-06-07T00:00:00+00:00,7.0,81.0,0.0,Bay of Bengal,-0.04943,-0.28042,0.28474
2025-06-07T00:00:00+00:00,7.0,82.0,0.0,Bay of Bengal,-0.05154,-0.28257,0.28723
2025-06-07T00:00:00+00:00,7.0,83.0,0.0,Bay of Bengal,-0.05347,-0.28452,0.28951
2025-06-07T00:00:00+00:00,7.0,84.0,0.0,Bay of Bengal,-0.05522,-0.28627,0.29155
2025-06-07T00:00:00+00:00,7.0,85.0,0.0,Bay of Bengal,-0.05674,-0.28781,0.29335
2025-06-07T00:00:00+00:00,7.0,86.0,0.0,Bay of Bengal,-0.05801,-0.28914,0.2949
2025-06-07T00:00:00+00:00,7.0,87.0,0.0,Bay of Bengal,-0.05902,-0.29025,0.29619
2025-06-07T00:00:00+00:00,7.0,88.0,0.0,Bay of Bengal,-0.05976,-0.29114,0.29721
2025-06-07T00:00:00+00:00,7.0,89.0,0.0,Bay of Bengal,-0.0602,-0.29182,0.29796
2025-06-07T00:00:00+00:00,7.0,90.0,0.0,Bay of Bengal,-0.06035,-0.29228,0.29844
2025-06-07T00:00:00+00:00,7.0,91.0,0.0,Bay of Bengal,-0.0602,-0.29251,0.29864
2025-06-07T00:00:00+00:00,7.0,92.0,0.0,Bay of Bengal,-0.05976,-0.29253,0.29857
2025-06-07T00:00:00+00:00,7.0,93.0,0.0,Bay of Bengal,-0.05902,-0.29233,0.29823
2025-06-07T00:00:00+00:00,7.0,94.0,0.0,Bay of Bengal,-0.05801,-0.29191,0.29761
2025-06-07T00:00:00+00:00,7.0,95.0,0.0,Bay of Bengal,-0.05674,-0.29127,0.29674
2025-06-07T00:00:00+00:00,7.0,96.0,0.0,Bay of Bengal,-0.05522,-0.29042,0.29562
2025-06-07T00:00:00+00:00,7.0,97.0,0.0,Bay of Bengal,-0.05347,-0.28936,0.29426
2025-06-07T00:00:00+00:00,7.0,98.0,0.0,Bay of Bengal,-0.05154,-0.2881,0.29267
2025-06-07T00:00:00+00:00,8.0,80.0,0.0,Bay of Bengal,-0.06354,-0.27842,0.28558
2025-06-07T00:00:00+00:00,8.0,81.0,0.0,Bay of Bengal,-0.06286,-0.28077,0.28772
2025-06-07T00:00:00+00:00,8.0,82.0,0.0,Bay of Bengal,-0.06182,-0.28292,0.2896
2025-06-07T00:00:00+00:00,8.0,83.0,0.0,Bay of Bengal,-0.06042,-0.28487,0.29121
2025-06-07T00:00:00+00:00,8.0,84.0,0.0,Bay of Bengal,-0.05871,-0.28662,0.29257
2025-06-07T00:00:00+00:00,8.0,85.0,0.0,Bay of Bengal,-0.0567,-0.28816,0.29368
2025-06-07T00:00:00+00:00,8.0,86.0,0.0,Bay of Bengal,-0.05444,-0.28948,0.29456
2025-06-07T00:00:00+00:00,8.0,87.0,0.0,Bay of Bengal,-0.05198,-0.2906,0.29521
2025-06-07T00:00:00+00:00,8.0,88.0,0.0,Bay of Bengal,-0.04936,-0.29149,0.29564
2025-06-07T00:00:00+00:00,8.0,89.0,0.0,Bay of Bengal,-0.04663,-0.29217,0.29586
2025-06-07T00:00:00+00:00,8.0,90.0,0.0,Bay of Bengal,-0.04384,-0.29262,0.29589
2025-06-07T00:00:00+00:00,8.0,91.0,0.0,Bay of Bengal,-0.04106,-0.29286,0.29572
2025-06-07T00:00:00+00:00,8.0,92.0,0.0,Bay of Bengal,-0.03833,-0.29287,0.29537
2025-06-07T00:00:00+00:00,8.0,93.0,0.0,Bay of Bengal,-0.03571,-0.29267,0.29484
2025-06-07T00:00:00+00:00,8.0,94.0,0.0,Bay of Bengal,-0.03324,-0.29225,0.29413
2025-06-07T00:00:00+00:00,8.0,95.0,0.0,Bay of Bengal,-0.03099,-0.29161,0.29325
2025-06-07T00:00:00+00:00,8.0,96.0,0.0,Bay of Bengal,-0.02898,-0.29076,0.2922
2025-06-07T00:00:00+00:00,8.0,97.0,0.0,Bay of Bengal,-0.02726,-0.2897,0.29098
2025-06-07T00:00:00+00:00,8.0,98.0,0.0,Bay of Bengal,-0.02587,-0.28843,0.28959
2025-06-07T00:00:00+00:00,9.0,80.0,0.0,Bay of Bengal,-0.04775,-0.27877,0.28283
2025-06-07T00:00:00+00:00,9.0,81.0,0.0,Bay of Bengal,-0.04462,-0.28112,0.28464
2025-06-07T00:00:00+00:00,9.0,82.0,0.0,Bay of Bengal,-0.04157,-0.28327,0.2863
2025-06-07T00:00:00+00:00,9.0,83.0,0.0,Bay of Bengal,-0.03867,-0.28522,0.28783
2025-06-07T00:00:00+00:00,9.0,84.0,0.0,Bay of Bengal,-0.03599,-0.28697,0.28922
2025-06-07T00:00:00+00:00,9.0,85.0,0.0,Bay of Bengal,-0.0336,-0.28851,0.29046
2025-06-07T00:00:00+00:00,9.0,86.0,0.0,Bay of Bengal,-0.03157,-0.28983,0.29155
2025-06-07T00:00:00+00:00,9.0,87.0,0.0,Bay of Bengal,-0.02993,-0.29094,0.29248
2025-06-07T00:00:00+00:00,9.0,88.0,0.0,Bay of Bengal,-0.02873,-0.29184,0.29325
2025-06-07T00:00:00+00:00,9.0,89.0,0.0,Bay of Bengal,-0.02799,-0.29251,0.29385
2025-06-07T00:00:00+00:00,9.0,90.0,0.0,Bay of Bengal,-0.02775,-0.29297,0.29428
2025-06-07T00:00:00+00:00,9.0,91.0,0.0,Bay of Bengal,-0.02799,-0.2932,0.29453
2025-06-07T00:00:00+00:00,9.0,92.0,0.0,Bay of Bengal,-0.02873,-0.29322,0.29462
2025-06-07T00:00:00+00:00,9.0,93.0,0.0,Bay of Bengal,-0.02993,-0.29301,0.29454
2025-06-07T00:00:00+00:00,9.0,94.0,0.0,Bay of Bengal,-0.03157,-0.29259,0.29429
2025-06-07T00:00:00+00:00,9.0,95.0,0.0,Bay of Bengal,-0.0336,-0.29195,0.29388
2025-06-07T00:00:00+00:00,9.0,96.0,0.0,Bay of Bengal,-0.03599,-0.2911,0.29332
2025-06-07T00:00:00+00:00,9.0,97.0,0.0,Bay of Bengal,-0.03867,-0.29004,0.2926
2025-06-07T00:00:00+00:00,9.0,98.0,0.0,Bay of Bengal,-0.04157,-0.28877,0.29175
2025-06-07T00:00:00+00:00,10.0,80.0,0.0,Bay of Bengal,-0.03235,-0.27912,0.28099
2025-06-07T00:00:00+00:00,10.0,81.0,0.0,Bay of Bengal,-0.03204,-0.28147,0.28329
2025-06-07T00:00:00+00:00,10.0,82.0,0.0,Bay of Bengal,-0.03235,-0.28362,0.28546
2025-06-07T00:00:00+00:00,10.0,83.0,0.0,Bay of Bengal,-0.03325,-0.28557,0.2875
2025-06-07T00:00:00+00:00,10.0,84.0,0.0,Bay of Bengal,-0.03472,-0.28732,0.28941
2025-06-07T00:00:00+00:00,10.0,85.0,0.0,Bay of Bengal,-0.03672,-0.28885,0.29118
2025-06-07T00:00:00+00:00,10.0,86.0,0.0,Bay of Bengal,-0.03919,-0.29018,0.29281
2025-06-07T00:00:00+00:00,10.0,87.0,0.0,Bay of Bengal,-0.04204,-0.29129,0.29431
2025-06-07T00:00:00+00:00,10.0,88.0,0.0,Bay of Bengal,-0.0452,-0.29218,0.29566
2025-06-07T00:00:00+00:00,10.0,89.0,0.0,Bay of Bengal,-0.04857,-0.29286,0.29686
2025-06-07T00:00:00+00:00,10.0,90.0,0.0,Bay of Bengal,-0.05204,-0.29331,0.29789
2025-06-07T00:00:00+00:00,10.0,91.0,0.0,Bay of Bengal,-0.05552,-0.29354,0.29875
2025-06-07T00:00:00+00:00,10.0,92.0,0.0,Bay of Bengal,-0.05888,-0.29356,0.29941
2025-06-07T00:00:00+00:00,10.0,93.0,0.0,Bay of Bengal,-0.06204,-0.29335,0.29984
2025-06-07T00:00:00+00:00,10.0,94.0,0.0,Bay of Bengal,-0.0649,-0.29293,0.30003
2025-06-07T00:00:00+00:00,10.0,95.0,0.0,Bay of Bengal,-0.06736,-0.29229,0.29995
2025-06-07T00:00:00+00:00,10.0,96.0,0.0,Bay of Bengal,-0.06936,-0.29144,0.29958
2025-06-07T00:00:00+00:00,10.0,97.0,0.0,Bay of Bengal,-0.07084,-0.29037,0.29889
2025-06-07T00:00:00+00:00,10.0,98.0,0.0,Bay of Bengal,-0.07174,-0.2891,0.29787
2025-06-07T00:00:00+00:00,11.0,80.0,0.0,Bay of Bengal,-0.04987,-0.27947,0.28388
2025-06-07T00:00:00+00:00,11.0,81.0,0.0,Bay of Bengal,-0.05359,-0.28182,0.28687
2025-06-07T00:00:00+00:00,11.0,82.0,0.0,Bay of Bengal,-0.05741,-0.28397,0.28971
2025-06-07T00:00:00+00:00,11.0,83.0,0.0,Bay of Bengal,-0.06121,-0.28592,0.2924
2025-06-07T00:00:00+00:00,11.0,84.0,0.0,Bay of Bengal,-0.06485,-0.28767,0.29488
2025-06-07T00:00:00+00:00,11.0,85.0,0.0,Bay of Bengal,-0.06819,-0.2892,0.29713
2025-06-07T00:00:00+00:00,11.0,86.0,0.0,Bay of Bengal,-0.0711,-0.29053,0.2991
2025-06-07T00:00:00+00:00,11.0,87.0,0.0,Bay of Bengal,-0.07349,-0.29164,0.30075
2025-06-07T00:00:00+00:00,11.0,88.0,0.0,Bay of Bengal,-0.07526,-0.29253,0.30205
2025-06-07T00:00:00+00:00,11.0,89.0,0.0,Bay of Bengal,-0.07635,-0.2932,0.30298
2025-06-07T00:00:00+00:00,11.0,90.0,0.0,Bay of Bengal,-0.07671,-0.29365,0.30351
2025-06-07T00:00:00+00:00,11.0,91.0,0.0,Bay of Bengal,-0.07635,-0.29389,0.30364
2025-06-07T00:00:00+00:00,11.0,92.0,0.0,Bay of Bengal,-0.07526,-0.2939,0.30338
2025-06-07T00:00:00+00:00,11.0,93.0,0.0,Bay of Bengal,-0.07349,-0.29369,0.30275
2025-06-07T00:00:00+00:00,11.0,94.0,0.0,Bay of Bengal,-0.0711,-0.29327,0.30176
2025-06-07T00:00:00+00:00,11.0,95.0,0.0,Bay of Bengal,-0.06819,-0.29262,0.30046
2025-06-07T00:00:00+00:00,11.0,96.0,0.0,Bay of Bengal,-0.06485,-0.29177,0.29889
2025-06-07T00:00:00+00:00,11.0,97.0,0.0,Bay of Bengal,-0.06121,-0.2907,0.29708
2025-06-07T00:00:00+00:00,11.0,98.0,0.0,Bay of Bengal,-0.05741,-0.28943,0.29507
2025-06-07T00:00:00+00:00,12.0,80.0,0.0,Bay of Bengal,-0.07906,-0.27982,0.29077
2025-06-07T00:00:00+00:00,12.0,81.0,0.0,Bay of Bengal,-0.08076,-0.28217,0.29349
2025-06-07T00:00:00+00:00,12.0,82.0,0.0,Bay of Bengal,-0.08163,-0.28432,0.2958
2025-06-07T00:00:00+00:00,12.0,83.0,0.0,Bay of Bengal,-0.08163,-0.28627,0.29768
2025-06-07T00:00:00+00:00,12.0,84.0,0.0,Bay of Bengal,-0.08076,-0.28801,0.29912
2025-06-07T00:00:00+00:00,12.0,85.0,0.0,Bay of Bengal,-0.07906,-0.28955,0.30015
2025-06-07T00:00:00+00:00,12.0,86.0,0.0,Bay of Bengal,-0.0766,-0.29087,0.30079
2025-06-07T00:00:00+00:00,12.0,87.0,0.0,Bay of Bengal,-0.07349,-0.29198,0.30109
2025-06-07T00:00:00+00:00,12.0,88.0,0.0,Bay of Bengal,-0.06987,-0.29287,0.30109
2025-06-07T00:00:00+00:00,12.0,89.0,0.0,Bay of Bengal,-0.06589,-0.29354,0.30085
2025-06-07T00:00:00+00:00,12.0,90.0,0.0,Bay of Bengal,-0.06173,-0.294,0.30041
2025-06-07T00:00:00+00:00,12.0,91.0,0.0,Bay of Bengal,-0.05758,-0.29423,0.29981
2025-06-07T00:00:00+00:00,12.0,92.0,0.0,Bay of Bengal,-0.0536,-0.29424,0.29908
2025-06-07T00:00:00+00:00,12.0,93.0,0.0,Bay of Bengal,-0.04998,-0.29403,0.29825
2025-06-07T00:00:00+00:00,12.0,94.0,0.0,Bay of Bengal,-0.04687,-0.2936,0.29732
2025-06-07T00:00:00+00:00,12.0,95.0,0.0,Bay of Bengal,-0.04441,-0.29296,0.29631
2025-06-07T00:00:00+00:00,12.0,96.0,0.0,Bay of Bengal,-0.04271,-0.2921,0.29521
2025-06-07T00:00:00+00:00,12.0,97.0,0.0,Bay of Bengal,-0.04184,-0.29104,0.29403
2025-06-07T00:00:00+00:00,12.0,98.0,0.0,Bay of Bengal,-0.04184,-0.28976,0.29277
2025-06-07T00:00:00+00:00,13.0,80.0,0.0,Bay of Bengal,-0.07994,-0.28017,0.29135
2025-06-07T00:00:00+00:00,13.0,81.0,0.0,Bay of Bengal,-0.07616,-0.28251,0.2926
2025-06-07T00:00:00+00:00,13.0,82.0,0.0,Bay of Bengal,-0.07192,-0.28466,0.29361
2025-06-07T00:00:00+00:00,13.0,83.0,0.0,Bay of Bengal,-0.06743,-0.28661,0.29444
2025-06-07T00:00:00+00:00,13.0,84.0,0.0,Bay of Bengal,-0.06292,-0.28836,0.29515
2025-06-07T00:00:00+00:00,13.0,85.0,0.0,Bay of Bengal,-0.05863,-0.2899,0.29576
2025-06-07T00:00:00+00:00,13.0,86.0,0.0,Bay of Bengal,-0.05477,-0.29122,0.29632
2025-06-07T00:00:00+00:00,13.0,87.0,0.0,Bay of Bengal,-0.05154,-0.29233,0.29683
2025-06-07T00:00:00+00:00,13.0,88.0,0.0,Bay of Bengal,-0.04911,-0.29322,0.2973
2025-06-07T00:00:00+00:00,13.0,89.0,0.0,Bay of Bengal,-0.04759,-0.29389,0.29772
2025-06-07T00:00:00+00:00,13.0,90.0,0.0,Bay of Bengal,-0.04708,-0.29434,0.29808
2025-06-07T00:00:00+00:00,13.0,91.0,0.0,Bay of Bengal,-0.04759,-0.29457,0.29839
2025-06-07T00:00:00+00:00,13.0,92.0,0.0,Bay of Bengal,-0.04911,-0.29458,0.29864
2025-06-07T00:00:00+00:00,13.0,93.0,0.0,Bay of Bengal,-0.05154,-0.29437,0.29884
2025-06-07T00:00:00+00:00,13.0,94.0,0.0,Bay of Bengal,-0.05477,-0.29394,0.299
2025-06-07T00:00:00+00:00,13.0,95.0,0.0,Bay of Bengal,-0.05863,-0.29329,0.29909
2025-06-07T00:00:00+00:00,13.0,96.0,0.0,Bay of Bengal,-0.06292,-0.29243,0.29913
2025-06-07T00:00:00+00:00,13.0,97.0,0.0,Bay of Bengal,-0.06743,-0.29136,0.29907
2025-06-07T00:00:00+00:00,13.0,98.0,0.0,Bay of Bengal,-0.07192,-0.29009,0.29887
2025-06-07T00:00:00+00:00,14.0,80.0,0.0,Bay of Bengal,-0.05987,-0.28051,0.28683
2025-06-07T00:00:00+00:00,14.0,81.0,0.0,Bay of Bengal,-0.05655,-0.28286,0.28846
2025-06-07T00:00:00+00:00,14.0,82.0,0.0,Bay of Bengal,-0.05419,-0.28501,0.29012
2025-06-07T00:00:00+00:00,14.0,83.0,0.0,Bay of Bengal,-0.05292,-0.28696,0.2918
2025-06-07T00:00:00+00:00,14.0,84.0,0.0,Bay of Bengal,-0.05284,-0.28871,0.2935
2025-06-07T00:00:00+00:00,14.0,85.0,0.0,Bay of Bengal,-0.05393,-0.29024,0.29521
2025-06-07T00:00:00+00:00,14.0,86.0,0.0,Bay of Bengal,-0.05615,-0.29156,0.29692
2025-06-07T00:00:00+00:00,14.0,87.0,0.0,Bay of Bengal,-0.05935,-0.29267,0.29863
2025-06-07T00:00:00+00:00,14.0,88.0,0.0,Bay of Bengal,-0.06334,-0.29356,0.30031
2025-06-07T00:00:00+00:00,14.0,89.0,0.0,Bay of Bengal,-0.06789,-0.29423,0.30196
2025-06-07T00:00:00+00:00,14.0,90.0,0.0,Bay of Bengal,-0.07273,-0.29468,0.30352
2025-06-07T00:00:00+00:00,14.0,91.0,0.0,Bay of Bengal,-0.07757,-0.2949,0.30493
2025-06-07T00:00:00+00:00,14.0,92.0,0.0,Bay of Bengal,-0.08212,-0.29491,0.30613
2025-06-07T00:00:00+00:00,14.0,93.0,0.0,Bay of Bengal,-0.08611,-0.2947,0.30702
2025-06-07T00:00:00+00:00,14.0,94.0,0.0,Bay of Bengal,-0.08931,-0.29427,0.30752
2025-06-07T00:00:00+00:00,14.0,95.0,0.0,Bay of Bengal,-0.09152,-0.29362,0.30756
2025-06-07T00:00:00+00:00,14.0,96.0,0.0,Bay of Bengal,-0.09262,-0.29276,0.30706
2025-06-07T00:00:00+00:00,14.0,97.0,0.0,Bay of Bengal,-0.09253,-0.29169,0.30602
2025-06-07T00:00:00+00:00,14.0,98.0,0.0,Bay of Bengal,-0.09127,-0.29041,0.30442
2025-06-07T00:00:00+00:00,15.0,80.0,0.0,Bay of Bengal,-0.06133,-0.28086,0.28748
2025-06-07T00:00:00+00:00,15.0,81.0,0.0,Bay of Bengal,-0.06451,-0.28321,0.29046
2025-06-07T00:00:00+00:00,15.0,82.0,0.0,Bay of Bengal,-0.06865,-0.28536,0.2935
2025-06-07T00:00:00+00:00,15.0,83.0,0.0,Bay of Bengal,-0.07347,-0.28731,0.29655
2025-06-07T00:00:00+00:00,15.0,84.0,0.0,Bay of Bengal,-0.07865,-0.28905,0.29956
2025-06-07T00:00:00+00:00,15.0,85.0,0.0,Bay of Bengal,-0.08382,-0.29058,0.30243
2025-06-07T00:00:00+00:00,15.0,86.0,0.0,Bay of Bengal,-0.08865,-0.29191,0.30507
2025-06-07T00:00:00+00:00,15.0,87.0,0.0,Bay of Bengal,-0.09279,-0.29301,0.30735
2025-06-07T00:00:00+00:00,15.0,88.0,0.0,Bay of Bengal,-0.09597,-0.2939,0.30917
2025-06-07T00:00:00+00:00,15.0,89.0,0.0,Bay of Bengal,-0.09797,-0.29457,0.31043
2025-06-07T00:00:00+00:00,15.0,90.0,0.0,Bay of Bengal,-0.09865,-0.29501,0.31107
2025-06-07T00:00:00+00:00,15.0,91.0,0.0,Bay of Bengal,-0.09797,-0.29524,0.31107
2025-06-07T00:00:00+00:00,15.0,92.0,0.0,Bay of Bengal,-0.09597,-0.29525,0.31045
2025-06-07T00:00:00+00:00,15.0,93.0,0.0,Bay of Bengal,-0.09279,-0.29503,0.30928
2025-06-07T00:00:00+00:00,15.0,94.0,0.0,Bay of Bengal,-0.08865,-0.2946,0.30765
2025-06-07T00:00:00+00:00,15.0,95.0,0.0,Bay of Bengal,-0.08382,-0.29395,0.30567
2025-06-07T00:00:00+00:00,15.0,96.0,0.0,Bay of Bengal,-0.07865,-0.29309,0.30346
2025-06-07T00:00:00+00:00,15.0,97.0,0.0,Bay of Bengal,-0.07347,-0.29202,0.30112
2025-06-07T00:00:00+00:00,15.0,98.0,0.0,Bay of Bengal,-0.06865,-0.29074,0.29873
2025-06-07T00:00:00+00:00,16.0,80.0,0.0,Bay of Bengal,-0.09165,-0.28121,0.29577
2025-06-07T00:00:00+00:00,16.0,81.0,0.0,Bay of Bengal,-0.09657,-0.28356,0.29955
2025-06-07T00:00:00+00:00,16.0,82.0,0.0,Bay of Bengal,-0.10057,-0.2857,0.30289
2025-06-07T00:00:00+00:00,16.0,83.0,0.0,Bay of Bengal,-0.10335,-0.28765,0.30566
2025-06-07T00:00:00+00:00,16.0,84.0,0.0,Bay of Bengal,-0.1047,-0.2894,0.30775
2025-06-07T00:00:00+00:00,16.0,85.0,0.0,Bay of Bengal,-0.10451,-0.29093,0.30913
2025-06-07T00:00:00+00:00,16.0,86.0,0.0,Bay of Bengal,-0.10279,-0.29225,0.3098
2025-06-07T00:00:00+00:00,16.0,87.0,0.0,Bay of Bengal,-0.09967,-0.29335,0.30982
2025-06-07T00:00:00+00:00,16.0,88.0,0.0,Bay of Bengal,-0.09541,-0.29424,0.30932
2025-06-07T00:00:00+00:00,16.0,89.0,0.0,Bay of Bengal,-0.09032,-0.2949,0.30843
2025-06-07T00:00:00+00:00,16.0,90.0,0.0,Bay of Bengal,-0.08481,-0.29535,0.30729
2025-06-07T00:00:00+00:00,16.0,91.0,0.0,Bay of Bengal,-0.0793,-0.29558,0.30603
2025-06-07T00:00:00+00:00,16.0,92.0,0.0,Bay of Bengal,-0.07421,-0.29558,0.30475
2025-06-07T00:00:00+00:00,16.0,93.0,0.0,Bay of Bengal,-0.06995,-0.29536,0.30353
2025-06-07T00:00:00+00:00,16.0,94.0,0.0,Bay of Bengal,-0.06684,-0.29493,0.30241
2025-06-07T00:00:00+00:00,16.0,95.0,0.0,Bay of Bengal,-0.06511,-0.29428,0.3014
2025-06-07T00:00:00+00:00,16.0,96.0,0.0,Bay of Bengal,-0.06492,-0.29341,0.30051
2025-06-07T00:00:00+00:00,16.0,97.0,0.0,Bay of Bengal,-0.06627,-0.29234,0.29976
2025-06-07T00:00:00+00:00,16.0,98.0,0.0,Bay of Bengal,-0.06905,-0.29106,0.29913
2025-06-07T00:00:00+00:00,17.0,80.0,0.0,Bay of Bengal,-0.11088,-0.28156,0.3026
2025-06-07T00:00:00+00:00,17.0,81.0,0.0,Bay of Bengal,-0.10901,-0.2839,0.30411
2025-06-07T00:00:00+00:00,17.0,82.0,0.0,Bay of Bengal,-0.10557,-0.28605,0.30491
2025-06-07T00:00:00+00:00,17.0,83.0,0.0,Bay of Bengal,-0.10088,-0.288,0.30516
2025-06-07T00:00:00+00:00,17.0,84.0,0.0,Bay of Bengal,-0.09535,-0.28974,0.30502
2025-06-07T00:00:00+00:00,17.0,85.0,0.0,Bay of Bengal,-0.08944,-0.29127,0.30469
2025-06-07T00:00:00+00:00,17.0,86.0,0.0,Bay of Bengal,-0.0837,-0.29259,0.30432
2025-06-07T00:00:00+00:00,17.0,87.0,0.0,Bay of Bengal,-0.0786,-0.29369,0.30403
2025-06-07T00:00:00+00:00,17.0,88.0,0.0,Bay of Bengal,-0.07461,-0.29458,0.30388
2025-06-07T00:00:00+00:00,17.0,89.0,0.0,Bay of Bengal,-0.07206,-0.29524,0.30391
2025-06-07T00:00:00+00:00,17.0,90.0,0.0,Bay of Bengal,-0.07119,-0.29569,0.30413
2025-06-07T00:00:00+00:00,17.0,91.0,0.0,Bay of Bengal,-0.07206,-0.29591,0.30456
2025-06-07T00:00:00+00:00,17.0,92.0,0.0,Bay of Bengal,-0.07461,-0.29591,0.30517
2025-06-07T00:00:00+00:00,17.0,93.0,0.0,Bay of Bengal,-0.0786,-0.29569,0.30596
2025-06-07T00:00:00+00:00,17.0,94.0,0.0,Bay of Bengal,-0.0837,-0.29526,0.30689
2025-06-07T00:00:00+00:00,17.0,95.0,0.0,Bay of Bengal,-0.08944,-0.2946,0.30788
2025-06-07T00:00:00+00:00,17.0,96.0,0.0,Bay of Bengal,-0.09535,-0.29374,0.30882
2025-06-07T00:00:00+00:00,17.0,97.0,0.0,Bay of Bengal,-0.10088,-0.29266,0.30956
2025-06-07T00:00:00+00:00,17.0,98.0,0.0,Bay of Bengal,-0.10557,-0.29137,0.30991
2025-06-07T00:00:00+00:00,18.0,80.0,0.0,Bay of Bengal,-0.09775,-0.2819,0.29837
2025-06-07T00:00:00+00:00,18.0,81.0,0.0,Bay of Bengal,-0.09157,-0.28425,0.29863
2025-06-07T00:00:00+00:00,18.0,82.0,0.0,Bay of Bengal,-0.08599,-0.28639,0.29903
2025-06-07T00:00:00+00:00,18.0,83.0,0.0,Bay of Bengal,-0.08157,-0.28834,0.29966
2025-06-07T00:00:00+00:00,18.0,84.0,0.0,Bay of Bengal,-0.07873,-0.29008,0.30057
2025-06-07T00:00:00+00:00,18.0,85.0,0.0,Bay of Bengal,-0.07775,-0.29161,0.3018
2025-06-07T00:00:00+00:00,18.0,86.0,0.0,Bay of Bengal,-0.07873,-0.29293,0.30332
2025-06-07T00:00:00+00:00,18.0,87.0,0.0,Bay of Bengal,-0.08157,-0.29403,0.30513
2025-06-07T00:00:00+00:00,18.0,88.0,0.0,Bay of Bengal,-0.08599,-0.29491,0.30719
2025-06-07T00:00:00+00:00,18.0,89.0,0.0,Bay of Bengal,-0.09157,-0.29558,0.30943
2025-06-07T00:00:00+00:00,18.0,90.0,0.0,Bay of Bengal,-0.09775,-0.29602,0.31174
2025-06-07T00:00:00+00:00,18.0,91.0,0.0,Bay of Bengal,-0.10393,-0.29624,0.31394
2025-06-07T00:00:00+00:00,18.0,92.0,0.0,Bay of Bengal,-0.1095,-0.29624,0.31583
2025-06-07T00:00:00+00:00,18.0,93.0,0.0,Bay of Bengal,-0.11393,-0.29602,0.31719
2025-06-07T00:00:00+00:00,18.0,94.0,0.0,Bay of Bengal,-0.11677,-0.29558,0.31781
2025-06-07T00:00:00+00:00,18.0,95.0,0.0,Bay of Bengal,-0.11775,-0.29493,0.31756
2025-06-07T00:00:00+00:00,18.0,96.0,0.0,Bay of Bengal,-0.11677,-0.29406,0.31639
2025-06-07T00:00:00+00:00,18.0,97.0,0.0,Bay of Bengal,-0.11393,-0.29298,0.31435
2025-06-07T00:00:00+00:00,18.0,98.0,0.0,Bay of Bengal,-0.1095,-0.29169,0.31157
2025-06-07T00:00:00+00:00,19.0,80.0,0.0,Bay of Bengal,-0.08476,-0.28225,0.2947
2025-06-07T00:00:00+00:00,19.0,81.0,0.0,Bay of Bengal,-0.0847,-0.28459,0.29693
2025-06-07T00:00:00+00:00,19.0,82.0,0.0,Bay of Bengal,-0.0868,-0.28674,0.29959
2025-06-07T00:00:00+00:00,19.0,83.0,0.0,Bay of Bengal,-0.09082,-0.28868,0.30263
2025-06-07T00:00:00+00:00,19.0,84.0,0.0,Bay of Bengal,-0.09632,-0.29042,0.30598
2025-06-07T00:00:00+00:00,19.0,85.0,0.0,Bay of Bengal,-0.10271,-0.29195,0.30949
2025-06-07T00:00:00+00:00,19.0,86.0,0.0,Bay of Bengal,-0.10929,-0.29327,0.31297
2025-06-07T00:00:00+00:00,19.0,87.0,0.0,Bay of Bengal,-0.11535,-0.29437,0.31616
2025-06-07T00:00:00+00:00,19.0,88.0,0.0,Bay of Bengal,-0.12022,-0.29525,0.31878
2025-06-07T00:00:00+00:00,19.0,89.0,0.0,Bay of Bengal,-0.12337,-0.29591,0.32059
2025-06-07T00:00:00+00:00,19.0,90.0,0.0,Bay of Bengal,-0.12446,-0.29635,0.32142
2025-06-07T00:00:00+00:00,19.0,91.0,0.0,Bay of Bengal,-0.12337,-0.29657,0.3212
2025-06-07T00:00:00+00:00,19.0,92.0,0.0,Bay of Bengal,-0.12022,-0.29657,0.32001
2025-06-07T00:00:00+00:00,19.0,93.0,0.0,Bay of Bengal,-0.11535,-0.29634,0.318
2025-06-07T00:00:00+00:00,19.0,94.0,0.0,Bay of Bengal,-0.10929,-0.2959,0.31544
2025-06-07T00:00:00+00:00,19.0,95.0,0.0,Bay of Bengal,-0.10271,-0.29525,0.3126
2025-06-07T00:00:00+00:00,19.0,96.0,0.0,Bay of Bengal,-0.09632,-0.29437,0.30973
2025-06-07T00:00:00+00:00,19.0,97.0,0.0,Bay of Bengal,-0.09082,-0.29329,0.30703
2025-06-07T00:00:00+00:00,19.0,98.0,0.0,Bay of Bengal,-0.0868,-0.292,0.30463
2025-06-07T00:00:00+00:00,20.0,80.0,0.0,Bay of Bengal,-0.10444,-0.28259,0.30128
2025-06-07T00:00:00+00:00,20.0,81.0,0.0,Bay of Bengal,-0.11128,-0.28493,0.30589
2025-06-07T00:00:00+00:00,20.0,82.0,0.0,Bay of Bengal,-0.11812,-0.28708,0.31043
2025-06-07T00:00:00+00:00,20.0,83.0,0.0,Bay of Bengal,-0.12414,-0.28902,0.31456
2025-06-07T00:00:00+00:00,20.0,84.0,0.0,Bay of Bengal,-0.1286,-0.29076,0.31793
2025-06-07T00:00:00+00:00,20.0,85.0,0.0,Bay of Bengal,-0.13098,-0.29229,0.32029
2025-06-07T00:00:00+00:00,20.0,86.0,0.0,Bay of Bengal,-0.13098,-0.2936,0.32149
2025-06-07T00:00:00+00:00,20.0,87.0,0.0,Bay of Bengal,-0.1286,-0.2947,0.32154
2025-06-07T00:00:00+00:00,20.0,88.0,0.0,Bay of Bengal,-0.12414,-0.29558,0.32059
2025-06-07T00:00:00+00:00,20.0,89.0,0.0,Bay of Bengal,-0.11812,-0.29624,0.31892
2025-06-07T00:00:00+00:00,20.0,90.0,0.0,Bay of Bengal,-0.11128,-0.29668,0.31686
2025-06-07T00:00:00+00:00,20.0,91.0,0.0,Bay of Bengal,-0.10444,-0.2969,0.31473
2025-06-07T00:00:00+00:00,20.0,92.0,0.0,Bay of Bengal,-0.09843,-0.29689,0.31278
2025-06-07T00:00:00+00:00,20.0,93.0,0.0,Bay of Bengal,-0.09396,-0.29667,0.31119
2025-06-07T00:00:00+00:00,20.0,94.0,0.0,Bay of Bengal,-0.09159,-0.29622,0.31006
2025-06-07T00:00:00+00:00,20.0,95.0,0.0,Bay of Bengal,-0.09159,-0.29556,0.30943
2025-06-07T00:00:00+00:00,20.0,96.0,0.0,Bay of Bengal,-0.09396,-0.29469,0.30931
2025-06-07T00:00:00+00:00,20.0,97.0,0.0,Bay of Bengal,-0.09843,-0.2936,0.30966
2025-06-07T00:00:00+00:00,20.0,98.0,0.0,Bay of Bengal,-0.10444,-0.29231,0.31041
2025-06-07T00:00:00+00:00,21.0,80.0,0.0,Bay of Bengal,-0.13552,-0.28294,0.31372
2025-06-07T00:00:00+00:00,21.0,81.0,0.0,Bay of Bengal,-0.13795,-0.28528,0.31688
2025-06-07T00:00:00+00:00,21.0,82.0,0.0,Bay of Bengal,-0.13776,-0.28742,0.31873
2025-06-07T00:00:00+00:00,21.0,83.0,0.0,Bay of Bengal,-0.13497,-0.28936,0.31929
2025-06-07T00:00:00+00:00,21.0,84.0,0.0,Bay of Bengal,-0.12995,-0.2911,0.31879
2025-06-07T00:00:00+00:00,21.0,85.0,0.0,Bay of Bengal,-0.12337,-0.29262,0.31757
2025-06-07T00:00:00+00:00,21.0,86.0,0.0,Bay of Bengal,-0.1161,-0.29394,0.31604
2025-06-07T00:00:00+00:00,21.0,87.0,0.0,Bay of Bengal,-0.10912,-0.29503,0.31456
2025-06-07T00:00:00+00:00,21.0,88.0,0.0,Bay of Bengal,-0.10333,-0.29591,0.31343
2025-06-07T00:00:00+00:00,21.0,89.0,0.0,Bay of Bengal,-0.09952,-0.29657,0.31282
2025-06-07T00:00:00+00:00,21.0,90.0,0.0,Bay of Bengal,-0.0982,-0.29701,0.31282
2025-06-07T00:00:00+00:00,21.0,91.0,0.0,Bay of Bengal,-0.09952,-0.29722,0.31344
2025-06-07T00:00:00+00:00,21.0,92.0,0.0,Bay of Bengal,-0.10333,-0.29721,0.31466
2025-06-07T00:00:00+00:00,21.0,93.0,0.0,Bay of Bengal,-0.10912,-0.29699,0.3164
2025-06-07T00:00:00+00:00,21.0,94.0,0.0,Bay of Bengal,-0.1161,-0.29654,0.31846
2025-06-07T00:00:00+00:00,21.0,95.0,0.0,Bay of Bengal,-0.12337,-0.29588,0.32057
2025-06-07T00:00:00+00:00,21.0,96.0,0.0,Bay of Bengal,-0.12995,-0.295,0.32236
2025-06-07T00:00:00+00:00,21.0,97.0,0.0,Bay of Bengal,-0.13497,-0.29391,0.32342
2025-06-07T00:00:00+00:00,21.0,98.0,0.0,Bay of Bengal,-0.13776,-0.29262,0.32342
2025-06-07T00:00:00+00:00,22.0,80.0,0.0,Bay of Bengal,-0.13801,-0.28328,0.31511
2025-06-07T00:00:00+00:00,22.0,81.0,0.0,Bay of Bengal,-0.13134,-0.28562,0.31437
2025-06-07T00:00:00+00:00,22.0,82.0,0.0,Bay of Bengal,-0.12376,-0.28776,0.31325
2025-06-07T00:00:00+00:00,22.0,83.0,0.0,Bay of Bengal,-0.11639,-0.2897,0.31221
2025-06-07T00:00:00+00:00,22.0,84.0,0.0,Bay of Bengal,-0.1103,-0.29144,0.31161
2025-06-07T00:00:00+00:00,22.0,85.0,0.0,Bay of Bengal,-0.10636,-0.29296,0.31167
2025-06-07T00:00:00+00:00,22.0,86.0,0.0,Bay of Bengal,-0.10517,-0.29427,0.3125
2025-06-07T00:00:00+00:00,22.0,87.0,0.0,Bay of Bengal,-0.10689,-0.29536,0.31411
2025-06-07T00:00:00+00:00,22.0,88.0,0.0,Bay of Bengal,-0.11126,-0.29624,0.31645
2025-06-07T00:00:00+00:00,22.0,89.0,0.0,Bay of Bengal,-0.11767,-0.2969,0.31936
2025-06-07T00:00:00+00:00,22.0,90.0,0.0,Bay of Bengal,-0.12516,-0.29733,0.3226
2025-06-07T00:00:00+00:00,22.0,91.0,0.0,Bay of Bengal,-0.13265,-0.29754,0.32577
2025-06-07T00:00:00+00:00,22.0,92.0,0.0,Bay of Bengal,-0.13905,-0.29753,0.32842
2025-06-07T00:00:00+00:00,22.0,93.0,0.0,Bay of Bengal,-0.14343,-0.29731,0.33009
2025-06-07T00:00:00+00:00,22.0,94.0,0.0,Bay of Bengal,-0.14515,-0.29686,0.33044
2025-06-07T00:00:00+00:00,22.0,95.0,0.0,Bay of Bengal,-0.14395,-0.29619,0.32932
2025-06-07T00:00:00+00:00,22.0,96.0,0.0,Bay of Bengal,-0.14002,-0.29531,0.32683
2025-06-07T00:00:00+00:00,22.0,97.0,0.0,Bay of Bengal,-0.13393,-0.29422,0.32327
2025-06-07T00:00:00+00:00,22.0,98.0,0.0,Bay of Bengal,-0.12655,-0.29292,0.31909
2025-06-07T00:00:00+00:00,6.0,80.0,50.0,Bay of Bengal,-0.01642,-0.25116,0.2517
2025-06-07T00:00:00+00:00,6.0,81.0,50.0,Bay of Bengal,-0.01756,-0.25332,0.25393
2025-06-07T00:00:00+00:00,6.0,82.0,50.0,Bay of Bengal,-0.01888,-0.2553,0.256
2025-06-07T00:00:00+00:00,6.0,83.0,50.0,Bay of Bengal,-0.02036,-0.2571,0.2579
2025-06-07T00:00:00+00:00,6.0,84.0,50.0,Bay of Bengal,-0.02199,-0.25871,0.25965
2025-06-07T00:00:00+00:00,6.0,85.0,50.0,Bay of Bengal,-0.02374,-0.26014,0.26122
2025-06-07T00:00:00+00:00,6.0,86.0,50.0,Bay of Bengal,-0.02561,-0.26137,0.26262
2025-06-07T00:00:00+00:00,6.0,87.0,50.0,Bay of Bengal,-0.02756,-0.26241,0.26386
2025-06-07T00:00:00+00:00,6.0,88.0,50.0,Bay of Bengal,-0.02959,-0.26325,0.26491
2025-06-07T00:00:00+00:00,6.0,89.0,50.0,Bay of Bengal,-0.03165,-0.2639,0.26579
2025-06-07T00:00:00+00:00,6.0,90.0,50.0,Bay of Bengal,-0.03374,-0.26435,0.26649
2025-06-07T00:00:00+00:00,6.0,91.0,50.0,Bay of Bengal,-0.03584,-0.26459,0.26701
2025-06-07T00:00:00+00:00,6.0,92.0,50.0,Bay of Bengal,-0.0379,-0.26464,0.26734
2025-06-07T00:00:00+00:00,6.0,93.0,50.0,Bay of Bengal,-0.03992,-0.26449,0.26749
2025-06-07T00:00:00+00:00,6.0,94.0,50.0,Bay of Bengal,-0.04188,-0.26415,0.26745
2025-06-07T00:00:00+00:00,6.0,95.0,50.0,Bay of Bengal,-0.04374,-0.26361,0.26721
2025-06-07T00:00:00+00:00,6.0,96.0,50.0,Bay of Bengal,-0.0455,-0.26287,0.26678
2025-06-07T00:00:00+00:00,6.0,97.0,50.0,Bay of Bengal,-0.04713,-0.26195,0.26615
2025-06-07T00:00:00+00:00,6.0,98.0,50.0,Bay of Bengal,-0.04861,-0.26084,0.26533
2025-06-07T00:00:00+00:00,7.0,80.0,50.0,Bay of Bengal,-0.04335,-0.25151,0.25522
2025-06-07T00:00:00+00:00,7.0,81.0,50.0,Bay of Bengal,-0.04559,-0.25367,0.25773
2025-06-07T00:00:00+00:00,7.0,82.0,50.0,Bay of Bengal,-0.0477,-0.25565,0.26006
2025-06-07T00:00:00+00:00,7.0,83.0,50.0,Bay of Bengal,-0.04963,-0.25745,0.26219
2025-06-07T00:00:00+00:00,7.0,84.0,50.0,Bay of Bengal,-0.05138,-0.25906,0.26411
2025-06-07T00:00:00+00:00,7.0,85.0,50.0,Bay of Bengal,-0.0529,-0.26049,0.2658
2025-06-07T00:00:00+00:00,7.0,86.0,50.0,Bay of Bengal,-0.05417,-0.26172,0.26727
2025-06-07T00:00:00+00:00,7.0,87.0,50.0,Bay of Bengal,-0.05518,-0.26276,0.26849
2025-06-07T00:00:00+00:00,7.0,88.0,50.0,Bay of Bengal,-0.05592,-0.2636,0.26947
2025-06-07T00:00:00+00:00,7.0,89.0,50.0,Bay of Bengal,-0.05636,-0.26425,0.27019
2025-06-07T00:00:00+00:00,7.0,90.0,50.0,Bay of Bengal,-0.05651,-0.26469,0.27066
2025-06-07T00:00:00+00:00,7.0,91.0,50.0,Bay of Bengal,-0.05636,-0.26494,0.27087
2025-06-07T00:00:00+00:00,7.0,92.0,50.0,Bay of Bengal,-0.05592,-0.26499,0.27082
2025-06-07T00:00:00+00:00,7.0,93.0,50.0,Bay of Bengal,-0.05518,-0.26484,0.27053
2025-06-07T00:00:00+00:00,7.0,94.0,50.0,Bay of Bengal,-0.05417,-0.26449,0.26998
2025-06-07T00:00:00+00:00,7.0,95.0,50.0,Bay of Bengal,-0.0529,-0.26395,0.2692
2025-06-07T00:00:00+00:00,7.0,96.0,50.0,Bay of Bengal,-0.05138,-0.26321,0.26818
2025-06-07T00:00:00+00:00,7.0,97.0,50.0,Bay of Bengal,-0.04963,-0.26229,0.26694
2025-06-07T00:00:00+00:00,7.0,98.0,50.0,Bay of Bengal,-0.0477,-0.26117,0.26549
2025-06-07T00:00:00+00:00,8.0,80.0,50.0,Bay of Bengal,-0.05937,-0.25186,0.25876
2025-06-07T00:00:00+00:00,8.0,81.0,50.0,Bay of Bengal,-0.05869,-0.25402,0.26071
2025-06-07T00:00:00+00:00,8.0,82.0,50.0,Bay of Bengal,-0.05765,-0.256,0.26241
2025-06-07T00:00:00+00:00,8.0,83.0,50.0,Bay of Bengal,-0.05625,-0.2578,0.26386
2025-06-07T00:00:00+00:00,8.0,84.0,50.0,Bay of Bengal,-0.05453,-0.25941,0.26508
2025-06-07T00:00:00+00:00,8.0,85.0,50.0,Bay of Bengal,-0.05253,-0.26084,0.26607
2025-06-07T00:00:00+00:00,8.0,86.0,50.0,Bay of Bengal,-0.05027,-0.26207,0.26685
2025-06-07T00:00:00+00:00,8.0,87.0,50.0,Bay of Bengal,-0.04781,-0.26311,0.26742
2025-06-07T00:00:00+00:00,8.0,88.0,50.0,Bay of Bengal,-0.04518,-0.26395,0.26779
2025-06-07T00:00:00+00:00,8.0,89.0,50.0,Bay of Bengal,-0.04245,-0.26459,0.26798
2025-06-07T00:00:00+00:00,8.0,90.0,50.0,Bay of Bengal,-0.03967,-0.26504,0.26799
2025-06-07T00:00:00+00:00,8.0,91.0,50.0,Bay of Bengal,-0.03689,-0.26529,0.26784
2025-06-07T00:00:00+00:00,8.0,92.0,50.0,Bay of Bengal,-0.03416,-0.26533,0.26752
2025-06-07T00:00:00+00:00,8.0,93.0,50.0,Bay of Bengal,-0.03154,-0.26518,0.26705
2025-06-07T00:00:00+00:00,8.0,94.0,50.0,Bay of Bengal,-0.02907,-0.26483,0.26642
2025-06-07T00:00:00+00:00,8.0,95.0,50.0,Bay of Bengal,-0.02682,-0.26429,0.26565
2025-06-07T00:00:00+00:00,8.0,96.0,50.0,Bay of Bengal,-0.02481,-0.26355,0.26472
2025-06-07T00:00:00+00:00,8.0,97.0,50.0,Bay of Bengal,-0.02309,-0.26262,0.26364
2025-06-07T00:00:00+00:00,8.0,98.0,50.0,Bay of Bengal,-0.0217,-0.26151,0.26241
2025-06-07T00:00:00+00:00,9.0,80.0,50.0,Bay of Bengal,-0.0432,-0.25221,0.25588
2025-06-07T00:00:00+00:00,9.0,81.0,50.0,Bay of Bengal,-0.04007,-0.25437,0.2575
2025-06-07T00:00:00+00:00,9.0,82.0,50.0,Bay of Bengal,-0.03702,-0.25635,0.25901
2025-06-07T00:00:00+00:00,9.0,83.0,50.0,Bay of Bengal,-0.03412,-0.25815,0.26039
2025-06-07T00:00:00+00:00,9.0,84.0,50.0,Bay of Bengal,-0.03145,-0.25976,0.26166
2025-06-07T00:00:00+00:00,9.0,85.0,50.0,Bay of Bengal,-0.02906,-0.26118,0.2628
2025-06-07T00:00:00+00:00,9.0,86.0,50.0,Bay of Bengal,-0.02702,-0.26242,0.2638
2025-06-07T00:00:00+00:00,9.0,87.0,50.0,Bay of Bengal,-0.02538,-0.26346,0.26468
2025-06-07T00:00:00+00:00,9.0,88.0,50.0,Bay of Bengal,-0.02418,-0.2643,0.2654
2025-06-07T00:00:00+00:00,9.0,89.0,50.0,Bay of Bengal,-0.02345,-0.26494,0.26598
2025-06-07T00:00:00+00:00,9.0,90.0,50.0,Bay of Bengal,-0.0232,-0.26538,0.2664
2025-06-07T00:00:00+00:00,9.0,91.0,50.0,Bay of Bengal,-0.02345,-0.26563,0.26666
2025-06-07T00:00:00+00:00,9.0,92.0,50.0,Bay of Bengal,-0.02418,-0.26568,0.26677
2025-06-07T00:00:00+00:00,9.0,93.0,50.0,Bay of Bengal,-0.02538,-0.26552,0.26673
2025-06-07T00:00:00+00:00,9.0,94.0,50.0,Bay of Bengal,-0.02702,-0.26517,0.26655
2025-06-07T00:00:00+00:00,9.0,95.0,50.0,Bay of Bengal,-0.02906,-0.26463,0.26622
2025-06-07T00:00:00+00:00,9.0,96.0,50.0,Bay of Bengal,-0.03145,-0.26389,0.26576
2025-06-07T00:00:00+00:00,9.0,97.0,50.0,Bay of Bengal,-0.03412,-0.26296,0.26517
2025-06-07T00:00:00+00:00,9.0,98.0,50.0,Bay of Bengal,-0.03702,-0.26185,0.26445
2025-06-07T00:00:00+00:00,10.0,80.0,50.0,Bay of Bengal,-0.02739,-0.25256,0.25404
2025-06-07T00:00:00+00:00,10.0,81.0,50.0,Bay of Bengal,-0.02709,-0.25472,0.25615
2025-06-07T00:00:00+00:00,10.0,82.0,50.0,Bay of Bengal,-0.02739,-0.2567,0.25815
2025-06-07T00:00:00+00:00,10.0,83.0,50.0,Bay of Bengal,-0.0283,-0.25849,0.26004
2025-06-07T00:00:00+00:00,10.0,84.0,50.0,Bay of Bengal,-0.02977,-0.26011,0.26181
2025-06-07T00:00:00+00:00,10.0,85.0,50.0,Bay of Bengal,-0.03177,-0.26153,0.26346
2025-06-07T00:00:00+00:00,10.0,86.0,50.0,Bay of Bengal,-0.03424,-0.26276,0.26499
2025-06-07T00:00:00+00:00,10.0,87.0,50.0,Bay of Bengal,-0.03709,-0.2638,0.2664
2025-06-07T00:00:00+00:00,10.0,88.0,50.0,Bay of Bengal,-0.04025,-0.26464,0.26769
2025-06-07T00:00:00+00:00,10.0,89.0,50.0,Bay of Bengal,-0.04362,-0.26529,0.26885
2025-06-07T00:00:00+00:00,10.0,90.0,50.0,Bay of Bengal,-0.04709,-0.26573,0.26987
2025-06-07T00:00:00+00:00,10.0,91.0,50.0,Bay of Bengal,-0.05056,-0.26597,0.27074
2025-06-07T00:00:00+00:00,10.0,92.0,50.0,Bay of Bengal,-0.05393,-0.26602,0.27143
2025-06-07T00:00:00+00:00,10.0,93.0,50.0,Bay of Bengal,-0.05709,-0.26586,0.27192
2025-06-07T00:00:00+00:00,10.0,94.0,50.0,Bay of Bengal,-0.05995,-0.26551,0.2722
2025-06-07T00:00:00+00:00,10.0,95.0,50.0,Bay of Bengal,-0.06241,-0.26497,0.27222
2025-06-07T00:00:00+00:00,10.0,96.0,50.0,Bay of Bengal,-0.06441,-0.26423,0.27196
2025-06-07T00:00:00+00:00,10.0,97.0,50.0,Bay of Bengal,-0.06588,-0.2633,0.27141
2025-06-07T00:00:00+00:00,10.0,98.0,50.0,Bay of Bengal,-0.06679,-0.26218,0.27055
2025-06-07T00:00:00+00:00,11.0,80.0,50.0,Bay of Bengal,-0.04448,-0.25291,0.25679
2025-06-07T00:00:00+00:00,11.0,81.0,50.0,Bay of Bengal,-0.04819,-0.25506,0.25958
2025-06-07T00:00:00+00:00,11.0,82.0,50.0,Bay of Bengal,-0.05202,-0.25704,0.26225
2025-06-07T00:00:00+00:00,11.0,83.0,50.0,Bay of Bengal,-0.05582,-0.25884,0.26479
2025-06-07T00:00:00+00:00,11.0,84.0,50.0,Bay of Bengal,-0.05945,-0.26046,0.26716
2025-06-07T00:00:00+00:00,11.0,85.0,50.0,Bay of Bengal,-0.06279,-0.26188,0.2693
2025-06-07T00:00:00+00:00,11.0,86.0,50.0,Bay of Bengal,-0.0657,-0.26311,0.27119
2025-06-07T00:00:00+00:00,11.0,87.0,50.0,Bay of Bengal,-0.06809,-0.26415,0.27278
2025-06-07T00:00:00+00:00,11.0,88.0,50.0,Bay of Bengal,-0.06986,-0.26499,0.27404
2025-06-07T00:00:00+00:00,11.0,89.0,50.0,Bay of Bengal,-0.07095,-0.26563,0.27494
2025-06-07T00:00:00+00:00,11.0,90.0,50.0,Bay of Bengal,-0.07132,-0.26607,0.27546
2025-06-07T00:00:00+00:00,11.0,91.0,50.0,Bay of Bengal,-0.07095,-0.26632,0.2756
2025-06-07T00:00:00+00:00,11.0,92.0,50.0,Bay of Bengal,-0.06986,-0.26636,0.27537
2025-06-07T00:00:00+00:00,11.0,93.0,50.0,Bay of Bengal,-0.06809,-0.2662,0.27477
2025-06-07T00:00:00+00:00,11.0,94.0,50.0,Bay of Bengal,-0.0657,-0.26585,0.27385
2025-06-07T00:00:00+00:00,11.0,95.0,50.0,Bay of Bengal,-0.06279,-0.2653,0.27263
2025-06-07T00:00:00+00:00,11.0,96.0,50.0,Bay of Bengal,-0.05945,-0.26456,0.27116
2025-06-07T00:00:00+00:00,11.0,97.0,50.0,Bay of Bengal,-0.05582,-0.26363,0.26947
2025-06-07T00:00:00+00:00,11.0,98.0,50.0,Bay of Bengal,-0.05202,-0.26251,0.26761
2025-06-07T00:00:00+00:00,12.0,80.0,50.0,Bay of Bengal,-0.07318,-0.25326,0.26362
2025-06-07T00:00:00+00:00,12.0,81.0,50.0,Bay of Bengal,-0.07488,-0.25541,0.26616
2025-06-07T00:00:00+00:00,12.0,82.0,50.0,Bay of Bengal,-0.07575,-0.25739,0.26831
2025-06-07T00:00:00+00:00,12.0,83.0,50.0,Bay of Bengal,-0.07575,-0.25919,0.27003
2025-06-07T00:00:00+00:00,12.0,84.0,50.0,Bay of Bengal,-0.07488,-0.2608,0.27134
2025-06-07T00:00:00+00:00,12.0,85.0,50.0,Bay of Bengal,-0.07318,-0.26223,0.27225
2025-06-07T00:00:00+00:00,12.0,86.0,50.0,Bay of Bengal,-0.07072,-0.26346,0.27279
2025-06-07T00:00:00+00:00,12.0,87.0,50.0,Bay of Bengal,-0.06762,-0.26449,0.273
2025-06-07T00:00:00+00:00,12.0,88.0,50.0,Bay of Bengal,-0.06399,-0.26533,0.27294
2025-06-07T00:00:00+00:00,12.0,89.0,50.0,Bay of Bengal,-0.06002,-0.26597,0.27266
2025-06-07T00:00:00+00:00,12.0,90.0,50.0,Bay of Bengal,-0.05586,-0.26641,0.27221
2025-06-07T00:00:00+00:00,12.0,91.0,50.0,Bay of Bengal,-0.0517,-0.26666,0.27162
2025-06-07T00:00:00+00:00,12.0,92.0,50.0,Bay of Bengal,-0.04773,-0.2667,0.27093
2025-06-07T00:00:00+00:00,12.0,93.0,50.0,Bay of Bengal,-0.0441,-0.26654,0.27017
2025-06-07T00:00:00+00:00,12.0,94.0,50.0,Bay of Bengal,-0.041,-0.26619,0.26933
2025-06-07T00:00:00+00:00,12.0,95.0,50.0,Bay of Bengal,-0.03854,-0.26564,0.26842
2025-06-07T00:00:00+00:00,12.0,96.0,50.0,Bay of Bengal,-0.03684,-0.26489,0.26744
2025-06-07T00:00:00+00:00,12.0,97.0,50.0,Bay of Bengal,-0.03597,-0.26396,0.2664
2025-06-07T00:00:00+00:00,12.0,98.0,50.0,Bay of Bengal,-0.03597,-0.26284,0.26529
2025-06-07T00:00:00+00:00,13.0,80.0,50.0,Bay of Bengal,-0.07355,-0.2536,0.26406
2025-06-07T00:00:00+00:00,13.0,81.0,50.0,Bay of Bengal,-0.06978,-0.25576,0.26511
2025-06-07T00:00:00+00:00,13.0,82.0,50.0,Bay of Bengal,-0.06554,-0.25774,0.26594
2025-06-07T00:00:00+00:00,13.0,83.0,50.0,Bay of Bengal,-0.06105,-0.25954,0.26662
2025-06-07T00:00:00+00:00,13.0,84.0,50.0,Bay of Bengal,-0.05654,-0.26115,0.2672
2025-06-07T00:00:00+00:00,13.0,85.0,50.0,Bay of Bengal,-0.05225,-0.26257,0.26772
2025-06-07T00:00:00+00:00,13.0,86.0,50.0,Bay of Bengal,-0.04838,-0.2638,0.2682
2025-06-07T00:00:00+00:00,13.0,87.0,50.0,Bay of Bengal,-0.04516,-0.26484,0.26866
2025-06-07T00:00:00+00:00,13.0,88.0,50.0,Bay of Bengal,-0.04272,-0.26568,0.26909
2025-06-07T00:00:00+00:00,13.0,89.0,50.0,Bay of Bengal,-0.04121,-0.26632,0.26948
2025-06-07T00:00:00+00:00,13.0,90.0,50.0,Bay of Bengal,-0.0407,-0.26676,0.26984
2025-06-07T00:00:00+00:00,13.0,91.0,50.0,Bay of Bengal,-0.04121,-0.267,0.27016
2025-06-07T00:00:00+00:00,13.0,92.0,50.0,Bay of Bengal,-0.04272,-0.26704,0.27043
2025-06-07T00:00:00+00:00,13.0,93.0,50.0,Bay of Bengal,-0.04516,-0.26688,0.27067
2025-06-07T00:00:00+00:00,13.0,94.0,50.0,Bay of Bengal,-0.04838,-0.26652,0.27088
2025-06-07T00:00:00+00:00,13.0,95.0,50.0,Bay of Bengal,-0.05225,-0.26597,0.27105
2025-06-07T00:00:00+00:00,13.0,96.0,50.0,Bay of Bengal,-0.05654,-0.26522,0.27118
2025-06-07T00:00:00+00:00,13.0,97.0,50.0,Bay of Bengal,-0.06105,-0.26429,0.27125
2025-06-07T00:00:00+00:00,13.0,98.0,50.0,Bay of Bengal,-0.06554,-0.26317,0.2712
2025-06-07T00:00:00+00:00,14.0,80.0,50.0,Bay of Bengal,-0.05295,-0.25395,0.25941
2025-06-07T00:00:00+00:00,14.0,81.0,50.0,Bay of Bengal,-0.04963,-0.25611,0.26087
2025-06-07T00:00:00+00:00,14.0,82.0,50.0,Bay of Bengal,-0.04726,-0.25809,0.26238
2025-06-07T00:00:00+00:00,14.0,83.0,50.0,Bay of Bengal,-0.046,-0.25989,0.26393
2025-06-07T00:00:00+00:00,14.0,84.0,50.0,Bay of Bengal,-0.04592,-0.2615,0.2655
2025-06-07T00:00:00+00:00,14.0,85.0,50.0,Bay of Bengal,-0.04701,-0.26292,0.26709
2025-06-07T00:00:00+00:00,14.0,86.0,50.0,Bay of Bengal,-0.04923,-0.26415,0.2687
2025-06-07T00:00:00+00:00,14.0,87.0,50.0,Bay of Bengal,-0.05243,-0.26518,0.27031
2025-06-07T00:00:00+00:00,14.0,88.0,50.0,Bay of Bengal,-0.05642,-0.26602,0.27193
2025-06-07T00:00:00+00:00,14.0,89.0,50.0,Bay of Bengal,-0.06097,-0.26666,0.27354
2025-06-07T00:00:00+00:00,14.0,90.0,50.0,Bay of Bengal,-0.06581,-0.26709,0.27508
2025-06-07T00:00:00+00:00,14.0,91.0,50.0,Bay of Bengal,-0.07065,-0.26733,0.27651
2025-06-07T00:00:00+00:00,14.0,92.0,50.0,Bay of Bengal,-0.0752,-0.26737,0.27775
2025-06-07T00:00:00+00:00,14.0,93.0,50.0,Bay of Bengal,-0.07919,-0.26721,0.2787
2025-06-07T00:00:00+00:00,14.0,94.0,50.0,Bay of Bengal,-0.08239,-0.26685,0.27928
2025-06-07T00:00:00+00:00,14.0,95.0,50.0,Bay of Bengal,-0.0846,-0.2663,0.27942
2025-06-07T00:00:00+00:00,14.0,96.0,50.0,Bay of Bengal,-0.0857,-0.26555,0.27904
2025-06-07T00:00:00+00:00,14.0,97.0,50.0,Bay of Bengal,-0.08561,-0.26462,0.27812
2025-06-07T00:00:00+00:00,14.0,98.0,50.0,Bay of Bengal,-0.08435,-0.26349,0.27666
2025-06-07T00:00:00+00:00,15.0,80.0,50.0,Bay of Bengal,-0.05384,-0.2543,0.25994
2025-06-07T00:00:00+00:00,15.0,81.0,50.0,Bay of Bengal,-0.05702,-0.25646,0.26272
2025-06-07T00:00:00+00:00,15.0,82.0,50.0,Bay of Bengal,-0.06116,-0.25844,0.26557
2025-06-07T00:00:00+00:00,15.0,83.0,50.0,Bay of Bengal,-0.06599,-0.26023,0.26847
2025-06-07T00:00:00+00:00,15.0,84.0,50.0,Bay of Bengal,-0.07116,-0.26184,0.27134
2025-06-07T00:00:00+00:00,15.0,85.0,50.0,Bay of Bengal,-0.07634,-0.26326,0.27411
2025-06-07T00:00:00+00:00,15.0,86.0,50.0,Bay of Bengal,-0.08116,-0.26449,0.27666
2025-06-07T00:00:00+00:00,15.0,87.0,50.0,Bay of Bengal,-0.08531,-0.26552,0.27889
2025-06-07T00:00:00+00:00,15.0,88.0,50.0,Bay of Bengal,-0.08848,-0.26636,0.28067
2025-06-07T00:00:00+00:00,15.0,89.0,50.0,Bay of Bengal,-0.09048,-0.267,0.28191
2025-06-07T00:00:00+00:00,15.0,90.0,50.0,Bay of Bengal,-0.09116,-0.26743,0.28254
2025-06-07T00:00:00+00:00,15.0,91.0,50.0,Bay of Bengal,-0.09048,-0.26767,0.28255
2025-06-07T00:00:00+00:00,15.0,92.0,50.0,Bay of Bengal,-0.08848,-0.26771,0.28195
2025-06-07T00:00:00+00:00,15.0,93.0,50.0,Bay of Bengal,-0.08531,-0.26755,0.28082
2025-06-07T00:00:00+00:00,15.0,94.0,50.0,Bay of Bengal,-0.08116,-0.26719,0.27924
2025-06-07T00:00:00+00:00,15.0,95.0,50.0,Bay of Bengal,-0.07634,-0.26663,0.27734
2025-06-07T00:00:00+00:00,15.0,96.0,50.0,Bay of Bengal,-0.07116,-0.26588,0.27524
2025-06-07T00:00:00+00:00,15.0,97.0,50.0,Bay of Bengal,-0.06599,-0.26494,0.27303
2025-06-07T00:00:00+00:00,15.0,98.0,50.0,Bay of Bengal,-0.06116,-0.26381,0.27081
2025-06-07T00:00:00+00:00,16.0,80.0,50.0,Bay of Bengal,-0.08358,-0.25465,0.26801
2025-06-07T00:00:00+00:00,16.0,81.0,50.0,Bay of Bengal,-0.0885,-0.2568,0.27162
2025-06-07T00:00:00+00:00,16.0,82.0,50.0,Bay of Bengal,-0.0925,-0.25878,0.27482
2025-06-07T00:00:00+00:00,16.0,83.0,50.0,Bay of Bengal,-0.09528,-0.26058,0.27745
2025-06-07T00:00:00+00:00,16.0,84.0,50.0,Bay of Bengal,-0.09663,-0.26219,0.27943
2025-06-07T00:00:00+00:00,16.0,85.0,50.0,Bay of Bengal,-0.09644,-0.26361,0.28069
2025-06-07T00:00:00+00:00,16.0,86.0,50.0,Bay of Bengal,-0.09472,-0.26483,0.28126
2025-06-07T00:00:00+00:00,16.0,87.0,50.0,Bay of Bengal,-0.0916,-0.26586,0.2812
2025-06-07T00:00:00+00:00,16.0,88.0,50.0,Bay of Bengal,-0.08734,-0.2667,0.28063
2025-06-07T00:00:00+00:00,16.0,89.0,50.0,Bay of Bengal,-0.08225,-0.26733,0.2797
2025-06-07T00:00:00+00:00,16.0,90.0,50.0,Bay of Bengal,-0.07674,-0.26777,0.27855
2025-06-07T00:00:00+00:00,16.0,91.0,50.0,Bay of Bengal,-0.07123,-0.268,0.27731
2025-06-07T00:00:00+00:00,16.0,92.0,50.0,Bay of Bengal,-0.06614,-0.26804,0.27608
2025-06-07T00:00:00+00:00,16.0,93.0,50.0,Bay of Bengal,-0.06188,-0.26788,0.27493
2025-06-07T00:00:00+00:00,16.0,94.0,50.0,Bay of Bengal,-0.05876,-0.26751,0.27389
2025-06-07T00:00:00+00:00,16.0,95.0,50.0,Bay of Bengal,-0.05704,-0.26696,0.27298
2025-06-07T00:00:00+00:00,16.0,96.0,50.0,Bay of Bengal,-0.05685,-0.26621,0.27221
2025-06-07T00:00:00+00:00,16.0,97.0,50.0,Bay of Bengal,-0.0582,-0.26526,0.27157
2025-06-07T00:00:00+00:00,16.0,98.0,50.0,Bay of Bengal,-0.06098,-0.26413,0.27108
2025-06-07T00:00:00+00:00,17.0,80.0,50.0,Bay of Bengal,-0.10221,-0.255,0.27472
2025-06-07T00:00:00+00:00,17.0,81.0,50.0,Bay of Bengal,-0.10033,-0.25715,0.27603
2025-06-07T00:00:00+00:00,17.0,82.0,50.0,Bay of Bengal,-0.0969,-0.25913,0.27665
2025-06-07T00:00:00+00:00,17.0,83.0,50.0,Bay of Bengal,-0.09221,-0.26092,0.27673
2025-06-07T00:00:00+00:00,17.0,84.0,50.0,Bay of Bengal,-0.08667,-0.26253,0.27647
2025-06-07T00:00:00+00:00,17.0,85.0,50.0,Bay of Bengal,-0.08077,-0.26395,0.27603
2025-06-07T00:00:00+00:00,17.0,86.0,50.0,Bay of Bengal,-0.07502,-0.26517,0.27558
2025-06-07T00:00:00+00:00,17.0,87.0,50.0,Bay of Bengal,-0.06992,-0.2662,0.27523
2025-06-07T00:00:00+00:00,17.0,88.0,50.0,Bay of Bengal,-0.06593,-0.26704,0.27505
2025-06-07T00:00:00+00:00,17.0,89.0,50.0,Bay of Bengal,-0.06338,-0.26767,0.27507
2025-06-07T00:00:00+00:00,17.0,90.0,50.0,Bay of Bengal,-0.06251,-0.2681,0.27529
2025-06-07T00:00:00+00:00,17.0,91.0,50.0,Bay of Bengal,-0.06338,-0.26834,0.27572
2025-06-07T00:00:00+00:00,17.0,92.0,50.0,Bay of Bengal,-0.06593,-0.26837,0.27635
2025-06-07T00:00:00+00:00,17.0,93.0,50.0,Bay of Bengal,-0.06992,-0.26821,0.27717
2025-06-07T00:00:00+00:00,17.0,94.0,50.0,Bay of Bengal,-0.07502,-0.26784,0.27815
2025-06-07T00:00:00+00:00,17.0,95.0,50.0,Bay of Bengal,-0.08077,-0.26728,0.27922
2025-06-07T00:00:00+00:00,17.0,96.0,50.0,Bay of Bengal,-0.08667,-0.26653,0.28026
2025-06-07T00:00:00+00:00,17.0,97.0,50.0,Bay of Bengal,-0.09221,-0.26558,0.28113
2025-06-07T00:00:00+00:00,17.0,98.0,50.0,Bay of Bengal,-0.0969,-0.26445,0.28164
2025-06-07T00:00:00+00:00,18.0,80.0,50.0,Bay of Bengal,-0.08844,-0.25534,0.27023
2025-06-07T00:00:00+00:00,18.0,81.0,50.0,Bay of Bengal,-0.08226,-0.2575,0.27032
2025-06-07T00:00:00+00:00,18.0,82.0,50.0,Bay of Bengal,-0.07669,-0.25947,0.27057
2025-06-07T00:00:00+00:00,18.0,83.0,50.0,Bay of Bengal,-0.07226,-0.26126,0.27107
2025-06-07T00:00:00+00:00,18.0,84.0,50.0,Bay of Bengal,-0.06942,-0.26287,0.27188
2025-06-07T00:00:00+00:00,18.0,85.0,50.0,Bay of Bengal,-0.06844,-0.26429,0.27301
2025-06-07T00:00:00+00:00,18.0,86.0,50.0,Bay of Bengal,-0.06942,-0.26551,0.27444
2025-06-07T00:00:00+00:00,18.0,87.0,50.0,Bay of Bengal,-0.07226,-0.26654,0.27616
2025-06-07T00:00:00+00:00,18.0,88.0,50.0,Bay of Bengal,-0.07669,-0.26737,0.27815
2025-06-07T00:00:00+00:00,18.0,89.0,50.0,Bay of Bengal,-0.08226,-0.268,0.28035
2025-06-07T00:00:00+00:00,18.0,90.0,50.0,Bay of Bengal,-0.08844,-0.26844,0.28263
2025-06-07T00:00:00+00:00,18.0,91.0,50.0,Bay of Bengal,-0.09462,-0.26867,0.28484
2025-06-07T00:00:00+00:00,18.0,92.0,50.0,Bay of Bengal,-0.1002,-0.2687,0.28677
2025-06-07T00:00:00+00:00,18.0,93.0,50.0,Bay of Bengal,-0.10462,-0.26853,0.28819
2025-06-07T00:00:00+00:00,18.0,94.0,50.0,Bay of Bengal,-0.10747,-0.26817,0.2889
2025-06-07T00:00:00+00:00,18.0,95.0,50.0,Bay of Bengal,-0.10844,-0.2676,0.28874
2025-06-07T00:00:00+00:00,18.0,96.0,50.0,Bay of Bengal,-0.10747,-0.26685,0.28767
2025-06-07T00:00:00+00:00,18.0,97.0,50.0,Bay of Bengal,-0.10462,-0.2659,0.28574
2025-06-07T00:00:00+00:00,18.0,98.0,50.0,Bay of Bengal,-0.1002,-0.26477,0.28309
2025-06-07T00:00:00+00:00,19.0,80.0,50.0,Bay of Bengal,-0.07482,-0.25569,0.26641
2025-06-07T00:00:00+00:00,19.0,81.0,50.0,Bay of Bengal,-0.07476,-0.25784,0.26846
2025-06-07T00:00:00+00:00,19.0,82.0,50.0,Bay of Bengal,-0.07686,-0.25981,0.27094
2025-06-07T00:00:00+00:00,19.0,83.0,50.0,Bay of Bengal,-0.08088,-0.26161,0.27382
2025-06-07T00:00:00+00:00,19.0,84.0,50.0,Bay of Bengal,-0.08638,-0.26321,0.27702
2025-06-07T00:00:00+00:00,19.0,85.0,50.0,Bay of Bengal,-0.09277,-0.26463,0.28042
2025-06-07T00:00:00+00:00,19.0,86.0,50.0,Bay of Bengal,-0.09935,-0.26585,0.28381
2025-06-07T00:00:00+00:00,19.0,87.0,50.0,Bay of Bengal,-0.10541,-0.26688,0.28694
2025-06-07T00:00:00+00:00,19.0,88.0,50.0,Bay of Bengal,-0.11028,-0.26771,0.28953
2025-06-07T00:00:00+00:00,19.0,89.0,50.0,Bay of Bengal,-0.11343,-0.26834,0.29133
2025-06-07T00:00:00+00:00,19.0,90.0,50.0,Bay of Bengal,-0.11452,-0.26877,0.29215
2025-06-07T00:00:00+00:00,19.0,91.0,50.0,Bay of Bengal,-0.11343,-0.269,0.29193
2025-06-07T00:00:00+00:00,19.0,92.0,50.0,Bay of Bengal,-0.11028,-0.26903,0.29075
2025-06-07T00:00:00+00:00,19.0,93.0,50.0,Bay of Bengal,-0.10541,-0.26886,0.28878
2025-06-07T00:00:00+00:00,19.0,94.0,50.0,Bay of Bengal,-0.09935,-0.26849,0.28628
2025-06-07T00:00:00+00:00,19.0,95.0,50.0,Bay of Bengal,-0.09277,-0.26792,0.28353
2025-06-07T00:00:00+00:00,19.0,96.0,50.0,Bay of Bengal,-0.08638,-0.26717,0.28078
2025-06-07T00:00:00+00:00,19.0,97.0,50.0,Bay of Bengal,-0.08088,-0.26622,0.27823
2025-06-07T00:00:00+00:00,19.0,98.0,50.0,Bay of Bengal,-0.07686,-0.26508,0.27599
2025-06-07T00:00:00+00:00,20.0,80.0,50.0,Bay of Bengal,-0.09385,-0.25603,0.27269
2025-06-07T00:00:00+00:00,20.0,81.0,50.0,Bay of Bengal,-0.10069,-0.25818,0.27712
2025-06-07T00:00:00+00:00,20.0,82.0,50.0,Bay of Bengal,-0.10753,-0.26016,0.2815
2025-06-07T00:00:00+00:00,20.0,83.0,50.0,Bay of Bengal,-0.11355,-0.26195,0.2855
2025-06-07T00:00:00+00:00,20.0,84.0,50.0,Bay of Bengal,-0.11801,-0.26355,0.28877
2025-06-07T00:00:00+00:00,20.0,85.0,50.0,Bay of Bengal,-0.12039,-0.26497,0.29103
2025-06-07T00:00:00+00:00,20.0,86.0,50.0,Bay of Bengal,-0.12039,-0.26619,0.29215
2025-06-07T00:00:00+00:00,20.0,87.0,50.0,Bay of Bengal,-0.11801,-0.26721,0.29211
2025-06-07T00:00:00+00:00,20.0,88.0,50.0,Bay of Bengal,-0.11355,-0.26804,0.2911
2025-06-07T00:00:00+00:00,20.0,89.0,50.0,Bay of Bengal,-0.10753,-0.26867,0.28939
2025-06-07T00:00:00+00:00,20.0,90.0,50.0,Bay of Bengal,-0.10069,-0.2691,0.28732
2025-06-07T00:00:00+00:00,20.0,91.0,50.0,Bay of Bengal,-0.09385,-0.26932,0.28521
2025-06-07T00:00:00+00:00,20.0,92.0,50.0,Bay of Bengal,-0.08784,-0.26935,0.28331
2025-06-07T00:00:00+00:00,20.0,93.0,50.0,Bay of Bengal,-0.08337,-0.26918,0.2818
2025-06-07T00:00:00+00:00,20.0,94.0,50.0,Bay of Bengal,-0.081,-0.26881,0.28075
2025-06-07T00:00:00+00:00,20.0,95.0,50.0,Bay of Bengal,-0.081,-0.26824,0.2802
2025-06-07T00:00:00+00:00,20.0,96.0,50.0,Bay of Bengal,-0.08337,-0.26748,0.28017
2025-06-07T00:00:00+00:00,20.0,97.0,50.0,Bay of Bengal,-0.08784,-0.26653,0.28063
2025-06-07T00:00:00+00:00,20.0,98.0,50.0,Bay of Bengal,-0.09385,-0.26539,0.28149
2025-06-07T00:00:00+00:00,21.0,80.0,50.0,Bay of Bengal,-0.12427,-0.25637,0.2849
2025-06-07T00:00:00+00:00,21.0,81.0,50.0,Bay of Bengal,-0.1267,-0.25852,0.2879
2025-06-07T00:00:00+00:00,21.0,82.0,50.0,Bay of Bengal,-0.12651,-0.2605,0.28959
2025-06-07T00:00:00+00:00,21.0,83.0,50.0,Bay of Bengal,-0.12372,-0.26229,0.29
2025-06-07T00:00:00+00:00,21.0,84.0,50.0,Bay of Bengal,-0.1187,-0.26389,0.28936
2025-06-07T00:00:00+00:00,21.0,85.0,50.0,Bay of Bengal,-0.11212,-0.2653,0.28802
2025-06-07T00:00:00+00:00,21.0,86.0,50.0,Bay of Bengal,-0.10486,-0.26652,0.28641
2025-06-07T00:00:00+00:00,21.0,87.0,50.0,Bay of Bengal,-0.09787,-0.26755,0.28488
2025-06-07T00:00:00+00:00,21.0,88.0,50.0,Bay of Bengal,-0.09208,-0.26837,0.28373
2025-06-07T00:00:00+00:00,21.0,89.0,50.0,Bay of Bengal,-0.08828,-0.269,0.28311
2025-06-07T00:00:00+00:00,21.0,90.0,50.0,Bay of Bengal,-0.08695,-0.26942,0.28311
2025-06-07T00:00:00+00:00,21.0,91.0,50.0,Bay of Bengal,-0.08828,-0.26965,0.28373
2025-06-07T00:00:00+00:00,21.0,92.0,50.0,Bay of Bengal,-0.09208,-0.26967,0.28496
2025-06-07T00:00:00+00:00,21.0,93.0,50.0,Bay of Bengal,-0.09787,-0.2695,0.28672
2025-06-07T00:00:00+00:00,21.0,94.0,50.0,Bay of Bengal,-0.10486,-0.26913,0.28883
2025-06-07T00:00:00+00:00,21.0,95.0,50.0,Bay of Bengal,-0.11212,-0.26856,0.29102
2025-06-07T00:00:00+00:00,21.0,96.0,50.0,Bay of Bengal,-0.1187,-0.26779,0.29292
2025-06-07T00:00:00+00:00,21.0,97.0,50.0,Bay of Bengal,-0.12372,-0.26684,0.29412
2025-06-07T00:00:00+00:00,21.0,98.0,50.0,Bay of Bengal,-0.12651,-0.26569,0.29428
2025-06-07T00:00:00+00:00,22.0,80.0,50.0,Bay of Bengal,-0.1261,-0.25672,0.28602
2025-06-07T00:00:00+00:00,22.0,81.0,50.0,Bay of Bengal,-0.11943,-0.25887,0.28509
2025-06-07T00:00:00+00:00,22.0,82.0,50.0,Bay of Bengal,-0.11185,-0.26084,0.28381
2025-06-07T00:00:00+00:00,22.0,83.0,50.0,Bay of Bengal,-0.10448,-0.26262,0.28264
2025-06-07T00:00:00+00:00,22.0,84.0,50.0,Bay of Bengal,-0.09838,-0.26423,0.28195
2025-06-07T00:00:00+00:00,22.0,85.0,50.0,Bay of Bengal,-0.09445,-0.26564,0.28193
2025-06-07T00:00:00+00:00,22.0,86.0,50.0,Bay of Bengal,-0.09326,-0.26685,0.28268
2025-06-07T00:00:00+00:00,22.0,87.0,50.0,Bay of Bengal,-0.09498,-0.26788,0.28422
2025-06-07T00:00:00+00:00,22.0,88.0,50.0,Bay of Bengal,-0.09935,-0.2687,0.28648
2025-06-07T00:00:00+00:00,22.0,89.0,50.0,Bay of Bengal,-0.10576,-0.26932,0.28934
2025-06-07T00:00:00+00:00,22.0,90.0,50.0,Bay of Bengal,-0.11325,-0.26975,0.29256
2025-06-07T00:00:00+00:00,22.0,91.0,50.0,Bay of Bengal,-0.12074,-0.26997,0.29574
2025-06-07T00:00:00+00:00,22.0,92.0,50.0,Bay of Bengal,-0.12714,-0.26999,0.29843
2025-06-07T00:00:00+00:00,22.0,93.0,50.0,Bay of Bengal,-0.13152,-0.26982,0.30016
2025-06-07T00:00:00+00:00,22.0,94.0,50.0,Bay of Bengal,-0.13324,-0.26944,0.30058
2025-06-07T00:00:00+00:00,22.0,95.0,50.0,Bay of Bengal,-0.13204,-0.26887,0.29954
2025-06-07T00:00:00+00:00,22.0,96.0,50.0,Bay of Bengal,-0.12811,-0.2681,0.29714
2025-06-07T00:00:00+00:00,22.0,97.0,50.0,Bay of Bengal,-0.12202,-0.26714,0.29369
2025-06-07T00:00:00+00:00,22.0,98.0,50.0,Bay of Bengal,-0.11464,-0.266,0.28965
2025-06-07T00:00:00+00:00,6.0,80.0,100.0,Bay of Bengal,-0.01321,-0.22713,0.22751
2025-06-07T00:00:00+00:00,6.0,81.0,100.0,Bay of Bengal,-0.01435,-0.22911,0.22956
2025-06-07T00:00:00+00:00,6.0,82.0,100.0,Bay of Bengal,-0.01567,-0.23094,0.23147
2025-06-07T00:00:00+00:00,6.0,83.0,100.0,Bay of Bengal,-0.01715,-0.2326,0.23323
2025-06-07T00:00:00+00:00,6.0,84.0,100.0,Bay of Bengal,-0.01878,-0.23409,0.23485
2025-06-07T00:00:00+00:00,6.0,85.0,100.0,Bay of Bengal,-0.02053,-0.23542,0.23631
2025-06-07T00:00:00+00:00,6.0,86.0,100.0,Bay of Bengal,-0.0224,-0.23657,0.23762
2025-06-07T00:00:00+00:00,6.0,87.0,100.0,Bay of Bengal,-0.02435,-0.23754,0.23878
2025-06-07T00:00:00+00:00,6.0,88.0,100.0,Bay of Bengal,-0.02638,-0.23834,0.23979
2025-06-07T00:00:00+00:00,6.0,89.0,100.0,Bay of Bengal,-0.02844,-0.23895,0.24064
2025-06-07T00:00:00+00:00,6.0,90.0,100.0,Bay of Bengal,-0.03053,-0.23939,0.24133
2025-06-07T00:00:00+00:00,6.0,91.0,100.0,Bay of Bengal,-0.03262,-0.23965,0.24186
2025-06-07T00:00:00+00:00,6.0,92.0,100.0,Bay of Bengal,-0.03469,-0.23972,0.24222
2025-06-07T00:00:00+00:00,6.0,93.0,100.0,Bay of Bengal,-0.03671,-0.23962,0.24242
2025-06-07T00:00:00+00:00,6.0,94.0,100.0,Bay of Bengal,-0.03867,-0.23934,0.24244
2025-06-07T00:00:00+00:00,6.0,95.0,100.0,Bay of Bengal,-0.04053,-0.23888,0.2423
2025-06-07T00:00:00+00:00,6.0,96.0,100.0,Bay of Bengal,-0.04229,-0.23825,0.24198
2025-06-07T00:00:00+00:00,6.0,97.0,100.0,Bay of Bengal,-0.04392,-0.23745,0.24147
2025-06-07T00:00:00+00:00,6.0,98.0,100.0,Bay of Bengal,-0.0454,-0.23647,0.24079
2025-06-07T00:00:00+00:00,7.0,80.0,100.0,Bay of Bengal,-0.03988,-0.22748,0.23095
2025-06-07T00:00:00+00:00,7.0,81.0,100.0,Bay of Bengal,-0.04212,-0.22946,0.2333
2025-06-07T00:00:00+00:00,7.0,82.0,100.0,Bay of Bengal,-0.04422,-0.23129,0.23548
2025-06-07T00:00:00+00:00,7.0,83.0,100.0,Bay of Bengal,-0.04616,-0.23295,0.23748
2025-06-07T00:00:00+00:00,7.0,84.0,100.0,Bay of Bengal,-0.0479,-0.23444,0.23929
2025-06-07T00:00:00+00:00,7.0,85.0,100.0,Bay of Bengal,-0.04942,-0.23577,0.24089
2025-06-07T00:00:00+00:00,7.0,86.0,100.0,Bay of Bengal,-0.0507,-0.23691,0.24228
2025-06-07T00:00:00+00:00,7.0,87.0,100.0,Bay of Bengal,-0.05171,-0.23789,0.24344
2025-06-07T00:00:00+00:00,7.0,88.0,100.0,Bay of Bengal,-0.05244,-0.23868,0.24438
2025-06-07T00:00:00+00:00,7.0,89.0,100.0,Bay of Bengal,-0.05289,-0.2393,0.24507
2025-06-07T00:00:00+00:00,7.0,90.0,100.0,Bay of Bengal,-0.05304,-0.23974,0.24553
2025-06-07T00:00:00+00:00,7.0,91.0,100.0,Bay of Bengal,-0.05289,-0.23999,0.24575
2025-06-07T00:00:00+00:00,7.0,92.0,100.0,Bay of Bengal,-0.05244,-0.24007,0.24573
2025-06-07T00:00:00+00:00,7.0,93.0,100.0,Bay of Bengal,-0.05171,-0.23997,0.24547
2025-06-07T00:00:00+00:00,7.0,94.0,100.0,Bay of Bengal,-0.0507,-0.23968,0.24499
2025-06-07T00:00:00+00:00,7.0,95.0,100.0,Bay of Bengal,-0.04942,-0.23923,0.24428
2025-06-07T00:00:00+00:00,7.0,96.0,100.0,Bay of Bengal,-0.0479,-0.23859,0.24335
2025-06-07T00:00:00+00:00,7.0,97.0,100.0,Bay of Bengal,-0.04616,-0.23779,0.24223
2025-06-07T00:00:00+00:00,7.0,98.0,100.0,Bay of Bengal,-0.04422,-0.23681,0.24091
2025-06-07T00:00:00+00:00,8.0,80.0,100.0,Bay of Bengal,-0.05559,-0.22783,0.23451
2025-06-07T00:00:00+00:00,8.0,81.0,100.0,Bay of Bengal,-0.05492,-0.22981,0.23628
2025-06-07T00:00:00+00:00,8.0,82.0,100.0,Bay of Bengal,-0.05387,-0.23164,0.23782
2025-06-07T00:00:00+00:00,8.0,83.0,100.0,Bay of Bengal,-0.05248,-0.2333,0.23913
2025-06-07T00:00:00+00:00,8.0,84.0,100.0,Bay of Bengal,-0.05076,-0.23479,0.24022
2025-06-07T00:00:00+00:00,8.0,85.0,100.0,Bay of Bengal,-0.04875,-0.23611,0.24109
2025-06-07T00:00:00+00:00,8.0,86.0,100.0,Bay of Bengal,-0.04649,-0.23726,0.24178
2025-06-07T00:00:00+00:00,8.0,87.0,100.0,Bay of Bengal,-0.04403,-0.23824,0.24227
2025-06-07T00:00:00+00:00,8.0,88.0,100.0,Bay of Bengal,-0.04141,-0.23903,0.24259
2025-06-07T00:00:00+00:00,8.0,89.0,100.0,Bay of Bengal,-0.03868,-0.23965,0.24275
2025-06-07T00:00:00+00:00,8.0,90.0,100.0,Bay of Bengal,-0.0359,-0.24008,0.24275
2025-06-07T00:00:00+00:00,8.0,91.0,100.0,Bay of Bengal,-0.03311,-0.24034,0.24261
2025-06-07T00:00:00+00:00,8.0,92.0,100.0,Bay of Bengal,-0.03038,-0.24041,0.24233
2025-06-07T00:00:00+00:00,8.0,93.0,100.0,Bay of Bengal,-0.02776,-0.24031,0.24191
2025-06-07T00:00:00+00:00,8.0,94.0,100.0,Bay of Bengal,-0.0253,-0.24003,0.24136
2025-06-07T00:00:00+00:00,8.0,95.0,100.0,Bay of Bengal,-0.02304,-0.23957,0.24067
2025-06-07T00:00:00+00:00,8.0,96.0,100.0,Bay of Bengal,-0.02103,-0.23893,0.23986
2025-06-07T00:00:00+00:00,8.0,97.0,100.0,Bay of Bengal,-0.01932,-0.23813,0.23891
2025-06-07T00:00:00+00:00,8.0,98.0,100.0,Bay of Bengal,-0.01792,-0.23715,0.23783
2025-06-07T00:00:00+00:00,9.0,80.0,100.0,Bay of Bengal,-0.03909,-0.22817,0.2315
2025-06-07T00:00:00+00:00,9.0,81.0,100.0,Bay of Bengal,-0.03596,-0.23016,0.23295
2025-06-07T00:00:00+00:00,9.0,82.0,100.0,Bay of Bengal,-0.03291,-0.23199,0.23431
2025-06-07T00:00:00+00:00,9.0,83.0,100.0,Bay of Bengal,-0.03001,-0.23365,0.23557
2025-06-07T00:00:00+00:00,9.0,84.0,100.0,Bay of Bengal,-0.02734,-0.23514,0.23672
2025-06-07T00:00:00+00:00,9.0,85.0,100.0,Bay of Bengal,-0.02495,-0.23646,0.23777
2025-06-07T00:00:00+00:00,9.0,86.0,100.0,Bay of Bengal,-0.02291,-0.23761,0.23871
2025-06-07T00:00:00+00:00,9.0,87.0,100.0,Bay of Bengal,-0.02127,-0.23858,0.23953
2025-06-07T00:00:00+00:00,9.0,88.0,100.0,Bay of Bengal,-0.02007,-0.23938,0.24022
2025-06-07T00:00:00+00:00,9.0,89.0,100.0,Bay of Bengal,-0.01934,-0.23999,0.24077
2025-06-07T00:00:00+00:00,9.0,90.0,100.0,Bay of Bengal,-0.01909,-0.24043,0.24118
2025-06-07T00:00:00+00:00,9.0,91.0,100.0,Bay of Bengal,-0.01934,-0.24068,0.24146
2025-06-07T00:00:00+00:00,9.0,92.0,100.0,Bay of Bengal,-0.02007,-0.24076,0.24159
2025-06-07T00:00:00+00:00,9.0,93.0,100.0,Bay of Bengal,-0.02127,-0.24065,0.24159
2025-06-07T00:00:00+00:00,9.0,94.0,100.0,Bay of Bengal,-0.02291,-0.24037,0.24146
2025-06-07T00:00:00+00:00,9.0,95.0,100.0,Bay of Bengal,-0.02495,-0.23991,0.2412
2025-06-07T00:00:00+00:00,9.0,96.0,100.0,Bay of Bengal,-0.02734,-0.23927,0.24083
2025-06-07T00:00:00+00:00,9.0,97.0,100.0,Bay of Bengal,-0.03001,-0.23846,0.24034
2025-06-07T00:00:00+00:00,9.0,98.0,100.0,Bay of Bengal,-0.03291,-0.23748,0.23975
2025-06-07T00:00:00+00:00,10.0,80.0,100.0,Bay of Bengal,-0.02291,-0.22852,0.22967
2025-06-07T00:00:00+00:00,10.0,81.0,100.0,Bay of Bengal,-0.02261,-0.23051,0.23162
2025-06-07T00:00:00+00:00,10.0,82.0,100.0,Bay of Bengal,-0.02291,-0.23233,0.23346
2025-06-07T00:00:00+00:00,10.0,83.0,100.0,Bay of Bengal,-0.02382,-0.234,0.2352
2025-06-07T00:00:00+00:00,10.0,84.0,100.0,Bay of Bengal,-0.02529,-0.23549,0.23684
2025-06-07T00:00:00+00:00,10.0,85.0,100.0,Bay of Bengal,-0.02729,-0.23681,0.23838
2025-06-07T00:00:00+00:00,10.0,86.0,100.0,Bay of Bengal,-0.02975,-0.23796,0.23981
2025-06-07T00:00:00+00:00,10.0,87.0,100.0,Bay of Bengal,-0.03261,-0.23893,0.24115
2025-06-07T00:00:00+00:00,10.0,88.0,100.0,Bay of Bengal,-0.03577,-0.23972,0.24238
2025-06-07T00:00:00+00:00,10.0,89.0,100.0,Bay of Bengal,-0.03914,-0.24034,0.2435
2025-06-07T00:00:00+00:00,10.0,90.0,100.0,Bay of Bengal,-0.04261,-0.24077,0.24451
2025-06-07T00:00:00+00:00,10.0,91.0,100.0,Bay of Bengal,-0.04608,-0.24103,0.24539
2025-06-07T00:00:00+00:00,10.0,92.0,100.0,Bay of Bengal,-0.04945,-0.2411,0.24612
2025-06-07T00:00:00+00:00,10.0,93.0,100.0,Bay of Bengal,-0.05261,-0.24099,0.24667
2025-06-07T00:00:00+00:00,10.0,94.0,100.0,Bay of Bengal,-0.05547,-0.24071,0.24701
2025-06-07T00:00:00+00:00,10.0,95.0,100.0,Bay of Bengal,-0.05793,-0.24024,0.24713
2025-06-07T00:00:00+00:00,10.0,96.0,100.0,Bay of Bengal,-0.05993,-0.23961,0.24699
2025-06-07T00:00:00+00:00,10.0,97.0,100.0,Bay of Bengal,-0.0614,-0.2388,0.24656
2025-06-07T00:00:00+00:00,10.0,98.0,100.0,Bay of Bengal,-0.06231,-0.23782,0.24584
2025-06-07T00:00:00+00:00,11.0,80.0,100.0,Bay of Bengal,-0.03959,-0.22887,0.23227
2025-06-07T00:00:00+00:00,11.0,81.0,100.0,Bay of Bengal,-0.0433,-0.23086,0.23488
2025-06-07T00:00:00+00:00,11.0,82.0,100.0,Bay of Bengal,-0.04713,-0.23268,0.23741
2025-06-07T00:00:00+00:00,11.0,83.0,100.0,Bay of Bengal,-0.05093,-0.23434,0.23981
2025-06-07T00:00:00+00:00,11.0,84.0,100.0,Bay of Bengal,-0.05457,-0.23584,0.24207
2025-06-07T00:00:00+00:00,11.0,85.0,100.0,Bay of Bengal,-0.05791,-0.23716,0.24412
2025-06-07T00:00:00+00:00,11.0,86.0,100.0,Bay of Bengal,-0.06082,-0.23831,0.24594
2025-06-07T00:00:00+00:00,11.0,87.0,100.0,Bay of Bengal,-0.06321,-0.23928,0.24748
2025-06-07T00:00:00+00:00,11.0,88.0,100.0,Bay of Bengal,-0.06498,-0.24007,0.24871
2025-06-07T00:00:00+00:00,11.0,89.0,100.0,Bay of Bengal,-0.06607,-0.24068,0.24959
2025-06-07T00:00:00+00:00,11.0,90.0,100.0,Bay of Bengal,-0.06643,-0.24112,0.2501
2025-06-07T00:00:00+00:00,11.0,91.0,100.0,Bay of Bengal,-0.06607,-0.24137,0.25025
2025-06-07T00:00:00+00:00,11.0,92.0,100.0,Bay of Bengal,-0.06498,-0.24144,0.25003
2025-06-07T00:00:00+00:00,11.0,93.0,100.0,Bay of Bengal,-0.06321,-0.24133,0.24947
2025-06-07T00:00:00+00:00,11.0,94.0,100.0,Bay of Bengal,-0.06082,-0.24104,0.2486
2025-06-07T00:00:00+00:00,11.0,95.0,100.0,Bay of Bengal,-0.05791,-0.24058,0.24745
2025-06-07T00:00:00+00:00,11.0,96.0,100.0,Bay of Bengal,-0.05457,-0.23994,0.24607
2025-06-07T00:00:00+00:00,11.0,97.0,100.0,Bay of Bengal,-0.05093,-0.23913,0.24449
2025-06-07T00:00:00+00:00,11.0,98.0,100.0,Bay of Bengal,-0.04713,-0.23815,0.24277
2025-06-07T00:00:00+00:00,12.0,80.0,100.0,Bay of Bengal,-0.06786,-0.22922,0.23906
2025-06-07T00:00:00+00:00,12.0,81.0,100.0,Bay of Bengal,-0.06957,-0.23121,0.24145
2025-06-07T00:00:00+00:00,12.0,82.0,100.0,Bay of Bengal,-0.07043,-0.23303,0.24344
2025-06-07T00:00:00+00:00,12.0,83.0,100.0,Bay of Bengal,-0.07043,-0.23469,0.24503
2025-06-07T00:00:00+00:00,12.0,84.0,100.0,Bay of Bengal,-0.06957,-0.23618,0.24622
2025-06-07T00:00:00+00:00,12.0,85.0,100.0,Bay of Bengal,-0.06786,-0.2375,0.24701
2025-06-07T00:00:00+00:00,12.0,86.0,100.0,Bay of Bengal,-0.06541,-0.23865,0.24745
2025-06-07T00:00:00+00:00,12.0,87.0,100.0,Bay of Bengal,-0.0623,-0.23962,0.24759
2025-06-07T00:00:00+00:00,12.0,88.0,100.0,Bay of Bengal,-0.05868,-0.24041,0.24747
2025-06-07T00:00:00+00:00,12.0,89.0,100.0,Bay of Bengal,-0.0547,-0.24103,0.24716
2025-06-07T00:00:00+00:00,12.0,90.0,100.0,Bay of Bengal,-0.05054,-0.24146,0.24669
2025-06-07T00:00:00+00:00,12.0,91.0,100.0,Bay of Bengal,-0.04639,-0.24171,0.24612
2025-06-07T00:00:00+00:00,12.0,92.0,100.0,Bay of Bengal,-0.04241,-0.24178,0.24547
2025-06-07T00:00:00+00:00,12.0,93.0,100.0,Bay of Bengal,-0.03879,-0.24167,0.24476
2025-06-07T00:00:00+00:00,12.0,94.0,100.0,Bay of Bengal,-0.03568,-0.24138,0.244
2025-06-07T00:00:00+00:00,12.0,95.0,100.0,Bay of Bengal,-0.03322,-0.24091,0.24319
2025-06-07T00:00:00+00:00,12.0,96.0,100.0,Bay of Bengal,-0.03152,-0.24027,0.24233
2025-06-07T00:00:00+00:00,12.0,97.0,100.0,Bay of Bengal,-0.03065,-0.23946,0.24141
2025-06-07T00:00:00+00:00,12.0,98.0,100.0,Bay of Bengal,-0.03065,-0.23848,0.24044
2025-06-07T00:00:00+00:00,13.0,80.0,100.0,Bay of Bengal,-0.06778,-0.22957,0.23937
2025-06-07T00:00:00+00:00,13.0,81.0,100.0,Bay of Bengal,-0.064,-0.23156,0.24024
2025-06-07T00:00:00+00:00,13.0,82.0,100.0,Bay of Bengal,-0.05976,-0.23338,0.24091
2025-06-07T00:00:00+00:00,13.0,83.0,100.0,Bay of Bengal,-0.05527,-0.23504,0.24145
2025-06-07T00:00:00+00:00,13.0,84.0,100.0,Bay of Bengal,-0.05076,-0.23653,0.24192
2025-06-07T00:00:00+00:00,13.0,85.0,100.0,Bay of Bengal,-0.04647,-0.23785,0.24235
2025-06-07T00:00:00+00:00,13.0,86.0,100.0,Bay of Bengal,-0.04261,-0.239,0.24276
2025-06-07T00:00:00+00:00,13.0,87.0,100.0,Bay of Bengal,-0.03938,-0.23997,0.24318
2025-06-07T00:00:00+00:00,13.0,88.0,100.0,Bay of Bengal,-0.03695,-0.24076,0.24357
2025-06-07T00:00:00+00:00,13.0,89.0,100.0,Bay of Bengal,-0.03543,-0.24137,0.24395
2025-06-07T00:00:00+00:00,13.0,90.0,100.0,Bay of Bengal,-0.03492,-0.2418,0.24431
2025-06-07T00:00:00+00:00,13.0,91.0,100.0,Bay of Bengal,-0.03543,-0.24205,0.24463
2025-06-07T00:00:00+00:00,13.0,92.0,100.0,Bay of Bengal,-0.03695,-0.24212,0.24492
2025-06-07T00:00:00+00:00,13.0,93.0,100.0,Bay of Bengal,-0.03938,-0.24201,0.24519
2025-06-07T00:00:00+00:00,13.0,94.0,100.0,Bay of Bengal,-0.04261,-0.24172,0.24544
2025-06-07T00:00:00+00:00,13.0,95.0,100.0,Bay of Bengal,-0.04647,-0.24125,0.24568
2025-06-07T00:00:00+00:00,13.0,96.0,100.0,Bay of Bengal,-0.05076,-0.2406,0.2459
2025-06-07T00:00:00+00:00,13.0,97.0,100.0,Bay of Bengal,-0.05527,-0.23979,0.24608
2025-06-07T00:00:00+00:00,13.0,98.0,100.0,Bay of Bengal,-0.05976,-0.2388,0.24617
2025-06-07T00:00:00+00:00,14.0,80.0,100.0,Bay of Bengal,-0.04669,-0.22992,0.23461
2025-06-07T00:00:00+00:00,14.0,81.0,100.0,Bay of Bengal,-0.04336,-0.2319,0.23592
2025-06-07T00:00:00+00:00,14.0,82.0,100.0,Bay of Bengal,-0.041,-0.23373,0.2373
2025-06-07T00:00:00+00:00,14.0,83.0,100.0,Bay of Bengal,-0.03974,-0.23539,0.23872
2025-06-07T00:00:00+00:00,14.0,84.0,100.0,Bay of Bengal,-0.03965,-0.23688,0.24017
2025-06-07T00:00:00+00:00,14.0,85.0,100.0,Bay of Bengal,-0.04075,-0.2382,0.24166
2025-06-07T00:00:00+00:00,14.0,86.0,100.0,Bay of Bengal,-0.04296,-0.23934,0.24317
2025-06-07T00:00:00+00:00,14.0,87.0,100.0,Bay of Bengal,-0.04616,-0.24031,0.2447
2025-06-07T00:00:00+00:00,14.0,88.0,100.0,Bay of Bengal,-0.05016,-0.2411,0.24626
2025-06-07T00:00:00+00:00,14.0,89.0,100.0,Bay of Bengal,-0.05471,-0.24171,0.24782
2025-06-07T00:00:00+00:00,14.0,90.0,100.0,Bay of Bengal,-0.05955,-0.24214,0.24935
2025-06-07T00:00:00+00:00,14.0,91.0,100.0,Bay of Bengal,-0.06438,-0.24239,0.25079
2025-06-07T00:00:00+00:00,14.0,92.0,100.0,Bay of Bengal,-0.06893,-0.24245,0.25206
2025-06-07T00:00:00+00:00,14.0,93.0,100.0,Bay of Bengal,-0.07293,-0.24234,0.25308
2025-06-07T00:00:00+00:00,14.0,94.0,100.0,Bay of Bengal,-0.07613,-0.24205,0.25374
2025-06-07T00:00:00+00:00,14.0,95.0,100.0,Bay of Bengal,-0.07834,-0.24158,0.25396
2025-06-07T00:00:00+00:00,14.0,96.0,100.0,Bay of Bengal,-0.07944,-0.24093,0.25369
2025-06-07T00:00:00+00:00,14.0,97.0,100.0,Bay of Bengal,-0.07935,-0.24012,0.25289
2025-06-07T00:00:00+00:00,14.0,98.0,100.0,Bay of Bengal,-0.07809,-0.23913,0.25156
2025-06-07T00:00:00+00:00,15.0,80.0,100.0,Bay of Bengal,-0.04707,-0.23027,0.23503
2025-06-07T00:00:00+00:00,15.0,81.0,100.0,Bay of Bengal,-0.05025,-0.23225,0.23762
2025-06-07T00:00:00+00:00,15.0,82.0,100.0,Bay of Bengal,-0.05439,-0.23407,0.24031
2025-06-07T00:00:00+00:00,15.0,83.0,100.0,Bay of Bengal,-0.05922,-0.23573,0.24306
2025-06-07T00:00:00+00:00,15.0,84.0,100.0,Bay of Bengal,-0.06439,-0.23722,0.24581
2025-06-07T00:00:00+00:00,15.0,85.0,100.0,Bay of Bengal,-0.06957,-0.23854,0.24848
2025-06-07T00:00:00+00:00,15.0,86.0,100.0,Bay of Bengal,-0.07439,-0.23968,0.25096
2025-06-07T00:00:00+00:00,15.0,87.0,100.0,Bay of Bengal,-0.07853,-0.24065,0.25314
2025-06-07T00:00:00+00:00,15.0,88.0,100.0,Bay of Bengal,-0.08171,-0.24144,0.25489
2025-06-07T00:00:00+00:00,15.0,89.0,100.0,Bay of Bengal,-0.08371,-0.24205,0.25611
2025-06-07T00:00:00+00:00,15.0,90.0,100.0,Bay of Bengal,-0.08439,-0.24248,0.25674
2025-06-07T00:00:00+00:00,15.0,91.0,100.0,Bay of Bengal,-0.08371,-0.24272,0.25675
2025-06-07T00:00:00+00:00,15.0,92.0,100.0,Bay of Bengal,-0.08171,-0.24279,0.25617
2025-06-07T00:00:00+00:00,15.0,93.0,100.0,Bay of Bengal,-0.07853,-0.24267,0.25506
2025-06-07T00:00:00+00:00,15.0,94.0,100.0,Bay of Bengal,-0.07439,-0.24238,0.25354
2025-06-07T00:00:00+00:00,15.0,95.0,100.0,Bay of Bengal,-0.06957,-0.24191,0.25171
2025-06-07T00:00:00+00:00,15.0,96.0,100.0,Bay of Bengal,-0.06439,-0.24126,0.24971
2025-06-07T00:00:00+00:00,15.0,97.0,100.0,Bay of Bengal,-0.05922,-0.24044,0.24763
2025-06-07T00:00:00+00:00,15.0,98.0,100.0,Bay of Bengal,-0.05439,-0.23945,0.24555
2025-06-07T00:00:00+00:00,16.0,80.0,100.0,Bay of Bengal,-0.07628,-0.23061,0.2429
2025-06-07T00:00:00+00:00,16.0,81.0,100.0,Bay of Bengal,-0.08119,-0.2326,0.24636
2025-06-07T00:00:00+00:00,16.0,82.0,100.0,Bay of Bengal,-0.0852,-0.23442,0.24942
2025-06-07T00:00:00+00:00,16.0,83.0,100.0,Bay of Bengal,-0.08798,-0.23608,0.25194
2025-06-07T00:00:00+00:00,16.0,84.0,100.0,Bay of Bengal,-0.08933,-0.23757,0.25381
2025-06-07T00:00:00+00:00,16.0,85.0,100.0,Bay of Bengal,-0.08913,-0.23888,0.25497
2025-06-07T00:00:00+00:00,16.0,86.0,100.0,Bay of Bengal,-0.08741,-0.24003,0.25545
2025-06-07T00:00:00+00:00,16.0,87.0,100.0,Bay of Bengal,-0.0843,-0.24099,0.25531
2025-06-07T00:00:00+00:00,16.0,88.0,100.0,Bay of Bengal,-0.08004,-0.24178,0.25468
2025-06-07T00:00:00+00:00,16.0,89.0,100.0,Bay of Bengal,-0.07495,-0.24239,0.25371
2025-06-07T00:00:00+00:00,16.0,90.0,100.0,Bay of Bengal,-0.06944,-0.24281,0.25255
2025-06-07T00:00:00+00:00,16.0,91.0,100.0,Bay of Bengal,-0.06392,-0.24306,0.25132
2025-06-07T00:00:00+00:00,16.0,92.0,100.0,Bay of Bengal,-0.05884,-0.24312,0.25014
2025-06-07T00:00:00+00:00,16.0,93.0,100.0,Bay of Bengal,-0.05457,-0.243,0.24906
2025-06-07T00:00:00+00:00,16.0,94.0,100.0,Bay of Bengal,-0.05146,-0.24271,0.2481
2025-06-07T00:00:00+00:00,16.0,95.0,100.0,Bay of Bengal,-0.04974,-0.24223,0.24729
2025-06-07T00:00:00+00:00,16.0,96.0,100.0,Bay of Bengal,-0.04955,-0.24159,0.24661
2025-06-07T00:00:00+00:00,16.0,97.0,100.0,Bay of Bengal,-0.05089,-0.24076,0.24608
2025-06-07T00:00:00+00:00,16.0,98.0,100.0,Bay of Bengal,-0.05368,-0.23977,0.24571
2025-06-07T00:00:00+00:00,17.0,80.0,100.0,Bay of Bengal,-0.09435,-0.23096,0.24949
2025-06-07T00:00:00+00:00,17.0,81.0,100.0,Bay of Bengal,-0.09248,-0.23294,0.25063
2025-06-07T00:00:00+00:00,17.0,82.0,100.0,Bay of Bengal,-0.08904,-0.23477,0.25108
2025-06-07T00:00:00+00:00,17.0,83.0,100.0,Bay of Bengal,-0.08435,-0.23642,0.25102
2025-06-07T00:00:00+00:00,17.0,84.0,100.0,Bay of Bengal,-0.07882,-0.23791,0.25063
2025-06-07T00:00:00+00:00,17.0,85.0,100.0,Bay of Bengal,-0.07291,-0.23923,0.25009
2025-06-07T00:00:00+00:00,17.0,86.0,100.0,Bay of Bengal,-0.06717,-0.24037,0.24957
2025-06-07T00:00:00+00:00,17.0,87.0,100.0,Bay of Bengal,-0.06207,-0.24133,0.24919
2025-06-07T00:00:00+00:00,17.0,88.0,100.0,Bay of Bengal,-0.05808,-0.24212,0.24898
2025-06-07T00:00:00+00:00,17.0,89.0,100.0,Bay of Bengal,-0.05553,-0.24272,0.24899
2025-06-07T00:00:00+00:00,17.0,90.0,100.0,Bay of Bengal,-0.05466,-0.24315,0.24921
2025-06-07T00:00:00+00:00,17.0,91.0,100.0,Bay of Bengal,-0.05553,-0.24339,0.24964
2025-06-07T00:00:00+00:00,17.0,92.0,100.0,Bay of Bengal,-0.05808,-0.24345,0.25028
2025-06-07T00:00:00+00:00,17.0,93.0,100.0,Bay of Bengal,-0.06207,-0.24333,0.25113
2025-06-07T00:00:00+00:00,17.0,94.0,100.0,Bay of Bengal,-0.06717,-0.24304,0.25215
2025-06-07T00:00:00+00:00,17.0,95.0,100.0,Bay of Bengal,-0.07291,-0.24256,0.25328
2025-06-07T00:00:00+00:00,17.0,96.0,100.0,Bay of Bengal,-0.07882,-0.24191,0.25442
2025-06-07T00:00:00+00:00,17.0,97.0,100.0,Bay of Bengal,-0.08435,-0.24108,0.25542
2025-06-07T00:00:00+00:00,17.0,98.0,100.0,Bay of Bengal,-0.08904,-0.24009,0.25607
2025-06-07T00:00:00+00:00,18.0,80.0,100.0,Bay of Bengal,-0.08003,-0.23131,0.24476
2025-06-07T00:00:00+00:00,18.0,81.0,100.0,Bay of Bengal,-0.07385,-0.23329,0.2447
2025-06-07T00:00:00+00:00,18.0,82.0,100.0,Bay of Bengal,-0.06827,-0.23511,0.24482
2025-06-07T00:00:00+00:00,18.0,83.0,100.0,Bay of Bengal,-0.06385,-0.23676,0.24522
2025-06-07T00:00:00+00:00,18.0,84.0,100.0,Bay of Bengal,-0.06101,-0.23825,0.24594
2025-06-07T00:00:00+00:00,18.0,85.0,100.0,Bay of Bengal,-0.06003,-0.23957,0.24697
2025-06-07T00:00:00+00:00,18.0,86.0,100.0,Bay of Bengal,-0.06101,-0.24071,0.24832
2025-06-07T00:00:00+00:00,18.0,87.0,100.0,Bay of Bengal,-0.06385,-0.24167,0.24996
2025-06-07T00:00:00+00:00,18.0,88.0,100.0,Bay of Bengal,-0.06827,-0.24245,0.25188
2025-06-07T00:00:00+00:00,18.0,89.0,100.0,Bay of Bengal,-0.07385,-0.24306,0.25403
2025-06-07T00:00:00+00:00,18.0,90.0,100.0,Bay of Bengal,-0.08003,-0.24348,0.25629
2025-06-07T00:00:00+00:00,18.0,91.0,100.0,Bay of Bengal,-0.08621,-0.24372,0.25852
2025-06-07T00:00:00+00:00,18.0,92.0,100.0,Bay of Bengal,-0.09178,-0.24378,0.26049
2025-06-07T00:00:00+00:00,18.0,93.0,100.0,Bay of Bengal,-0.09621,-0.24366,0.26197
2025-06-07T00:00:00+00:00,18.0,94.0,100.0,Bay of Bengal,-0.09905,-0.24336,0.26274
2025-06-07T00:00:00+00:00,18.0,95.0,100.0,Bay of Bengal,-0.10003,-0.24288,0.26267
2025-06-07T00:00:00+00:00,18.0,96.0,100.0,Bay of Bengal,-0.09905,-0.24223,0.2617
2025-06-07T00:00:00+00:00,18.0,97.0,100.0,Bay of Bengal,-0.09621,-0.2414,0.25987
2025-06-07T00:00:00+00:00,18.0,98.0,100.0,Bay of Bengal,-0.09178,-0.2404,0.25733
2025-06-07T00:00:00+00:00,19.0,80.0,100.0,Bay of Bengal,-0.06583,-0.23165,0.24082
2025-06-07T00:00:00+00:00,19.0,81.0,100.0,Bay of Bengal,-0.06577,-0.23363,0.24271
2025-06-07T00:00:00+00:00,19.0,82.0,100.0,Bay of Bengal,-0.06786,-0.23545,0.24504
2025-06-07T00:00:00+00:00,19.0,83.0,100.0,Bay of Bengal,-0.07188,-0.23711,0.24776
2025-06-07T00:00:00+00:00,19.0,84.0,100.0,Bay of Bengal,-0.07739,-0.23859,0.25083
2025-06-07T00:00:00+00:00,19.0,85.0,100.0,Bay of Bengal,-0.08378,-0.23991,0.25411
2025-06-07T00:00:00+00:00,19.0,86.0,100.0,Bay of Bengal,-0.09036,-0.24104,0.25742
2025-06-07T00:00:00+00:00,19.0,87.0,100.0,Bay of Bengal,-0.09641,-0.24201,0.2605
2025-06-07T00:00:00+00:00,19.0,88.0,100.0,Bay of Bengal,-0.10128,-0.24279,0.26307
2025-06-07T00:00:00+00:00,19.0,89.0,100.0,Bay of Bengal,-0.10443,-0.24339,0.26485
2025-06-07T00:00:00+00:00,19.0,90.0,100.0,Bay of Bengal,-0.10552,-0.24381,0.26567
2025-06-07T00:00:00+00:00,19.0,91.0,100.0,Bay of Bengal,-0.10443,-0.24405,0.26545
2025-06-07T00:00:00+00:00,19.0,92.0,100.0,Bay of Bengal,-0.10128,-0.24411,0.26428
2025-06-07T00:00:00+00:00,19.0,93.0,100.0,Bay of Bengal,-0.09641,-0.24398,0.26234
2025-06-07T00:00:00+00:00,19.0,94.0,100.0,Bay of Bengal,-0.09036,-0.24368,0.2599
2025-06-07T00:00:00+00:00,19.0,95.0,100.0,Bay of Bengal,-0.08378,-0.2432,0.25723
2025-06-07T00:00:00+00:00,19.0,96.0,100.0,Bay of Bengal,-0.07739,-0.24255,0.25459
2025-06-07T00:00:00+00:00,19.0,97.0,100.0,Bay of Bengal,-0.07188,-0.24172,0.25218
2025-06-07T00:00:00+00:00,19.0,98.0,100.0,Bay of Bengal,-0.06786,-0.24072,0.2501
2025-06-07T00:00:00+00:00,20.0,80.0,100.0,Bay of Bengal,-0.08427,-0.232,0.24683
2025-06-07T00:00:00+00:00,20.0,81.0,100.0,Bay of Bengal,-0.09111,-0.23398,0.25109
2025-06-07T00:00:00+00:00,20.0,82.0,100.0,Bay of Bengal,-0.09795,-0.23579,0.25533
2025-06-07T00:00:00+00:00,20.0,83.0,100.0,Bay of Bengal,-0.10397,-0.23745,0.25921
2025-06-07T00:00:00+00:00,20.0,84.0,100.0,Bay of Bengal,-0.10843,-0.23893,0.26238
2025-06-07T00:00:00+00:00,20.0,85.0,100.0,Bay of Bengal,-0.11081,-0.24024,0.26457
2025-06-07T00:00:00+00:00,20.0,86.0,100.0,Bay of Bengal,-0.11081,-0.24138,0.2656
2025-06-07T00:00:00+00:00,20.0,87.0,100.0,Bay of Bengal,-0.10843,-0.24234,0.26549
2025-06-07T00:00:00+00:00,20.0,88.0,100.0,Bay of Bengal,-0.10397,-0.24312,0.26442
2025-06-07T00:00:00+00:00,20.0,89.0,100.0,Bay of Bengal,-0.09795,-0.24372,0.26267
2025-06-07T00:00:00+00:00,20.0,90.0,100.0,Bay of Bengal,-0.09111,-0.24414,0.26059
2025-06-07T00:00:00+00:00,20.0,91.0,100.0,Bay of Bengal,-0.08427,-0.24438,0.2585
2025-06-07T00:00:00+00:00,20.0,92.0,100.0,Bay of Bengal,-0.07826,-0.24443,0.25665
2025-06-07T00:00:00+00:00,20.0,93.0,100.0,Bay of Bengal,-0.07379,-0.24431,0.25521
2025-06-07T00:00:00+00:00,20.0,94.0,100.0,Bay of Bengal,-0.07141,-0.244,0.25424
2025-06-07T00:00:00+00:00,20.0,95.0,100.0,Bay of Bengal,-0.07141,-0.24352,0.25378
2025-06-07T00:00:00+00:00,20.0,96.0,100.0,Bay of Bengal,-0.07379,-0.24286,0.25382
2025-06-07T00:00:00+00:00,20.0,97.0,100.0,Bay of Bengal,-0.07826,-0.24203,0.25437
2025-06-07T00:00:00+00:00,20.0,98.0,100.0,Bay of Bengal,-0.08427,-0.24103,0.25533
2025-06-07T00:00:00+00:00,21.0,80.0,100.0,Bay of Bengal,-0.11409,-0.23234,0.25884
2025-06-07T00:00:00+00:00,21.0,81.0,100.0,Bay of Bengal,-0.11652,-0.23432,0.26169
2025-06-07T00:00:00+00:00,21.0,82.0,100.0,Bay of Bengal,-0.11633,-0.23614,0.26324
2025-06-07T00:00:00+00:00,21.0,83.0,100.0,Bay of Bengal,-0.11354,-0.23779,0.2635
2025-06-07T00:00:00+00:00,21.0,84.0,100.0,Bay of Bengal,-0.10853,-0.23927,0.26273
2025-06-07T00:00:00+00:00,21.0,85.0,100.0,Bay of Bengal,-0.10195,-0.24058,0.26129
2025-06-07T00:00:00+00:00,21.0,86.0,100.0,Bay of Bengal,-0.09468,-0.24172,0.2596
2025-06-07T00:00:00+00:00,21.0,87.0,100.0,Bay of Bengal,-0.08769,-0.24267,0.25803
2025-06-07T00:00:00+00:00,21.0,88.0,100.0,Bay of Bengal,-0.08191,-0.24345,0.25686
2025-06-07T00:00:00+00:00,21.0,89.0,100.0,Bay of Bengal,-0.0781,-0.24405,0.25624
2025-06-07T00:00:00+00:00,21.0,90.0,100.0,Bay of Bengal,-0.07677,-0.24447,0.25624
2025-06-07T00:00:00+00:00,21.0,91.0,100.0,Bay of Bengal,-0.0781,-0.2447,0.25686
2025-06-07T00:00:00+00:00,21.0,92.0,100.0,Bay of Bengal,-0.08191,-0.24475,0.2581
2025-06-07T00:00:00+00:00,21.0,93.0,100.0,Bay of Bengal,-0.08769,-0.24463,0.25987
2025-06-07T00:00:00+00:00,21.0,94.0,100.0,Bay of Bengal,-0.09468,-0.24432,0.26202
2025-06-07T00:00:00+00:00,21.0,95.0,100.0,Bay of Bengal,-0.10195,-0.24383,0.26429
2025-06-07T00:00:00+00:00,21.0,96.0,100.0,Bay of Bengal,-0.10853,-0.24317,0.26629
2025-06-07T00:00:00+00:00,21.0,97.0,100.0,Bay of Bengal,-0.11354,-0.24234,0.26762
2025-06-07T00:00:00+00:00,21.0,98.0,100.0,Bay of Bengal,-0.11633,-0.24133,0.26791
2025-06-07T00:00:00+00:00,22.0,80.0,100.0,Bay of Bengal,-0.11533,-0.23268,0.25969
2025-06-07T00:00:00+00:00,22.0,81.0,100.0,Bay of Bengal,-0.10865,-0.23466,0.25859
2025-06-07T00:00:00+00:00,22.0,82.0,100.0,Bay of Bengal,-0.10108,-0.23647,0.25717
2025-06-07T00:00:00+00:00,22.0,83.0,100.0,Bay of Bengal,-0.0937,-0.23813,0.2559
2025-06-07T00:00:00+00:00,22.0,84.0,100.0,Bay of Bengal,-0.08761,-0.23961,0.25512
2025-06-07T00:00:00+00:00,22.0,85.0,100.0,Bay of Bengal,-0.08368,-0.24091,0.25503
2025-06-07T00:00:00+00:00,22.0,86.0,100.0,Bay of Bengal,-0.08248,-0.24205,0.25572
2025-06-07T00:00:00+00:00,22.0,87.0,100.0,Bay of Bengal,-0.0842,-0.243,0.25718
2025-06-07T00:00:00+00:00,22.0,88.0,100.0,Bay of Bengal,-0.08858,-0.24378,0.25937
2025-06-07T00:00:00+00:00,22.0,89.0,100.0,Bay of Bengal,-0.09498,-0.24438,0.26218
2025-06-07T00:00:00+00:00,22.0,90.0,100.0,Bay of Bengal,-0.10247,-0.24479,0.26537
2025-06-07T00:00:00+00:00,22.0,91.0,100.0,Bay of Bengal,-0.10996,-0.24502,0.26857
2025-06-07T00:00:00+00:00,22.0,92.0,100.0,Bay of Bengal,-0.11636,-0.24508,0.2713
2025-06-07T00:00:00+00:00,22.0,93.0,100.0,Bay of Bengal,-0.12074,-0.24495,0.27309
2025-06-07T00:00:00+00:00,22.0,94.0,100.0,Bay of Bengal,-0.12246,-0.24464,0.27357
2025-06-07T00:00:00+00:00,22.0,95.0,100.0,Bay of Bengal,-0.12126,-0.24415,0.2726
2025-06-07T00:00:00+00:00,22.0,96.0,100.0,Bay of Bengal,-0.11733,-0.24348,0.27028
2025-06-07T00:00:00+00:00,22.0,97.0,100.0,Bay of Bengal,-0.11124,-0.24264,0.26693
2025-06-07T00:00:00+00:00,22.0,98.0,100.0,Bay of Bengal,-0.10387,-0.24164,0.26301
2025-06-10T00:00:00+00:00,6.0,80.0,0.0,Bay of Bengal,-0.03659,-0.28701,0.28933
2025-06-10T00:00:00+00:00,6.0,81.0,0.0,Bay of Bengal,-0.03773,-0.28936,0.29181
2025-06-10T00:00:00+00:00,6.0,82.0,0.0,Bay of Bengal,-0.03905,-0.29151,0.29411
2025-06-10T00:00:00+00:00,6.0,83.0,0.0,Bay of Bengal,-0.04053,-0.29346,0.29624
2025-06-10T00:00:00+00:00,6.0,84.0,0.0,Bay of Bengal,-0.04216,-0.29521,0.2982
2025-06-10T00:00:00+00:00,6.0,85.0,0.0,Bay of Bengal,-0.04391,-0.29674,0.29998
2025-06-10T00:00:00+00:00,6.0,86.0,0.0,Bay of Bengal,-0.04578,-0.29807,0.30157
2025-06-10T00:00:00+00:00,6.0,87.0,0.0,Bay of Bengal,-0.04773,-0.29918,0.30297
2025-06-10T00:00:00+00:00,6.0,88.0,0.0,Bay of Bengal,-0.04975,-0.30008,0.30418
2025-06-10T00:00:00+00:00,6.0,89.0,0.0,Bay of Bengal,-0.05182,-0.30075,0.30519
2025-06-10T00:00:00+00:00,6.0,90.0,0.0,Bay of Bengal,-0.05391,-0.30121,0.306
2025-06-10T00:00:00+00:00,6.0,91.0,0.0,Bay of Bengal,-0.056,-0.30145,0.30661
2025-06-10T00:00:00+00:00,6.0,92.0,0.0,Bay of Bengal,-0.05807,-0.30147,0.30701
2025-06-10T00:00:00+00:00,6.0,93.0,0.0,Bay of Bengal,-0.06009,-0.30127,0.3072
2025-06-10T00:00:00+00:00,6.0,94.0,0.0,Bay of Bengal,-0.06205,-0.30085,0.30718
2025-06-10T00:00:00+00:00,6.0,95.0,0.0,Bay of Bengal,-0.06391,-0.30021,0.30694
2025-06-10T00:00:00+00:00,6.0,96.0,0.0,Bay of Bengal,-0.06567,-0.29936,0.30648
2025-06-10T00:00:00+00:00,6.0,97.0,0.0,Bay of Bengal,-0.0673,-0.29831,0.3058
2025-06-10T00:00:00+00:00,6.0,98.0,0.0,Bay of Bengal,-0.06878,-0.29704,0.3049
2025-06-10T00:00:00+00:00,7.0,80.0,0.0,Bay of Bengal,-0.06381,-0.28736,0.29436
2025-06-10T00:00:00+00:00,7.0,81.0,0.0,Bay of Bengal,-0.06605,-0.2897,0.29714
2025-06-10T00:00:00+00:00,7.0,82.0,0.0,Bay of Bengal,-0.06816,-0.29186,0.29971
2025-06-10T00:00:00+00:00,7.0,83.0,0.0,Bay of Bengal,-0.07009,-0.29381,0.30205
2025-06-10T00:00:00+00:00,7.0,84.0,0.0,Bay of Bengal,-0.07184,-0.29556,0.30416
2025-06-10T00:00:00+00:00,7.0,85.0,0.0,Bay of Bengal,-0.07336,-0.29709,0.30602
2025-06-10T00:00:00+00:00,7.0,86.0,0.0,Bay of Bengal,-0.07463,-0.29842,0.30761
2025-06-10T00:00:00+00:00,7.0,87.0,0.0,Bay of Bengal,-0.07564,-0.29953,0.30894
2025-06-10T00:00:00+00:00,7.0,88.0,0.0,Bay of Bengal,-0.07638,-0.30043,0.30998
2025-06-10T00:00:00+00:00,7.0,89.0,0.0,Bay of Bengal,-0.07682,-0.3011,0.31075
2025-06-10T00:00:00+00:00,7.0,90.0,0.0,Bay of Bengal,-0.07697,-0.30156,0.31123
2025-06-10T00:00:00+00:00,7.0,91.0,0.0,Bay of Bengal,-0.07682,-0.3018,0.31142
2025-06-10T00:00:00+00:00,7.0,92.0,0.0,Bay of Bengal,-0.07638,-0.30181,0.31133
2025-06-10T00:00:00+00:00,7.0,93.0,0.0,Bay of Bengal,-0.07564,-0.30161,0.31095
2025-06-10T00:00:00+00:00,7.0,94.0,0.0,Bay of Bengal,-0.07463,-0.30119,0.3103
2025-06-10T00:00:00+00:00,7.0,95.0,0.0,Bay of Bengal,-0.07336,-0.30055,0.30938
2025-06-10T00:00:00+00:00,7.0,96.0,0.0,Bay of Bengal,-0.07184,-0.2997,0.30819
2025-06-10T00:00:00+00:00,7.0,97.0,0.0,Bay of Bengal,-0.07009,-0.29865,0.30676
2025-06-10T00:00:00+00:00,7.0,98.0,0.0,Bay of Bengal,-0.06816,-0.29738,0.30509
2025-06-10T00:00:00+00:00,8.0,80.0,0.0,Bay of Bengal,-0.08016,-0.28771,0.29866
2025-06-10T00:00:00+00:00,8.0,81.0,0.0,Bay of Bengal,-0.07948,-0.29005,0.30075
2025-06-10T00:00:00+00:00,8.0,82.0,0.0,Bay of Bengal,-0.07844,-0.29221,0.30255
2025-06-10T00:00:00+00:00,8.0,83.0,0.0,Bay of Bengal,-0.07704,-0.29416,0.30408
2025-06-10T00:00:00+00:00,8.0,84.0,0.0,Bay of Bengal,-0.07533,-0.2959,0.30534
2025-06-10T00:00:00+00:00,8.0,85.0,0.0,Bay of Bengal,-0.07332,-0.29744,0.30635
2025-06-10T00:00:00+00:00,8.0,86.0,0.0,Bay of Bengal,-0.07106,-0.29877,0.3071
2025-06-10T00:00:00+00:00,8.0,87.0,0.0,Bay of Bengal,-0.0686,-0.29988,0.30763
2025-06-10T00:00:00+00:00,8.0,88.0,0.0,Bay of Bengal,-0.06598,-0.30077,0.30792
2025-06-10T00:00:00+00:00,8.0,89.0,0.0,Bay of Bengal,-0.06325,-0.30145,0.30801
2025-06-10T00:00:00+00:00,8.0,90.0,0.0,Bay of Bengal,-0.06046,-0.3019,0.3079
2025-06-10T00:00:00+00:00,8.0,91.0,0.0,Bay of Bengal,-0.05768,-0.30214,0.3076
2025-06-10T00:00:00+00:00,8.0,92.0,0.0,Bay of Bengal,-0.05495,-0.30216,0.30711
2025-06-10T00:00:00+00:00,8.0,93.0,0.0,Bay of Bengal,-0.05233,-0.30195,0.30645
2025-06-10T00:00:00+00:00,8.0,94.0,0.0,Bay of Bengal,-0.04986,-0.30153,0.30563
2025-06-10T00:00:00+00:00,8.0,95.0,0.0,Bay of Bengal,-0.04761,-0.30089,0.30464
2025-06-10T00:00:00+00:00,8.0,96.0,0.0,Bay of Bengal,-0.0456,-0.30004,0.30349
2025-06-10T00:00:00+00:00,8.0,97.0,0.0,Bay of Bengal,-0.04388,-0.29898,0.30219
2025-06-10T00:00:00+00:00,8.0,98.0,0.0,Bay of Bengal,-0.04249,-0.29772,0.30073
2025-06-10T00:00:00+00:00,9.0,80.0,0.0,Bay of Bengal,-0.06437,-0.28805,0.29516
2025-06-10T00:00:00+00:00,9.0,81.0,0.0,Bay of Bengal,-0.06124,-0.2904,0.29679
2025-06-10T00:00:00+00:00,9.0,82.0,0.0,Bay of Bengal,-0.05819,-0.29255,0.29828
2025-06-10T00:00:00+00:00,9.0,83.0,0.0,Bay of Bengal,-0.05529,-0.29451,0.29965
2025-06-10T00:00:00+00:00,9.0,84.0,0.0,Bay of Bengal,-0.05261,-0.29625,0.30089
2025-06-10T00:00:00+00:00,9.0,85.0,0.0,Bay of Bengal,-0.05022,-0.29779,0.302
2025-06-10T00:00:00+00:00,9.0,86.0,0.0,Bay of Bengal,-0.04819,-0.29912,0.30297
2025-06-10T00:00:00+00:00,9.0,87.0,0.0,Bay of Bengal,-0.04655,-0.30023,0.30381
2025-06-10T00:00:00+00:00,9.0,88.0,0.0,Bay of Bengal,-0.04534,-0.30112,0.30452
2025-06-10T00:00:00+00:00,9.0,89.0,0.0,Bay of Bengal,-0.04461,-0.3018,0.30507
2025-06-10T00:00:00+00:00,9.0,90.0,0.0,Bay of Bengal,-0.04437,-0.30225,0.30549
2025-06-10T00:00:00+00:00,9.0,91.0,0.0,Bay of Bengal,-0.04461,-0.30248,0.30576
2025-06-10T00:00:00+00:00,9.0,92.0,0.0,Bay of Bengal,-0.04534,-0.3025,0.30588
2025-06-10T00:00:00+00:00,9.0,93.0,0.0,Bay of Bengal,-0.04655,-0.30229,0.30586
2025-06-10T00:00:00+00:00,9.0,94.0,0.0,Bay of Bengal,-0.04819,-0.30187,0.30569
2025-06-10T00:00:00+00:00,9.0,95.0,0.0,Bay of Bengal,-0.05022,-0.30123,0.30539
2025-06-10T00:00:00+00:00,9.0,96.0,0.0,Bay of Bengal,-0.05261,-0.30038,0.30495
2025-06-10T00:00:00+00:00,9.0,97.0,0.0,Bay of Bengal,-0.05529,-0.29932,0.30438
2025-06-10T00:00:00+00:00,9.0,98.0,0.0,Bay of Bengal,-0.05819,-0.29805,0.30368
2025-06-10T00:00:00+00:00,10.0,80.0,0.0,Bay of Bengal,-0.04897,-0.2884,0.29253
2025-06-10T00:00:00+00:00,10.0,81.0,0.0,Bay of Bengal,-0.04866,-0.29075,0.2948
2025-06-10T00:00:00+00:00,10.0,82.0,0.0,Bay of Bengal,-0.04897,-0.2929,0.29697
2025-06-10T00:00:00+00:00,10.0,83.0,0.0,Bay of Bengal,-0.04987,-0.29485,0.29904
2025-06-10T00:00:00+00:00,10.0,84.0,0.0,Bay of Bengal,-0.05134,-0.2966,0.30101
2025-06-10T00:00:00+00:00,10.0,85.0,0.0,Bay of Bengal,-0.05334,-0.29814,0.30287
2025-06-10T00:00:00+00:00,10.0,86.0,0.0,Bay of Bengal,-0.05581,-0.29946,0.30462
2025-06-10T00:00:00+00:00,10.0,87.0,0.0,Bay of Bengal,-0.05866,-0.30057,0.30625
2025-06-10T00:00:00+00:00,10.0,88.0,0.0,Bay of Bengal,-0.06182,-0.30147,0.30774
2025-06-10T00:00:00+00:00,10.0,89.0,0.0,Bay of Bengal,-0.06519,-0.30214,0.30909
2025-06-10T00:00:00+00:00,10.0,90.0,0.0,Bay of Bengal,-0.06866,-0.30259,0.31029
2025-06-10T00:00:00+00:00,10.0,91.0,0.0,Bay of Bengal,-0.07214,-0.30283,0.3113
2025-06-10T00:00:00+00:00,10.0,92.0,0.0,Bay of Bengal,-0.0755,-0.30284,0.31211
2025-06-10T00:00:00+00:00,10.0,93.0,0.0,Bay of Bengal,-0.07866,-0.30264,0.31269
2025-06-10T00:00:00+00:00,10.0,94.0,0.0,Bay of Bengal,-0.08152,-0.30221,0.31301
2025-06-10T00:00:00+00:00,10.0,95.0,0.0,Bay of Bengal,-0.08398,-0.30157,0.31305
2025-06-10T00:00:00+00:00,10.0,96.0,0.0,Bay of Bengal,-0.08598,-0.30072,0.31277
2025-06-10T00:00:00+00:00,10.0,97.0,0.0,Bay of Bengal,-0.08746,-0.29966,0.31216
2025-06-10T00:00:00+00:00,10.0,98.0,0.0,Bay of Bengal,-0.08836,-0.29839,0.31119
2025-06-10T00:00:00+00:00,11.0,80.0,0.0,Bay of Bengal,-0.06649,-0.28875,0.29631
2025-06-10T00:00:00+00:00,11.0,81.0,0.0,Bay of Bengal,-0.0702,-0.2911,0.29945
2025-06-10T00:00:00+00:00,11.0,82.0,0.0,Bay of Bengal,-0.07403,-0.29325,0.30245
2025-06-10T00:00:00+00:00,11.0,83.0,0.0,Bay of Bengal,-0.07783,-0.2952,0.30529
2025-06-10T00:00:00+00:00,11.0,84.0,0.0,Bay of Bengal,-0.08147,-0.29695,0.30792
2025-06-10T00:00:00+00:00,11.0,85.0,0.0,Bay of Bengal,-0.0848,-0.29849,0.3103
2025-06-10T00:00:00+00:00,11.0,86.0,0.0,Bay of Bengal,-0.08772,-0.29981,0.31238
2025-06-10T00:00:00+00:00,11.0,87.0,0.0,Bay of Bengal,-0.09011,-0.30092,0.31412
2025-06-10T00:00:00+00:00,11.0,88.0,0.0,Bay of Bengal,-0.09188,-0.30181,0.31549
2025-06-10T00:00:00+00:00,11.0,89.0,0.0,Bay of Bengal,-0.09297,-0.30248,0.31645
2025-06-10T00:00:00+00:00,11.0,90.0,0.0,Bay of Bengal,-0.09333,-0.30294,0.31699
2025-06-10T00:00:00+00:00,11.0,91.0,0.0,Bay of Bengal,-0.09297,-0.30317,0.3171
2025-06-10T00:00:00+00:00,11.0,92.0,0.0,Bay of Bengal,-0.09188,-0.30318,0.3168
2025-06-10T00:00:00+00:00,11.0,93.0,0.0,Bay of Bengal,-0.09011,-0.30297,0.31609
2025-06-10T00:00:00+00:00,11.0,94.0,0.0,Bay of Bengal,-0.08772,-0.30255,0.31501
2025-06-10T00:00:00+00:00,11.0,95.0,0.0,Bay of Bengal,-0.0848,-0.30191,0.31359
2025-06-10T00:00:00+00:00,11.0,96.0,0.0,Bay of Bengal,-0.08147,-0.30105,0.31188
2025-06-10T00:00:00+00:00,11.0,97.0,0.0,Bay of Bengal,-0.07783,-0.29999,0.30992
2025-06-10T00:00:00+00:00,11.0,98.0,0.0,Bay of Bengal,-0.07403,-0.29872,0.30775
2025-06-10T00:00:00+00:00,12.0,80.0,0.0,Bay of Bengal,-0.09567,-0.2891,0.30452
2025-06-10T00:00:00+00:00,12.0,81.0,0.0,Bay of Bengal,-0.09738,-0.29145,0.30729
2025-06-10T00:00:00+00:00,12.0,82.0,0.0,Bay of Bengal,-0.09824,-0.2936,0.3096
2025-06-10T00:00:00+00:00,12.0,83.0,0.0,Bay of Bengal,-0.09824,-0.29555,0.31145
2025-06-10T00:00:00+00:00,12.0,84.0,0.0,Bay of Bengal,-0.09738,-0.2973,0.31284
2025-06-10T00:00:00+00:00,12.0,85.0,0.0,Bay of Bengal,-0.09567,-0.29883,0.31378
2025-06-10T00:00:00+00:00,12.0,86.0,0.0,Bay of Bengal,-0.09322,-0.30016,0.3143
2025-06-10T00:00:00+00:00,12.0,87.0,0.0,Bay of Bengal,-0.09011,-0.30127,0.31445
2025-06-10T00:00:00+00:00,12.0,88.0,0.0,Bay of Bengal,-0.08649,-0.30216,0.31429
2025-06-10T00:00:00+00:00,12.0,89.0,0.0,Bay of Bengal,-0.08251,-0.30283,0.31387
2025-06-10T00:00:00+00:00,12.0,90.0,0.0,Bay of Bengal,-0.07835,-0.30328,0.31324
2025-06-10T00:00:00+00:00,12.0,91.0,0.0,Bay of Bengal,-0.0742,-0.30351,0.31245
2025-06-10T00:00:00+00:00,12.0,92.0,0.0,Bay of Bengal,-0.07022,-0.30352,0.31154
2025-06-10T00:00:00+00:00,12.0,93.0,0.0,Bay of Bengal,-0.0666,-0.30331,0.31054
2025-06-10T00:00:00+00:00,12.0,94.0,0.0,Bay of Bengal,-0.06349,-0.30289,0.30947
2025-06-10T00:00:00+00:00,12.0,95.0,0.0,Bay of Bengal,-0.06103,-0.30224,0.30834
2025-06-10T00:00:00+00:00,12.0,96.0,0.0,Bay of Bengal,-0.05933,-0.30139,0.30717
2025-06-10T00:00:00+00:00,12.0,97.0,0.0,Bay of Bengal,-0.05846,-0.30032,0.30596
2025-06-10T00:00:00+00:00,12.0,98.0,0.0,Bay of Bengal,-0.05846,-0.29905,0.30471
2025-06-10T00:00:00+00:00,13.0,80.0,0.0,Bay of Bengal,-0.09656,-0.28945,0.30513
2025-06-10T00:00:00+00:00,13.0,81.0,0.0,Bay of Bengal,-0.09278,-0.2918,0.30619
2025-06-10T00:00:00+00:00,13.0,82.0,0.0,Bay of Bengal,-0.08854,-0.29395,0.30699
2025-06-10T00:00:00+00:00,13.0,83.0,0.0,Bay of Bengal,-0.08405,-0.2959,0.3076
2025-06-10T00:00:00+00:00,13.0,84.0,0.0,Bay of Bengal,-0.07954,-0.29764,0.30809
2025-06-10T00:00:00+00:00,13.0,85.0,0.0,Bay of Bengal,-0.07525,-0.29918,0.3085
2025-06-10T00:00:00+00:00,13.0,86.0,0.0,Bay of Bengal,-0.07139,-0.3005,0.30887
2025-06-10T00:00:00+00:00,13.0,87.0,0.0,Bay of Bengal,-0.06816,-0.30161,0.30921
2025-06-10T00:00:00+00:00,13.0,88.0,0.0,Bay of Bengal,-0.06573,-0.3025,0.30956
2025-06-10T00:00:00+00:00,13.0,89.0,0.0,Bay of Bengal,-0.06421,-0.30317,0.3099
2025-06-10T00:00:00+00:00,13.0,90.0,0.0,Bay of Bengal,-0.0637,-0.30362,0.31023
2025-06-10T00:00:00+00:00,13.0,91.0,0.0,Bay of Bengal,-0.06421,-0.30385,0.31056
2025-06-10T00:00:00+00:00,13.0,92.0,0.0,Bay of Bengal,-0.06573,-0.30386,0.31089
2025-06-10T00:00:00+00:00,13.0,93.0,0.0,Bay of Bengal,-0.06816,-0.30365,0.3112
2025-06-10T00:00:00+00:00,13.0,94.0,0.0,Bay of Bengal,-0.07139,-0.30322,0.31151
2025-06-10T00:00:00+00:00,13.0,95.0,0.0,Bay of Bengal,-0.07525,-0.30258,0.31179
2025-06-10T00:00:00+00:00,13.0,96.0,0.0,Bay of Bengal,-0.07954,-0.30172,0.31203
2025-06-10T00:00:00+00:00,13.0,97.0,0.0,Bay of Bengal,-0.08405,-0.30065,0.31218
2025-06-10T00:00:00+00:00,13.0,98.0,0.0,Bay of Bengal,-0.08854,-0.29937,0.31219
2025-06-10T00:00:00+00:00,14.0,80.0,0.0,Bay of Bengal,-0.07649,-0.2898,0.29972
2025-06-10T00:00:00+00:00,14.0,81.0,0.0,Bay of Bengal,-0.07317,-0.29215,0.30117
2025-06-10T00:00:00+00:00,14.0,82.0,0.0,Bay of Bengal,-0.0708,-0.2943,0.30269
2025-06-10T00:00:00+00:00,14.0,83.0,0.0,Bay of Bengal,-0.06954,-0.29625,0.3043
2025-06-10T00:00:00+00:00,14.0,84.0,0.0,Bay of Bengal,-0.06946,-0.29799,0.30598
2025-06-10T00:00:00+00:00,14.0,85.0,0.0,Bay of Bengal,-0.07055,-0.29952,0.30772
2025-06-10T00:00:00+00:00,14.0,86.0,0.0,Bay of Bengal,-0.07277,-0.30085,0.30952
2025-06-10T00:00:00+00:00,14.0,87.0,0.0,Bay of Bengal,-0.07597,-0.30195,0.31136
2025-06-10T00:00:00+00:00,14.0,88.0,0.0,Bay of Bengal,-0.07996,-0.30284,0.31322
2025-06-10T00:00:00+00:00,14.0,89.0,0.0,Bay of Bengal,-0.08451,-0.30351,0.31506
2025-06-10T00:00:00+00:00,14.0,90.0,0.0,Bay of Bengal,-0.08935,-0.30396,0.31682
2025-06-10T00:00:00+00:00,14.0,91.0,0.0,Bay of Bengal,-0.09419,-0.30419,0.31844
2025-06-10T00:00:00+00:00,14.0,92.0,0.0,Bay of Bengal,-0.09874,-0.3042,0.31982
2025-06-10T00:00:00+00:00,14.0,93.0,0.0,Bay of Bengal,-0.10273,-0.30398,0.32087
2025-06-10T00:00:00+00:00,14.0,94.0,0.0,Bay of Bengal,-0.10593,-0.30355,0.32151
2025-06-10T00:00:00+00:00,14.0,95.0,0.0,Bay of Bengal,-0.10814,-0.30291,0.32163
2025-06-10T00:00:00+00:00,14.0,96.0,0.0,Bay of Bengal,-0.10924,-0.30205,0.32119
2025-06-10T00:00:00+00:00,14.0,97.0,0.0,Bay of Bengal,-0.10915,-0.30098,0.32016
2025-06-10T00:00:00+00:00,14.0,98.0,0.0,Bay of Bengal,-0.10789,-0.2997,0.31853
2025-06-10T00:00:00+00:00,15.0,80.0,0.0,Bay of Bengal,-0.07795,-0.29015,0.30043
2025-06-10T00:00:00+00:00,15.0,81.0,0.0,Bay of Bengal,-0.08113,-0.29249,0.30353
2025-06-10T00:00:00+00:00,15.0,82.0,0.0,Bay of Bengal,-0.08527,-0.29464,0.30673
2025-06-10T00:00:00+00:00,15.0,83.0,0.0,Bay of Bengal,-0.09009,-0.29659,0.30997
2025-06-10T00:00:00+00:00,15.0,84.0,0.0,Bay of Bengal,-0.09527,-0.29833,0.31318
2025-06-10T00:00:00+00:00,15.0,85.0,0.0,Bay of Bengal,-0.10044,-0.29987,0.31624
2025-06-10T00:00:00+00:00,15.0,86.0,0.0,Bay of Bengal,-0.10527,-0.30119,0.31906
2025-06-10T00:00:00+00:00,15.0,87.0,0.0,Bay of Bengal,-0.10941,-0.30229,0.32148
2025-06-10T00:00:00+00:00,15.0,88.0,0.0,Bay of Bengal,-0.11259,-0.30318,0.32341
2025-06-10T00:00:00+00:00,15.0,89.0,0.0,Bay of Bengal,-0.11459,-0.30385,0.32474
2025-06-10T00:00:00+00:00,15.0,90.0,0.0,Bay of Bengal,-0.11527,-0.3043,0.3254
2025-06-10T00:00:00+00:00,15.0,91.0,0.0,Bay of Bengal,-0.11459,-0.30452,0.32537
2025-06-10T00:00:00+00:00,15.0,92.0,0.0,Bay of Bengal,-0.11259,-0.30453,0.32468
2025-06-10T00:00:00+00:00,15.0,93.0,0.0,Bay of Bengal,-0.10941,-0.30432,0.32339
2025-06-10T00:00:00+00:00,15.0,94.0,0.0,Bay of Bengal,-0.10527,-0.30388,0.3216
2025-06-10T00:00:00+00:00,15.0,95.0,0.0,Bay of Bengal,-0.10044,-0.30324,0.31944
2025-06-10T00:00:00+00:00,15.0,96.0,0.0,Bay of Bengal,-0.09527,-0.30237,0.31703
2025-06-10T00:00:00+00:00,15.0,97.0,0.0,Bay of Bengal,-0.09009,-0.3013,0.31448
2025-06-10T00:00:00+00:00,15.0,98.0,0.0,Bay of Bengal,-0.08527,-0.30002,0.3119
2025-06-10T00:00:00+00:00,16.0,80.0,0.0,Bay of Bengal,-0.10827,-0.29049,0.31002
2025-06-10T00:00:00+00:00,16.0,81.0,0.0,Bay of Bengal,-0.11319,-0.29284,0.31395
2025-06-10T00:00:00+00:00,16.0,82.0,0.0,Bay of Bengal,-0.11719,-0.29499,0.31741
2025-06-10T00:00:00+00:00,16.0,83.0,0.0,Bay of Bengal,-0.11997,-0.29694,0.32026
2025-06-10T00:00:00+00:00,16.0,84.0,0.0,Bay of Bengal,-0.12132,-0.29868,0.32238
2025-06-10T00:00:00+00:00,16.0,85.0,0.0,Bay of Bengal,-0.12113,-0.30021,0.32373
2025-06-10T00:00:00+00:00,16.0,86.0,0.0,Bay of Bengal,-0.11941,-0.30153,0.32431
2025-06-10T00:00:00+00:00,16.0,87.0,0.0,Bay of Bengal,-0.11629,-0.30264,0.32421
2025-06-10T00:00:00+00:00,16.0,88.0,0.0,Bay of Bengal,-0.11203,-0.30352,0.32354
2025-06-10T00:00:00+00:00,16.0,89.0,0.0,Bay of Bengal,-0.10694,-0.30419,0.32244
2025-06-10T00:00:00+00:00,16.0,90.0,0.0,Bay of Bengal,-0.10143,-0.30463,0.32108
2025-06-10T00:00:00+00:00,16.0,91.0,0.0,Bay of Bengal,-0.09592,-0.30486,0.31959
2025-06-10T00:00:00+00:00,16.0,92.0,0.0,Bay of Bengal,-0.09083,-0.30486,0.31811
2025-06-10T00:00:00+00:00,16.0,93.0,0.0,Bay of Bengal,-0.08657,-0.30465,0.31671
2025-06-10T00:00:00+00:00,16.0,94.0,0.0,Bay of Bengal,-0.08345,-0.30421,0.31545
2025-06-10T00:00:00+00:00,16.0,95.0,0.0,Bay of Bengal,-0.08173,-0.30356,0.31437
2025-06-10T00:00:00+00:00,16.0,96.0,0.0,Bay of Bengal,-0.08154,-0.3027,0.31349
2025-06-10T00:00:00+00:00,16.0,97.0,0.0,Bay of Bengal,-0.08289,-0.30162,0.3128
2025-06-10T00:00:00+00:00,16.0,98.0,0.0,Bay of Bengal,-0.08567,-0.30034,0.31232
2025-06-10T00:00:00+00:00,17.0,80.0,0.0,Bay of Bengal,-0.1275,-0.29084,0.31756
2025-06-10T00:00:00+00:00,17.0,81.0,0.0,Bay of Bengal,-0.12563,-0.29319,0.31897
2025-06-10T00:00:00+00:00,17.0,82.0,0.0,Bay of Bengal,-0.12219,-0.29533,0.31961
2025-06-10T00:00:00+00:00,17.0,83.0,0.0,Bay of Bengal,-0.1175,-0.29728,0.31966
2025-06-10T00:00:00+00:00,17.0,84.0,0.0,Bay of Bengal,-0.11197,-0.29902,0.3193
2025-06-10T00:00:00+00:00,17.0,85.0,0.0,Bay of Bengal,-0.10606,-0.30055,0.31872
2025-06-10T00:00:00+00:00,17.0,86.0,0.0,Bay of Bengal,-0.10031,-0.30187,0.3181
2025-06-10T00:00:00+00:00,17.0,87.0,0.0,Bay of Bengal,-0.09522,-0.30297,0.31759
2025-06-10T00:00:00+00:00,17.0,88.0,0.0,Bay of Bengal,-0.09123,-0.30386,0.31726
2025-06-10T00:00:00+00:00,17.0,89.0,0.0,Bay of Bengal,-0.08868,-0.30452,0.31717
2025-06-10T00:00:00+00:00,17.0,90.0,0.0,Bay of Bengal,-0.08781,-0.30497,0.31736
2025-06-10T00:00:00+00:00,17.0,91.0,0.0,Bay of Bengal,-0.08868,-0.30519,0.31782
2025-06-10T00:00:00+00:00,17.0,92.0,0.0,Bay of Bengal,-0.09123,-0.30519,0.31854
2025-06-10T00:00:00+00:00,17.0,93.0,0.0,Bay of Bengal,-0.09522,-0.30498,0.3195
2025-06-10T00:00:00+00:00,17.0,94.0,0.0,Bay of Bengal,-0.10031,-0.30454,0.32064
2025-06-10T00:00:00+00:00,17.0,95.0,0.0,Bay of Bengal,-0.10606,-0.30389,0.32187
2025-06-10T00:00:00+00:00,17.0,96.0,0.0,Bay of Bengal,-0.11197,-0.30302,0.32304
2025-06-10T00:00:00+00:00,17.0,97.0,0.0,Bay of Bengal,-0.1175,-0.30194,0.324
2025-06-10T00:00:00+00:00,17.0,98.0,0.0,Bay of Bengal,-0.12219,-0.30066,0.32454
2025-06-10T00:00:00+00:00,18.0,80.0,0.0,Bay of Bengal,-0.11437,-0.29119,0.31284
2025-06-10T00:00:00+00:00,18.0,81.0,0.0,Bay of Bengal,-0.10819,-0.29353,0.31283
2025-06-10T00:00:00+00:00,18.0,82.0,0.0,Bay of Bengal,-0.10261,-0.29568,0.31298
2025-06-10T00:00:00+00:00,18.0,83.0,0.0,Bay of Bengal,-0.09819,-0.29762,0.3134
2025-06-10T00:00:00+00:00,18.0,84.0,0.0,Bay of Bengal,-0.09534,-0.29936,0.31418
2025-06-10T00:00:00+00:00,18.0,85.0,0.0,Bay of Bengal,-0.09437,-0.30089,0.31534
2025-06-10T00:00:00+00:00,18.0,86.0,0.0,Bay of Bengal,-0.09534,-0.30221,0.3169
2025-06-10T00:00:00+00:00,18.0,87.0,0.0,Bay of Bengal,-0.09819,-0.30331,0.31881
2025-06-10T00:00:00+00:00,18.0,88.0,0.0,Bay of Bengal,-0.10261,-0.3042,0.32104
2025-06-10T00:00:00+00:00,18.0,89.0,0.0,Bay of Bengal,-0.10819,-0.30486,0.32349
2025-06-10T00:00:00+00:00,18.0,90.0,0.0,Bay of Bengal,-0.11437,-0.3053,0.32602
2025-06-10T00:00:00+00:00,18.0,91.0,0.0,Bay of Bengal,-0.12055,-0.30552,0.32844
2025-06-10T00:00:00+00:00,18.0,92.0,0.0,Bay of Bengal,-0.12612,-0.30552,0.33053
2025-06-10T00:00:00+00:00,18.0,93.0,0.0,Bay of Bengal,-0.13055,-0.3053,0.33204
2025-06-10T00:00:00+00:00,18.0,94.0,0.0,Bay of Bengal,-0.13339,-0.30487,0.33277
2025-06-10T00:00:00+00:00,18.0,95.0,0.0,Bay of Bengal,-0.13437,-0.30421,0.33256
2025-06-10T00:00:00+00:00,18.0,96.0,0.0,Bay of Bengal,-0.13339,-0.30334,0.33137
2025-06-10T00:00:00+00:00,18.0,97.0,0.0,Bay of Bengal,-0.13055,-0.30226,0.32925
2025-06-10T00:00:00+00:00,18.0,98.0,0.0,Bay of Bengal,-0.12612,-0.30097,0.32633
2025-06-10T00:00:00+00:00,19.0,80.0,0.0,Bay of Bengal,-0.10138,-0.29153,0.30866
2025-06-10T00:00:00+00:00,19.0,81.0,0.0,Bay of Bengal,-0.10132,-0.29387,0.31085
2025-06-10T00:00:00+00:00,19.0,82.0,0.0,Bay of Bengal,-0.10342,-0.29602,0.31357
2025-06-10T00:00:00+00:00,19.0,83.0,0.0,Bay of Bengal,-0.10744,-0.29797,0.31674
2025-06-10T00:00:00+00:00,19.0,84.0,0.0,Bay of Bengal,-0.11294,-0.2997,0.32028
2025-06-10T00:00:00+00:00,19.0,85.0,0.0,Bay of Bengal,-0.11933,-0.30123,0.32401
2025-06-10T00:00:00+00:00,19.0,86.0,0.0,Bay of Bengal,-0.12591,-0.30255,0.3277
2025-06-10T00:00:00+00:00,19.0,87.0,0.0,Bay of Bengal,-0.13197,-0.30365,0.33109
2025-06-10T00:00:00+00:00,19.0,88.0,0.0,Bay of Bengal,-0.13684,-0.30453,0.33386
2025-06-10T00:00:00+00:00,19.0,89.0,0.0,Bay of Bengal,-0.13999,-0.30519,0.33577
2025-06-10T00:00:00+00:00,19.0,90.0,0.0,Bay of Bengal,-0.14108,-0.30563,0.33662
2025-06-10T00:00:00+00:00,19.0,91.0,0.0,Bay of Bengal,-0.13999,-0.30585,0.33637
2025-06-10T00:00:00+00:00,19.0,92.0,0.0,Bay of Bengal,-0.13684,-0.30585,0.33506
2025-06-10T00:00:00+00:00,19.0,93.0,0.0,Bay of Bengal,-0.13197,-0.30563,0.3329
2025-06-10T00:00:00+00:00,19.0,94.0,0.0,Bay of Bengal,-0.12591,-0.30519,0.33014
2025-06-10T00:00:00+00:00,19.0,95.0,0.0,Bay of Bengal,-0.11933,-0.30453,0.32708
2025-06-10T00:00:00+00:00,19.0,96.0,0.0,Bay of Bengal,-0.11294,-0.30366,0.32398
2025-06-10T00:00:00+00:00,19.0,97.0,0.0,Bay of Bengal,-0.10744,-0.30258,0.32108
2025-06-10T00:00:00+00:00,19.0,98.0,0.0,Bay of Bengal,-0.10342,-0.30128,0.31854
2025-06-10T00:00:00+00:00,20.0,80.0,0.0,Bay of Bengal,-0.12106,-0.29188,0.31599
2025-06-10T00:00:00+00:00,20.0,81.0,0.0,Bay of Bengal,-0.1279,-0.29422,0.32082
2025-06-10T00:00:00+00:00,20.0,82.0,0.0,Bay of Bengal,-0.13474,-0.29636,0.32556
2025-06-10T00:00:00+00:00,20.0,83.0,0.0,Bay of Bengal,-0.14076,-0.29831,0.32985
2025-06-10T00:00:00+00:00,20.0,84.0,0.0,Bay of Bengal,-0.14522,-0.30004,0.33334
2025-06-10T00:00:00+00:00,20.0,85.0,0.0,Bay of Bengal,-0.1476,-0.30157,0.33575
2025-06-10T00:00:00+00:00,20.0,86.0,0.0,Bay of Bengal,-0.1476,-0.30289,0.33694
2025-06-10T00:00:00+00:00,20.0,87.0,0.0,Bay of Bengal,-0.14522,-0.30398,0.33689
2025-06-10T00:00:00+00:00,20.0,88.0,0.0,Bay of Bengal,-0.14076,-0.30486,0.33579
2025-06-10T00:00:00+00:00,20.0,89.0,0.0,Bay of Bengal,-0.13474,-0.30552,0.33392
2025-06-10T00:00:00+00:00,20.0,90.0,0.0,Bay of Bengal,-0.1279,-0.30596,0.33162
2025-06-10T00:00:00+00:00,20.0,91.0,0.0,Bay of Bengal,-0.12106,-0.30618,0.32924
2025-06-10T00:00:00+00:00,20.0,92.0,0.0,Bay of Bengal,-0.11505,-0.30618,0.32708
2025-06-10T00:00:00+00:00,20.0,93.0,0.0,Bay of Bengal,-0.11058,-0.30595,0.32532
2025-06-10T00:00:00+00:00,20.0,94.0,0.0,Bay of Bengal,-0.10821,-0.30551,0.3241
2025-06-10T00:00:00+00:00,20.0,95.0,0.0,Bay of Bengal,-0.10821,-0.30485,0.32348
2025-06-10T00:00:00+00:00,20.0,96.0,0.0,Bay of Bengal,-0.11058,-0.30397,0.32346
2025-06-10T00:00:00+00:00,20.0,97.0,0.0,Bay of Bengal,-0.11505,-0.30289,0.324
2025-06-10T00:00:00+00:00,20.0,98.0,0.0,Bay of Bengal,-0.12106,-0.30159,0.32499
2025-06-10T00:00:00+00:00,21.0,80.0,0.0,Bay of Bengal,-0.15214,-0.29222,0.32945
2025-06-10T00:00:00+00:00,21.0,81.0,0.0,Bay of Bengal,-0.15457,-0.29456,0.33265
2025-06-10T00:00:00+00:00,21.0,82.0,0.0,Bay of Bengal,-0.15438,-0.2967,0.33446
2025-06-10T00:00:00+00:00,21.0,83.0,0.0,Bay of Bengal,-0.15159,-0.29865,0.33492
2025-06-10T00:00:00+00:00,21.0,84.0,0.0,Bay of Bengal,-0.14657,-0.30038,0.33423
2025-06-10T00:00:00+00:00,21.0,85.0,0.0,Bay of Bengal,-0.13999,-0.30191,0.33279
2025-06-10T00:00:00+00:00,21.0,86.0,0.0,Bay of Bengal,-0.13272,-0.30322,0.331
2025-06-10T00:00:00+00:00,21.0,87.0,0.0,Bay of Bengal,-0.12573,-0.30432,0.32927
2025-06-10T00:00:00+00:00,21.0,88.0,0.0,Bay of Bengal,-0.11995,-0.30519,0.32792
2025-06-10T00:00:00+00:00,21.0,89.0,0.0,Bay of Bengal,-0.11614,-0.30585,0.32716
2025-06-10T00:00:00+00:00,21.0,90.0,0.0,Bay of Bengal,-0.11481,-0.30629,0.3271
2025-06-10T00:00:00+00:00,21.0,91.0,0.0,Bay of Bengal,-0.11614,-0.3065,0.32777
2025-06-10T00:00:00+00:00,21.0,92.0,0.0,Bay of Bengal,-0.11995,-0.3065,0.32913
2025-06-10T00:00:00+00:00,21.0,93.0,0.0,Bay of Bengal,-0.12573,-0.30627,0.33108
2025-06-10T00:00:00+00:00,21.0,94.0,0.0,Bay of Bengal,-0.13272,-0.30583,0.33338
2025-06-10T00:00:00+00:00,21.0,95.0,0.0,Bay of Bengal,-0.13999,-0.30516,0.33574
2025-06-10T00:00:00+00:00,21.0,96.0,0.0,Bay of Bengal,-0.14657,-0.30429,0.33775
2025-06-10T00:00:00+00:00,21.0,97.0,0.0,Bay of Bengal,-0.15159,-0.3032,0.33898
2025-06-10T00:00:00+00:00,21.0,98.0,0.0,Bay of Bengal,-0.15438,-0.3019,0.33908
2025-06-10T00:00:00+00:00,22.0,80.0,0.0,Bay of Bengal,-0.15463,-0.29256,0.33091
2025-06-10T00:00:00+00:00,22.0,81.0,0.0,Bay of Bengal,-0.14796,-0.2949,0.32994
2025-06-10T00:00:00+00:00,22.0,82.0,0.0,Bay of Bengal,-0.14038,-0.29704,0.32855
2025-06-10T00:00:00+00:00,22.0,83.0,0.0,Bay of Bengal,-0.13301,-0.29898,0.32724
2025-06-10T00:00:00+00:00,22.0,84.0,0.0,Bay of Bengal,-0.12691,-0.30072,0.3264
2025-06-10T00:00:00+00:00,22.0,85.0,0.0,Bay of Bengal,-0.12298,-0.30224,0.32631
2025-06-10T00:00:00+00:00,22.0,86.0,0.0,Bay of Bengal,-0.12179,-0.30355,0.32707
2025-06-10T00:00:00+00:00,22.0,87.0,0.0,Bay of Bengal,-0.12351,-0.30465,0.32873
2025-06-10T00:00:00+00:00,22.0,88.0,0.0,Bay of Bengal,-0.12788,-0.30552,0.33121
2025-06-10T00:00:00+00:00,22.0,89.0,0.0,Bay of Bengal,-0.13429,-0.30618,0.33433
2025-06-10T00:00:00+00:00,22.0,90.0,0.0,Bay of Bengal,-0.14178,-0.30661,0.33781
2025-06-10T00:00:00+00:00,22.0,91.0,0.0,Bay of Bengal,-0.14927,-0.30683,0.34121
2025-06-10T00:00:00+00:00,22.0,92.0,0.0,Bay of Bengal,-0.15567,-0.30682,0.34405
2025-06-10T00:00:00+00:00,22.0,93.0,0.0,Bay of Bengal,-0.16005,-0.30659,0.34585
2025-06-10T00:00:00+00:00,22.0,94.0,0.0,Bay of Bengal,-0.16177,-0.30614,0.34625
2025-06-10T00:00:00+00:00,22.0,95.0,0.0,Bay of Bengal,-0.16057,-0.30548,0.34511
2025-06-10T00:00:00+00:00,22.0,96.0,0.0,Bay of Bengal,-0.15664,-0.3046,0.34251
2025-06-10T00:00:00+00:00,22.0,97.0,0.0,Bay of Bengal,-0.15054,-0.3035,0.33879
2025-06-10T00:00:00+00:00,22.0,98.0,0.0,Bay of Bengal,-0.14317,-0.30221,0.3344
2025-06-10T00:00:00+00:00,6.0,80.0,50.0,Bay of Bengal,-0.03146,-0.25956,0.26146
2025-06-10T00:00:00+00:00,6.0,81.0,50.0,Bay of Bengal,-0.0326,-0.26172,0.26374
2025-06-10T00:00:00+00:00,6.0,82.0,50.0,Bay of Bengal,-0.03392,-0.2637,0.26587
2025-06-10T00:00:00+00:00,6.0,83.0,50.0,Bay of Bengal,-0.0354,-0.2655,0.26785
2025-06-10T00:00:00+00:00,6.0,84.0,50.0,Bay of Bengal,-0.03703,-0.26711,0.26967
2025-06-10T00:00:00+00:00,6.0,85.0,50.0,Bay of Bengal,-0.03878,-0.26854,0.27132
2025-06-10T00:00:00+00:00,6.0,86.0,50.0,Bay of Bengal,-0.04065,-0.26977,0.27282
2025-06-10T00:00:00+00:00,6.0,87.0,50.0,Bay of Bengal,-0.0426,-0.27081,0.27414
2025-06-10T00:00:00+00:00,6.0,88.0,50.0,Bay of Bengal,-0.04462,-0.27165,0.2753
2025-06-10T00:00:00+00:00,6.0,89.0,50.0,Bay of Bengal,-0.04669,-0.2723,0.27627
2025-06-10T00:00:00+00:00,6.0,90.0,50.0,Bay of Bengal,-0.04878,-0.27275,0.27708
2025-06-10T00:00:00+00:00,6.0,91.0,50.0,Bay of Bengal,-0.05087,-0.27299,0.27769
2025-06-10T00:00:00+00:00,6.0,92.0,50.0,Bay of Bengal,-0.05294,-0.27304,0.27813
2025-06-10T00:00:00+00:00,6.0,93.0,50.0,Bay of Bengal,-0.05496,-0.27289,0.27837
2025-06-10T00:00:00+00:00,6.0,94.0,50.0,Bay of Bengal,-0.05692,-0.27255,0.27843
2025-06-10T00:00:00+00:00,6.0,95.0,50.0,Bay of Bengal,-0.05878,-0.27201,0.27829
2025-06-10T00:00:00+00:00,6.0,96.0,50.0,Bay of Bengal,-0.06054,-0.27127,0.27794
2025-06-10T00:00:00+00:00,6.0,97.0,50.0,Bay of Bengal,-0.06217,-0.27035,0.2774
2025-06-10T00:00:00+00:00,6.0,98.0,50.0,Bay of Bengal,-0.06365,-0.26924,0.27666
2025-06-10T00:00:00+00:00,7.0,80.0,50.0,Bay of Bengal,-0.05839,-0.25991,0.26639
2025-06-10T00:00:00+00:00,7.0,81.0,50.0,Bay of Bengal,-0.06063,-0.26207,0.26899
2025-06-10T00:00:00+00:00,7.0,82.0,50.0,Bay of Bengal,-0.06273,-0.26405,0.2714
2025-06-10T00:00:00+00:00,7.0,83.0,50.0,Bay of Bengal,-0.06467,-0.26585,0.2736
2025-06-10T00:00:00+00:00,7.0,84.0,50.0,Bay of Bengal,-0.06641,-0.26746,0.27558
2025-06-10T00:00:00+00:00,7.0,85.0,50.0,Bay of Bengal,-0.06793,-0.26889,0.27734
2025-06-10T00:00:00+00:00,7.0,86.0,50.0,Bay of Bengal,-0.06921,-0.27012,0.27885
2025-06-10T00:00:00+00:00,7.0,87.0,50.0,Bay of Bengal,-0.07022,-0.27116,0.28011
2025-06-10T00:00:00+00:00,7.0,88.0,50.0,Bay of Bengal,-0.07096,-0.272,0.28111
2025-06-10T00:00:00+00:00,7.0,89.0,50.0,Bay of Bengal,-0.0714,-0.27265,0.28184
2025-06-10T00:00:00+00:00,7.0,90.0,50.0,Bay of Bengal,-0.07155,-0.27309,0.28231
2025-06-10T00:00:00+00:00,7.0,91.0,50.0,Bay of Bengal,-0.0714,-0.27334,0.28251
2025-06-10T00:00:00+00:00,7.0,92.0,50.0,Bay of Bengal,-0.07096,-0.27339,0.28245
2025-06-10T00:00:00+00:00,7.0,93.0,50.0,Bay of Bengal,-0.07022,-0.27324,0.28212
2025-06-10T00:00:00+00:00,7.0,94.0,50.0,Bay of Bengal,-0.06921,-0.27289,0.28153
2025-06-10T00:00:00+00:00,7.0,95.0,50.0,Bay of Bengal,-0.06793,-0.27235,0.28069
2025-06-10T00:00:00+00:00,7.0,96.0,50.0,Bay of Bengal,-0.06641,-0.27161,0.27961
2025-06-10T00:00:00+00:00,7.0,97.0,50.0,Bay of Bengal,-0.06467,-0.27069,0.27831
2025-06-10T00:00:00+00:00,7.0,98.0,50.0,Bay of Bengal,-0.06273,-0.26957,0.27678
2025-06-10T00:00:00+00:00,8.0,80.0,50.0,Bay of Bengal,-0.07441,-0.26026,0.27069
2025-06-10T00:00:00+00:00,8.0,81.0,50.0,Bay of Bengal,-0.07373,-0.26242,0.27258
2025-06-10T00:00:00+00:00,8.0,82.0,50.0,Bay of Bengal,-0.07268,-0.2644,0.27421
2025-06-10T00:00:00+00:00,8.0,83.0,50.0,Bay of Bengal,-0.07129,-0.2662,0.27558
2025-06-10T00:00:00+00:00,8.0,84.0,50.0,Bay of Bengal,-0.06957,-0.26781,0.2767
2025-06-10T00:00:00+00:00,8.0,85.0,50.0,Bay of Bengal,-0.06756,-0.26924,0.27758
2025-06-10T00:00:00+00:00,8.0,86.0,50.0,Bay of Bengal,-0.06531,-0.27047,0.27824
2025-06-10T00:00:00+00:00,8.0,87.0,50.0,Bay of Bengal,-0.06284,-0.27151,0.27869
2025-06-10T00:00:00+00:00,8.0,88.0,50.0,Bay of Bengal,-0.06022,-0.27235,0.27893
2025-06-10T00:00:00+00:00,8.0,89.0,50.0,Bay of Bengal,-0.05749,-0.27299,0.27898
2025-06-10T00:00:00+00:00,8.0,90.0,50.0,Bay of Bengal,-0.05471,-0.27344,0.27886
2025-06-10T00:00:00+00:00,8.0,91.0,50.0,Bay of Bengal,-0.05193,-0.27369,0.27857
2025-06-10T00:00:00+00:00,8.0,92.0,50.0,Bay of Bengal,-0.0492,-0.27373,0.27812
2025-06-10T00:00:00+00:00,8.0,93.0,50.0,Bay of Bengal,-0.04657,-0.27358,0.27752
2025-06-10T00:00:00+00:00,8.0,94.0,50.0,Bay of Bengal,-0.04411,-0.27323,0.27677
2025-06-10T00:00:00+00:00,8.0,95.0,50.0,Bay of Bengal,-0.04185,-0.27269,0.27588
2025-06-10T00:00:00+00:00,8.0,96.0,50.0,Bay of Bengal,-0.03985,-0.27195,0.27486
2025-06-10T00:00:00+00:00,8.0,97.0,50.0,Bay of Bengal,-0.03813,-0.27102,0.27369
2025-06-10T00:00:00+00:00,8.0,98.0,50.0,Bay of Bengal,-0.03673,-0.26991,0.2724
2025-06-10T00:00:00+00:00,9.0,80.0,50.0,Bay of Bengal,-0.05824,-0.26061,0.26704
2025-06-10T00:00:00+00:00,9.0,81.0,50.0,Bay of Bengal,-0.05511,-0.26277,0.26848
2025-06-10T00:00:00+00:00,9.0,82.0,50.0,Bay of Bengal,-0.05206,-0.26475,0.26982
2025-06-10T00:00:00+00:00,9.0,83.0,50.0,Bay of Bengal,-0.04916,-0.26655,0.27104
2025-06-10T00:00:00+00:00,9.0,84.0,50.0,Bay of Bengal,-0.04648,-0.26816,0.27216
2025-06-10T00:00:00+00:00,9.0,85.0,50.0,Bay of Bengal,-0.0441,-0.26958,0.27317
2025-06-10T00:00:00+00:00,9.0,86.0,50.0,Bay of Bengal,-0.04206,-0.27082,0.27406
2025-06-10T00:00:00+00:00,9.0,87.0,50.0,Bay of Bengal,-0.04042,-0.27186,0.27484
2025-06-10T00:00:00+00:00,9.0,88.0,50.0,Bay of Bengal,-0.03922,-0.2727,0.2755
2025-06-10T00:00:00+00:00,9.0,89.0,50.0,Bay of Bengal,-0.03849,-0.27334,0.27604
2025-06-10T00:00:00+00:00,9.0,90.0,50.0,Bay of Bengal,-0.03824,-0.27378,0.27644
2025-06-10T00:00:00+00:00,9.0,91.0,50.0,Bay of Bengal,-0.03849,-0.27403,0.27672
2025-06-10T00:00:00+00:00,9.0,92.0,50.0,Bay of Bengal,-0.03922,-0.27408,0.27687
2025-06-10T00:00:00+00:00,9.0,93.0,50.0,Bay of Bengal,-0.04042,-0.27392,0.27689
2025-06-10T00:00:00+00:00,9.0,94.0,50.0,Bay of Bengal,-0.04206,-0.27357,0.27679
2025-06-10T00:00:00+00:00,9.0,95.0,50.0,Bay of Bengal,-0.0441,-0.27303,0.27657
2025-06-10T00:00:00+00:00,9.0,96.0,50.0,Bay of Bengal,-0.04648,-0.27229,0.27623
2025-06-10T00:00:00+00:00,9.0,97.0,50.0,Bay of Bengal,-0.04916,-0.27136,0.27578
2025-06-10T00:00:00+00:00,9.0,98.0,50.0,Bay of Bengal,-0.05206,-0.27025,0.27521
2025-06-10T00:00:00+00:00,10.0,80.0,50.0,Bay of Bengal,-0.04243,-0.26096,0.26439
2025-06-10T00:00:00+00:00,10.0,81.0,50.0,Bay of Bengal,-0.04213,-0.26312,0.26647
2025-06-10T00:00:00+00:00,10.0,82.0,50.0,Bay of Bengal,-0.04243,-0.2651,0.26847
2025-06-10T00:00:00+00:00,10.0,83.0,50.0,Bay of Bengal,-0.04333,-0.2669,0.27039
2025-06-10T00:00:00+00:00,10.0,84.0,50.0,Bay of Bengal,-0.04481,-0.26851,0.27222
2025-06-10T00:00:00+00:00,10.0,85.0,50.0,Bay of Bengal,-0.04681,-0.26993,0.27396
2025-06-10T00:00:00+00:00,10.0,86.0,50.0,Bay of Bengal,-0.04927,-0.27117,0.27561
2025-06-10T00:00:00+00:00,10.0,87.0,50.0,Bay of Bengal,-0.05213,-0.2722,0.27715
2025-06-10T00:00:00+00:00,10.0,88.0,50.0,Bay of Bengal,-0.05529,-0.27304,0.27858
2025-06-10T00:00:00+00:00,10.0,89.0,50.0,Bay of Bengal,-0.05866,-0.27369,0.2799
2025-06-10T00:00:00+00:00,10.0,90.0,50.0,Bay of Bengal,-0.06213,-0.27413,0.28108
2025-06-10T00:00:00+00:00,10.0,91.0,50.0,Bay of Bengal,-0.0656,-0.27437,0.28211
2025-06-10T00:00:00+00:00,10.0,92.0,50.0,Bay of Bengal,-0.06897,-0.27442,0.28295
2025-06-10T00:00:00+00:00,10.0,93.0,50.0,Bay of Bengal,-0.07213,-0.27426,0.28359
2025-06-10T00:00:00+00:00,10.0,94.0,50.0,Bay of Bengal,-0.07498,-0.27391,0.28399
2025-06-10T00:00:00+00:00,10.0,95.0,50.0,Bay of Bengal,-0.07745,-0.27337,0.28413
2025-06-10T00:00:00+00:00,10.0,96.0,50.0,Bay of Bengal,-0.07945,-0.27263,0.28397
2025-06-10T00:00:00+00:00,10.0,97.0,50.0,Bay of Bengal,-0.08092,-0.2717,0.28349
2025-06-10T00:00:00+00:00,10.0,98.0,50.0,Bay of Bengal,-0.08183,-0.27058,0.28268
2025-06-10T00:00:00+00:00,11.0,80.0,50.0,Bay of Bengal,-0.05951,-0.26131,0.268
2025-06-10T00:00:00+00:00,11.0,81.0,50.0,Bay of Bengal,-0.06323,-0.26346,0.27094
2025-06-10T00:00:00+00:00,11.0,82.0,50.0,Bay of Bengal,-0.06705,-0.26544,0.27378
2025-06-10T00:00:00+00:00,11.0,83.0,50.0,Bay of Bengal,-0.07085,-0.26724,0.27648
2025-06-10T00:00:00+00:00,11.0,84.0,50.0,Bay of Bengal,-0.07449,-0.26886,0.27898
2025-06-10T00:00:00+00:00,11.0,85.0,50.0,Bay of Bengal,-0.07783,-0.27028,0.28126
2025-06-10T00:00:00+00:00,11.0,86.0,50.0,Bay of Bengal,-0.08074,-0.27151,0.28326
2025-06-10T00:00:00+00:00,11.0,87.0,50.0,Bay of Bengal,-0.08313,-0.27255,0.28494
2025-06-10T00:00:00+00:00,11.0,88.0,50.0,Bay of Bengal,-0.0849,-0.27339,0.28627
2025-06-10T00:00:00+00:00,11.0,89.0,50.0,Bay of Bengal,-0.08599,-0.27403,0.2872
2025-06-10T00:00:00+00:00,11.0,90.0,50.0,Bay of Bengal,-0.08635,-0.27447,0.28774
2025-06-10T00:00:00+00:00,11.0,91.0,50.0,Bay of Bengal,-0.08599,-0.27472,0.28786
2025-06-10T00:00:00+00:00,11.0,92.0,50.0,Bay of Bengal,-0.0849,-0.27476,0.28758
2025-06-10T00:00:00+00:00,11.0,93.0,50.0,Bay of Bengal,-0.08313,-0.2746,0.28691
2025-06-10T00:00:00+00:00,11.0,94.0,50.0,Bay of Bengal,-0.08074,-0.27425,0.28589
2025-06-10T00:00:00+00:00,11.0,95.0,50.0,Bay of Bengal,-0.07783,-0.2737,0.28455
2025-06-10T00:00:00+00:00,11.0,96.0,50.0,Bay of Bengal,-0.07449,-0.27296,0.28294
2025-06-10T00:00:00+00:00,11.0,97.0,50.0,Bay of Bengal,-0.07085,-0.27203,0.2811
2025-06-10T00:00:00+00:00,11.0,98.0,50.0,Bay of Bengal,-0.06705,-0.27091,0.27908
2025-06-10T00:00:00+00:00,12.0,80.0,50.0,Bay of Bengal,-0.08822,-0.26166,0.27613
2025-06-10T00:00:00+00:00,12.0,81.0,50.0,Bay of Bengal,-0.08992,-0.26381,0.27872
2025-06-10T00:00:00+00:00,12.0,82.0,50.0,Bay of Bengal,-0.09079,-0.26579,0.28087
2025-06-10T00:00:00+00:00,12.0,83.0,50.0,Bay of Bengal,-0.09079,-0.26759,0.28257
2025-06-10T00:00:00+00:00,12.0,84.0,50.0,Bay of Bengal,-0.08992,-0.2692,0.28382
2025-06-10T00:00:00+00:00,12.0,85.0,50.0,Bay of Bengal,-0.08822,-0.27063,0.28464
2025-06-10T00:00:00+00:00,12.0,86.0,50.0,Bay of Bengal,-0.08576,-0.27186,0.28506
2025-06-10T00:00:00+00:00,12.0,87.0,50.0,Bay of Bengal,-0.08265,-0.27289,0.28514
2025-06-10T00:00:00+00:00,12.0,88.0,50.0,Bay of Bengal,-0.07903,-0.27373,0.28491
2025-06-10T00:00:00+00:00,12.0,89.0,50.0,Bay of Bengal,-0.07506,-0.27437,0.28445
2025-06-10T00:00:00+00:00,12.0,90.0,50.0,Bay of Bengal,-0.0709,-0.27481,0.28381
2025-06-10T00:00:00+00:00,12.0,91.0,50.0,Bay of Bengal,-0.06674,-0.27506,0.28304
2025-06-10T00:00:00+00:00,12.0,92.0,50.0,Bay of Bengal,-0.06276,-0.2751,0.28217
2025-06-10T00:00:00+00:00,12.0,93.0,50.0,Bay of Bengal,-0.05914,-0.27494,0.28123
2025-06-10T00:00:00+00:00,12.0,94.0,50.0,Bay of Bengal,-0.05604,-0.27459,0.28025
2025-06-10T00:00:00+00:00,12.0,95.0,50.0,Bay of Bengal,-0.05358,-0.27404,0.27923
2025-06-10T00:00:00+00:00,12.0,96.0,50.0,Bay of Bengal,-0.05188,-0.27329,0.27817
2025-06-10T00:00:00+00:00,12.0,97.0,50.0,Bay of Bengal,-0.05101,-0.27236,0.27709
2025-06-10T00:00:00+00:00,12.0,98.0,50.0,Bay of Bengal,-0.05101,-0.27124,0.27599
2025-06-10T00:00:00+00:00,13.0,80.0,50.0,Bay of Bengal,-0.08859,-0.262,0.27658
2025-06-10T00:00:00+00:00,13.0,81.0,50.0,Bay of Bengal,-0.08482,-0.26416,0.27744
2025-06-10T00:00:00+00:00,13.0,82.0,50.0,Bay of Bengal,-0.08057,-0.26614,0.27807
2025-06-10T00:00:00+00:00,13.0,83.0,50.0,Bay of Bengal,-0.07609,-0.26794,0.27853
2025-06-10T00:00:00+00:00,13.0,84.0,50.0,Bay of Bengal,-0.07158,-0.26955,0.27889
2025-06-10T00:00:00+00:00,13.0,85.0,50.0,Bay of Bengal,-0.06728,-0.27097,0.2792
2025-06-10T00:00:00+00:00,13.0,86.0,50.0,Bay of Bengal,-0.06342,-0.2722,0.27949
2025-06-10T00:00:00+00:00,13.0,87.0,50.0,Bay of Bengal,-0.06019,-0.27324,0.27979
2025-06-10T00:00:00+00:00,13.0,88.0,50.0,Bay of Bengal,-0.05776,-0.27408,0.2801
2025-06-10T00:00:00+00:00,13.0,89.0,50.0,Bay of Bengal,-0.05625,-0.27472,0.28041
2025-06-10T00:00:00+00:00,13.0,90.0,50.0,Bay of Bengal,-0.05574,-0.27516,0.28074
2025-06-10T00:00:00+00:00,13.0,91.0,50.0,Bay of Bengal,-0.05625,-0.2754,0.28108
2025-06-10T00:00:00+00:00,13.0,92.0,50.0,Bay of Bengal,-0.05776,-0.27544,0.28143
2025-06-10T00:00:00+00:00,13.0,93.0,50.0,Bay of Bengal,-0.06019,-0.27528,0.28178
2025-06-10T00:00:00+00:00,13.0,94.0,50.0,Bay of Bengal,-0.06342,-0.27492,0.28214
2025-06-10T00:00:00+00:00,13.0,95.0,50.0,Bay of Bengal,-0.06728,-0.27437,0.2825
2025-06-10T00:00:00+00:00,13.0,96.0,50.0,Bay of Bengal,-0.07158,-0.27362,0.28283
2025-06-10T00:00:00+00:00,13.0,97.0,50.0,Bay of Bengal,-0.07609,-0.27269,0.2831
2025-06-10T00:00:00+00:00,13.0,98.0,50.0,Bay of Bengal,-0.08057,-0.27157,0.28327
2025-06-10T00:00:00+00:00,14.0,80.0,50.0,Bay of Bengal,-0.06799,-0.26235,0.27102
2025-06-10T00:00:00+00:00,14.0,81.0,50.0,Bay of Bengal,-0.06467,-0.26451,0.2723
2025-06-10T00:00:00+00:00,14.0,82.0,50.0,Bay of Bengal,-0.0623,-0.26649,0.27367
2025-06-10T00:00:00+00:00,14.0,83.0,50.0,Bay of Bengal,-0.06104,-0.26829,0.27514
2025-06-10T00:00:00+00:00,14.0,84.0,50.0,Bay of Bengal,-0.06096,-0.2699,0.27669
2025-06-10T00:00:00+00:00,14.0,85.0,50.0,Bay of Bengal,-0.06205,-0.27132,0.27832
2025-06-10T00:00:00+00:00,14.0,86.0,50.0,Bay of Bengal,-0.06426,-0.27255,0.28002
2025-06-10T00:00:00+00:00,14.0,87.0,50.0,Bay of Bengal,-0.06746,-0.27358,0.28178
2025-06-10T00:00:00+00:00,14.0,88.0,50.0,Bay of Bengal,-0.07146,-0.27442,0.28357
2025-06-10T00:00:00+00:00,14.0,89.0,50.0,Bay of Bengal,-0.07601,-0.27506,0.28536
2025-06-10T00:00:00+00:00,14.0,90.0,50.0,Bay of Bengal,-0.08085,-0.27549,0.28711
2025-06-10T00:00:00+00:00,14.0,91.0,50.0,Bay of Bengal,-0.08568,-0.27573,0.28874
2025-06-10T00:00:00+00:00,14.0,92.0,50.0,Bay of Bengal,-0.09023,-0.27577,0.29016
2025-06-10T00:00:00+00:00,14.0,93.0,50.0,Bay of Bengal,-0.09423,-0.27561,0.29128
2025-06-10T00:00:00+00:00,14.0,94.0,50.0,Bay of Bengal,-0.09743,-0.27525,0.29199
2025-06-10T00:00:00+00:00,14.0,95.0,50.0,Bay of Bengal,-0.09964,-0.2747,0.29221
2025-06-10T00:00:00+00:00,14.0,96.0,50.0,Bay of Bengal,-0.10074,-0.27395,0.29189
2025-06-10T00:00:00+00:00,14.0,97.0,50.0,Bay of Bengal,-0.10065,-0.27302,0.29098
2025-06-10T00:00:00+00:00,14.0,98.0,50.0,Bay of Bengal,-0.09939,-0.27189,0.28949
2025-06-10T00:00:00+00:00,15.0,80.0,50.0,Bay of Bengal,-0.06888,-0.2627,0.27158
2025-06-10T00:00:00+00:00,15.0,81.0,50.0,Bay of Bengal,-0.07206,-0.26486,0.27448
2025-06-10T00:00:00+00:00,15.0,82.0,50.0,Bay of Bengal,-0.0762,-0.26684,0.2775
2025-06-10T00:00:00+00:00,15.0,83.0,50.0,Bay of Bengal,-0.08103,-0.26863,0.28059
2025-06-10T00:00:00+00:00,15.0,84.0,50.0,Bay of Bengal,-0.0862,-0.27024,0.28366
2025-06-10T00:00:00+00:00,15.0,85.0,50.0,Bay of Bengal,-0.09138,-0.27166,0.28662
2025-06-10T00:00:00+00:00,15.0,86.0,50.0,Bay of Bengal,-0.0962,-0.27289,0.28935
2025-06-10T00:00:00+00:00,15.0,87.0,50.0,Bay of Bengal,-0.10034,-0.27392,0.29172
2025-06-10T00:00:00+00:00,15.0,88.0,50.0,Bay of Bengal,-0.10352,-0.27476,0.29361
2025-06-10T00:00:00+00:00,15.0,89.0,50.0,Bay of Bengal,-0.10552,-0.2754,0.29492
2025-06-10T00:00:00+00:00,15.0,90.0,50.0,Bay of Bengal,-0.1062,-0.27583,0.29557
2025-06-10T00:00:00+00:00,15.0,91.0,50.0,Bay of Bengal,-0.10552,-0.27607,0.29555
2025-06-10T00:00:00+00:00,15.0,92.0,50.0,Bay of Bengal,-0.10352,-0.27611,0.29488
2025-06-10T00:00:00+00:00,15.0,93.0,50.0,Bay of Bengal,-0.10034,-0.27595,0.29362
2025-06-10T00:00:00+00:00,15.0,94.0,50.0,Bay of Bengal,-0.0962,-0.27559,0.29189
2025-06-10T00:00:00+00:00,15.0,95.0,50.0,Bay of Bengal,-0.09138,-0.27503,0.28981
2025-06-10T00:00:00+00:00,15.0,96.0,50.0,Bay of Bengal,-0.0862,-0.27428,0.28751
2025-06-10T00:00:00+00:00,15.0,97.0,50.0,Bay of Bengal,-0.08103,-0.27334,0.2851
2025-06-10T00:00:00+00:00,15.0,98.0,50.0,Bay of Bengal,-0.0762,-0.27221,0.28268
2025-06-10T00:00:00+00:00,16.0,80.0,50.0,Bay of Bengal,-0.09862,-0.26305,0.28093
2025-06-10T00:00:00+00:00,16.0,81.0,50.0,Bay of Bengal,-0.10353,-0.2652,0.2847
2025-06-10T00:00:00+00:00,16.0,82.0,50.0,Bay of Bengal,-0.10754,-0.26718,0.28801
2025-06-10T00:00:00+00:00,16.0,83.0,50.0,Bay of Bengal,-0.11032,-0.26898,0.29072
2025-06-10T00:00:00+00:00,16.0,84.0,50.0,Bay of Bengal,-0.11167,-0.27059,0.29272
2025-06-10T00:00:00+00:00,16.0,85.0,50.0,Bay of Bengal,-0.11147,-0.27201,0.29396
2025-06-10T00:00:00+00:00,16.0,86.0,50.0,Bay of Bengal,-0.10975,-0.27323,0.29445
2025-06-10T00:00:00+00:00,16.0,87.0,50.0,Bay of Bengal,-0.10664,-0.27426,0.29427
2025-06-10T00:00:00+00:00,16.0,88.0,50.0,Bay of Bengal,-0.10238,-0.2751,0.29353
2025-06-10T00:00:00+00:00,16.0,89.0,50.0,Bay of Bengal,-0.09729,-0.27573,0.29239
2025-06-10T00:00:00+00:00,16.0,90.0,50.0,Bay of Bengal,-0.09178,-0.27617,0.29102
2025-06-10T00:00:00+00:00,16.0,91.0,50.0,Bay of Bengal,-0.08627,-0.2764,0.28955
2025-06-10T00:00:00+00:00,16.0,92.0,50.0,Bay of Bengal,-0.08118,-0.27644,0.28811
2025-06-10T00:00:00+00:00,16.0,93.0,50.0,Bay of Bengal,-0.07692,-0.27628,0.28678
2025-06-10T00:00:00+00:00,16.0,94.0,50.0,Bay of Bengal,-0.0738,-0.27591,0.28561
2025-06-10T00:00:00+00:00,16.0,95.0,50.0,Bay of Bengal,-0.07208,-0.27536,0.28464
2025-06-10T00:00:00+00:00,16.0,96.0,50.0,Bay of Bengal,-0.07189,-0.27461,0.28386
2025-06-10T00:00:00+00:00,16.0,97.0,50.0,Bay of Bengal,-0.07323,-0.27366,0.28329
2025-06-10T00:00:00+00:00,16.0,98.0,50.0,Bay of Bengal,-0.07602,-0.27253,0.28294
2025-06-10T00:00:00+00:00,17.0,80.0,50.0,Bay of Bengal,-0.11724,-0.2634,0.28831
2025-06-10T00:00:00+00:00,17.0,81.0,50.0,Bay of Bengal,-0.11537,-0.26555,0.28953
2025-06-10T00:00:00+00:00,17.0,82.0,50.0,Bay of Bengal,-0.11193,-0.26753,0.29
2025-06-10T00:00:00+00:00,17.0,83.0,50.0,Bay of Bengal,-0.10724,-0.26932,0.28989
2025-06-10T00:00:00+00:00,17.0,84.0,50.0,Bay of Bengal,-0.10171,-0.27093,0.28939
2025-06-10T00:00:00+00:00,17.0,85.0,50.0,Bay of Bengal,-0.0958,-0.27235,0.28871
2025-06-10T00:00:00+00:00,17.0,86.0,50.0,Bay of Bengal,-0.09006,-0.27357,0.28801
2025-06-10T00:00:00+00:00,17.0,87.0,50.0,Bay of Bengal,-0.08496,-0.2746,0.28745
2025-06-10T00:00:00+00:00,17.0,88.0,50.0,Bay of Bengal,-0.08097,-0.27544,0.28709
2025-06-10T00:00:00+00:00,17.0,89.0,50.0,Bay of Bengal,-0.07842,-0.27607,0.28699
2025-06-10T00:00:00+00:00,17.0,90.0,50.0,Bay of Bengal,-0.07755,-0.2765,0.28717
2025-06-10T00:00:00+00:00,17.0,91.0,50.0,Bay of Bengal,-0.07842,-0.27674,0.28763
2025-06-10T00:00:00+00:00,17.0,92.0,50.0,Bay of Bengal,-0.08097,-0.27677,0.28837
2025-06-10T00:00:00+00:00,17.0,93.0,50.0,Bay of Bengal,-0.08496,-0.27661,0.28936
2025-06-10T00:00:00+00:00,17.0,94.0,50.0,Bay of Bengal,-0.09006,-0.27624,0.29055
2025-06-10T00:00:00+00:00,17.0,95.0,50.0,Bay of Bengal,-0.0958,-0.27568,0.29185
2025-06-10T00:00:00+00:00,17.0,96.0,50.0,Bay of Bengal,-0.10171,-0.27493,0.29314
2025-06-10T00:00:00+00:00,17.0,97.0,50.0,Bay of Bengal,-0.10724,-0.27398,0.29422
2025-06-10T00:00:00+00:00,17.0,98.0,50.0,Bay of Bengal,-0.11193,-0.27285,0.29492
2025-06-10T00:00:00+00:00,18.0,80.0,50.0,Bay of Bengal,-0.10348,-0.26374,0.28332
2025-06-10T00:00:00+00:00,18.0,81.0,50.0,Bay of Bengal,-0.0973,-0.2659,0.28314
2025-06-10T00:00:00+00:00,18.0,82.0,50.0,Bay of Bengal,-0.09173,-0.26787,0.28314
2025-06-10T00:00:00+00:00,18.0,83.0,50.0,Bay of Bengal,-0.0873,-0.26966,0.28344
2025-06-10T00:00:00+00:00,18.0,84.0,50.0,Bay of Bengal,-0.08446,-0.27127,0.28412
2025-06-10T00:00:00+00:00,18.0,85.0,50.0,Bay of Bengal,-0.08348,-0.27269,0.28518
2025-06-10T00:00:00+00:00,18.0,86.0,50.0,Bay of Bengal,-0.08446,-0.27391,0.28664
2025-06-10T00:00:00+00:00,18.0,87.0,50.0,Bay of Bengal,-0.0873,-0.27494,0.28847
2025-06-10T00:00:00+00:00,18.0,88.0,50.0,Bay of Bengal,-0.09173,-0.27577,0.29063
2025-06-10T00:00:00+00:00,18.0,89.0,50.0,Bay of Bengal,-0.0973,-0.2764,0.29303
2025-06-10T00:00:00+00:00,18.0,90.0,50.0,Bay of Bengal,-0.10348,-0.27684,0.29555
2025-06-10T00:00:00+00:00,18.0,91.0,50.0,Bay of Bengal,-0.10966,-0.27707,0.29798
2025-06-10T00:00:00+00:00,18.0,92.0,50.0,Bay of Bengal,-0.11524,-0.2771,0.30011
2025-06-10T00:00:00+00:00,18.0,93.0,50.0,Bay of Bengal,-0.11966,-0.27693,0.30168
2025-06-10T00:00:00+00:00,18.0,94.0,50.0,Bay of Bengal,-0.1225,-0.27657,0.30248
2025-06-10T00:00:00+00:00,18.0,95.0,50.0,Bay of Bengal,-0.12348,-0.276,0.30237
2025-06-10T00:00:00+00:00,18.0,96.0,50.0,Bay of Bengal,-0.1225,-0.27525,0.30128
2025-06-10T00:00:00+00:00,18.0,97.0,50.0,Bay of Bengal,-0.11966,-0.2743,0.29927
2025-06-10T00:00:00+00:00,18.0,98.0,50.0,Bay of Bengal,-0.11524,-0.27317,0.29648
2025-06-10T00:00:00+00:00,19.0,80.0,50.0,Bay of Bengal,-0.08986,-0.26409,0.27896
2025-06-10T00:00:00+00:00,19.0,81.0,50.0,Bay of Bengal,-0.0898,-0.26624,0.28098
2025-06-10T00:00:00+00:00,19.0,82.0,50.0,Bay of Bengal,-0.09189,-0.26821,0.28352
2025-06-10T00:00:00+00:00,19.0,83.0,50.0,Bay of Bengal,-0.09591,-0.27001,0.28654
2025-06-10T00:00:00+00:00,19.0,84.0,50.0,Bay of Bengal,-0.10142,-0.27161,0.28993
2025-06-10T00:00:00+00:00,19.0,85.0,50.0,Bay of Bengal,-0.10781,-0.27303,0.29354
2025-06-10T00:00:00+00:00,19.0,86.0,50.0,Bay of Bengal,-0.11439,-0.27425,0.29715
2025-06-10T00:00:00+00:00,19.0,87.0,50.0,Bay of Bengal,-0.12045,-0.27528,0.30047
2025-06-10T00:00:00+00:00,19.0,88.0,50.0,Bay of Bengal,-0.12531,-0.27611,0.30321
2025-06-10T00:00:00+00:00,19.0,89.0,50.0,Bay of Bengal,-0.12846,-0.27674,0.3051
2025-06-10T00:00:00+00:00,19.0,90.0,50.0,Bay of Bengal,-0.12955,-0.27717,0.30595
2025-06-10T00:00:00+00:00,19.0,91.0,50.0,Bay of Bengal,-0.12846,-0.2774,0.3057
2025-06-10T00:00:00+00:00,19.0,92.0,50.0,Bay of Bengal,-0.12531,-0.27743,0.30442
2025-06-10T00:00:00+00:00,19.0,93.0,50.0,Bay of Bengal,-0.12045,-0.27726,0.30229
2025-06-10T00:00:00+00:00,19.0,94.0,50.0,Bay of Bengal,-0.11439,-0.27689,0.29959
2025-06-10T00:00:00+00:00,19.0,95.0,50.0,Bay of Bengal,-0.10781,-0.27632,0.29661
2025-06-10T00:00:00+00:00,19.0,96.0,50.0,Bay of Bengal,-0.10142,-0.27557,0.29364
2025-06-10T00:00:00+00:00,19.0,97.0,50.0,Bay of Bengal,-0.09591,-0.27462,0.29088
2025-06-10T00:00:00+00:00,19.0,98.0,50.0,Bay of Bengal,-0.09189,-0.27348,0.2885
2025-06-10T00:00:00+00:00,20.0,80.0,50.0,Bay of Bengal,-0.10889,-0.26443,0.28597
2025-06-10T00:00:00+00:00,20.0,81.0,50.0,Bay of Bengal,-0.11573,-0.26658,0.29062
2025-06-10T00:00:00+00:00,20.0,82.0,50.0,Bay of Bengal,-0.12257,-0.26856,0.29521
2025-06-10T00:00:00+00:00,20.0,83.0,50.0,Bay of Bengal,-0.12859,-0.27035,0.29937
2025-06-10T00:00:00+00:00,20.0,84.0,50.0,Bay of Bengal,-0.13305,-0.27195,0.30275
2025-06-10T00:00:00+00:00,20.0,85.0,50.0,Bay of Bengal,-0.13543,-0.27337,0.30507
2025-06-10T00:00:00+00:00,20.0,86.0,50.0,Bay of Bengal,-0.13543,-0.27459,0.30617
2025-06-10T00:00:00+00:00,20.0,87.0,50.0,Bay of Bengal,-0.13305,-0.27561,0.30605
2025-06-10T00:00:00+00:00,20.0,88.0,50.0,Bay of Bengal,-0.12859,-0.27644,0.30488
2025-06-10T00:00:00+00:00,20.0,89.0,50.0,Bay of Bengal,-0.12257,-0.27707,0.30297
2025-06-10T00:00:00+00:00,20.0,90.0,50.0,Bay of Bengal,-0.11573,-0.2775,0.30066
2025-06-10T00:00:00+00:00,20.0,91.0,50.0,Bay of Bengal,-0.10889,-0.27772,0.29831
2025-06-10T00:00:00+00:00,20.0,92.0,50.0,Bay of Bengal,-0.10288,-0.27775,0.29619
2025-06-10T00:00:00+00:00,20.0,93.0,50.0,Bay of Bengal,-0.09841,-0.27758,0.29451
2025-06-10T00:00:00+00:00,20.0,94.0,50.0,Bay of Bengal,-0.09603,-0.27721,0.29337
2025-06-10T00:00:00+00:00,20.0,95.0,50.0,Bay of Bengal,-0.09603,-0.27664,0.29284
2025-06-10T00:00:00+00:00,20.0,96.0,50.0,Bay of Bengal,-0.09841,-0.27588,0.29291
2025-06-10T00:00:00+00:00,20.0,97.0,50.0,Bay of Bengal,-0.10288,-0.27493,0.29355
2025-06-10T00:00:00+00:00,20.0,98.0,50.0,Bay of Bengal,-0.10889,-0.27379,0.29465
2025-06-10T00:00:00+00:00,21.0,80.0,50.0,Bay of Bengal,-0.13931,-0.26477,0.29918
2025-06-10T00:00:00+00:00,21.0,81.0,50.0,Bay of Bengal,-0.14174,-0.26692,0.30222
2025-06-10T00:00:00+00:00,21.0,82.0,50.0,Bay of Bengal,-0.14155,-0.2689,0.30388
2025-06-10T00:00:00+00:00,21.0,83.0,50.0,Bay of Bengal,-0.13876,-0.27069,0.30418
2025-06-10T00:00:00+00:00,21.0,84.0,50.0,Bay of Bengal,-0.13374,-0.27229,0.30336
2025-06-10T00:00:00+00:00,21.0,85.0,50.0,Bay of Bengal,-0.12716,-0.2737,0.3018
2025-06-10T00:00:00+00:00,21.0,86.0,50.0,Bay of Bengal,-0.11989,-0.27492,0.29993
2025-06-10T00:00:00+00:00,21.0,87.0,50.0,Bay of Bengal,-0.11291,-0.27595,0.29815
2025-06-10T00:00:00+00:00,21.0,88.0,50.0,Bay of Bengal,-0.10712,-0.27677,0.29678
2025-06-10T00:00:00+00:00,21.0,89.0,50.0,Bay of Bengal,-0.10331,-0.2774,0.29601
2025-06-10T00:00:00+00:00,21.0,90.0,50.0,Bay of Bengal,-0.10199,-0.27782,0.29595
2025-06-10T00:00:00+00:00,21.0,91.0,50.0,Bay of Bengal,-0.10331,-0.27805,0.29662
2025-06-10T00:00:00+00:00,21.0,92.0,50.0,Bay of Bengal,-0.10712,-0.27807,0.29799
2025-06-10T00:00:00+00:00,21.0,93.0,50.0,Bay of Bengal,-0.11291,-0.2779,0.29996
2025-06-10T00:00:00+00:00,21.0,94.0,50.0,Bay of Bengal,-0.11989,-0.27753,0.30232
2025-06-10T00:00:00+00:00,21.0,95.0,50.0,Bay of Bengal,-0.12716,-0.27696,0.30475
2025-06-10T00:00:00+00:00,21.0,96.0,50.0,Bay of Bengal,-0.13374,-0.27619,0.30687
2025-06-10T00:00:00+00:00,21.0,97.0,50.0,Bay of Bengal,-0.13876,-0.27524,0.30824
2025-06-10T00:00:00+00:00,21.0,98.0,50.0,Bay of Bengal,-0.14155,-0.27409,0.30849
2025-06-10T00:00:00+00:00,22.0,80.0,50.0,Bay of Bengal,-0.14114,-0.26512,0.30035
2025-06-10T00:00:00+00:00,22.0,81.0,50.0,Bay of Bengal,-0.13447,-0.26727,0.29919
2025-06-10T00:00:00+00:00,22.0,82.0,50.0,Bay of Bengal,-0.12689,-0.26924,0.29764
2025-06-10T00:00:00+00:00,22.0,83.0,50.0,Bay of Bengal,-0.11952,-0.27102,0.29621
2025-06-10T00:00:00+00:00,22.0,84.0,50.0,Bay of Bengal,-0.11342,-0.27263,0.29528
2025-06-10T00:00:00+00:00,22.0,85.0,50.0,Bay of Bengal,-0.10949,-0.27404,0.2951
2025-06-10T00:00:00+00:00,22.0,86.0,50.0,Bay of Bengal,-0.1083,-0.27525,0.29579
2025-06-10T00:00:00+00:00,22.0,87.0,50.0,Bay of Bengal,-0.11001,-0.27628,0.29738
2025-06-10T00:00:00+00:00,22.0,88.0,50.0,Bay of Bengal,-0.11439,-0.2771,0.29978
2025-06-10T00:00:00+00:00,22.0,89.0,50.0,Bay of Bengal,-0.12079,-0.27772,0.30286
2025-06-10T00:00:00+00:00,22.0,90.0,50.0,Bay of Bengal,-0.12829,-0.27815,0.30631
2025-06-10T00:00:00+00:00,22.0,91.0,50.0,Bay of Bengal,-0.13578,-0.27837,0.30972
2025-06-10T00:00:00+00:00,22.0,92.0,50.0,Bay of Bengal,-0.14218,-0.27839,0.3126
2025-06-10T00:00:00+00:00,22.0,93.0,50.0,Bay of Bengal,-0.14656,-0.27822,0.31446
2025-06-10T00:00:00+00:00,22.0,94.0,50.0,Bay of Bengal,-0.14827,-0.27784,0.31493
2025-06-10T00:00:00+00:00,22.0,95.0,50.0,Bay of Bengal,-0.14708,-0.27727,0.31386
2025-06-10T00:00:00+00:00,22.0,96.0,50.0,Bay of Bengal,-0.14315,-0.2765,0.31136
2025-06-10T00:00:00+00:00,22.0,97.0,50.0,Bay of Bengal,-0.13705,-0.27554,0.30775
2025-06-10T00:00:00+00:00,22.0,98.0,50.0,Bay of Bengal,-0.12968,-0.2744,0.3035
2025-06-10T00:00:00+00:00,6.0,80.0,100.0,Bay of Bengal,-0.02682,-0.23473,0.23626
2025-06-10T00:00:00+00:00,6.0,81.0,100.0,Bay of Bengal,-0.02796,-0.23671,0.23836
2025-06-10T00:00:00+00:00,6.0,82.0,100.0,Bay of Bengal,-0.02928,-0.23854,0.24033
2025-06-10T00:00:00+00:00,6.0,83.0,100.0,Bay of Bengal,-0.03076,-0.2402,0.24216
2025-06-10T00:00:00+00:00,6.0,84.0,100.0,Bay of Bengal,-0.03238,-0.24169,0.24385
2025-06-10T00:00:00+00:00,6.0,85.0,100.0,Bay of Bengal,-0.03414,-0.24302,0.2454
2025-06-10T00:00:00+00:00,6.0,86.0,100.0,Bay of Bengal,-0.03601,-0.24417,0.24681
2025-06-10T00:00:00+00:00,6.0,87.0,100.0,Bay of Bengal,-0.03796,-0.24514,0.24806
2025-06-10T00:00:00+00:00,6.0,88.0,100.0,Bay of Bengal,-0.03998,-0.24594,0.24916
2025-06-10T00:00:00+00:00,6.0,89.0,100.0,Bay of Bengal,-0.04205,-0.24655,0.25011
2025-06-10T00:00:00+00:00,6.0,90.0,100.0,Bay of Bengal,-0.04414,-0.24699,0.2509
2025-06-10T00:00:00+00:00,6.0,91.0,100.0,Bay of Bengal,-0.04623,-0.24725,0.25153
2025-06-10T00:00:00+00:00,6.0,92.0,100.0,Bay of Bengal,-0.0483,-0.24732,0.252
2025-06-10T00:00:00+00:00,6.0,93.0,100.0,Bay of Bengal,-0.05032,-0.24722,0.25229
2025-06-10T00:00:00+00:00,6.0,94.0,100.0,Bay of Bengal,-0.05227,-0.24694,0.25241
2025-06-10T00:00:00+00:00,6.0,95.0,100.0,Bay of Bengal,-0.05414,-0.24648,0.25236
2025-06-10T00:00:00+00:00,6.0,96.0,100.0,Bay of Bengal,-0.0559,-0.24585,0.25213
2025-06-10T00:00:00+00:00,6.0,97.0,100.0,Bay of Bengal,-0.05752,-0.24505,0.25171
2025-06-10T00:00:00+00:00,6.0,98.0,100.0,Bay of Bengal,-0.059,-0.24408,0.25111
2025-06-10T00:00:00+00:00,7.0,80.0,100.0,Bay of Bengal,-0.05349,-0.23508,0.24109
2025-06-10T00:00:00+00:00,7.0,81.0,100.0,Bay of Bengal,-0.05573,-0.23706,0.24352
2025-06-10T00:00:00+00:00,7.0,82.0,100.0,Bay of Bengal,-0.05783,-0.23889,0.24579
2025-06-10T00:00:00+00:00,7.0,83.0,100.0,Bay of Bengal,-0.05977,-0.24055,0.24786
2025-06-10T00:00:00+00:00,7.0,84.0,100.0,Bay of Bengal,-0.06151,-0.24204,0.24974
2025-06-10T00:00:00+00:00,7.0,85.0,100.0,Bay of Bengal,-0.06303,-0.24337,0.2514
2025-06-10T00:00:00+00:00,7.0,86.0,100.0,Bay of Bengal,-0.0643,-0.24452,0.25283
2025-06-10T00:00:00+00:00,7.0,87.0,100.0,Bay of Bengal,-0.06532,-0.24549,0.25403
2025-06-10T00:00:00+00:00,7.0,88.0,100.0,Bay of Bengal,-0.06605,-0.24628,0.25499
2025-06-10T00:00:00+00:00,7.0,89.0,100.0,Bay of Bengal,-0.0665,-0.2469,0.2557
2025-06-10T00:00:00+00:00,7.0,90.0,100.0,Bay of Bengal,-0.06665,-0.24734,0.25616
2025-06-10T00:00:00+00:00,7.0,91.0,100.0,Bay of Bengal,-0.0665,-0.24759,0.25637
2025-06-10T00:00:00+00:00,7.0,92.0,100.0,Bay of Bengal,-0.06605,-0.24767,0.25633
2025-06-10T00:00:00+00:00,7.0,93.0,100.0,Bay of Bengal,-0.06532,-0.24757,0.25604
2025-06-10T00:00:00+00:00,7.0,94.0,100.0,Bay of Bengal,-0.0643,-0.24728,0.25551
2025-06-10T00:00:00+00:00,7.0,95.0,100.0,Bay of Bengal,-0.06303,-0.24683,0.25475
2025-06-10T00:00:00+00:00,7.0,96.0,100.0,Bay of Bengal,-0.06151,-0.24619,0.25376
2025-06-10T00:00:00+00:00,7.0,97.0,100.0,Bay of Bengal,-0.05977,-0.24539,0.25256
2025-06-10T00:00:00+00:00,7.0,98.0,100.0,Bay of Bengal,-0.05783,-0.24441,0.25116
2025-06-10T00:00:00+00:00,8.0,80.0,100.0,Bay of Bengal,-0.0692,-0.23543,0.24539
2025-06-10T00:00:00+00:00,8.0,81.0,100.0,Bay of Bengal,-0.06852,-0.23741,0.2471
2025-06-10T00:00:00+00:00,8.0,82.0,100.0,Bay of Bengal,-0.06748,-0.23924,0.24857
2025-06-10T00:00:00+00:00,8.0,83.0,100.0,Bay of Bengal,-0.06608,-0.2409,0.2498
2025-06-10T00:00:00+00:00,8.0,84.0,100.0,Bay of Bengal,-0.06437,-0.24239,0.25079
2025-06-10T00:00:00+00:00,8.0,85.0,100.0,Bay of Bengal,-0.06236,-0.24371,0.25157
2025-06-10T00:00:00+00:00,8.0,86.0,100.0,Bay of Bengal,-0.0601,-0.24486,0.25213
2025-06-10T00:00:00+00:00,8.0,87.0,100.0,Bay of Bengal,-0.05764,-0.24584,0.2525
2025-06-10T00:00:00+00:00,8.0,88.0,100.0,Bay of Bengal,-0.05502,-0.24663,0.25269
2025-06-10T00:00:00+00:00,8.0,89.0,100.0,Bay of Bengal,-0.05229,-0.24725,0.25272
2025-06-10T00:00:00+00:00,8.0,90.0,100.0,Bay of Bengal,-0.0495,-0.24768,0.25258
2025-06-10T00:00:00+00:00,8.0,91.0,100.0,Bay of Bengal,-0.04672,-0.24794,0.2523
2025-06-10T00:00:00+00:00,8.0,92.0,100.0,Bay of Bengal,-0.04399,-0.24801,0.25189
2025-06-10T00:00:00+00:00,8.0,93.0,100.0,Bay of Bengal,-0.04137,-0.24791,0.25134
2025-06-10T00:00:00+00:00,8.0,94.0,100.0,Bay of Bengal,-0.0389,-0.24763,0.25066
2025-06-10T00:00:00+00:00,8.0,95.0,100.0,Bay of Bengal,-0.03665,-0.24717,0.24987
2025-06-10T00:00:00+00:00,8.0,96.0,100.0,Bay of Bengal,-0.03464,-0.24653,0.24895
2025-06-10T00:00:00+00:00,8.0,97.0,100.0,Bay of Bengal,-0.03292,-0.24573,0.24792
2025-06-10T00:00:00+00:00,8.0,98.0,100.0,Bay of Bengal,-0.03153,-0.24475,0.24677
2025-06-10T00:00:00+00:00,9.0,80.0,100.0,Bay of Bengal,-0.0527,-0.23578,0.24159
2025-06-10T00:00:00+00:00,9.0,81.0,100.0,Bay of Bengal,-0.04957,-0.23776,0.24287
2025-06-10T00:00:00+00:00,9.0,82.0,100.0,Bay of Bengal,-0.04652,-0.23959,0.24406
2025-06-10T00:00:00+00:00,9.0,83.0,100.0,Bay of Bengal,-0.04362,-0.24125,0.24516
2025-06-10T00:00:00+00:00,9.0,84.0,100.0,Bay of Bengal,-0.04094,-0.24274,0.24617
2025-06-10T00:00:00+00:00,9.0,85.0,100.0,Bay of Bengal,-0.03856,-0.24406,0.24709
2025-06-10T00:00:00+00:00,9.0,86.0,100.0,Bay of Bengal,-0.03652,-0.24521,0.24792
2025-06-10T00:00:00+00:00,9.0,87.0,100.0,Bay of Bengal,-0.03488,-0.24618,0.24864
2025-06-10T00:00:00+00:00,9.0,88.0,100.0,Bay of Bengal,-0.03368,-0.24698,0.24926
2025-06-10T00:00:00+00:00,9.0,89.0,100.0,Bay of Bengal,-0.03294,-0.24759,0.24978
2025-06-10T00:00:00+00:00,9.0,90.0,100.0,Bay of Bengal,-0.0327,-0.24803,0.25017
2025-06-10T00:00:00+00:00,9.0,91.0,100.0,Bay of Bengal,-0.03294,-0.24828,0.25046
2025-06-10T00:00:00+00:00,9.0,92.0,100.0,Bay of Bengal,-0.03368,-0.24836,0.25063
2025-06-10T00:00:00+00:00,9.0,93.0,100.0,Bay of Bengal,-0.03488,-0.24825,0.25069
2025-06-10T00:00:00+00:00,9.0,94.0,100.0,Bay of Bengal,-0.03652,-0.24797,0.25064
2025-06-10T00:00:00+00:00,9.0,95.0,100.0,Bay of Bengal,-0.03856,-0.24751,0.25049
2025-06-10T00:00:00+00:00,9.0,96.0,100.0,Bay of Bengal,-0.04094,-0.24687,0.25024
2025-06-10T00:00:00+00:00,9.0,97.0,100.0,Bay of Bengal,-0.04362,-0.24606,0.2499
2025-06-10T00:00:00+00:00,9.0,98.0,100.0,Bay of Bengal,-0.04652,-0.24508,0.24946
2025-06-10T00:00:00+00:00,10.0,80.0,100.0,Bay of Bengal,-0.03652,-0.23612,0.23893
2025-06-10T00:00:00+00:00,10.0,81.0,100.0,Bay of Bengal,-0.03622,-0.23811,0.24085
2025-06-10T00:00:00+00:00,10.0,82.0,100.0,Bay of Bengal,-0.03652,-0.23994,0.2427
2025-06-10T00:00:00+00:00,10.0,83.0,100.0,Bay of Bengal,-0.03742,-0.2416,0.24448
2025-06-10T00:00:00+00:00,10.0,84.0,100.0,Bay of Bengal,-0.0389,-0.24309,0.24618
2025-06-10T00:00:00+00:00,10.0,85.0,100.0,Bay of Bengal,-0.0409,-0.24441,0.24781
2025-06-10T00:00:00+00:00,10.0,86.0,100.0,Bay of Bengal,-0.04336,-0.24556,0.24936
2025-06-10T00:00:00+00:00,10.0,87.0,100.0,Bay of Bengal,-0.04622,-0.24653,0.25083
2025-06-10T00:00:00+00:00,10.0,88.0,100.0,Bay of Bengal,-0.04938,-0.24732,0.25221
2025-06-10T00:00:00+00:00,10.0,89.0,100.0,Bay of Bengal,-0.05274,-0.24794,0.25349
2025-06-10T00:00:00+00:00,10.0,90.0,100.0,Bay of Bengal,-0.05622,-0.24837,0.25466
2025-06-10T00:00:00+00:00,10.0,91.0,100.0,Bay of Bengal,-0.05969,-0.24863,0.25569
2025-06-10T00:00:00+00:00,10.0,92.0,100.0,Bay of Bengal,-0.06306,-0.2487,0.25657
2025-06-10T00:00:00+00:00,10.0,93.0,100.0,Bay of Bengal,-0.06622,-0.24859,0.25726
2025-06-10T00:00:00+00:00,10.0,94.0,100.0,Bay of Bengal,-0.06907,-0.24831,0.25774
2025-06-10T00:00:00+00:00,10.0,95.0,100.0,Bay of Bengal,-0.07154,-0.24784,0.25796
2025-06-10T00:00:00+00:00,10.0,96.0,100.0,Bay of Bengal,-0.07354,-0.24721,0.25791
2025-06-10T00:00:00+00:00,10.0,97.0,100.0,Bay of Bengal,-0.07501,-0.2464,0.25756
2025-06-10T00:00:00+00:00,10.0,98.0,100.0,Bay of Bengal,-0.07591,-0.24542,0.25689
2025-06-10T00:00:00+00:00,11.0,80.0,100.0,Bay of Bengal,-0.0532,-0.23647,0.24238
2025-06-10T00:00:00+00:00,11.0,81.0,100.0,Bay of Bengal,-0.05691,-0.23846,0.24516
2025-06-10T00:00:00+00:00,11.0,82.0,100.0,Bay of Bengal,-0.06074,-0.24028,0.24784
2025-06-10T00:00:00+00:00,11.0,83.0,100.0,Bay of Bengal,-0.06454,-0.24194,0.2504
2025-06-10T00:00:00+00:00,11.0,84.0,100.0,Bay of Bengal,-0.06818,-0.24344,0.2528
2025-06-10T00:00:00+00:00,11.0,85.0,100.0,Bay of Bengal,-0.07151,-0.24476,0.25499
2025-06-10T00:00:00+00:00,11.0,86.0,100.0,Bay of Bengal,-0.07443,-0.24591,0.25692
2025-06-10T00:00:00+00:00,11.0,87.0,100.0,Bay of Bengal,-0.07681,-0.24688,0.25855
2025-06-10T00:00:00+00:00,11.0,88.0,100.0,Bay of Bengal,-0.07858,-0.24767,0.25984
2025-06-10T00:00:00+00:00,11.0,89.0,100.0,Bay of Bengal,-0.07967,-0.24828,0.26075
2025-06-10T00:00:00+00:00,11.0,90.0,100.0,Bay of Bengal,-0.08004,-0.24872,0.26128
2025-06-10T00:00:00+00:00,11.0,91.0,100.0,Bay of Bengal,-0.07967,-0.24897,0.26141
2025-06-10T00:00:00+00:00,11.0,92.0,100.0,Bay of Bengal,-0.07858,-0.24904,0.26114
2025-06-10T00:00:00+00:00,11.0,93.0,100.0,Bay of Bengal,-0.07681,-0.24893,0.26051
2025-06-10T00:00:00+00:00,11.0,94.0,100.0,Bay of Bengal,-0.07443,-0.24865,0.25955
2025-06-10T00:00:00+00:00,11.0,95.0,100.0,Bay of Bengal,-0.07151,-0.24818,0.25828
2025-06-10T00:00:00+00:00,11.0,96.0,100.0,Bay of Bengal,-0.06818,-0.24754,0.25676
2025-06-10T00:00:00+00:00,11.0,97.0,100.0,Bay of Bengal,-0.06454,-0.24673,0.25503
2025-06-10T00:00:00+00:00,11.0,98.0,100.0,Bay of Bengal,-0.06074,-0.24575,0.25314
2025-06-10T00:00:00+00:00,12.0,80.0,100.0,Bay of Bengal,-0.08147,-0.23682,0.25044
2025-06-10T00:00:00+00:00,12.0,81.0,100.0,Bay of Bengal,-0.08317,-0.23881,0.25288
2025-06-10T00:00:00+00:00,12.0,82.0,100.0,Bay of Bengal,-0.08404,-0.24063,0.25489
2025-06-10T00:00:00+00:00,12.0,83.0,100.0,Bay of Bengal,-0.08404,-0.24229,0.25645
2025-06-10T00:00:00+00:00,12.0,84.0,100.0,Bay of Bengal,-0.08317,-0.24378,0.25758
2025-06-10T00:00:00+00:00,12.0,85.0,100.0,Bay of Bengal,-0.08147,-0.24511,0.25829
2025-06-10T00:00:00+00:00,12.0,86.0,100.0,Bay of Bengal,-0.07901,-0.24625,0.25862
2025-06-10T00:00:00+00:00,12.0,87.0,100.0,Bay of Bengal,-0.07591,-0.24722,0.25861
2025-06-10T00:00:00+00:00,12.0,88.0,100.0,Bay of Bengal,-0.07229,-0.24801,0.25833
2025-06-10T00:00:00+00:00,12.0,89.0,100.0,Bay of Bengal,-0.06831,-0.24863,0.25784
2025-06-10T00:00:00+00:00,12.0,90.0,100.0,Bay of Bengal,-0.06415,-0.24906,0.25719
2025-06-10T00:00:00+00:00,12.0,91.0,100.0,Bay of Bengal,-0.05999,-0.24931,0.25643
2025-06-10T00:00:00+00:00,12.0,92.0,100.0,Bay of Bengal,-0.05602,-0.24938,0.25559
2025-06-10T00:00:00+00:00,12.0,93.0,100.0,Bay of Bengal,-0.0524,-0.24927,0.25472
2025-06-10T00:00:00+00:00,12.0,94.0,100.0,Bay of Bengal,-0.04929,-0.24898,0.25381
2025-06-10T00:00:00+00:00,12.0,95.0,100.0,Bay of Bengal,-0.04683,-0.24852,0.25289
2025-06-10T00:00:00+00:00,12.0,96.0,100.0,Bay of Bengal,-0.04513,-0.24787,0.25195
2025-06-10T00:00:00+00:00,12.0,97.0,100.0,Bay of Bengal,-0.04426,-0.24706,0.25099
2025-06-10T00:00:00+00:00,12.0,98.0,100.0,Bay of Bengal,-0.04426,-0.24608,0.25003
2025-06-10T00:00:00+00:00,13.0,80.0,100.0,Bay of Bengal,-0.08138,-0.23717,0.25075
2025-06-10T00:00:00+00:00,13.0,81.0,100.0,Bay of Bengal,-0.07761,-0.23916,0.25143
2025-06-10T00:00:00+00:00,13.0,82.0,100.0,Bay of Bengal,-0.07337,-0.24098,0.2519
2025-06-10T00:00:00+00:00,13.0,83.0,100.0,Bay of Bengal,-0.06888,-0.24264,0.25223
2025-06-10T00:00:00+00:00,13.0,84.0,100.0,Bay of Bengal,-0.06437,-0.24413,0.25248
2025-06-10T00:00:00+00:00,13.0,85.0,100.0,Bay of Bengal,-0.06008,-0.24545,0.2527
2025-06-10T00:00:00+00:00,13.0,86.0,100.0,Bay of Bengal,-0.05622,-0.2466,0.25292
2025-06-10T00:00:00+00:00,13.0,87.0,100.0,Bay of Bengal,-0.05299,-0.24757,0.25317
2025-06-10T00:00:00+00:00,13.0,88.0,100.0,Bay of Bengal,-0.05055,-0.24836,0.25345
2025-06-10T00:00:00+00:00,13.0,89.0,100.0,Bay of Bengal,-0.04904,-0.24897,0.25375
2025-06-10T00:00:00+00:00,13.0,90.0,100.0,Bay of Bengal,-0.04853,-0.2494,0.25408
2025-06-10T00:00:00+00:00,13.0,91.0,100.0,Bay of Bengal,-0.04904,-0.24965,0.25442
2025-06-10T00:00:00+00:00,13.0,92.0,100.0,Bay of Bengal,-0.05055,-0.24972,0.25478
2025-06-10T00:00:00+00:00,13.0,93.0,100.0,Bay of Bengal,-0.05299,-0.24961,0.25517
2025-06-10T00:00:00+00:00,13.0,94.0,100.0,Bay of Bengal,-0.05622,-0.24932,0.25558
2025-06-10T00:00:00+00:00,13.0,95.0,100.0,Bay of Bengal,-0.06008,-0.24885,0.256
2025-06-10T00:00:00+00:00,13.0,96.0,100.0,Bay of Bengal,-0.06437,-0.24821,0.25642
2025-06-10T00:00:00+00:00,13.0,97.0,100.0,Bay of Bengal,-0.06888,-0.24739,0.2568
2025-06-10T00:00:00+00:00,13.0,98.0,100.0,Bay of Bengal,-0.07337,-0.2464,0.2571
2025-06-10T00:00:00+00:00,14.0,80.0,100.0,Bay of Bengal,-0.0603,-0.23752,0.24505
2025-06-10T00:00:00+00:00,14.0,81.0,100.0,Bay of Bengal,-0.05697,-0.2395,0.24619
2025-06-10T00:00:00+00:00,14.0,82.0,100.0,Bay of Bengal,-0.05461,-0.24133,0.24743
2025-06-10T00:00:00+00:00,14.0,83.0,100.0,Bay of Bengal,-0.05335,-0.24299,0.24877
2025-06-10T00:00:00+00:00,14.0,84.0,100.0,Bay of Bengal,-0.05326,-0.24448,0.25021
2025-06-10T00:00:00+00:00,14.0,85.0,100.0,Bay of Bengal,-0.05436,-0.2458,0.25174
2025-06-10T00:00:00+00:00,14.0,86.0,100.0,Bay of Bengal,-0.05657,-0.24694,0.25334
2025-06-10T00:00:00+00:00,14.0,87.0,100.0,Bay of Bengal,-0.05977,-0.24791,0.25501
2025-06-10T00:00:00+00:00,14.0,88.0,100.0,Bay of Bengal,-0.06376,-0.2487,0.25674
2025-06-10T00:00:00+00:00,14.0,89.0,100.0,Bay of Bengal,-0.06831,-0.24931,0.2585
2025-06-10T00:00:00+00:00,14.0,90.0,100.0,Bay of Bengal,-0.07315,-0.24974,0.26023
2025-06-10T00:00:00+00:00,14.0,91.0,100.0,Bay of Bengal,-0.07799,-0.24999,0.26187
2025-06-10T00:00:00+00:00,14.0,92.0,100.0,Bay of Bengal,-0.08254,-0.25005,0.26332
2025-06-10T00:00:00+00:00,14.0,93.0,100.0,Bay of Bengal,-0.08653,-0.24994,0.2645
2025-06-10T00:00:00+00:00,14.0,94.0,100.0,Bay of Bengal,-0.08973,-0.24965,0.26529
2025-06-10T00:00:00+00:00,14.0,95.0,100.0,Bay of Bengal,-0.09195,-0.24918,0.2656
2025-06-10T00:00:00+00:00,14.0,96.0,100.0,Bay of Bengal,-0.09304,-0.24853,0.26538
2025-06-10T00:00:00+00:00,14.0,97.0,100.0,Bay of Bengal,-0.09296,-0.24772,0.26458
2025-06-10T00:00:00+00:00,14.0,98.0,100.0,Bay of Bengal,-0.0917,-0.24673,0.26322
2025-06-10T00:00:00+00:00,15.0,80.0,100.0,Bay of Bengal,-0.06068,-0.23787,0.24549
2025-06-10T00:00:00+00:00,15.0,81.0,100.0,Bay of Bengal,-0.06386,-0.23985,0.24821
2025-06-10T00:00:00+00:00,15.0,82.0,100.0,Bay of Bengal,-0.068,-0.24167,0.25106
2025-06-10T00:00:00+00:00,15.0,83.0,100.0,Bay of Bengal,-0.07282,-0.24333,0.254
2025-06-10T00:00:00+00:00,15.0,84.0,100.0,Bay of Bengal,-0.078,-0.24482,0.25695
2025-06-10T00:00:00+00:00,15.0,85.0,100.0,Bay of Bengal,-0.08317,-0.24614,0.25981
2025-06-10T00:00:00+00:00,15.0,86.0,100.0,Bay of Bengal,-0.088,-0.24728,0.26248
2025-06-10T00:00:00+00:00,15.0,87.0,100.0,Bay of Bengal,-0.09214,-0.24825,0.2648
2025-06-10T00:00:00+00:00,15.0,88.0,100.0,Bay of Bengal,-0.09532,-0.24904,0.26666
2025-06-10T00:00:00+00:00,15.0,89.0,100.0,Bay of Bengal,-0.09732,-0.24965,0.26795
2025-06-10T00:00:00+00:00,15.0,90.0,100.0,Bay of Bengal,-0.098,-0.25008,0.26859
2025-06-10T00:00:00+00:00,15.0,91.0,100.0,Bay of Bengal,-0.09732,-0.25032,0.26857
2025-06-10T00:00:00+00:00,15.0,92.0,100.0,Bay of Bengal,-0.09532,-0.25039,0.26792
2025-06-10T00:00:00+00:00,15.0,93.0,100.0,Bay of Bengal,-0.09214,-0.25027,0.2667
2025-06-10T00:00:00+00:00,15.0,94.0,100.0,Bay of Bengal,-0.088,-0.24998,0.26502
2025-06-10T00:00:00+00:00,15.0,95.0,100.0,Bay of Bengal,-0.08317,-0.24951,0.26301
2025-06-10T00:00:00+00:00,15.0,96.0,100.0,Bay of Bengal,-0.078,-0.24886,0.2608
2025-06-10T00:00:00+00:00,15.0,97.0,100.0,Bay of Bengal,-0.07282,-0.24804,0.25851
2025-06-10T00:00:00+00:00,15.0,98.0,100.0,Bay of Bengal,-0.068,-0.24705,0.25624
2025-06-10T00:00:00+00:00,16.0,80.0,100.0,Bay of Bengal,-0.08988,-0.23822,0.25461
2025-06-10T00:00:00+00:00,16.0,81.0,100.0,Bay of Bengal,-0.0948,-0.2402,0.25823
2025-06-10T00:00:00+00:00,16.0,82.0,100.0,Bay of Bengal,-0.0988,-0.24202,0.26141
2025-06-10T00:00:00+00:00,16.0,83.0,100.0,Bay of Bengal,-0.10159,-0.24368,0.26401
2025-06-10T00:00:00+00:00,16.0,84.0,100.0,Bay of Bengal,-0.10293,-0.24517,0.2659
2025-06-10T00:00:00+00:00,16.0,85.0,100.0,Bay of Bengal,-0.10274,-0.24648,0.26704
2025-06-10T00:00:00+00:00,16.0,86.0,100.0,Bay of Bengal,-0.10102,-0.24763,0.26744
2025-06-10T00:00:00+00:00,16.0,87.0,100.0,Bay of Bengal,-0.09791,-0.24859,0.26718
2025-06-10T00:00:00+00:00,16.0,88.0,100.0,Bay of Bengal,-0.09364,-0.24938,0.26638
2025-06-10T00:00:00+00:00,16.0,89.0,100.0,Bay of Bengal,-0.08856,-0.24999,0.26521
2025-06-10T00:00:00+00:00,16.0,90.0,100.0,Bay of Bengal,-0.08304,-0.25041,0.26382
2025-06-10T00:00:00+00:00,16.0,91.0,100.0,Bay of Bengal,-0.07753,-0.25066,0.26237
2025-06-10T00:00:00+00:00,16.0,92.0,100.0,Bay of Bengal,-0.07245,-0.25072,0.26098
2025-06-10T00:00:00+00:00,16.0,93.0,100.0,Bay of Bengal,-0.06818,-0.2506,0.25971
2025-06-10T00:00:00+00:00,16.0,94.0,100.0,Bay of Bengal,-0.06507,-0.25031,0.25863
2025-06-10T00:00:00+00:00,16.0,95.0,100.0,Bay of Bengal,-0.06335,-0.24984,0.25774
2025-06-10T00:00:00+00:00,16.0,96.0,100.0,Bay of Bengal,-0.06315,-0.24919,0.25706
2025-06-10T00:00:00+00:00,16.0,97.0,100.0,Bay of Bengal,-0.0645,-0.24836,0.2566
2025-06-10T00:00:00+00:00,16.0,98.0,100.0,Bay of Bengal,-0.06728,-0.24737,0.25636
2025-06-10T00:00:00+00:00,17.0,80.0,100.0,Bay of Bengal,-0.10796,-0.23856,0.26185
2025-06-10T00:00:00+00:00,17.0,81.0,100.0,Bay of Bengal,-0.10608,-0.24054,0.2629
2025-06-10T00:00:00+00:00,17.0,82.0,100.0,Bay of Bengal,-0.10265,-0.24237,0.26321
2025-06-10T00:00:00+00:00,17.0,83.0,100.0,Bay of Bengal,-0.09796,-0.24402,0.26295
2025-06-10T00:00:00+00:00,17.0,84.0,100.0,Bay of Bengal,-0.09242,-0.24551,0.26233
2025-06-10T00:00:00+00:00,17.0,85.0,100.0,Bay of Bengal,-0.08652,-0.24683,0.26155
2025-06-10T00:00:00+00:00,17.0,86.0,100.0,Bay of Bengal,-0.08077,-0.24797,0.26079
2025-06-10T00:00:00+00:00,17.0,87.0,100.0,Bay of Bengal,-0.07568,-0.24893,0.26018
2025-06-10T00:00:00+00:00,17.0,88.0,100.0,Bay of Bengal,-0.07168,-0.24972,0.2598
2025-06-10T00:00:00+00:00,17.0,89.0,100.0,Bay of Bengal,-0.06914,-0.25032,0.2597
2025-06-10T00:00:00+00:00,17.0,90.0,100.0,Bay of Bengal,-0.06826,-0.25075,0.25987
2025-06-10T00:00:00+00:00,17.0,91.0,100.0,Bay of Bengal,-0.06914,-0.25099,0.26034
2025-06-10T00:00:00+00:00,17.0,92.0,100.0,Bay of Bengal,-0.07168,-0.25105,0.26109
2025-06-10T00:00:00+00:00,17.0,93.0,100.0,Bay of Bengal,-0.07568,-0.25093,0.2621
2025-06-10T00:00:00+00:00,17.0,94.0,100.0,Bay of Bengal,-0.08077,-0.25064,0.26333
2025-06-10T00:00:00+00:00,17.0,95.0,100.0,Bay of Bengal,-0.08652,-0.25016,0.2647
2025-06-10T00:00:00+00:00,17.0,96.0,100.0,Bay of Bengal,-0.09242,-0.24951,0.26608
2025-06-10T00:00:00+00:00,17.0,97.0,100.0,Bay of Bengal,-0.09796,-0.24868,0.26728
2025-06-10T00:00:00+00:00,17.0,98.0,100.0,Bay of Bengal,-0.10265,-0.24769,0.26812
2025-06-10T00:00:00+00:00,18.0,80.0,100.0,Bay of Bengal,-0.09363,-0.23891,0.2566
2025-06-10T00:00:00+00:00,18.0,81.0,100.0,Bay of Bengal,-0.08745,-0.24089,0.25627
2025-06-10T00:00:00+00:00,18.0,82.0,100.0,Bay of Bengal,-0.08188,-0.24271,0.25615
2025-06-10T00:00:00+00:00,18.0,83.0,100.0,Bay of Bengal,-0.07745,-0.24437,0.25635
2025-06-10T00:00:00+00:00,18.0,84.0,100.0,Bay of Bengal,-0.07461,-0.24585,0.25693
2025-06-10T00:00:00+00:00,18.0,85.0,100.0,Bay of Bengal,-0.07363,-0.24717,0.2579
2025-06-10T00:00:00+00:00,18.0,86.0,100.0,Bay of Bengal,-0.07461,-0.24831,0.25928
2025-06-10T00:00:00+00:00,18.0,87.0,100.0,Bay of Bengal,-0.07745,-0.24927,0.26103
2025-06-10T00:00:00+00:00,18.0,88.0,100.0,Bay of Bengal,-0.08188,-0.25005,0.26312
2025-06-10T00:00:00+00:00,18.0,89.0,100.0,Bay of Bengal,-0.08745,-0.25066,0.26548
2025-06-10T00:00:00+00:00,18.0,90.0,100.0,Bay of Bengal,-0.09363,-0.25108,0.26797
2025-06-10T00:00:00+00:00,18.0,91.0,100.0,Bay of Bengal,-0.09982,-0.25132,0.27042
2025-06-10T00:00:00+00:00,18.0,92.0,100.0,Bay of Bengal,-0.10539,-0.25138,0.27258
2025-06-10T00:00:00+00:00,18.0,93.0,100.0,Bay of Bengal,-0.10982,-0.25126,0.27421
2025-06-10T00:00:00+00:00,18.0,94.0,100.0,Bay of Bengal,-0.11266,-0.25096,0.27509
2025-06-10T00:00:00+00:00,18.0,95.0,100.0,Bay of Bengal,-0.11363,-0.25048,0.27505
2025-06-10T00:00:00+00:00,18.0,96.0,100.0,Bay of Bengal,-0.11266,-0.24983,0.27405
2025-06-10T00:00:00+00:00,18.0,97.0,100.0,Bay of Bengal,-0.10982,-0.249,0.27214
2025-06-10T00:00:00+00:00,18.0,98.0,100.0,Bay of Bengal,-0.10539,-0.248,0.26947
2025-06-10T00:00:00+00:00,19.0,80.0,100.0,Bay of Bengal,-0.07943,-0.23925,0.25209
2025-06-10T00:00:00+00:00,19.0,81.0,100.0,Bay of Bengal,-0.07937,-0.24123,0.25396
2025-06-10T00:00:00+00:00,19.0,82.0,100.0,Bay of Bengal,-0.08147,-0.24305,0.25634
2025-06-10T00:00:00+00:00,19.0,83.0,100.0,Bay of Bengal,-0.08549,-0.24471,0.25921
2025-06-10T00:00:00+00:00,19.0,84.0,100.0,Bay of Bengal,-0.09099,-0.24619,0.26247
2025-06-10T00:00:00+00:00,19.0,85.0,100.0,Bay of Bengal,-0.09738,-0.24751,0.26598
2025-06-10T00:00:00+00:00,19.0,86.0,100.0,Bay of Bengal,-0.10397,-0.24865,0.26951
2025-06-10T00:00:00+00:00,19.0,87.0,100.0,Bay of Bengal,-0.11002,-0.24961,0.27278
2025-06-10T00:00:00+00:00,19.0,88.0,100.0,Bay of Bengal,-0.11489,-0.25039,0.27549
2025-06-10T00:00:00+00:00,19.0,89.0,100.0,Bay of Bengal,-0.11804,-0.25099,0.27736
2025-06-10T00:00:00+00:00,19.0,90.0,100.0,Bay of Bengal,-0.11913,-0.25141,0.27821
2025-06-10T00:00:00+00:00,19.0,91.0,100.0,Bay of Bengal,-0.11804,-0.25165,0.27796
2025-06-10T00:00:00+00:00,19.0,92.0,100.0,Bay of Bengal,-0.11489,-0.25171,0.27669
2025-06-10T00:00:00+00:00,19.0,93.0,100.0,Bay of Bengal,-0.11002,-0.25159,0.27459
2025-06-10T00:00:00+00:00,19.0,94.0,100.0,Bay of Bengal,-0.10397,-0.25128,0.27194
2025-06-10T00:00:00+00:00,19.0,95.0,100.0,Bay of Bengal,-0.09738,-0.2508,0.26905
2025-06-10T00:00:00+00:00,19.0,96.0,100.0,Bay of Bengal,-0.09099,-0.25015,0.26618
2025-06-10T00:00:00+00:00,19.0,97.0,100.0,Bay of Bengal,-0.08549,-0.24932,0.26357
2025-06-10T00:00:00+00:00,19.0,98.0,100.0,Bay of Bengal,-0.08147,-0.24832,0.26134
2025-06-10T00:00:00+00:00,20.0,80.0,100.0,Bay of Bengal,-0.09788,-0.2396,0.25882
2025-06-10T00:00:00+00:00,20.0,81.0,100.0,Bay of Bengal,-0.10472,-0.24158,0.2633
2025-06-10T00:00:00+00:00,20.0,82.0,100.0,Bay of Bengal,-0.11156,-0.2434,0.26774
2025-06-10T00:00:00+00:00,20.0,83.0,100.0,Bay of Bengal,-0.11757,-0.24505,0.27179
2025-06-10T00:00:00+00:00,20.0,84.0,100.0,Bay of Bengal,-0.12204,-0.24653,0.27508
2025-06-10T00:00:00+00:00,20.0,85.0,100.0,Bay of Bengal,-0.12441,-0.24784,0.27732
2025-06-10T00:00:00+00:00,20.0,86.0,100.0,Bay of Bengal,-0.12441,-0.24898,0.27834
2025-06-10T00:00:00+00:00,20.0,87.0,100.0,Bay of Bengal,-0.12204,-0.24994,0.27814
2025-06-10T00:00:00+00:00,20.0,88.0,100.0,Bay of Bengal,-0.11757,-0.25072,0.27692
2025-06-10T00:00:00+00:00,20.0,89.0,100.0,Bay of Bengal,-0.11156,-0.25132,0.27497
2025-06-10T00:00:00+00:00,20.0,90.0,100.0,Bay of Bengal,-0.10472,-0.25174,0.27265
2025-06-10T00:00:00+00:00,20.0,91.0,100.0,Bay of Bengal,-0.09788,-0.25198,0.27032
2025-06-10T00:00:00+00:00,20.0,92.0,100.0,Bay of Bengal,-0.09186,-0.25203,0.26825
2025-06-10T00:00:00+00:00,20.0,93.0,100.0,Bay of Bengal,-0.0874,-0.25191,0.26664
2025-06-10T00:00:00+00:00,20.0,94.0,100.0,Bay of Bengal,-0.08502,-0.2516,0.26558
2025-06-10T00:00:00+00:00,20.0,95.0,100.0,Bay of Bengal,-0.08502,-0.25112,0.26512
2025-06-10T00:00:00+00:00,20.0,96.0,100.0,Bay of Bengal,-0.0874,-0.25046,0.26527
2025-06-10T00:00:00+00:00,20.0,97.0,100.0,Bay of Bengal,-0.09186,-0.24963,0.266
2025-06-10T00:00:00+00:00,20.0,98.0,100.0,Bay of Bengal,-0.09788,-0.24863,0.2672
2025-06-10T00:00:00+00:00,21.0,80.0,100.0,Bay of Bengal,-0.1277,-0.23994,0.27181
2025-06-10T00:00:00+00:00,21.0,81.0,100.0,Bay of Bengal,-0.13013,-0.24192,0.2747
2025-06-10T00:00:00+00:00,21.0,82.0,100.0,Bay of Bengal,-0.12994,-0.24374,0.27621
2025-06-10T00:00:00+00:00,21.0,83.0,100.0,Bay of Bengal,-0.12715,-0.24539,0.27637
2025-06-10T00:00:00+00:00,21.0,84.0,100.0,Bay of Bengal,-0.12213,-0.24687,0.27543
2025-06-10T00:00:00+00:00,21.0,85.0,100.0,Bay of Bengal,-0.11555,-0.24818,0.27376
2025-06-10T00:00:00+00:00,21.0,86.0,100.0,Bay of Bengal,-0.10829,-0.24932,0.27182
2025-06-10T00:00:00+00:00,21.0,87.0,100.0,Bay of Bengal,-0.1013,-0.25027,0.27
2025-06-10T00:00:00+00:00,21.0,88.0,100.0,Bay of Bengal,-0.09551,-0.25105,0.26861
2025-06-10T00:00:00+00:00,21.0,89.0,100.0,Bay of Bengal,-0.09171,-0.25165,0.26784
2025-06-10T00:00:00+00:00,21.0,90.0,100.0,Bay of Bengal,-0.09038,-0.25207,0.26778
2025-06-10T00:00:00+00:00,21.0,91.0,100.0,Bay of Bengal,-0.09171,-0.2523,0.26845
2025-06-10T00:00:00+00:00,21.0,92.0,100.0,Bay of Bengal,-0.09551,-0.25236,0.26983
2025-06-10T00:00:00+00:00,21.0,93.0,100.0,Bay of Bengal,-0.1013,-0.25223,0.27181
2025-06-10T00:00:00+00:00,21.0,94.0,100.0,Bay of Bengal,-0.10829,-0.25192,0.27421
2025-06-10T00:00:00+00:00,21.0,95.0,100.0,Bay of Bengal,-0.11555,-0.25144,0.27672
2025-06-10T00:00:00+00:00,21.0,96.0,100.0,Bay of Bengal,-0.12213,-0.25077,0.27893
2025-06-10T00:00:00+00:00,21.0,97.0,100.0,Bay of Bengal,-0.12715,-0.24994,0.28042
2025-06-10T00:00:00+00:00,21.0,98.0,100.0,Bay of Bengal,-0.12994,-0.24893,0.28081
2025-06-10T00:00:00+00:00,22.0,80.0,100.0,Bay of Bengal,-0.12893,-0.24028,0.27269
2025-06-10T00:00:00+00:00,22.0,81.0,100.0,Bay of Bengal,-0.12226,-0.24226,0.27136
2025-06-10T00:00:00+00:00,22.0,82.0,100.0,Bay of Bengal,-0.11468,-0.24408,0.26968
2025-06-10T00:00:00+00:00,22.0,83.0,100.0,Bay of Bengal,-0.10731,-0.24573,0.26814
2025-06-10T00:00:00+00:00,22.0,84.0,100.0,Bay of Bengal,-0.10121,-0.24721,0.26712
2025-06-10T00:00:00+00:00,22.0,85.0,100.0,Bay of Bengal,-0.09728,-0.24852,0.26688
2025-06-10T00:00:00+00:00,22.0,86.0,100.0,Bay of Bengal,-0.09609,-0.24965,0.2675
2025-06-10T00:00:00+00:00,22.0,87.0,100.0,Bay of Bengal,-0.09781,-0.2506,0.26901
2025-06-10T00:00:00+00:00,22.0,88.0,100.0,Bay of Bengal,-0.10218,-0.25138,0.27136
2025-06-10T00:00:00+00:00,22.0,89.0,100.0,Bay of Bengal,-0.10859,-0.25198,0.27438
2025-06-10T00:00:00+00:00,22.0,90.0,100.0,Bay of Bengal,-0.11608,-0.25239,0.27781
2025-06-10T00:00:00+00:00,22.0,91.0,100.0,Bay of Bengal,-0.12357,-0.25262,0.28123
2025-06-10T00:00:00+00:00,22.0,92.0,100.0,Bay of Bengal,-0.12997,-0.25268,0.28414
2025-06-10T00:00:00+00:00,22.0,93.0,100.0,Bay of Bengal,-0.13435,-0.25255,0.28606
2025-06-10T00:00:00+00:00,22.0,94.0,100.0,Bay of Bengal,-0.13607,-0.25224,0.2866
2025-06-10T00:00:00+00:00,22.0,95.0,100.0,Bay of Bengal,-0.13487,-0.25175,0.2856
2025-06-10T00:00:00+00:00,22.0,96.0,100.0,Bay of Bengal,-0.13094,-0.25108,0.28318
2025-06-10T00:00:00+00:00,22.0,97.0,100.0,Bay of Bengal,-0.12485,-0.25025,0.27966
2025-06-10T00:00:00+00:00,22.0,98.0,100.0,Bay of Bengal,-0.11747,-0.24924,0.27553
2025-06-13T00:00:00+00:00,6.0,80.0,0.0,Bay of Bengal,-0.05282,-0.29571,0.30039
2025-06-13T00:00:00+00:00,6.0,81.0,0.0,Bay of Bengal,-0.05397,-0.29806,0.3029
2025-06-13T00:00:00+00:00,6.0,82.0,0.0,Bay of Bengal,-0.05528,-0.30021,0.30525
2025-06-13T00:00:00+00:00,6.0,83.0,0.0,Bay of Bengal,-0.05676,-0.30216,0.30744
2025-06-13T00:00:00+00:00,6.0,84.0,0.0,Bay of Bengal,-0.05839,-0.30391,0.30946
2025-06-13T00:00:00+00:00,6.0,85.0,0.0,Bay of Bengal,-0.06015,-0.30544,0.31131
2025-06-13T00:00:00+00:00,6.0,86.0,0.0,Bay of Bengal,-0.06201,-0.30677,0.31298
2025-06-13T00:00:00+00:00,6.0,87.0,0.0,Bay of Bengal,-0.06397,-0.30788,0.31446
2025-06-13T00:00:00+00:00,6.0,88.0,0.0,Bay of Bengal,-0.06599,-0.30878,0.31575
2025-06-13T00:00:00+00:00,6.0,89.0,0.0,Bay of Bengal,-0.06805,-0.30946,0.31685
2025-06-13T00:00:00+00:00,6.0,90.0,0.0,Bay of Bengal,-0.07015,-0.30991,0.31775
2025-06-13T00:00:00+00:00,6.0,91.0,0.0,Bay of Bengal,-0.07224,-0.31015,0.31845
2025-06-13T00:00:00+00:00,6.0,92.0,0.0,Bay of Bengal,-0.0743,-0.31017,0.31894
2025-06-13T00:00:00+00:00,6.0,93.0,0.0,Bay of Bengal,-0.07633,-0.30997,0.31922
2025-06-13T00:00:00+00:00,6.0,94.0,0.0,Bay of Bengal,-0.07828,-0.30955,0.31929
2025-06-13T00:00:00+00:00,6.0,95.0,0.0,Bay of Bengal,-0.08015,-0.30891,0.31914
2025-06-13T00:00:00+00:00,6.0,96.0,0.0,Bay of Bengal,-0.0819,-0.30806,0.31877
2025-06-13T00:00:00+00:00,6.0,97.0,0.0,Bay of Bengal,-0.08353,-0.30701,0.31817
2025-06-13T00:00:00+00:00,6.0,98.0,0.0,Bay of Bengal,-0.08501,-0.30574,0.31734
2025-06-13T00:00:00+00:00,7.0,80.0,0.0,Bay of Bengal,-0.08005,-0.29606,0.30669
2025-06-13T00:00:00+00:00,7.0,81.0,0.0,Bay of Bengal,-0.08229,-0.2984,0.30954
2025-06-13T00:00:00+00:00,7.0,82.0,0.0,Bay of Bengal,-0.08439,-0.30056,0.31218
2025-06-13T00:00:00+00:00,7.0,83.0,0.0,Bay of Bengal,-0.08633,-0.30251,0.31458
2025-06-13T00:00:00+00:00,7.0,84.0,0.0,Bay of Bengal,-0.08807,-0.30426,0.31674
2025-06-13T00:00:00+00:00,7.0,85.0,0.0,Bay of Bengal,-0.08959,-0.30579,0.31865
2025-06-13T00:00:00+00:00,7.0,86.0,0.0,Bay of Bengal,-0.09086,-0.30712,0.32028
2025-06-13T00:00:00+00:00,7.0,87.0,0.0,Bay of Bengal,-0.09188,-0.30823,0.32163
2025-06-13T00:00:00+00:00,7.0,88.0,0.0,Bay of Bengal,-0.09261,-0.30913,0.3227
2025-06-13T00:00:00+00:00,7.0,89.0,0.0,Bay of Bengal,-0.09306,-0.3098,0.32348
2025-06-13T00:00:00+00:00,7.0,90.0,0.0,Bay of Bengal,-0.09321,-0.31026,0.32396
2025-06-13T00:00:00+00:00,7.0,91.0,0.0,Bay of Bengal,-0.09306,-0.3105,0.32414
2025-06-13T00:00:00+00:00,7.0,92.0,0.0,Bay of Bengal,-0.09261,-0.31051,0.32403
2025-06-13T00:00:00+00:00,7.0,93.0,0.0,Bay of Bengal,-0.09188,-0.31031,0.32363
2025-06-13T00:00:00+00:00,7.0,94.0,0.0,Bay of Bengal,-0.09086,-0.30989,0.32294
2025-06-13T00:00:00+00:00,7.0,95.0,0.0,Bay of Bengal,-0.08959,-0.30925,0.32197
2025-06-13T00:00:00+00:00,7.0,96.0,0.0,Bay of Bengal,-0.08807,-0.30841,0.32073
2025-06-13T00:00:00+00:00,7.0,97.0,0.0,Bay of Bengal,-0.08633,-0.30735,0.31924
2025-06-13T00:00:00+00:00,7.0,98.0,0.0,Bay of Bengal,-0.08439,-0.30608,0.3175
2025-06-13T00:00:00+00:00,8.0,80.0,0.0,Bay of Bengal,-0.09639,-0.29641,0.31169
2025-06-13T00:00:00+00:00,8.0,81.0,0.0,Bay of Bengal,-0.09572,-0.29875,0.31371
2025-06-13T00:00:00+00:00,8.0,82.0,0.0,Bay of Bengal,-0.09467,-0.30091,0.31545
2025-06-13T00:00:00+00:00,8.0,83.0,0.0,Bay of Bengal,-0.09328,-0.30286,0.3169
2025-06-13T00:00:00+00:00,8.0,84.0,0.0,Bay of Bengal,-0.09156,-0.3046,0.31807
2025-06-13T00:00:00+00:00,8.0,85.0,0.0,Bay of Bengal,-0.08955,-0.30614,0.31897
2025-06-13T00:00:00+00:00,8.0,86.0,0.0,Bay of Bengal,-0.08729,-0.30747,0.31962
2025-06-13T00:00:00+00:00,8.0,87.0,0.0,Bay of Bengal,-0.08483,-0.30858,0.32003
2025-06-13T00:00:00+00:00,8.0,88.0,0.0,Bay of Bengal,-0.08221,-0.30947,0.32021
2025-06-13T00:00:00+00:00,8.0,89.0,0.0,Bay of Bengal,-0.07948,-0.31015,0.32017
2025-06-13T00:00:00+00:00,8.0,90.0,0.0,Bay of Bengal,-0.0767,-0.31061,0.31993
2025-06-13T00:00:00+00:00,8.0,91.0,0.0,Bay of Bengal,-0.07391,-0.31084,0.31951
2025-06-13T00:00:00+00:00,8.0,92.0,0.0,Bay of Bengal,-0.07118,-0.31086,0.3189
2025-06-13T00:00:00+00:00,8.0,93.0,0.0,Bay of Bengal,-0.06856,-0.31065,0.31813
2025-06-13T00:00:00+00:00,8.0,94.0,0.0,Bay of Bengal,-0.0661,-0.31023,0.31719
2025-06-13T00:00:00+00:00,8.0,95.0,0.0,Bay of Bengal,-0.06384,-0.30959,0.31611
2025-06-13T00:00:00+00:00,8.0,96.0,0.0,Bay of Bengal,-0.06183,-0.30874,0.31488
2025-06-13T00:00:00+00:00,8.0,97.0,0.0,Bay of Bengal,-0.06011,-0.30768,0.3135
2025-06-13T00:00:00+00:00,8.0,98.0,0.0,Bay of Bengal,-0.05872,-0.30642,0.31199
2025-06-13T00:00:00+00:00,9.0,80.0,0.0,Bay of Bengal,-0.0806,-0.29675,0.30751
2025-06-13T00:00:00+00:00,9.0,81.0,0.0,Bay of Bengal,-0.07747,-0.2991,0.30897
2025-06-13T00:00:00+00:00,9.0,82.0,0.0,Bay of Bengal,-0.07442,-0.30125,0.31031
2025-06-13T00:00:00+00:00,9.0,83.0,0.0,Bay of Bengal,-0.07152,-0.30321,0.31153
2025-06-13T00:00:00+00:00,9.0,84.0,0.0,Bay of Bengal,-0.06884,-0.30495,0.31263
2025-06-13T00:00:00+00:00,9.0,85.0,0.0,Bay of Bengal,-0.06646,-0.30649,0.31361
2025-06-13T00:00:00+00:00,9.0,86.0,0.0,Bay of Bengal,-0.06442,-0.30782,0.31448
2025-06-13T00:00:00+00:00,9.0,87.0,0.0,Bay of Bengal,-0.06278,-0.30893,0.31524
2025-06-13T00:00:00+00:00,9.0,88.0,0.0,Bay of Bengal,-0.06158,-0.30982,0.31588
2025-06-13T00:00:00+00:00,9.0,89.0,0.0,Bay of Bengal,-0.06084,-0.3105,0.3164
2025-06-13T00:00:00+00:00,9.0,90.0,0.0,Bay of Bengal,-0.0606,-0.31095,0.3168
2025-06-13T00:00:00+00:00,9.0,91.0,0.0,Bay of Bengal,-0.06084,-0.31118,0.31708
2025-06-13T00:00:00+00:00,9.0,92.0,0.0,Bay of Bengal,-0.06158,-0.3112,0.31723
2025-06-13T00:00:00+00:00,9.0,93.0,0.0,Bay of Bengal,-0.06278,-0.31099,0.31727
2025-06-13T00:00:00+00:00,9.0,94.0,0.0,Bay of Bengal,-0.06442,-0.31057,0.31718
2025-06-13T00:00:00+00:00,9.0,95.0,0.0,Bay of Bengal,-0.06646,-0.30993,0.31698
2025-06-13T00:00:00+00:00,9.0,96.0,0.0,Bay of Bengal,-0.06884,-0.30908,0.31666
2025-06-13T00:00:00+00:00,9.0,97.0,0.0,Bay of Bengal,-0.07152,-0.30802,0.31621
2025-06-13T00:00:00+00:00,9.0,98.0,0.0,Bay of Bengal,-0.07442,-0.30675,0.31565
2025-06-13T00:00:00+00:00,10.0,80.0,0.0,Bay of Bengal,-0.0652,-0.2971,0.30417
2025-06-13T00:00:00+00:00,10.0,81.0,0.0,Bay of Bengal,-0.0649,-0.29945,0.3064
2025-06-13T00:00:00+00:00,10.0,82.0,0.0,Bay of Bengal,-0.0652,-0.3016,0.30857
2025-06-13T00:00:00+00:00,10.0,83.0,0.0,Bay of Bengal,-0.0661,-0.30355,0.31067
2025-06-13T00:00:00+00:00,10.0,84.0,0.0,Bay of Bengal,-0.06758,-0.3053,0.31269
2025-06-13T00:00:00+00:00,10.0,85.0,0.0,Bay of Bengal,-0.06957,-0.30684,0.31463
2025-06-13T00:00:00+00:00,10.0,86.0,0.0,Bay of Bengal,-0.07204,-0.30816,0.31647
2025-06-13T00:00:00+00:00,10.0,87.0,0.0,Bay of Bengal,-0.0749,-0.30927,0.31821
2025-06-13T00:00:00+00:00,10.0,88.0,0.0,Bay of Bengal,-0.07806,-0.31017,0.31984
2025-06-13T00:00:00+00:00,10.0,89.0,0.0,Bay of Bengal,-0.08142,-0.31084,0.32133
2025-06-13T00:00:00+00:00,10.0,90.0,0.0,Bay of Bengal,-0.0849,-0.31129,0.32266
2025-06-13T00:00:00+00:00,10.0,91.0,0.0,Bay of Bengal,-0.08837,-0.31153,0.32382
2025-06-13T00:00:00+00:00,10.0,92.0,0.0,Bay of Bengal,-0.09174,-0.31154,0.32477
2025-06-13T00:00:00+00:00,10.0,93.0,0.0,Bay of Bengal,-0.0949,-0.31134,0.32548
2025-06-13T00:00:00+00:00,10.0,94.0,0.0,Bay of Bengal,-0.09775,-0.31091,0.32592
2025-06-13T00:00:00+00:00,10.0,95.0,0.0,Bay of Bengal,-0.10022,-0.31027,0.32606
2025-06-13T00:00:00+00:00,10.0,96.0,0.0,Bay of Bengal,-0.10222,-0.30942,0.32587
2025-06-13T00:00:00+00:00,10.0,97.0,0.0,Bay of Bengal,-0.10369,-0.30836,0.32532
2025-06-13T00:00:00+00:00,10.0,98.0,0.0,Bay of Bengal,-0.10459,-0.30709,0.32441
2025-06-13T00:00:00+00:00,11.0,80.0,0.0,Bay of Bengal,-0.08273,-0.29745,0.30874
2025-06-13T00:00:00+00:00,11.0,81.0,0.0,Bay of Bengal,-0.08644,-0.2998,0.31201
2025-06-13T00:00:00+00:00,11.0,82.0,0.0,Bay of Bengal,-0.09026,-0.30195,0.31515
2025-06-13T00:00:00+00:00,11.0,83.0,0.0,Bay of Bengal,-0.09407,-0.3039,0.31813
2025-06-13T00:00:00+00:00,11.0,84.0,0.0,Bay of Bengal,-0.0977,-0.30565,0.32088
2025-06-13T00:00:00+00:00,11.0,85.0,0.0,Bay of Bengal,-0.10104,-0.30719,0.32338
2025-06-13T00:00:00+00:00,11.0,86.0,0.0,Bay of Bengal,-0.10395,-0.30851,0.32555
2025-06-13T00:00:00+00:00,11.0,87.0,0.0,Bay of Bengal,-0.10634,-0.30962,0.32737
2025-06-13T00:00:00+00:00,11.0,88.0,0.0,Bay of Bengal,-0.10811,-0.31051,0.32879
2025-06-13T00:00:00+00:00,11.0,89.0,0.0,Bay of Bengal,-0.1092,-0.31118,0.32979
2025-06-13T00:00:00+00:00,11.0,90.0,0.0,Bay of Bengal,-0.10957,-0.31164,0.33034
2025-06-13T00:00:00+00:00,11.0,91.0,0.0,Bay of Bengal,-0.1092,-0.31187,0.33044
2025-06-13T00:00:00+00:00,11.0,92.0,0.0,Bay of Bengal,-0.10811,-0.31188,0.33009
2025-06-13T00:00:00+00:00,11.0,93.0,0.0,Bay of Bengal,-0.10634,-0.31168,0.32932
2025-06-13T00:00:00+00:00,11.0,94.0,0.0,Bay of Bengal,-0.10395,-0.31125,0.32815
2025-06-13T00:00:00+00:00,11.0,95.0,0.0,Bay of Bengal,-0.10104,-0.31061,0.32663
2025-06-13T00:00:00+00:00,11.0,96.0,0.0,Bay of Bengal,-0.0977,-0.30975,0.3248
2025-06-13T00:00:00+00:00,11.0,97.0,0.0,Bay of Bengal,-0.09407,-0.30869,0.3227
2025-06-13T00:00:00+00:00,11.0,98.0,0.0,Bay of Bengal,-0.09026,-0.30742,0.32039
2025-06-13T00:00:00+00:00,12.0,80.0,0.0,Bay of Bengal,-0.11191,-0.2978,0.31813
2025-06-13T00:00:00+00:00,12.0,81.0,0.0,Bay of Bengal,-0.11361,-0.30015,0.32093
2025-06-13T00:00:00+00:00,12.0,82.0,0.0,Bay of Bengal,-0.11448,-0.3023,0.32325
2025-06-13T00:00:00+00:00,12.0,83.0,0.0,Bay of Bengal,-0.11448,-0.30425,0.32508
2025-06-13T00:00:00+00:00,12.0,84.0,0.0,Bay of Bengal,-0.11361,-0.306,0.32641
2025-06-13T00:00:00+00:00,12.0,85.0,0.0,Bay of Bengal,-0.11191,-0.30753,0.32726
2025-06-13T00:00:00+00:00,12.0,86.0,0.0,Bay of Bengal,-0.10945,-0.30886,0.32768
2025-06-13T00:00:00+00:00,12.0,87.0,0.0,Bay of Bengal,-0.10634,-0.30997,0.3277
2025-06-13T00:00:00+00:00,12.0,88.0,0.0,Bay of Bengal,-0.10272,-0.31086,0.32739
2025-06-13T00:00:00+00:00,12.0,89.0,0.0,Bay of Bengal,-0.09875,-0.31153,0.3268
2025-06-13T00:00:00+00:00,12.0,90.0,0.0,Bay of Bengal,-0.09459,-0.31198,0.326
2025-06-13T00:00:00+00:00,12.0,91.0,0.0,Bay of Bengal,-0.09043,-0.31221,0.32504
2025-06-13T00:00:00+00:00,12.0,92.0,0.0,Bay of Bengal,-0.08645,-0.31222,0.32397
2025-06-13T00:00:00+00:00,12.0,93.0,0.0,Bay of Bengal,-0.08283,-0.31201,0.32282
2025-06-13T00:00:00+00:00,12.0,94.0,0.0,Bay of Bengal,-0.07972,-0.31159,0.32162
2025-06-13T00:00:00+00:00,12.0,95.0,0.0,Bay of Bengal,-0.07727,-0.31094,0.3204
2025-06-13T00:00:00+00:00,12.0,96.0,0.0,Bay of Bengal,-0.07557,-0.31009,0.31916
2025-06-13T00:00:00+00:00,12.0,97.0,0.0,Bay of Bengal,-0.0747,-0.30902,0.31792
2025-06-13T00:00:00+00:00,12.0,98.0,0.0,Bay of Bengal,-0.0747,-0.30775,0.31668
2025-06-13T00:00:00+00:00,13.0,80.0,0.0,Bay of Bengal,-0.11279,-0.29815,0.31877
2025-06-13T00:00:00+00:00,13.0,81.0,0.0,Bay of Bengal,-0.10901,-0.3005,0.31966
2025-06-13T00:00:00+00:00,13.0,82.0,0.0,Bay of Bengal,-0.10477,-0.30265,0.32027
2025-06-13T00:00:00+00:00,13.0,83.0,0.0,Bay of Bengal,-0.10028,-0.3046,0.32068
2025-06-13T00:00:00+00:00,13.0,84.0,0.0,Bay of Bengal,-0.09578,-0.30634,0.32097
2025-06-13T00:00:00+00:00,13.0,85.0,0.0,Bay of Bengal,-0.09148,-0.30788,0.32118
2025-06-13T00:00:00+00:00,13.0,86.0,0.0,Bay of Bengal,-0.08762,-0.3092,0.32138
2025-06-13T00:00:00+00:00,13.0,87.0,0.0,Bay of Bengal,-0.08439,-0.31031,0.32158
2025-06-13T00:00:00+00:00,13.0,88.0,0.0,Bay of Bengal,-0.08196,-0.3112,0.32181
2025-06-13T00:00:00+00:00,13.0,89.0,0.0,Bay of Bengal,-0.08045,-0.31187,0.32208
2025-06-13T00:00:00+00:00,13.0,90.0,0.0,Bay of Bengal,-0.07993,-0.31232,0.32239
2025-06-13T00:00:00+00:00,13.0,91.0,0.0,Bay of Bengal,-0.08045,-0.31255,0.32274
2025-06-13T00:00:00+00:00,13.0,92.0,0.0,Bay of Bengal,-0.08196,-0.31256,0.32313
2025-06-13T00:00:00+00:00,13.0,93.0,0.0,Bay of Bengal,-0.08439,-0.31235,0.32355
2025-06-13T00:00:00+00:00,13.0,94.0,0.0,Bay of Bengal,-0.08762,-0.31192,0.32399
2025-06-13T00:00:00+00:00,13.0,95.0,0.0,Bay of Bengal,-0.09148,-0.31128,0.32444
2025-06-13T00:00:00+00:00,13.0,96.0,0.0,Bay of Bengal,-0.09578,-0.31042,0.32486
2025-06-13T00:00:00+00:00,13.0,97.0,0.0,Bay of Bengal,-0.10028,-0.30935,0.3252
2025-06-13T00:00:00+00:00,13.0,98.0,0.0,Bay of Bengal,-0.10477,-0.30807,0.3254
2025-06-13T00:00:00+00:00,14.0,80.0,0.0,Bay of Bengal,-0.09272,-0.2985,0.31257
2025-06-13T00:00:00+00:00,14.0,81.0,0.0,Bay of Bengal,-0.0894,-0.30085,0.31385
2025-06-13T00:00:00+00:00,14.0,82.0,0.0,Bay of Bengal,-0.08704,-0.303,0.31525
2025-06-13T00:00:00+00:00,14.0,83.0,0.0,Bay of Bengal,-0.08578,-0.30495,0.31678
2025-06-13T00:00:00+00:00,14.0,84.0,0.0,Bay of Bengal,-0.08569,-0.30669,0.31844
2025-06-13T00:00:00+00:00,14.0,85.0,0.0,Bay of Bengal,-0.08679,-0.30822,0.32021
2025-06-13T00:00:00+00:00,14.0,86.0,0.0,Bay of Bengal,-0.089,-0.30955,0.32209
2025-06-13T00:00:00+00:00,14.0,87.0,0.0,Bay of Bengal,-0.0922,-0.31065,0.32405
2025-06-13T00:00:00+00:00,14.0,88.0,0.0,Bay of Bengal,-0.09619,-0.31154,0.32605
2025-06-13T00:00:00+00:00,14.0,89.0,0.0,Bay of Bengal,-0.10074,-0.31221,0.32806
2025-06-13T00:00:00+00:00,14.0,90.0,0.0,Bay of Bengal,-0.10558,-0.31266,0.33001
2025-06-13T00:00:00+00:00,14.0,91.0,0.0,Bay of Bengal,-0.11042,-0.31289,0.3318
2025-06-13T00:00:00+00:00,14.0,92.0,0.0,Bay of Bengal,-0.11497,-0.3129,0.33335
2025-06-13T00:00:00+00:00,14.0,93.0,0.0,Bay of Bengal,-0.11896,-0.31268,0.33455
2025-06-13T00:00:00+00:00,14.0,94.0,0.0,Bay of Bengal,-0.12216,-0.31225,0.3353
2025-06-13T00:00:00+00:00,14.0,95.0,0.0,Bay of Bengal,-0.12437,-0.31161,0.33551
2025-06-13T00:00:00+00:00,14.0,96.0,0.0,Bay of Bengal,-0.12547,-0.31075,0.33512
2025-06-13T00:00:00+00:00,14.0,97.0,0.0,Bay of Bengal,-0.12539,-0.30968,0.3341
2025-06-13T00:00:00+00:00,14.0,98.0,0.0,Bay of Bengal,-0.12412,-0.3084,0.33244
2025-06-13T00:00:00+00:00,15.0,80.0,0.0,Bay of Bengal,-0.09418,-0.29885,0.31334
2025-06-13T00:00:00+00:00,15.0,81.0,0.0,Bay of Bengal,-0.09736,-0.30119,0.31654
2025-06-13T00:00:00+00:00,15.0,82.0,0.0,Bay of Bengal,-0.1015,-0.30334,0.31987
2025-06-13T00:00:00+00:00,15.0,83.0,0.0,Bay of Bengal,-0.10632,-0.30529,0.32328
2025-06-13T00:00:00+00:00,15.0,84.0,0.0,Bay of Bengal,-0.1115,-0.30703,0.32665
2025-06-13T00:00:00+00:00,15.0,85.0,0.0,Bay of Bengal,-0.11668,-0.30857,0.32989
2025-06-13T00:00:00+00:00,15.0,86.0,0.0,Bay of Bengal,-0.1215,-0.30989,0.33286
2025-06-13T00:00:00+00:00,15.0,87.0,0.0,Bay of Bengal,-0.12564,-0.31099,0.33542
2025-06-13T00:00:00+00:00,15.0,88.0,0.0,Bay of Bengal,-0.12882,-0.31188,0.33744
2025-06-13T00:00:00+00:00,15.0,89.0,0.0,Bay of Bengal,-0.13082,-0.31255,0.33882
2025-06-13T00:00:00+00:00,15.0,90.0,0.0,Bay of Bengal,-0.1315,-0.313,0.3395
2025-06-13T00:00:00+00:00,15.0,91.0,0.0,Bay of Bengal,-0.13082,-0.31322,0.33945
2025-06-13T00:00:00+00:00,15.0,92.0,0.0,Bay of Bengal,-0.12882,-0.31323,0.33869
2025-06-13T00:00:00+00:00,15.0,93.0,0.0,Bay of Bengal,-0.12564,-0.31302,0.33729
2025-06-13T00:00:00+00:00,15.0,94.0,0.0,Bay of Bengal,-0.1215,-0.31258,0.33537
2025-06-13T00:00:00+00:00,15.0,95.0,0.0,Bay of Bengal,-0.11668,-0.31194,0.33304
2025-06-13T00:00:00+00:00,15.0,96.0,0.0,Bay of Bengal,-0.1115,-0.31107,0.33045
2025-06-13T00:00:00+00:00,15.0,97.0,0.0,Bay of Bengal,-0.10632,-0.31,0.32773
2025-06-13T00:00:00+00:00,15.0,98.0,0.0,Bay of Bengal,-0.1015,-0.30872,0.32498
2025-06-13T00:00:00+00:00,16.0,80.0,0.0,Bay of Bengal,-0.1245,-0.29919,0.32407
2025-06-13T00:00:00+00:00,16.0,81.0,0.0,Bay of Bengal,-0.12942,-0.30154,0.32814
2025-06-13T00:00:00+00:00,16.0,82.0,0.0,Bay of Bengal,-0.13342,-0.30369,0.33171
2025-06-13T00:00:00+00:00,16.0,83.0,0.0,Bay of Bengal,-0.13621,-0.30564,0.33461
2025-06-13T00:00:00+00:00,16.0,84.0,0.0,Bay of Bengal,-0.13755,-0.30738,0.33675
2025-06-13T00:00:00+00:00,16.0,85.0,0.0,Bay of Bengal,-0.13736,-0.30891,0.33807
2025-06-13T00:00:00+00:00,16.0,86.0,0.0,Bay of Bengal,-0.13564,-0.31023,0.33859
2025-06-13T00:00:00+00:00,16.0,87.0,0.0,Bay of Bengal,-0.13253,-0.31134,0.33837
2025-06-13T00:00:00+00:00,16.0,88.0,0.0,Bay of Bengal,-0.12826,-0.31222,0.33754
2025-06-13T00:00:00+00:00,16.0,89.0,0.0,Bay of Bengal,-0.12318,-0.31289,0.33626
2025-06-13T00:00:00+00:00,16.0,90.0,0.0,Bay of Bengal,-0.11766,-0.31333,0.3347
2025-06-13T00:00:00+00:00,16.0,91.0,0.0,Bay of Bengal,-0.11215,-0.31356,0.33301
2025-06-13T00:00:00+00:00,16.0,92.0,0.0,Bay of Bengal,-0.10706,-0.31356,0.33134
2025-06-13T00:00:00+00:00,16.0,93.0,0.0,Bay of Bengal,-0.1028,-0.31335,0.32978
2025-06-13T00:00:00+00:00,16.0,94.0,0.0,Bay of Bengal,-0.09969,-0.31291,0.32841
2025-06-13T00:00:00+00:00,16.0,95.0,0.0,Bay of Bengal,-0.09797,-0.31226,0.32727
2025-06-13T00:00:00+00:00,16.0,96.0,0.0,Bay of Bengal,-0.09777,-0.3114,0.32639
2025-06-13T00:00:00+00:00,16.0,97.0,0.0,Bay of Bengal,-0.09912,-0.31032,0.32577
2025-06-13T00:00:00+00:00,16.0,98.0,0.0,Bay of Bengal,-0.1019,-0.30904,0.32541
2025-06-13T00:00:00+00:00,17.0,80.0,0.0,Bay of Bengal,-0.14374,-0.29954,0.33224
2025-06-13T00:00:00+00:00,17.0,81.0,0.0,Bay of Bengal,-0.14186,-0.30189,0.33356
2025-06-13T00:00:00+00:00,17.0,82.0,0.0,Bay of Bengal,-0.13843,-0.30403,0.33406
2025-06-13T00:00:00+00:00,17.0,83.0,0.0,Bay of Bengal,-0.13374,-0.30598,0.33393
2025-06-13T00:00:00+00:00,17.0,84.0,0.0,Bay of Bengal,-0.1282,-0.30772,0.33336
2025-06-13T00:00:00+00:00,17.0,85.0,0.0,Bay of Bengal,-0.1223,-0.30925,0.33256
2025-06-13T00:00:00+00:00,17.0,86.0,0.0,Bay of Bengal,-0.11655,-0.31057,0.33172
2025-06-13T00:00:00+00:00,17.0,87.0,0.0,Bay of Bengal,-0.11145,-0.31168,0.331
2025-06-13T00:00:00+00:00,17.0,88.0,0.0,Bay of Bengal,-0.10746,-0.31256,0.33052
2025-06-13T00:00:00+00:00,17.0,89.0,0.0,Bay of Bengal,-0.10491,-0.31322,0.33033
2025-06-13T00:00:00+00:00,17.0,90.0,0.0,Bay of Bengal,-0.10404,-0.31367,0.33047
2025-06-13T00:00:00+00:00,17.0,91.0,0.0,Bay of Bengal,-0.10491,-0.31389,0.33096
2025-06-13T00:00:00+00:00,17.0,92.0,0.0,Bay of Bengal,-0.10746,-0.31389,0.33178
2025-06-13T00:00:00+00:00,17.0,93.0,0.0,Bay of Bengal,-0.11145,-0.31368,0.33289
2025-06-13T00:00:00+00:00,17.0,94.0,0.0,Bay of Bengal,-0.11655,-0.31324,0.33422
2025-06-13T00:00:00+00:00,17.0,95.0,0.0,Bay of Bengal,-0.1223,-0.31259,0.33566
2025-06-13T00:00:00+00:00,17.0,96.0,0.0,Bay of Bengal,-0.1282,-0.31172,0.33705
2025-06-13T00:00:00+00:00,17.0,97.0,0.0,Bay of Bengal,-0.13374,-0.31064,0.33821
2025-06-13T00:00:00+00:00,17.0,98.0,0.0,Bay of Bengal,-0.13843,-0.30936,0.33892
2025-06-13T00:00:00+00:00,18.0,80.0,0.0,Bay of Bengal,-0.1306,-0.29989,0.32709
2025-06-13T00:00:00+00:00,18.0,81.0,0.0,Bay of Bengal,-0.12442,-0.30223,0.32684
2025-06-13T00:00:00+00:00,18.0,82.0,0.0,Bay of Bengal,-0.11884,-0.30438,0.32676
2025-06-13T00:00:00+00:00,18.0,83.0,0.0,Bay of Bengal,-0.11442,-0.30632,0.327
2025-06-13T00:00:00+00:00,18.0,84.0,0.0,Bay of Bengal,-0.11158,-0.30806,0.32765
2025-06-13T00:00:00+00:00,18.0,85.0,0.0,Bay of Bengal,-0.1106,-0.30959,0.32876
2025-06-13T00:00:00+00:00,18.0,86.0,0.0,Bay of Bengal,-0.11158,-0.31091,0.33033
2025-06-13T00:00:00+00:00,18.0,87.0,0.0,Bay of Bengal,-0.11442,-0.31201,0.33233
2025-06-13T00:00:00+00:00,18.0,88.0,0.0,Bay of Bengal,-0.11884,-0.3129,0.33471
2025-06-13T00:00:00+00:00,18.0,89.0,0.0,Bay of Bengal,-0.12442,-0.31356,0.33734
2025-06-13T00:00:00+00:00,18.0,90.0,0.0,Bay of Bengal,-0.1306,-0.314,0.34008
2025-06-13T00:00:00+00:00,18.0,91.0,0.0,Bay of Bengal,-0.13678,-0.31422,0.3427
2025-06-13T00:00:00+00:00,18.0,92.0,0.0,Bay of Bengal,-0.14235,-0.31422,0.34497
2025-06-13T00:00:00+00:00,18.0,93.0,0.0,Bay of Bengal,-0.14678,-0.314,0.34662
2025-06-13T00:00:00+00:00,18.0,94.0,0.0,Bay of Bengal,-0.14962,-0.31357,0.34743
2025-06-13T00:00:00+00:00,18.0,95.0,0.0,Bay of Bengal,-0.1506,-0.31291,0.34726
2025-06-13T00:00:00+00:00,18.0,96.0,0.0,Bay of Bengal,-0.14962,-0.31204,0.34606
2025-06-13T00:00:00+00:00,18.0,97.0,0.0,Bay of Bengal,-0.14678,-0.31096,0.34386
2025-06-13T00:00:00+00:00,18.0,98.0,0.0,Bay of Bengal,-0.14235,-0.30967,0.34083
2025-06-13T00:00:00+00:00,19.0,80.0,0.0,Bay of Bengal,-0.11761,-0.30023,0.32245
2025-06-13T00:00:00+00:00,19.0,81.0,0.0,Bay of Bengal,-0.11755,-0.30258,0.32461
2025-06-13T00:00:00+00:00,19.0,82.0,0.0,Bay of Bengal,-0.11965,-0.30472,0.32737
2025-06-13T00:00:00+00:00,19.0,83.0,0.0,Bay of Bengal,-0.12367,-0.30667,0.33066
2025-06-13T00:00:00+00:00,19.0,84.0,0.0,Bay of Bengal,-0.12917,-0.30841,0.33436
2025-06-13T00:00:00+00:00,19.0,85.0,0.0,Bay of Bengal,-0.13556,-0.30993,0.33829
2025-06-13T00:00:00+00:00,19.0,86.0,0.0,Bay of Bengal,-0.14215,-0.31125,0.34217
2025-06-13T00:00:00+00:00,19.0,87.0,0.0,Bay of Bengal,-0.1482,-0.31235,0.34572
2025-06-13T00:00:00+00:00,19.0,88.0,0.0,Bay of Bengal,-0.15307,-0.31323,0.34863
2025-06-13T00:00:00+00:00,19.0,89.0,0.0,Bay of Bengal,-0.15622,-0.31389,0.35062
2025-06-13T00:00:00+00:00,19.0,90.0,0.0,Bay of Bengal,-0.15731,-0.31433,0.3515
2025-06-13T00:00:00+00:00,19.0,91.0,0.0,Bay of Bengal,-0.15622,-0.31455,0.35121
2025-06-13T00:00:00+00:00,19.0,92.0,0.0,Bay of Bengal,-0.15307,-0.31455,0.34982
2025-06-13T00:00:00+00:00,19.0,93.0,0.0,Bay of Bengal,-0.1482,-0.31433,0.34751
2025-06-13T00:00:00+00:00,19.0,94.0,0.0,Bay of Bengal,-0.14215,-0.31389,0.34457
2025-06-13T00:00:00+00:00,19.0,95.0,0.0,Bay of Bengal,-0.13556,-0.31323,0.34131
2025-06-13T00:00:00+00:00,19.0,96.0,0.0,Bay of Bengal,-0.12917,-0.31236,0.33801
2025-06-13T00:00:00+00:00,19.0,97.0,0.0,Bay of Bengal,-0.12367,-0.31128,0.33494
2025-06-13T00:00:00+00:00,19.0,98.0,0.0,Bay of Bengal,-0.11965,-0.30999,0.33227
2025-06-13T00:00:00+00:00,20.0,80.0,0.0,Bay of Bengal,-0.13729,-0.30058,0.33045
2025-06-13T00:00:00+00:00,20.0,81.0,0.0,Bay of Bengal,-0.14414,-0.30292,0.33546
2025-06-13T00:00:00+00:00,20.0,82.0,0.0,Bay of Bengal,-0.15098,-0.30506,0.34038
2025-06-13T00:00:00+00:00,20.0,83.0,0.0,Bay of Bengal,-0.15699,-0.30701,0.34482
2025-06-13T00:00:00+00:00,20.0,84.0,0.0,Bay of Bengal,-0.16146,-0.30874,0.34841
2025-06-13T00:00:00+00:00,20.0,85.0,0.0,Bay of Bengal,-0.16383,-0.31027,0.35087
2025-06-13T00:00:00+00:00,20.0,86.0,0.0,Bay of Bengal,-0.16383,-0.31159,0.35203
2025-06-13T00:00:00+00:00,20.0,87.0,0.0,Bay of Bengal,-0.16146,-0.31268,0.35191
2025-06-13T00:00:00+00:00,20.0,88.0,0.0,Bay of Bengal,-0.15699,-0.31356,0.35067
2025-06-13T00:00:00+00:00,20.0,89.0,0.0,Bay of Bengal,-0.15098,-0.31422,0.34861
2025-06-13T00:00:00+00:00,20.0,90.0,0.0,Bay of Bengal,-0.14414,-0.31466,0.3461
2025-06-13T00:00:00+00:00,20.0,91.0,0.0,Bay of Bengal,-0.13729,-0.31488,0.34351
2025-06-13T00:00:00+00:00,20.0,92.0,0.0,Bay of Bengal,-0.13128,-0.31488,0.34115
2025-06-13T00:00:00+00:00,20.0,93.0,0.0,Bay of Bengal,-0.12681,-0.31465,0.33925
2025-06-13T00:00:00+00:00,20.0,94.0,0.0,Bay of Bengal,-0.12444,-0.31421,0.33795
2025-06-13T00:00:00+00:00,20.0,95.0,0.0,Bay of Bengal,-0.12444,-0.31355,0.33734
2025-06-13T00:00:00+00:00,20.0,96.0,0.0,Bay of Bengal,-0.12681,-0.31267,0.33741
2025-06-13T00:00:00+00:00,20.0,97.0,0.0,Bay of Bengal,-0.13128,-0.31159,0.33811
2025-06-13T00:00:00+00:00,20.0,98.0,0.0,Bay of Bengal,-0.13729,-0.31029,0.33931
2025-06-13T00:00:00+00:00,21.0,80.0,0.0,Bay of Bengal,-0.16837,-0.30092,0.34482
2025-06-13T00:00:00+00:00,21.0,81.0,0.0,Bay of Bengal,-0.1708,-0.30326,0.34805
2025-06-13T00:00:00+00:00,21.0,82.0,0.0,Bay of Bengal,-0.17061,-0.3054,0.34983
2025-06-13T00:00:00+00:00,21.0,83.0,0.0,Bay of Bengal,-0.16782,-0.30735,0.35018
2025-06-13T00:00:00+00:00,21.0,84.0,0.0,Bay of Bengal,-0.1628,-0.30908,0.34934
2025-06-13T00:00:00+00:00,21.0,85.0,0.0,Bay of Bengal,-0.15622,-0.31061,0.34768
2025-06-13T00:00:00+00:00,21.0,86.0,0.0,Bay of Bengal,-0.14896,-0.31192,0.34566
2025-06-13T00:00:00+00:00,21.0,87.0,0.0,Bay of Bengal,-0.14197,-0.31302,0.34371
2025-06-13T00:00:00+00:00,21.0,88.0,0.0,Bay of Bengal,-0.13618,-0.31389,0.34216
2025-06-13T00:00:00+00:00,21.0,89.0,0.0,Bay of Bengal,-0.13238,-0.31455,0.34127
2025-06-13T00:00:00+00:00,21.0,90.0,0.0,Bay of Bengal,-0.13105,-0.31499,0.34116
2025-06-13T00:00:00+00:00,21.0,91.0,0.0,Bay of Bengal,-0.13238,-0.3152,0.34187
2025-06-13T00:00:00+00:00,21.0,92.0,0.0,Bay of Bengal,-0.13618,-0.3152,0.34336
2025-06-13T00:00:00+00:00,21.0,93.0,0.0,Bay of Bengal,-0.14197,-0.31497,0.34549
2025-06-13T00:00:00+00:00,21.0,94.0,0.0,Bay of Bengal,-0.14896,-0.31453,0.34802
2025-06-13T00:00:00+00:00,21.0,95.0,0.0,Bay of Bengal,-0.15622,-0.31386,0.35059
2025-06-13T00:00:00+00:00,21.0,96.0,0.0,Bay of Bengal,-0.1628,-0.31299,0.3528
2025-06-13T00:00:00+00:00,21.0,97.0,0.0,Bay of Bengal,-0.16782,-0.3119,0.35418
2025-06-13T00:00:00+00:00,21.0,98.0,0.0,Bay of Bengal,-0.17061,-0.3106,0.35437
2025-06-13T00:00:00+00:00,22.0,80.0,0.0,Bay of Bengal,-0.17087,-0.30126,0.34634
2025-06-13T00:00:00+00:00,22.0,81.0,0.0,Bay of Bengal,-0.16419,-0.3036,0.34516
2025-06-13T00:00:00+00:00,22.0,82.0,0.0,Bay of Bengal,-0.15661,-0.30574,0.34352
2025-06-13T00:00:00+00:00,22.0,83.0,0.0,Bay of Bengal,-0.14924,-0.30768,0.34197
2025-06-13T00:00:00+00:00,22.0,84.0,0.0,Bay of Bengal,-0.14315,-0.30942,0.34093
2025-06-13T00:00:00+00:00,22.0,85.0,0.0,Bay of Bengal,-0.13922,-0.31094,0.34069
2025-06-13T00:00:00+00:00,22.0,86.0,0.0,Bay of Bengal,-0.13802,-0.31225,0.3414
2025-06-13T00:00:00+00:00,22.0,87.0,0.0,Bay of Bengal,-0.13974,-0.31335,0.34309
2025-06-13T00:00:00+00:00,22.0,88.0,0.0,Bay of Bengal,-0.14412,-0.31422,0.3457
2025-06-13T00:00:00+00:00,22.0,89.0,0.0,Bay of Bengal,-0.15052,-0.31488,0.34901
2025-06-13T00:00:00+00:00,22.0,90.0,0.0,Bay of Bengal,-0.15801,-0.31531,0.35269
2025-06-13T00:00:00+00:00,22.0,91.0,0.0,Bay of Bengal,-0.1655,-0.31553,0.3563
2025-06-13T00:00:00+00:00,22.0,92.0,0.0,Bay of Bengal,-0.1719,-0.31552,0.35931
2025-06-13T00:00:00+00:00,22.0,93.0,0.0,Bay of Bengal,-0.17628,-0.31529,0.36122
2025-06-13T00:00:00+00:00,22.0,94.0,0.0,Bay of Bengal,-0.178,-0.31484,0.36167
2025-06-13T00:00:00+00:00,22.0,95.0,0.0,Bay of Bengal,-0.1768,-0.31418,0.36051
2025-06-13T00:00:00+00:00,22.0,96.0,0.0,Bay of Bengal,-0.17287,-0.3133,0.35783
2025-06-13T00:00:00+00:00,22.0,97.0,0.0,Bay of Bengal,-0.16678,-0.3122,0.35396
2025-06-13T00:00:00+00:00,22.0,98.0,0.0,Bay of Bengal,-0.15941,-0.31091,0.34939
2025-06-13T00:00:00+00:00,6.0,80.0,50.0,Bay of Bengal,-0.04615,-0.26744,0.27139
2025-06-13T00:00:00+00:00,6.0,81.0,50.0,Bay of Bengal,-0.04729,-0.26959,0.27371
2025-06-13T00:00:00+00:00,6.0,82.0,50.0,Bay of Bengal,-0.04861,-0.27157,0.27589
2025-06-13T00:00:00+00:00,6.0,83.0,50.0,Bay of Bengal,-0.05009,-0.27337,0.27792
2025-06-13T00:00:00+00:00,6.0,84.0,50.0,Bay of Bengal,-0.05171,-0.27499,0.27981
2025-06-13T00:00:00+00:00,6.0,85.0,50.0,Bay of Bengal,-0.05347,-0.27641,0.28154
2025-06-13T00:00:00+00:00,6.0,86.0,50.0,Bay of Bengal,-0.05534,-0.27764,0.28311
2025-06-13T00:00:00+00:00,6.0,87.0,50.0,Bay of Bengal,-0.05729,-0.27868,0.28451
2025-06-13T00:00:00+00:00,6.0,88.0,50.0,Bay of Bengal,-0.05931,-0.27953,0.28575
2025-06-13T00:00:00+00:00,6.0,89.0,50.0,Bay of Bengal,-0.06138,-0.28017,0.28682
2025-06-13T00:00:00+00:00,6.0,90.0,50.0,Bay of Bengal,-0.06347,-0.28062,0.28771
2025-06-13T00:00:00+00:00,6.0,91.0,50.0,Bay of Bengal,-0.06556,-0.28087,0.28842
2025-06-13T00:00:00+00:00,6.0,92.0,50.0,Bay of Bengal,-0.06763,-0.28092,0.28894
2025-06-13T00:00:00+00:00,6.0,93.0,50.0,Bay of Bengal,-0.06965,-0.28077,0.28928
2025-06-13T00:00:00+00:00,6.0,94.0,50.0,Bay of Bengal,-0.0716,-0.28042,0.28942
2025-06-13T00:00:00+00:00,6.0,95.0,50.0,Bay of Bengal,-0.07347,-0.27988,0.28936
2025-06-13T00:00:00+00:00,6.0,96.0,50.0,Bay of Bengal,-0.07523,-0.27914,0.2891
2025-06-13T00:00:00+00:00,6.0,97.0,50.0,Bay of Bengal,-0.07685,-0.27822,0.28864
2025-06-13T00:00:00+00:00,6.0,98.0,50.0,Bay of Bengal,-0.07833,-0.27711,0.28797
2025-06-13T00:00:00+00:00,7.0,80.0,50.0,Bay of Bengal,-0.07308,-0.26778,0.27758
2025-06-13T00:00:00+00:00,7.0,81.0,50.0,Bay of Bengal,-0.07532,-0.26994,0.28025
2025-06-13T00:00:00+00:00,7.0,82.0,50.0,Bay of Bengal,-0.07742,-0.27192,0.28273
2025-06-13T00:00:00+00:00,7.0,83.0,50.0,Bay of Bengal,-0.07936,-0.27372,0.28499
2025-06-13T00:00:00+00:00,7.0,84.0,50.0,Bay of Bengal,-0.0811,-0.27533,0.28703
2025-06-13T00:00:00+00:00,7.0,85.0,50.0,Bay of Bengal,-0.08262,-0.27676,0.28883
2025-06-13T00:00:00+00:00,7.0,86.0,50.0,Bay of Bengal,-0.0839,-0.27799,0.29038
2025-06-13T00:00:00+00:00,7.0,87.0,50.0,Bay of Bengal,-0.08491,-0.27903,0.29167
2025-06-13T00:00:00+00:00,7.0,88.0,50.0,Bay of Bengal,-0.08564,-0.27988,0.29269
2025-06-13T00:00:00+00:00,7.0,89.0,50.0,Bay of Bengal,-0.08609,-0.28052,0.29343
2025-06-13T00:00:00+00:00,7.0,90.0,50.0,Bay of Bengal,-0.08624,-0.28097,0.2939
2025-06-13T00:00:00+00:00,7.0,91.0,50.0,Bay of Bengal,-0.08609,-0.28121,0.2941
2025-06-13T00:00:00+00:00,7.0,92.0,50.0,Bay of Bengal,-0.08564,-0.28126,0.29401
2025-06-13T00:00:00+00:00,7.0,93.0,50.0,Bay of Bengal,-0.08491,-0.28111,0.29365
2025-06-13T00:00:00+00:00,7.0,94.0,50.0,Bay of Bengal,-0.0839,-0.28076,0.29303
2025-06-13T00:00:00+00:00,7.0,95.0,50.0,Bay of Bengal,-0.08262,-0.28022,0.29215
2025-06-13T00:00:00+00:00,7.0,96.0,50.0,Bay of Bengal,-0.0811,-0.27948,0.29101
2025-06-13T00:00:00+00:00,7.0,97.0,50.0,Bay of Bengal,-0.07936,-0.27856,0.28964
2025-06-13T00:00:00+00:00,7.0,98.0,50.0,Bay of Bengal,-0.07742,-0.27745,0.28805
2025-06-13T00:00:00+00:00,8.0,80.0,50.0,Bay of Bengal,-0.08909,-0.26813,0.28255
2025-06-13T00:00:00+00:00,8.0,81.0,50.0,Bay of Bengal,-0.08842,-0.27029,0.28438
2025-06-13T00:00:00+00:00,8.0,82.0,50.0,Bay of Bengal,-0.08737,-0.27227,0.28595
2025-06-13T00:00:00+00:00,8.0,83.0,50.0,Bay of Bengal,-0.08598,-0.27407,0.28724
2025-06-13T00:00:00+00:00,8.0,84.0,50.0,Bay of Bengal,-0.08426,-0.27568,0.28827
2025-06-13T00:00:00+00:00,8.0,85.0,50.0,Bay of Bengal,-0.08225,-0.27711,0.28906
2025-06-13T00:00:00+00:00,8.0,86.0,50.0,Bay of Bengal,-0.08,-0.27834,0.28961
2025-06-13T00:00:00+00:00,8.0,87.0,50.0,Bay of Bengal,-0.07753,-0.27938,0.28994
2025-06-13T00:00:00+00:00,8.0,88.0,50.0,Bay of Bengal,-0.07491,-0.28022,0.29006
2025-06-13T00:00:00+00:00,8.0,89.0,50.0,Bay of Bengal,-0.07218,-0.28087,0.28999
2025-06-13T00:00:00+00:00,8.0,90.0,50.0,Bay of Bengal,-0.0694,-0.28131,0.28975
2025-06-13T00:00:00+00:00,8.0,91.0,50.0,Bay of Bengal,-0.06661,-0.28156,0.28933
2025-06-13T00:00:00+00:00,8.0,92.0,50.0,Bay of Bengal,-0.06388,-0.2816,0.28876
2025-06-13T00:00:00+00:00,8.0,93.0,50.0,Bay of Bengal,-0.06126,-0.28145,0.28804
2025-06-13T00:00:00+00:00,8.0,94.0,50.0,Bay of Bengal,-0.0588,-0.2811,0.28719
2025-06-13T00:00:00+00:00,8.0,95.0,50.0,Bay of Bengal,-0.05654,-0.28056,0.2862
2025-06-13T00:00:00+00:00,8.0,96.0,50.0,Bay of Bengal,-0.05453,-0.27982,0.28509
2025-06-13T00:00:00+00:00,8.0,97.0,50.0,Bay of Bengal,-0.05282,-0.2789,0.28385
2025-06-13T00:00:00+00:00,8.0,98.0,50.0,Bay of Bengal,-0.05142,-0.27778,0.2825
2025-06-13T00:00:00+00:00,9.0,80.0,50.0,Bay of Bengal,-0.07293,-0.26848,0.27821
2025-06-13T00:00:00+00:00,9.0,81.0,50.0,Bay of Bengal,-0.0698,-0.27064,0.27949
2025-06-13T00:00:00+00:00,9.0,82.0,50.0,Bay of Bengal,-0.06675,-0.27262,0.28067
2025-06-13T00:00:00+00:00,9.0,83.0,50.0,Bay of Bengal,-0.06385,-0.27442,0.28175
2025-06-13T00:00:00+00:00,9.0,84.0,50.0,Bay of Bengal,-0.06117,-0.27603,0.28273
2025-06-13T00:00:00+00:00,9.0,85.0,50.0,Bay of Bengal,-0.05879,-0.27746,0.28362
2025-06-13T00:00:00+00:00,9.0,86.0,50.0,Bay of Bengal,-0.05675,-0.27869,0.28441
2025-06-13T00:00:00+00:00,9.0,87.0,50.0,Bay of Bengal,-0.05511,-0.27973,0.2851
2025-06-13T00:00:00+00:00,9.0,88.0,50.0,Bay of Bengal,-0.05391,-0.28057,0.2857
2025-06-13T00:00:00+00:00,9.0,89.0,50.0,Bay of Bengal,-0.05317,-0.28121,0.2862
2025-06-13T00:00:00+00:00,9.0,90.0,50.0,Bay of Bengal,-0.05293,-0.28166,0.28659
2025-06-13T00:00:00+00:00,9.0,91.0,50.0,Bay of Bengal,-0.05317,-0.2819,0.28687
2025-06-13T00:00:00+00:00,9.0,92.0,50.0,Bay of Bengal,-0.05391,-0.28195,0.28706
2025-06-13T00:00:00+00:00,9.0,93.0,50.0,Bay of Bengal,-0.05511,-0.2818,0.28713
2025-06-13T00:00:00+00:00,9.0,94.0,50.0,Bay of Bengal,-0.05675,-0.28145,0.28711
2025-06-13T00:00:00+00:00,9.0,95.0,50.0,Bay of Bengal,-0.05879,-0.2809,0.28699
2025-06-13T00:00:00+00:00,9.0,96.0,50.0,Bay of Bengal,-0.06117,-0.28016,0.28676
2025-06-13T00:00:00+00:00,9.0,97.0,50.0,Bay of Bengal,-0.06385,-0.27923,0.28644
2025-06-13T00:00:00+00:00,9.0,98.0,50.0,Bay of Bengal,-0.06675,-0.27812,0.28602
2025-06-13T00:00:00+00:00,10.0,80.0,50.0,Bay of Bengal,-0.05712,-0.26883,0.27483
2025-06-13T00:00:00+00:00,10.0,81.0,50.0,Bay of Bengal,-0.05682,-0.27099,0.27688
2025-06-13T00:00:00+00:00,10.0,82.0,50.0,Bay of Bengal,-0.05712,-0.27297,0.27888
2025-06-13T00:00:00+00:00,10.0,83.0,50.0,Bay of Bengal,-0.05802,-0.27477,0.28083
2025-06-13T00:00:00+00:00,10.0,84.0,50.0,Bay of Bengal,-0.0595,-0.27638,0.28271
2025-06-13T00:00:00+00:00,10.0,85.0,50.0,Bay of Bengal,-0.0615,-0.27781,0.28453
2025-06-13T00:00:00+00:00,10.0,86.0,50.0,Bay of Bengal,-0.06396,-0.27904,0.28627
2025-06-13T00:00:00+00:00,10.0,87.0,50.0,Bay of Bengal,-0.06682,-0.28007,0.28793
2025-06-13T00:00:00+00:00,10.0,88.0,50.0,Bay of Bengal,-0.06998,-0.28092,0.2895
2025-06-13T00:00:00+00:00,10.0,89.0,50.0,Bay of Bengal,-0.07334,-0.28156,0.29095
2025-06-13T00:00:00+00:00,10.0,90.0,50.0,Bay of Bengal,-0.07682,-0.282,0.29228
2025-06-13T00:00:00+00:00,10.0,91.0,50.0,Bay of Bengal,-0.08029,-0.28225,0.29344
2025-06-13T00:00:00+00:00,10.0,92.0,50.0,Bay of Bengal,-0.08366,-0.28229,0.29443
2025-06-13T00:00:00+00:00,10.0,93.0,50.0,Bay of Bengal,-0.08682,-0.28214,0.29519
2025-06-13T00:00:00+00:00,10.0,94.0,50.0,Bay of Bengal,-0.08967,-0.28179,0.29571
2025-06-13T00:00:00+00:00,10.0,95.0,50.0,Bay of Bengal,-0.09214,-0.28124,0.29595
2025-06-13T00:00:00+00:00,10.0,96.0,50.0,Bay of Bengal,-0.09414,-0.2805,0.29587
2025-06-13T00:00:00+00:00,10.0,97.0,50.0,Bay of Bengal,-0.09561,-0.27957,0.29547
2025-06-13T00:00:00+00:00,10.0,98.0,50.0,Bay of Bengal,-0.09651,-0.27845,0.2947
2025-06-13T00:00:00+00:00,11.0,80.0,50.0,Bay of Bengal,-0.0742,-0.26918,0.27922
2025-06-13T00:00:00+00:00,11.0,81.0,50.0,Bay of Bengal,-0.07791,-0.27134,0.2823
2025-06-13T00:00:00+00:00,11.0,82.0,50.0,Bay of Bengal,-0.08174,-0.27332,0.28528
2025-06-13T00:00:00+00:00,11.0,83.0,50.0,Bay of Bengal,-0.08554,-0.27512,0.28811
2025-06-13T00:00:00+00:00,11.0,84.0,50.0,Bay of Bengal,-0.08918,-0.27673,0.29074
2025-06-13T00:00:00+00:00,11.0,85.0,50.0,Bay of Bengal,-0.09251,-0.27815,0.29313
2025-06-13T00:00:00+00:00,11.0,86.0,50.0,Bay of Bengal,-0.09543,-0.27938,0.29523
2025-06-13T00:00:00+00:00,11.0,87.0,50.0,Bay of Bengal,-0.09782,-0.28042,0.29699
2025-06-13T00:00:00+00:00,11.0,88.0,50.0,Bay of Bengal,-0.09959,-0.28126,0.29837
2025-06-13T00:00:00+00:00,11.0,89.0,50.0,Bay of Bengal,-0.10068,-0.2819,0.29934
2025-06-13T00:00:00+00:00,11.0,90.0,50.0,Bay of Bengal,-0.10104,-0.28234,0.29988
2025-06-13T00:00:00+00:00,11.0,91.0,50.0,Bay of Bengal,-0.10068,-0.28259,0.29999
2025-06-13T00:00:00+00:00,11.0,92.0,50.0,Bay of Bengal,-0.09959,-0.28263,0.29966
2025-06-13T00:00:00+00:00,11.0,93.0,50.0,Bay of Bengal,-0.09782,-0.28248,0.29893
2025-06-13T00:00:00+00:00,11.0,94.0,50.0,Bay of Bengal,-0.09543,-0.28212,0.29783
2025-06-13T00:00:00+00:00,11.0,95.0,50.0,Bay of Bengal,-0.09251,-0.28157,0.29638
2025-06-13T00:00:00+00:00,11.0,96.0,50.0,Bay of Bengal,-0.08918,-0.28083,0.29465
2025-06-13T00:00:00+00:00,11.0,97.0,50.0,Bay of Bengal,-0.08554,-0.2799,0.29268
2025-06-13T00:00:00+00:00,11.0,98.0,50.0,Bay of Bengal,-0.08174,-0.27878,0.29052
2025-06-13T00:00:00+00:00,12.0,80.0,50.0,Bay of Bengal,-0.10291,-0.26953,0.28851
2025-06-13T00:00:00+00:00,12.0,81.0,50.0,Bay of Bengal,-0.10461,-0.27169,0.29113
2025-06-13T00:00:00+00:00,12.0,82.0,50.0,Bay of Bengal,-0.10548,-0.27367,0.29329
2025-06-13T00:00:00+00:00,12.0,83.0,50.0,Bay of Bengal,-0.10548,-0.27546,0.29497
2025-06-13T00:00:00+00:00,12.0,84.0,50.0,Bay of Bengal,-0.10461,-0.27708,0.29617
2025-06-13T00:00:00+00:00,12.0,85.0,50.0,Bay of Bengal,-0.10291,-0.2785,0.2969
2025-06-13T00:00:00+00:00,12.0,86.0,50.0,Bay of Bengal,-0.10045,-0.27973,0.29722
2025-06-13T00:00:00+00:00,12.0,87.0,50.0,Bay of Bengal,-0.09734,-0.28077,0.29716
2025-06-13T00:00:00+00:00,12.0,88.0,50.0,Bay of Bengal,-0.09372,-0.2816,0.29679
2025-06-13T00:00:00+00:00,12.0,89.0,50.0,Bay of Bengal,-0.08974,-0.28225,0.29617
2025-06-13T00:00:00+00:00,12.0,90.0,50.0,Bay of Bengal,-0.08559,-0.28269,0.29536
2025-06-13T00:00:00+00:00,12.0,91.0,50.0,Bay of Bengal,-0.08143,-0.28293,0.29441
2025-06-13T00:00:00+00:00,12.0,92.0,50.0,Bay of Bengal,-0.07745,-0.28297,0.29338
2025-06-13T00:00:00+00:00,12.0,93.0,50.0,Bay of Bengal,-0.07383,-0.28281,0.29229
2025-06-13T00:00:00+00:00,12.0,94.0,50.0,Bay of Bengal,-0.07072,-0.28246,0.29118
2025-06-13T00:00:00+00:00,12.0,95.0,50.0,Bay of Bengal,-0.06827,-0.28191,0.29006
2025-06-13T00:00:00+00:00,12.0,96.0,50.0,Bay of Bengal,-0.06656,-0.28117,0.28894
2025-06-13T00:00:00+00:00,12.0,97.0,50.0,Bay of Bengal,-0.0657,-0.28023,0.28783
2025-06-13T00:00:00+00:00,12.0,98.0,50.0,Bay of Bengal,-0.0657,-0.27911,0.28674
2025-06-13T00:00:00+00:00,13.0,80.0,50.0,Bay of Bengal,-0.10328,-0.26988,0.28896
2025-06-13T00:00:00+00:00,13.0,81.0,50.0,Bay of Bengal,-0.0995,-0.27203,0.28966
2025-06-13T00:00:00+00:00,13.0,82.0,50.0,Bay of Bengal,-0.09526,-0.27401,0.2901
2025-06-13T00:00:00+00:00,13.0,83.0,50.0,Bay of Bengal,-0.09077,-0.27581,0.29036
2025-06-13T00:00:00+00:00,13.0,84.0,50.0,Bay of Bengal,-0.08627,-0.27742,0.29053
2025-06-13T00:00:00+00:00,13.0,85.0,50.0,Bay of Bengal,-0.08197,-0.27885,0.29064
2025-06-13T00:00:00+00:00,13.0,86.0,50.0,Bay of Bengal,-0.07811,-0.28008,0.29076
2025-06-13T00:00:00+00:00,13.0,87.0,50.0,Bay of Bengal,-0.07488,-0.28111,0.29091
2025-06-13T00:00:00+00:00,13.0,88.0,50.0,Bay of Bengal,-0.07245,-0.28195,0.29111
2025-06-13T00:00:00+00:00,13.0,89.0,50.0,Bay of Bengal,-0.07094,-0.28259,0.29135
2025-06-13T00:00:00+00:00,13.0,90.0,50.0,Bay of Bengal,-0.07042,-0.28303,0.29166
2025-06-13T00:00:00+00:00,13.0,91.0,50.0,Bay of Bengal,-0.07094,-0.28327,0.29201
2025-06-13T00:00:00+00:00,13.0,92.0,50.0,Bay of Bengal,-0.07245,-0.28331,0.29242
2025-06-13T00:00:00+00:00,13.0,93.0,50.0,Bay of Bengal,-0.07488,-0.28315,0.29288
2025-06-13T00:00:00+00:00,13.0,94.0,50.0,Bay of Bengal,-0.07811,-0.28279,0.29338
2025-06-13T00:00:00+00:00,13.0,95.0,50.0,Bay of Bengal,-0.08197,-0.28224,0.2939
2025-06-13T00:00:00+00:00,13.0,96.0,50.0,Bay of Bengal,-0.08627,-0.2815,0.29442
2025-06-13T00:00:00+00:00,13.0,97.0,50.0,Bay of Bengal,-0.09077,-0.28056,0.29488
2025-06-13T00:00:00+00:00,13.0,98.0,50.0,Bay of Bengal,-0.09526,-0.27944,0.29523
2025-06-13T00:00:00+00:00,14.0,80.0,50.0,Bay of Bengal,-0.08268,-0.27023,0.28259
2025-06-13T00:00:00+00:00,14.0,81.0,50.0,Bay of Bengal,-0.07935,-0.27238,0.28371
2025-06-13T00:00:00+00:00,14.0,82.0,50.0,Bay of Bengal,-0.07699,-0.27436,0.28496
2025-06-13T00:00:00+00:00,14.0,83.0,50.0,Bay of Bengal,-0.07573,-0.27616,0.28635
2025-06-13T00:00:00+00:00,14.0,84.0,50.0,Bay of Bengal,-0.07564,-0.27777,0.28788
2025-06-13T00:00:00+00:00,14.0,85.0,50.0,Bay of Bengal,-0.07674,-0.27919,0.28955
2025-06-13T00:00:00+00:00,14.0,86.0,50.0,Bay of Bengal,-0.07895,-0.28042,0.29132
2025-06-13T00:00:00+00:00,14.0,87.0,50.0,Bay of Bengal,-0.08215,-0.28145,0.2932
2025-06-13T00:00:00+00:00,14.0,88.0,50.0,Bay of Bengal,-0.08614,-0.28229,0.29514
2025-06-13T00:00:00+00:00,14.0,89.0,50.0,Bay of Bengal,-0.09069,-0.28293,0.29711
2025-06-13T00:00:00+00:00,14.0,90.0,50.0,Bay of Bengal,-0.09553,-0.28337,0.29904
2025-06-13T00:00:00+00:00,14.0,91.0,50.0,Bay of Bengal,-0.10037,-0.28361,0.30084
2025-06-13T00:00:00+00:00,14.0,92.0,50.0,Bay of Bengal,-0.10492,-0.28364,0.30243
2025-06-13T00:00:00+00:00,14.0,93.0,50.0,Bay of Bengal,-0.10892,-0.28348,0.30369
2025-06-13T00:00:00+00:00,14.0,94.0,50.0,Bay of Bengal,-0.11211,-0.28313,0.30452
2025-06-13T00:00:00+00:00,14.0,95.0,50.0,Bay of Bengal,-0.11433,-0.28257,0.30483
2025-06-13T00:00:00+00:00,14.0,96.0,50.0,Bay of Bengal,-0.11542,-0.28183,0.30455
2025-06-13T00:00:00+00:00,14.0,97.0,50.0,Bay of Bengal,-0.11534,-0.28089,0.30365
2025-06-13T00:00:00+00:00,14.0,98.0,50.0,Bay of Bengal,-0.11408,-0.27976,0.30213
2025-06-13T00:00:00+00:00,15.0,80.0,50.0,Bay of Bengal,-0.08357,-0.27057,0.28319
2025-06-13T00:00:00+00:00,15.0,81.0,50.0,Bay of Bengal,-0.08675,-0.27273,0.28619
2025-06-13T00:00:00+00:00,15.0,82.0,50.0,Bay of Bengal,-0.09089,-0.27471,0.28935
2025-06-13T00:00:00+00:00,15.0,83.0,50.0,Bay of Bengal,-0.09571,-0.2765,0.2926
2025-06-13T00:00:00+00:00,15.0,84.0,50.0,Bay of Bengal,-0.10089,-0.27811,0.29585
2025-06-13T00:00:00+00:00,15.0,85.0,50.0,Bay of Bengal,-0.10607,-0.27953,0.29898
2025-06-13T00:00:00+00:00,15.0,86.0,50.0,Bay of Bengal,-0.11089,-0.28076,0.30187
2025-06-13T00:00:00+00:00,15.0,87.0,50.0,Bay of Bengal,-0.11503,-0.2818,0.30437
2025-06-13T00:00:00+00:00,15.0,88.0,50.0,Bay of Bengal,-0.11821,-0.28263,0.30636
2025-06-13T00:00:00+00:00,15.0,89.0,50.0,Bay of Bengal,-0.12021,-0.28327,0.30772
2025-06-13T00:00:00+00:00,15.0,90.0,50.0,Bay of Bengal,-0.12089,-0.2837,0.30839
2025-06-13T00:00:00+00:00,15.0,91.0,50.0,Bay of Bengal,-0.12021,-0.28394,0.30834
2025-06-13T00:00:00+00:00,15.0,92.0,50.0,Bay of Bengal,-0.11821,-0.28398,0.3076
2025-06-13T00:00:00+00:00,15.0,93.0,50.0,Bay of Bengal,-0.11503,-0.28382,0.30624
2025-06-13T00:00:00+00:00,15.0,94.0,50.0,Bay of Bengal,-0.11089,-0.28346,0.30438
2025-06-13T00:00:00+00:00,15.0,95.0,50.0,Bay of Bengal,-0.10607,-0.2829,0.30213
2025-06-13T00:00:00+00:00,15.0,96.0,50.0,Bay of Bengal,-0.10089,-0.28215,0.29965
2025-06-13T00:00:00+00:00,15.0,97.0,50.0,Bay of Bengal,-0.09571,-0.28121,0.29705
2025-06-13T00:00:00+00:00,15.0,98.0,50.0,Bay of Bengal,-0.09089,-0.28008,0.29446
2025-06-13T00:00:00+00:00,16.0,80.0,50.0,Bay of Bengal,-0.11331,-0.27092,0.29366
2025-06-13T00:00:00+00:00,16.0,81.0,50.0,Bay of Bengal,-0.11822,-0.27308,0.29757
2025-06-13T00:00:00+00:00,16.0,82.0,50.0,Bay of Bengal,-0.12223,-0.27505,0.30099
2025-06-13T00:00:00+00:00,16.0,83.0,50.0,Bay of Bengal,-0.12501,-0.27685,0.30376
2025-06-13T00:00:00+00:00,16.0,84.0,50.0,Bay of Bengal,-0.12636,-0.27846,0.30579
2025-06-13T00:00:00+00:00,16.0,85.0,50.0,Bay of Bengal,-0.12616,-0.27988,0.307
2025-06-13T00:00:00+00:00,16.0,86.0,50.0,Bay of Bengal,-0.12444,-0.2811,0.30742
2025-06-13T00:00:00+00:00,16.0,87.0,50.0,Bay of Bengal,-0.12133,-0.28214,0.30712
2025-06-13T00:00:00+00:00,16.0,88.0,50.0,Bay of Bengal,-0.11706,-0.28297,0.30623
2025-06-13T00:00:00+00:00,16.0,89.0,50.0,Bay of Bengal,-0.11198,-0.28361,0.30491
2025-06-13T00:00:00+00:00,16.0,90.0,50.0,Bay of Bengal,-0.10647,-0.28404,0.30334
2025-06-13T00:00:00+00:00,16.0,91.0,50.0,Bay of Bengal,-0.10095,-0.28428,0.30167
2025-06-13T00:00:00+00:00,16.0,92.0,50.0,Bay of Bengal,-0.09587,-0.28431,0.30004
2025-06-13T00:00:00+00:00,16.0,93.0,50.0,Bay of Bengal,-0.0916,-0.28415,0.29855
2025-06-13T00:00:00+00:00,16.0,94.0,50.0,Bay of Bengal,-0.08849,-0.28379,0.29726
2025-06-13T00:00:00+00:00,16.0,95.0,50.0,Bay of Bengal,-0.08677,-0.28323,0.29622
2025-06-13T00:00:00+00:00,16.0,96.0,50.0,Bay of Bengal,-0.08658,-0.28248,0.29545
2025-06-13T00:00:00+00:00,16.0,97.0,50.0,Bay of Bengal,-0.08792,-0.28154,0.29494
2025-06-13T00:00:00+00:00,16.0,98.0,50.0,Bay of Bengal,-0.09071,-0.28041,0.29471
2025-06-13T00:00:00+00:00,17.0,80.0,50.0,Bay of Bengal,-0.13193,-0.27127,0.30165
2025-06-13T00:00:00+00:00,17.0,81.0,50.0,Bay of Bengal,-0.13006,-0.27342,0.30278
2025-06-13T00:00:00+00:00,17.0,82.0,50.0,Bay of Bengal,-0.12662,-0.2754,0.30311
2025-06-13T00:00:00+00:00,17.0,83.0,50.0,Bay of Bengal,-0.12193,-0.27719,0.30283
2025-06-13T00:00:00+00:00,17.0,84.0,50.0,Bay of Bengal,-0.11639,-0.2788,0.30212
2025-06-13T00:00:00+00:00,17.0,85.0,50.0,Bay of Bengal,-0.11049,-0.28022,0.30122
2025-06-13T00:00:00+00:00,17.0,86.0,50.0,Bay of Bengal,-0.10474,-0.28145,0.3003
2025-06-13T00:00:00+00:00,17.0,87.0,50.0,Bay of Bengal,-0.09965,-0.28248,0.29954
2025-06-13T00:00:00+00:00,17.0,88.0,50.0,Bay of Bengal,-0.09565,-0.28331,0.29902
2025-06-13T00:00:00+00:00,17.0,89.0,50.0,Bay of Bengal,-0.09311,-0.28394,0.29882
2025-06-13T00:00:00+00:00,17.0,90.0,50.0,Bay of Bengal,-0.09224,-0.28438,0.29896
2025-06-13T00:00:00+00:00,17.0,91.0,50.0,Bay of Bengal,-0.09311,-0.28461,0.29945
2025-06-13T00:00:00+00:00,17.0,92.0,50.0,Bay of Bengal,-0.09565,-0.28464,0.30029
2025-06-13T00:00:00+00:00,17.0,93.0,50.0,Bay of Bengal,-0.09965,-0.28448,0.30143
2025-06-13T00:00:00+00:00,17.0,94.0,50.0,Bay of Bengal,-0.10474,-0.28411,0.30281
2025-06-13T00:00:00+00:00,17.0,95.0,50.0,Bay of Bengal,-0.11049,-0.28355,0.30432
2025-06-13T00:00:00+00:00,17.0,96.0,50.0,Bay of Bengal,-0.11639,-0.2828,0.30582
2025-06-13T00:00:00+00:00,17.0,97.0,50.0,Bay of Bengal,-0.12193,-0.28186,0.3071
2025-06-13T00:00:00+00:00,17.0,98.0,50.0,Bay of Bengal,-0.12662,-0.28072,0.30796
2025-06-13T00:00:00+00:00,18.0,80.0,50.0,Bay of Bengal,-0.11817,-0.27161,0.29621
2025-06-13T00:00:00+00:00,18.0,81.0,50.0,Bay of Bengal,-0.11199,-0.27377,0.29579
2025-06-13T00:00:00+00:00,18.0,82.0,50.0,Bay of Bengal,-0.10641,-0.27574,0.29556
2025-06-13T00:00:00+00:00,18.0,83.0,50.0,Bay of Bengal,-0.10199,-0.27754,0.29568
2025-06-13T00:00:00+00:00,18.0,84.0,50.0,Bay of Bengal,-0.09915,-0.27914,0.29623
2025-06-13T00:00:00+00:00,18.0,85.0,50.0,Bay of Bengal,-0.09817,-0.28056,0.29724
2025-06-13T00:00:00+00:00,18.0,86.0,50.0,Bay of Bengal,-0.09915,-0.28179,0.29872
2025-06-13T00:00:00+00:00,18.0,87.0,50.0,Bay of Bengal,-0.10199,-0.28281,0.30064
2025-06-13T00:00:00+00:00,18.0,88.0,50.0,Bay of Bengal,-0.10641,-0.28364,0.30295
2025-06-13T00:00:00+00:00,18.0,89.0,50.0,Bay of Bengal,-0.11199,-0.28428,0.30554
2025-06-13T00:00:00+00:00,18.0,90.0,50.0,Bay of Bengal,-0.11817,-0.28471,0.30826
2025-06-13T00:00:00+00:00,18.0,91.0,50.0,Bay of Bengal,-0.12435,-0.28494,0.31089
2025-06-13T00:00:00+00:00,18.0,92.0,50.0,Bay of Bengal,-0.12993,-0.28497,0.31319
2025-06-13T00:00:00+00:00,18.0,93.0,50.0,Bay of Bengal,-0.13435,-0.2848,0.3149
2025-06-13T00:00:00+00:00,18.0,94.0,50.0,Bay of Bengal,-0.13719,-0.28444,0.3158
2025-06-13T00:00:00+00:00,18.0,95.0,50.0,Bay of Bengal,-0.13817,-0.28388,0.31572
2025-06-13T00:00:00+00:00,18.0,96.0,50.0,Bay of Bengal,-0.13719,-0.28312,0.31461
2025-06-13T00:00:00+00:00,18.0,97.0,50.0,Bay of Bengal,-0.13435,-0.28217,0.31252
2025-06-13T00:00:00+00:00,18.0,98.0,50.0,Bay of Bengal,-0.12993,-0.28104,0.30962
2025-06-13T00:00:00+00:00,19.0,80.0,50.0,Bay of Bengal,-0.10455,-0.27196,0.29136
2025-06-13T00:00:00+00:00,19.0,81.0,50.0,Bay of Bengal,-0.10449,-0.27411,0.29335
2025-06-13T00:00:00+00:00,19.0,82.0,50.0,Bay of Bengal,-0.10658,-0.27609,0.29595
2025-06-13T00:00:00+00:00,19.0,83.0,50.0,Bay of Bengal,-0.1106,-0.27788,0.29908
2025-06-13T00:00:00+00:00,19.0,84.0,50.0,Bay of Bengal,-0.11611,-0.27948,0.30264
2025-06-13T00:00:00+00:00,19.0,85.0,50.0,Bay of Bengal,-0.1225,-0.2809,0.30645
2025-06-13T00:00:00+00:00,19.0,86.0,50.0,Bay of Bengal,-0.12908,-0.28212,0.31025
2025-06-13T00:00:00+00:00,19.0,87.0,50.0,Bay of Bengal,-0.13513,-0.28315,0.31374
2025-06-13T00:00:00+00:00,19.0,88.0,50.0,Bay of Bengal,-0.14,-0.28398,0.31661
2025-06-13T00:00:00+00:00,19.0,89.0,50.0,Bay of Bengal,-0.14315,-0.28461,0.31858
2025-06-13T00:00:00+00:00,19.0,90.0,50.0,Bay of Bengal,-0.14424,-0.28504,0.31946
2025-06-13T00:00:00+00:00,19.0,91.0,50.0,Bay of Bengal,-0.14315,-0.28527,0.31917
2025-06-13T00:00:00+00:00,19.0,92.0,50.0,Bay of Bengal,-0.14,-0.2853,0.3178
2025-06-13T00:00:00+00:00,19.0,93.0,50.0,Bay of Bengal,-0.13513,-0.28513,0.31553
2025-06-13T00:00:00+00:00,19.0,94.0,50.0,Bay of Bengal,-0.12908,-0.28476,0.31265
2025-06-13T00:00:00+00:00,19.0,95.0,50.0,Bay of Bengal,-0.1225,-0.2842,0.30947
2025-06-13T00:00:00+00:00,19.0,96.0,50.0,Bay of Bengal,-0.11611,-0.28344,0.3063
2025-06-13T00:00:00+00:00,19.0,97.0,50.0,Bay of Bengal,-0.1106,-0.28249,0.30337
2025-06-13T00:00:00+00:00,19.0,98.0,50.0,Bay of Bengal,-0.10658,-0.28135,0.30086
2025-06-13T00:00:00+00:00,20.0,80.0,50.0,Bay of Bengal,-0.12358,-0.2723,0.29903
2025-06-13T00:00:00+00:00,20.0,81.0,50.0,Bay of Bengal,-0.13042,-0.27446,0.30387
2025-06-13T00:00:00+00:00,20.0,82.0,50.0,Bay of Bengal,-0.13726,-0.27643,0.30863
2025-06-13T00:00:00+00:00,20.0,83.0,50.0,Bay of Bengal,-0.14327,-0.27822,0.31294
2025-06-13T00:00:00+00:00,20.0,84.0,50.0,Bay of Bengal,-0.14774,-0.27982,0.31643
2025-06-13T00:00:00+00:00,20.0,85.0,50.0,Bay of Bengal,-0.15012,-0.28124,0.31879
2025-06-13T00:00:00+00:00,20.0,86.0,50.0,Bay of Bengal,-0.15012,-0.28246,0.31987
2025-06-13T00:00:00+00:00,20.0,87.0,50.0,Bay of Bengal,-0.14774,-0.28348,0.31967
2025-06-13T00:00:00+00:00,20.0,88.0,50.0,Bay of Bengal,-0.14327,-0.28431,0.31837
2025-06-13T00:00:00+00:00,20.0,89.0,50.0,Bay of Bengal,-0.13726,-0.28494,0.31628
2025-06-13T00:00:00+00:00,20.0,90.0,50.0,Bay of Bengal,-0.13042,-0.28537,0.31376
2025-06-13T00:00:00+00:00,20.0,91.0,50.0,Bay of Bengal,-0.12358,-0.2856,0.31119
2025-06-13T00:00:00+00:00,20.0,92.0,50.0,Bay of Bengal,-0.11756,-0.28562,0.30887
2025-06-13T00:00:00+00:00,20.0,93.0,50.0,Bay of Bengal,-0.1131,-0.28545,0.30704
2025-06-13T00:00:00+00:00,20.0,94.0,50.0,Bay of Bengal,-0.11072,-0.28508,0.30583
2025-06-13T00:00:00+00:00,20.0,95.0,50.0,Bay of Bengal,-0.11072,-0.28451,0.3053
2025-06-13T00:00:00+00:00,20.0,96.0,50.0,Bay of Bengal,-0.1131,-0.28375,0.30546
2025-06-13T00:00:00+00:00,20.0,97.0,50.0,Bay of Bengal,-0.11756,-0.2828,0.30626
2025-06-13T00:00:00+00:00,20.0,98.0,50.0,Bay of Bengal,-0.12358,-0.28166,0.30758
2025-06-13T00:00:00+00:00,21.0,80.0,50.0,Bay of Bengal,-0.15399,-0.27265,0.31313
2025-06-13T00:00:00+00:00,21.0,81.0,50.0,Bay of Bengal,-0.15643,-0.2748,0.3162
2025-06-13T00:00:00+00:00,21.0,82.0,50.0,Bay of Bengal,-0.15624,-0.27677,0.31782
2025-06-13T00:00:00+00:00,21.0,83.0,50.0,Bay of Bengal,-0.15345,-0.27856,0.31803
2025-06-13T00:00:00+00:00,21.0,84.0,50.0,Bay of Bengal,-0.14843,-0.28016,0.31705
2025-06-13T00:00:00+00:00,21.0,85.0,50.0,Bay of Bengal,-0.14185,-0.28157,0.31529
2025-06-13T00:00:00+00:00,21.0,86.0,50.0,Bay of Bengal,-0.13458,-0.28279,0.31319
2025-06-13T00:00:00+00:00,21.0,87.0,50.0,Bay of Bengal,-0.12759,-0.28382,0.31118
2025-06-13T00:00:00+00:00,21.0,88.0,50.0,Bay of Bengal,-0.12181,-0.28464,0.30961
2025-06-13T00:00:00+00:00,21.0,89.0,50.0,Bay of Bengal,-0.118,-0.28527,0.30871
2025-06-13T00:00:00+00:00,21.0,90.0,50.0,Bay of Bengal,-0.11667,-0.2857,0.3086
2025-06-13T00:00:00+00:00,21.0,91.0,50.0,Bay of Bengal,-0.118,-0.28592,0.30931
2025-06-13T00:00:00+00:00,21.0,92.0,50.0,Bay of Bengal,-0.12181,-0.28595,0.31081
2025-06-13T00:00:00+00:00,21.0,93.0,50.0,Bay of Bengal,-0.12759,-0.28577,0.31296
2025-06-13T00:00:00+00:00,21.0,94.0,50.0,Bay of Bengal,-0.13458,-0.2854,0.31554
2025-06-13T00:00:00+00:00,21.0,95.0,50.0,Bay of Bengal,-0.14185,-0.28483,0.3182
2025-06-13T00:00:00+00:00,21.0,96.0,50.0,Bay of Bengal,-0.14843,-0.28407,0.32051
2025-06-13T00:00:00+00:00,21.0,97.0,50.0,Bay of Bengal,-0.15345,-0.28311,0.32202
2025-06-13T00:00:00+00:00,21.0,98.0,50.0,Bay of Bengal,-0.15624,-0.28197,0.32236
2025-06-13T00:00:00+00:00,22.0,80.0,50.0,Bay of Bengal,-0.15583,-0.27299,0.31433
2025-06-13T00:00:00+00:00,22.0,81.0,50.0,Bay of Bengal,-0.14915,-0.27514,0.31297
2025-06-13T00:00:00+00:00,22.0,82.0,50.0,Bay of Bengal,-0.14158,-0.27711,0.31118
2025-06-13T00:00:00+00:00,22.0,83.0,50.0,Bay of Bengal,-0.13421,-0.2789,0.30951
2025-06-13T00:00:00+00:00,22.0,84.0,50.0,Bay of Bengal,-0.12811,-0.2805,0.30837
2025-06-13T00:00:00+00:00,22.0,85.0,50.0,Bay of Bengal,-0.12418,-0.28191,0.30805
2025-06-13T00:00:00+00:00,22.0,86.0,50.0,Bay of Bengal,-0.12299,-0.28313,0.30868
2025-06-13T00:00:00+00:00,22.0,87.0,50.0,Bay of Bengal,-0.1247,-0.28415,0.31031
2025-06-13T00:00:00+00:00,22.0,88.0,50.0,Bay of Bengal,-0.12908,-0.28497,0.31284
2025-06-13T00:00:00+00:00,22.0,89.0,50.0,Bay of Bengal,-0.13548,-0.2856,0.3161
2025-06-13T00:00:00+00:00,22.0,90.0,50.0,Bay of Bengal,-0.14297,-0.28602,0.31976
2025-06-13T00:00:00+00:00,22.0,91.0,50.0,Bay of Bengal,-0.15047,-0.28624,0.32338
2025-06-13T00:00:00+00:00,22.0,92.0,50.0,Bay of Bengal,-0.15687,-0.28627,0.32643
2025-06-13T00:00:00+00:00,22.0,93.0,50.0,Bay of Bengal,-0.16124,-0.28609,0.3284
2025-06-13T00:00:00+00:00,22.0,94.0,50.0,Bay of Bengal,-0.16296,-0.28571,0.32892
2025-06-13T00:00:00+00:00,22.0,95.0,50.0,Bay of Bengal,-0.16177,-0.28514,0.32783
2025-06-13T00:00:00+00:00,22.0,96.0,50.0,Bay of Bengal,-0.15784,-0.28438,0.32524
2025-06-13T00:00:00+00:00,22.0,97.0,50.0,Bay of Bengal,-0.15174,-0.28342,0.32148
2025-06-13T00:00:00+00:00,22.0,98.0,50.0,Bay of Bengal,-0.14437,-0.28227,0.31705
2025-06-13T00:00:00+00:00,6.0,80.0,100.0,Bay of Bengal,-0.04011,-0.24185,0.24516
2025-06-13T00:00:00+00:00,6.0,81.0,100.0,Bay of Bengal,-0.04125,-0.24384,0.2473
2025-06-13T00:00:00+00:00,6.0,82.0,100.0,Bay of Bengal,-0.04257,-0.24566,0.24932
2025-06-13T00:00:00+00:00,6.0,83.0,100.0,Bay of Bengal,-0.04405,-0.24732,0.25122
2025-06-13T00:00:00+00:00,6.0,84.0,100.0,Bay of Bengal,-0.04567,-0.24882,0.25297
2025-06-13T00:00:00+00:00,6.0,85.0,100.0,Bay of Bengal,-0.04743,-0.25014,0.2546
2025-06-13T00:00:00+00:00,6.0,86.0,100.0,Bay of Bengal,-0.0493,-0.25129,0.25608
2025-06-13T00:00:00+00:00,6.0,87.0,100.0,Bay of Bengal,-0.05125,-0.25226,0.25742
2025-06-13T00:00:00+00:00,6.0,88.0,100.0,Bay of Bengal,-0.05327,-0.25306,0.25861
2025-06-13T00:00:00+00:00,6.0,89.0,100.0,Bay of Bengal,-0.05534,-0.25368,0.25964
2025-06-13T00:00:00+00:00,6.0,90.0,100.0,Bay of Bengal,-0.05743,-0.25411,0.26052
2025-06-13T00:00:00+00:00,6.0,91.0,100.0,Bay of Bengal,-0.05952,-0.25437,0.26124
2025-06-13T00:00:00+00:00,6.0,92.0,100.0,Bay of Bengal,-0.06159,-0.25445,0.2618
2025-06-13T00:00:00+00:00,6.0,93.0,100.0,Bay of Bengal,-0.06361,-0.25435,0.26218
2025-06-13T00:00:00+00:00,6.0,94.0,100.0,Bay of Bengal,-0.06556,-0.25406,0.26239
2025-06-13T00:00:00+00:00,6.0,95.0,100.0,Bay of Bengal,-0.06743,-0.25361,0.26242
2025-06-13T00:00:00+00:00,6.0,96.0,100.0,Bay of Bengal,-0.06919,-0.25298,0.26227
2025-06-13T00:00:00+00:00,6.0,97.0,100.0,Bay of Bengal,-0.07081,-0.25217,0.26193
2025-06-13T00:00:00+00:00,6.0,98.0,100.0,Bay of Bengal,-0.07229,-0.2512,0.26139
2025-06-13T00:00:00+00:00,7.0,80.0,100.0,Bay of Bengal,-0.06678,-0.2422,0.25124
2025-06-13T00:00:00+00:00,7.0,81.0,100.0,Bay of Bengal,-0.06902,-0.24419,0.25375
2025-06-13T00:00:00+00:00,7.0,82.0,100.0,Bay of Bengal,-0.07112,-0.24601,0.25609
2025-06-13T00:00:00+00:00,7.0,83.0,100.0,Bay of Bengal,-0.07306,-0.24767,0.25822
2025-06-13T00:00:00+00:00,7.0,84.0,100.0,Bay of Bengal,-0.0748,-0.24917,0.26015
2025-06-13T00:00:00+00:00,7.0,85.0,100.0,Bay of Bengal,-0.07632,-0.25049,0.26186
2025-06-13T00:00:00+00:00,7.0,86.0,100.0,Bay of Bengal,-0.07759,-0.25164,0.26333
2025-06-13T00:00:00+00:00,7.0,87.0,100.0,Bay of Bengal,-0.07861,-0.25261,0.26456
2025-06-13T00:00:00+00:00,7.0,88.0,100.0,Bay of Bengal,-0.07934,-0.25341,0.26554
2025-06-13T00:00:00+00:00,7.0,89.0,100.0,Bay of Bengal,-0.07979,-0.25402,0.26626
2025-06-13T00:00:00+00:00,7.0,90.0,100.0,Bay of Bengal,-0.07994,-0.25446,0.26672
2025-06-13T00:00:00+00:00,7.0,91.0,100.0,Bay of Bengal,-0.07979,-0.25472,0.26692
2025-06-13T00:00:00+00:00,7.0,92.0,100.0,Bay of Bengal,-0.07934,-0.25479,0.26686
2025-06-13T00:00:00+00:00,7.0,93.0,100.0,Bay of Bengal,-0.07861,-0.25469,0.26654
2025-06-13T00:00:00+00:00,7.0,94.0,100.0,Bay of Bengal,-0.07759,-0.25441,0.26598
2025-06-13T00:00:00+00:00,7.0,95.0,100.0,Bay of Bengal,-0.07632,-0.25395,0.26517
2025-06-13T00:00:00+00:00,7.0,96.0,100.0,Bay of Bengal,-0.0748,-0.25332,0.26413
2025-06-13T00:00:00+00:00,7.0,97.0,100.0,Bay of Bengal,-0.07306,-0.25251,0.26287
2025-06-13T00:00:00+00:00,7.0,98.0,100.0,Bay of Bengal,-0.07112,-0.25154,0.2614
2025-06-13T00:00:00+00:00,8.0,80.0,100.0,Bay of Bengal,-0.08249,-0.24255,0.25619
2025-06-13T00:00:00+00:00,8.0,81.0,100.0,Bay of Bengal,-0.08181,-0.24454,0.25786
2025-06-13T00:00:00+00:00,8.0,82.0,100.0,Bay of Bengal,-0.08077,-0.24636,0.25926
2025-06-13T00:00:00+00:00,8.0,83.0,100.0,Bay of Bengal,-0.07937,-0.24802,0.26041
2025-06-13T00:00:00+00:00,8.0,84.0,100.0,Bay of Bengal,-0.07766,-0.24952,0.26132
2025-06-13T00:00:00+00:00,8.0,85.0,100.0,Bay of Bengal,-0.07565,-0.25084,0.262
2025-06-13T00:00:00+00:00,8.0,86.0,100.0,Bay of Bengal,-0.07339,-0.25199,0.26246
2025-06-13T00:00:00+00:00,8.0,87.0,100.0,Bay of Bengal,-0.07093,-0.25296,0.26272
2025-06-13T00:00:00+00:00,8.0,88.0,100.0,Bay of Bengal,-0.06831,-0.25375,0.26279
2025-06-13T00:00:00+00:00,8.0,89.0,100.0,Bay of Bengal,-0.06558,-0.25437,0.26269
2025-06-13T00:00:00+00:00,8.0,90.0,100.0,Bay of Bengal,-0.06279,-0.25481,0.26243
2025-06-13T00:00:00+00:00,8.0,91.0,100.0,Bay of Bengal,-0.06001,-0.25506,0.26203
2025-06-13T00:00:00+00:00,8.0,92.0,100.0,Bay of Bengal,-0.05728,-0.25514,0.26149
2025-06-13T00:00:00+00:00,8.0,93.0,100.0,Bay of Bengal,-0.05466,-0.25503,0.26082
2025-06-13T00:00:00+00:00,8.0,94.0,100.0,Bay of Bengal,-0.05219,-0.25475,0.26004
2025-06-13T00:00:00+00:00,8.0,95.0,100.0,Bay of Bengal,-0.04994,-0.25429,0.25915
2025-06-13T00:00:00+00:00,8.0,96.0,100.0,Bay of Bengal,-0.04793,-0.25366,0.25814
2025-06-13T00:00:00+00:00,8.0,97.0,100.0,Bay of Bengal,-0.04621,-0.25285,0.25704
2025-06-13T00:00:00+00:00,8.0,98.0,100.0,Bay of Bengal,-0.04482,-0.25187,0.25583
2025-06-13T00:00:00+00:00,9.0,80.0,100.0,Bay of Bengal,-0.06599,-0.2429,0.2517
2025-06-13T00:00:00+00:00,9.0,81.0,100.0,Bay of Bengal,-0.06286,-0.24488,0.25282
2025-06-13T00:00:00+00:00,9.0,82.0,100.0,Bay of Bengal,-0.05981,-0.24671,0.25386
2025-06-13T00:00:00+00:00,9.0,83.0,100.0,Bay of Bengal,-0.05691,-0.24837,0.25481
2025-06-13T00:00:00+00:00,9.0,84.0,100.0,Bay of Bengal,-0.05423,-0.24986,0.25568
2025-06-13T00:00:00+00:00,9.0,85.0,100.0,Bay of Bengal,-0.05185,-0.25119,0.25648
2025-06-13T00:00:00+00:00,9.0,86.0,100.0,Bay of Bengal,-0.04981,-0.25233,0.2572
2025-06-13T00:00:00+00:00,9.0,87.0,100.0,Bay of Bengal,-0.04817,-0.25331,0.25785
2025-06-13T00:00:00+00:00,9.0,88.0,100.0,Bay of Bengal,-0.04697,-0.2541,0.25841
2025-06-13T00:00:00+00:00,9.0,89.0,100.0,Bay of Bengal,-0.04623,-0.25472,0.25888
2025-06-13T00:00:00+00:00,9.0,90.0,100.0,Bay of Bengal,-0.04599,-0.25515,0.25926
2025-06-13T00:00:00+00:00,9.0,91.0,100.0,Bay of Bengal,-0.04623,-0.25541,0.25956
2025-06-13T00:00:00+00:00,9.0,92.0,100.0,Bay of Bengal,-0.04697,-0.25548,0.25976
2025-06-13T00:00:00+00:00,9.0,93.0,100.0,Bay of Bengal,-0.04817,-0.25537,0.25988
2025-06-13T00:00:00+00:00,9.0,94.0,100.0,Bay of Bengal,-0.04981,-0.25509,0.25991
2025-06-13T00:00:00+00:00,9.0,95.0,100.0,Bay of Bengal,-0.05185,-0.25463,0.25985
2025-06-13T00:00:00+00:00,9.0,96.0,100.0,Bay of Bengal,-0.05423,-0.25399,0.25972
2025-06-13T00:00:00+00:00,9.0,97.0,100.0,Bay of Bengal,-0.05691,-0.25319,0.2595
2025-06-13T00:00:00+00:00,9.0,98.0,100.0,Bay of Bengal,-0.05981,-0.25221,0.2592
2025-06-13T00:00:00+00:00,10.0,80.0,100.0,Bay of Bengal,-0.04981,-0.24325,0.2483
2025-06-13T00:00:00+00:00,10.0,81.0,100.0,Bay of Bengal,-0.04951,-0.24523,0.25018
2025-06-13T00:00:00+00:00,10.0,82.0,100.0,Bay of Bengal,-0.04981,-0.24706,0.25203
2025-06-13T00:00:00+00:00,10.0,83.0,100.0,Bay of Bengal,-0.05071,-0.24872,0.25384
2025-06-13T00:00:00+00:00,10.0,84.0,100.0,Bay of Bengal,-0.05219,-0.25021,0.2556
2025-06-13T00:00:00+00:00,10.0,85.0,100.0,Bay of Bengal,-0.05419,-0.25153,0.2573
2025-06-13T00:00:00+00:00,10.0,86.0,100.0,Bay of Bengal,-0.05665,-0.25268,0.25895
2025-06-13T00:00:00+00:00,10.0,87.0,100.0,Bay of Bengal,-0.05951,-0.25365,0.26054
2025-06-13T00:00:00+00:00,10.0,88.0,100.0,Bay of Bengal,-0.06267,-0.25445,0.26205
2025-06-13T00:00:00+00:00,10.0,89.0,100.0,Bay of Bengal,-0.06603,-0.25506,0.26347
2025-06-13T00:00:00+00:00,10.0,90.0,100.0,Bay of Bengal,-0.06951,-0.2555,0.26478
2025-06-13T00:00:00+00:00,10.0,91.0,100.0,Bay of Bengal,-0.07298,-0.25575,0.26596
2025-06-13T00:00:00+00:00,10.0,92.0,100.0,Bay of Bengal,-0.07635,-0.25582,0.26697
2025-06-13T00:00:00+00:00,10.0,93.0,100.0,Bay of Bengal,-0.07951,-0.25572,0.26779
2025-06-13T00:00:00+00:00,10.0,94.0,100.0,Bay of Bengal,-0.08236,-0.25543,0.26838
2025-06-13T00:00:00+00:00,10.0,95.0,100.0,Bay of Bengal,-0.08483,-0.25497,0.26871
2025-06-13T00:00:00+00:00,10.0,96.0,100.0,Bay of Bengal,-0.08683,-0.25433,0.26874
2025-06-13T00:00:00+00:00,10.0,97.0,100.0,Bay of Bengal,-0.0883,-0.25352,0.26846
2025-06-13T00:00:00+00:00,10.0,98.0,100.0,Bay of Bengal,-0.0892,-0.25254,0.26783
2025-06-13T00:00:00+00:00,11.0,80.0,100.0,Bay of Bengal,-0.06649,-0.2436,0.25251
2025-06-13T00:00:00+00:00,11.0,81.0,100.0,Bay of Bengal,-0.0702,-0.24558,0.25542
2025-06-13T00:00:00+00:00,11.0,82.0,100.0,Bay of Bengal,-0.07403,-0.24741,0.25825
2025-06-13T00:00:00+00:00,11.0,83.0,100.0,Bay of Bengal,-0.07783,-0.24907,0.26094
2025-06-13T00:00:00+00:00,11.0,84.0,100.0,Bay of Bengal,-0.08147,-0.25056,0.26347
2025-06-13T00:00:00+00:00,11.0,85.0,100.0,Bay of Bengal,-0.0848,-0.25188,0.26577
2025-06-13T00:00:00+00:00,11.0,86.0,100.0,Bay of Bengal,-0.08772,-0.25303,0.2678
2025-06-13T00:00:00+00:00,11.0,87.0,100.0,Bay of Bengal,-0.0901,-0.254,0.26951
2025-06-13T00:00:00+00:00,11.0,88.0,100.0,Bay of Bengal,-0.09187,-0.25479,0.27085
2025-06-13T00:00:00+00:00,11.0,89.0,100.0,Bay of Bengal,-0.09296,-0.25541,0.2718
2025-06-13T00:00:00+00:00,11.0,90.0,100.0,Bay of Bengal,-0.09333,-0.25584,0.27233
2025-06-13T00:00:00+00:00,11.0,91.0,100.0,Bay of Bengal,-0.09296,-0.25609,0.27244
2025-06-13T00:00:00+00:00,11.0,92.0,100.0,Bay of Bengal,-0.09187,-0.25616,0.27214
2025-06-13T00:00:00+00:00,11.0,93.0,100.0,Bay of Bengal,-0.0901,-0.25606,0.27145
2025-06-13T00:00:00+00:00,11.0,94.0,100.0,Bay of Bengal,-0.08772,-0.25577,0.27039
2025-06-13T00:00:00+00:00,11.0,95.0,100.0,Bay of Bengal,-0.0848,-0.2553,0.26902
2025-06-13T00:00:00+00:00,11.0,96.0,100.0,Bay of Bengal,-0.08147,-0.25466,0.26738
2025-06-13T00:00:00+00:00,11.0,97.0,100.0,Bay of Bengal,-0.07783,-0.25385,0.26552
2025-06-13T00:00:00+00:00,11.0,98.0,100.0,Bay of Bengal,-0.07403,-0.25287,0.26349
2025-06-13T00:00:00+00:00,12.0,80.0,100.0,Bay of Bengal,-0.09476,-0.24395,0.2617
2025-06-13T00:00:00+00:00,12.0,81.0,100.0,Bay of Bengal,-0.09646,-0.24593,0.26417
2025-06-13T00:00:00+00:00,12.0,82.0,100.0,Bay of Bengal,-0.09733,-0.24776,0.26619
2025-06-13T00:00:00+00:00,12.0,83.0,100.0,Bay of Bengal,-0.09733,-0.24942,0.26773
2025-06-13T00:00:00+00:00,12.0,84.0,100.0,Bay of Bengal,-0.09646,-0.25091,0.26881
2025-06-13T00:00:00+00:00,12.0,85.0,100.0,Bay of Bengal,-0.09476,-0.25223,0.26944
2025-06-13T00:00:00+00:00,12.0,86.0,100.0,Bay of Bengal,-0.0923,-0.25338,0.26966
2025-06-13T00:00:00+00:00,12.0,87.0,100.0,Bay of Bengal,-0.0892,-0.25435,0.26953
2025-06-13T00:00:00+00:00,12.0,88.0,100.0,Bay of Bengal,-0.08558,-0.25514,0.26911
2025-06-13T00:00:00+00:00,12.0,89.0,100.0,Bay of Bengal,-0.0816,-0.25575,0.26845
2025-06-13T00:00:00+00:00,12.0,90.0,100.0,Bay of Bengal,-0.07744,-0.25618,0.26763
2025-06-13T00:00:00+00:00,12.0,91.0,100.0,Bay of Bengal,-0.07328,-0.25643,0.2667
2025-06-13T00:00:00+00:00,12.0,92.0,100.0,Bay of Bengal,-0.06931,-0.2565,0.2657
2025-06-13T00:00:00+00:00,12.0,93.0,100.0,Bay of Bengal,-0.06569,-0.25639,0.26467
2025-06-13T00:00:00+00:00,12.0,94.0,100.0,Bay of Bengal,-0.06258,-0.2561,0.26364
2025-06-13T00:00:00+00:00,12.0,95.0,100.0,Bay of Bengal,-0.06012,-0.25564,0.26261
2025-06-13T00:00:00+00:00,12.0,96.0,100.0,Bay of Bengal,-0.05842,-0.255,0.2616
2025-06-13T00:00:00+00:00,12.0,97.0,100.0,Bay of Bengal,-0.05755,-0.25418,0.26062
2025-06-13T00:00:00+00:00,12.0,98.0,100.0,Bay of Bengal,-0.05755,-0.2532,0.25966
2025-06-13T00:00:00+00:00,13.0,80.0,100.0,Bay of Bengal,-0.09467,-0.24429,0.262
2025-06-13T00:00:00+00:00,13.0,81.0,100.0,Bay of Bengal,-0.0909,-0.24628,0.26252
2025-06-13T00:00:00+00:00,13.0,82.0,100.0,Bay of Bengal,-0.08666,-0.2481,0.2628
2025-06-13T00:00:00+00:00,13.0,83.0,100.0,Bay of Bengal,-0.08217,-0.24976,0.26293
2025-06-13T00:00:00+00:00,13.0,84.0,100.0,Bay of Bengal,-0.07766,-0.25125,0.26298
2025-06-13T00:00:00+00:00,13.0,85.0,100.0,Bay of Bengal,-0.07337,-0.25257,0.26301
2025-06-13T00:00:00+00:00,13.0,86.0,100.0,Bay of Bengal,-0.06951,-0.25372,0.26307
2025-06-13T00:00:00+00:00,13.0,87.0,100.0,Bay of Bengal,-0.06628,-0.25469,0.26317
2025-06-13T00:00:00+00:00,13.0,88.0,100.0,Bay of Bengal,-0.06384,-0.25548,0.26334
2025-06-13T00:00:00+00:00,13.0,89.0,100.0,Bay of Bengal,-0.06233,-0.25609,0.26357
2025-06-13T00:00:00+00:00,13.0,90.0,100.0,Bay of Bengal,-0.06182,-0.25652,0.26387
2025-06-13T00:00:00+00:00,13.0,91.0,100.0,Bay of Bengal,-0.06233,-0.25677,0.26423
2025-06-13T00:00:00+00:00,13.0,92.0,100.0,Bay of Bengal,-0.06384,-0.25684,0.26466
2025-06-13T00:00:00+00:00,13.0,93.0,100.0,Bay of Bengal,-0.06628,-0.25673,0.26515
2025-06-13T00:00:00+00:00,13.0,94.0,100.0,Bay of Bengal,-0.06951,-0.25644,0.26569
2025-06-13T00:00:00+00:00,13.0,95.0,100.0,Bay of Bengal,-0.07337,-0.25597,0.26628
2025-06-13T00:00:00+00:00,13.0,96.0,100.0,Bay of Bengal,-0.07766,-0.25533,0.26688
2025-06-13T00:00:00+00:00,13.0,97.0,100.0,Bay of Bengal,-0.08217,-0.25451,0.26745
2025-06-13T00:00:00+00:00,13.0,98.0,100.0,Bay of Bengal,-0.08666,-0.25353,0.26793
2025-06-13T00:00:00+00:00,14.0,80.0,100.0,Bay of Bengal,-0.07359,-0.24464,0.25547
2025-06-13T00:00:00+00:00,14.0,81.0,100.0,Bay of Bengal,-0.07026,-0.24663,0.25644
2025-06-13T00:00:00+00:00,14.0,82.0,100.0,Bay of Bengal,-0.0679,-0.24845,0.25756
2025-06-13T00:00:00+00:00,14.0,83.0,100.0,Bay of Bengal,-0.06664,-0.25011,0.25883
2025-06-13T00:00:00+00:00,14.0,84.0,100.0,Bay of Bengal,-0.06655,-0.2516,0.26025
2025-06-13T00:00:00+00:00,14.0,85.0,100.0,Bay of Bengal,-0.06765,-0.25292,0.26181
2025-06-13T00:00:00+00:00,14.0,86.0,100.0,Bay of Bengal,-0.06986,-0.25406,0.26349
2025-06-13T00:00:00+00:00,14.0,87.0,100.0,Bay of Bengal,-0.07306,-0.25503,0.26529
2025-06-13T00:00:00+00:00,14.0,88.0,100.0,Bay of Bengal,-0.07705,-0.25582,0.26717
2025-06-13T00:00:00+00:00,14.0,89.0,100.0,Bay of Bengal,-0.0816,-0.25643,0.2691
2025-06-13T00:00:00+00:00,14.0,90.0,100.0,Bay of Bengal,-0.08644,-0.25686,0.27102
2025-06-13T00:00:00+00:00,14.0,91.0,100.0,Bay of Bengal,-0.09128,-0.25711,0.27283
2025-06-13T00:00:00+00:00,14.0,92.0,100.0,Bay of Bengal,-0.09583,-0.25718,0.27445
2025-06-13T00:00:00+00:00,14.0,93.0,100.0,Bay of Bengal,-0.09982,-0.25706,0.27577
2025-06-13T00:00:00+00:00,14.0,94.0,100.0,Bay of Bengal,-0.10302,-0.25677,0.27667
2025-06-13T00:00:00+00:00,14.0,95.0,100.0,Bay of Bengal,-0.10524,-0.2563,0.27707
2025-06-13T00:00:00+00:00,14.0,96.0,100.0,Bay of Bengal,-0.10633,-0.25566,0.27689
2025-06-13T00:00:00+00:00,14.0,97.0,100.0,Bay of Bengal,-0.10625,-0.25484,0.2761
2025-06-13T00:00:00+00:00,14.0,98.0,100.0,Bay of Bengal,-0.10499,-0.25385,0.27471
2025-06-13T00:00:00+00:00,15.0,80.0,100.0,Bay of Bengal,-0.07397,-0.24499,0.25591
2025-06-13T00:00:00+00:00,15.0,81.0,100.0,Bay of Bengal,-0.07715,-0.24697,0.25874
2025-06-13T00:00:00+00:00,15.0,82.0,100.0,Bay of Bengal,-0.08129,-0.2488,0.26174
2025-06-13T00:00:00+00:00,15.0,83.0,100.0,Bay of Bengal,-0.08611,-0.25046,0.26485
2025-06-13T00:00:00+00:00,15.0,84.0,100.0,Bay of Bengal,-0.09129,-0.25195,0.26797
2025-06-13T00:00:00+00:00,15.0,85.0,100.0,Bay of Bengal,-0.09646,-0.25326,0.27101
2025-06-13T00:00:00+00:00,15.0,86.0,100.0,Bay of Bengal,-0.10129,-0.25441,0.27383
2025-06-13T00:00:00+00:00,15.0,87.0,100.0,Bay of Bengal,-0.10543,-0.25537,0.27628
2025-06-13T00:00:00+00:00,15.0,88.0,100.0,Bay of Bengal,-0.10861,-0.25616,0.27824
2025-06-13T00:00:00+00:00,15.0,89.0,100.0,Bay of Bengal,-0.11061,-0.25677,0.27958
2025-06-13T00:00:00+00:00,15.0,90.0,100.0,Bay of Bengal,-0.11129,-0.2572,0.28024
2025-06-13T00:00:00+00:00,15.0,91.0,100.0,Bay of Bengal,-0.11061,-0.25745,0.2802
2025-06-13T00:00:00+00:00,15.0,92.0,100.0,Bay of Bengal,-0.10861,-0.25751,0.27948
2025-06-13T00:00:00+00:00,15.0,93.0,100.0,Bay of Bengal,-0.10543,-0.2574,0.27815
2025-06-13T00:00:00+00:00,15.0,94.0,100.0,Bay of Bengal,-0.10129,-0.2571,0.27634
2025-06-13T00:00:00+00:00,15.0,95.0,100.0,Bay of Bengal,-0.09646,-0.25663,0.27416
2025-06-13T00:00:00+00:00,15.0,96.0,100.0,Bay of Bengal,-0.09129,-0.25598,0.27178
2025-06-13T00:00:00+00:00,15.0,97.0,100.0,Bay of Bengal,-0.08611,-0.25516,0.2693
2025-06-13T00:00:00+00:00,15.0,98.0,100.0,Bay of Bengal,-0.08129,-0.25418,0.26686
2025-06-13T00:00:00+00:00,16.0,80.0,100.0,Bay of Bengal,-0.10317,-0.24534,0.26615
2025-06-13T00:00:00+00:00,16.0,81.0,100.0,Bay of Bengal,-0.10809,-0.24732,0.26991
2025-06-13T00:00:00+00:00,16.0,82.0,100.0,Bay of Bengal,-0.11209,-0.24914,0.2732
2025-06-13T00:00:00+00:00,16.0,83.0,100.0,Bay of Bengal,-0.11488,-0.2508,0.27586
2025-06-13T00:00:00+00:00,16.0,84.0,100.0,Bay of Bengal,-0.11622,-0.25229,0.27777
2025-06-13T00:00:00+00:00,16.0,85.0,100.0,Bay of Bengal,-0.11603,-0.25361,0.27889
2025-06-13T00:00:00+00:00,16.0,86.0,100.0,Bay of Bengal,-0.11431,-0.25475,0.27922
2025-06-13T00:00:00+00:00,16.0,87.0,100.0,Bay of Bengal,-0.1112,-0.25572,0.27885
2025-06-13T00:00:00+00:00,16.0,88.0,100.0,Bay of Bengal,-0.10693,-0.2565,0.2779
2025-06-13T00:00:00+00:00,16.0,89.0,100.0,Bay of Bengal,-0.10185,-0.25711,0.27655
2025-06-13T00:00:00+00:00,16.0,90.0,100.0,Bay of Bengal,-0.09633,-0.25754,0.27496
2025-06-13T00:00:00+00:00,16.0,91.0,100.0,Bay of Bengal,-0.09082,-0.25778,0.27331
2025-06-13T00:00:00+00:00,16.0,92.0,100.0,Bay of Bengal,-0.08574,-0.25784,0.27172
2025-06-13T00:00:00+00:00,16.0,93.0,100.0,Bay of Bengal,-0.08147,-0.25773,0.2703
2025-06-13T00:00:00+00:00,16.0,94.0,100.0,Bay of Bengal,-0.07836,-0.25743,0.26909
2025-06-13T00:00:00+00:00,16.0,95.0,100.0,Bay of Bengal,-0.07664,-0.25696,0.26814
2025-06-13T00:00:00+00:00,16.0,96.0,100.0,Bay of Bengal,-0.07644,-0.25631,0.26747
2025-06-13T00:00:00+00:00,16.0,97.0,100.0,Bay of Bengal,-0.07779,-0.25549,0.26707
2025-06-13T00:00:00+00:00,16.0,98.0,100.0,Bay of Bengal,-0.08057,-0.2545,0.26695
2025-06-13T00:00:00+00:00,17.0,80.0,100.0,Bay of Bengal,-0.12125,-0.24569,0.27398
2025-06-13T00:00:00+00:00,17.0,81.0,100.0,Bay of Bengal,-0.11937,-0.24767,0.27494
2025-06-13T00:00:00+00:00,17.0,82.0,100.0,Bay of Bengal,-0.11594,-0.24949,0.27511
2025-06-13T00:00:00+00:00,17.0,83.0,100.0,Bay of Bengal,-0.11125,-0.25115,0.27468
2025-06-13T00:00:00+00:00,17.0,84.0,100.0,Bay of Bengal,-0.10571,-0.25263,0.27386
2025-06-13T00:00:00+00:00,17.0,85.0,100.0,Bay of Bengal,-0.09981,-0.25395,0.27286
2025-06-13T00:00:00+00:00,17.0,86.0,100.0,Bay of Bengal,-0.09406,-0.25509,0.27188
2025-06-13T00:00:00+00:00,17.0,87.0,100.0,Bay of Bengal,-0.08897,-0.25606,0.27107
2025-06-13T00:00:00+00:00,17.0,88.0,100.0,Bay of Bengal,-0.08497,-0.25684,0.27053
2025-06-13T00:00:00+00:00,17.0,89.0,100.0,Bay of Bengal,-0.08243,-0.25745,0.27032
2025-06-13T00:00:00+00:00,17.0,90.0,100.0,Bay of Bengal,-0.08155,-0.25787,0.27046
2025-06-13T00:00:00+00:00,17.0,91.0,100.0,Bay of Bengal,-0.08243,-0.25811,0.27096
2025-06-13T00:00:00+00:00,17.0,92.0,100.0,Bay of Bengal,-0.08497,-0.25818,0.2718
2025-06-13T00:00:00+00:00,17.0,93.0,100.0,Bay of Bengal,-0.08897,-0.25806,0.27296
2025-06-13T00:00:00+00:00,17.0,94.0,100.0,Bay of Bengal,-0.09406,-0.25776,0.27439
2025-06-13T00:00:00+00:00,17.0,95.0,100.0,Bay of Bengal,-0.09981,-0.25728,0.27597
2025-06-13T00:00:00+00:00,17.0,96.0,100.0,Bay of Bengal,-0.10571,-0.25663,0.27755
2025-06-13T00:00:00+00:00,17.0,97.0,100.0,Bay of Bengal,-0.11125,-0.25581,0.27895
2025-06-13T00:00:00+00:00,17.0,98.0,100.0,Bay of Bengal,-0.11594,-0.25481,0.27995
2025-06-13T00:00:00+00:00,18.0,80.0,100.0,Bay of Bengal,-0.10692,-0.24603,0.26826
2025-06-13T00:00:00+00:00,18.0,81.0,100.0,Bay of Bengal,-0.10074,-0.24801,0.26769
2025-06-13T00:00:00+00:00,18.0,82.0,100.0,Bay of Bengal,-0.09517,-0.24983,0.26735
2025-06-13T00:00:00+00:00,18.0,83.0,100.0,Bay of Bengal,-0.09074,-0.25149,0.26736
2025-06-13T00:00:00+00:00,18.0,84.0,100.0,Bay of Bengal,-0.0879,-0.25298,0.26781
2025-06-13T00:00:00+00:00,18.0,85.0,100.0,Bay of Bengal,-0.08692,-0.25429,0.26874
2025-06-13T00:00:00+00:00,18.0,86.0,100.0,Bay of Bengal,-0.0879,-0.25543,0.27013
2025-06-13T00:00:00+00:00,18.0,87.0,100.0,Bay of Bengal,-0.09074,-0.25639,0.27198
2025-06-13T00:00:00+00:00,18.0,88.0,100.0,Bay of Bengal,-0.09517,-0.25718,0.27422
2025-06-13T00:00:00+00:00,18.0,89.0,100.0,Bay of Bengal,-0.10074,-0.25778,0.27677
2025-06-13T00:00:00+00:00,18.0,90.0,100.0,Bay of Bengal,-0.10692,-0.2582,0.27947
2025-06-13T00:00:00+00:00,18.0,91.0,100.0,Bay of Bengal,-0.11311,-0.25844,0.28211
2025-06-13T00:00:00+00:00,18.0,92.0,100.0,Bay of Bengal,-0.11868,-0.2585,0.28445
2025-06-13T00:00:00+00:00,18.0,93.0,100.0,Bay of Bengal,-0.12311,-0.25838,0.28621
2025-06-13T00:00:00+00:00,18.0,94.0,100.0,Bay of Bengal,-0.12595,-0.25808,0.28718
2025-06-13T00:00:00+00:00,18.0,95.0,100.0,Bay of Bengal,-0.12692,-0.25761,0.28718
2025-06-13T00:00:00+00:00,18.0,96.0,100.0,Bay of Bengal,-0.12595,-0.25695,0.28616
2025-06-13T00:00:00+00:00,18.0,97.0,100.0,Bay of Bengal,-0.12311,-0.25613,0.28417
2025-06-13T00:00:00+00:00,18.0,98.0,100.0,Bay of Bengal,-0.11868,-0.25513,0.28138
2025-06-13T00:00:00+00:00,19.0,80.0,100.0,Bay of Bengal,-0.09272,-0.24638,0.26325
2025-06-13T00:00:00+00:00,19.0,81.0,100.0,Bay of Bengal,-0.09266,-0.24836,0.26508
2025-06-13T00:00:00+00:00,19.0,82.0,100.0,Bay of Bengal,-0.09476,-0.25018,0.26752
2025-06-13T00:00:00+00:00,19.0,83.0,100.0,Bay of Bengal,-0.09878,-0.25183,0.27051
2025-06-13T00:00:00+00:00,19.0,84.0,100.0,Bay of Bengal,-0.10428,-0.25332,0.27394
2025-06-13T00:00:00+00:00,19.0,85.0,100.0,Bay of Bengal,-0.11068,-0.25463,0.27764
2025-06-13T00:00:00+00:00,19.0,86.0,100.0,Bay of Bengal,-0.11726,-0.25577,0.28137
2025-06-13T00:00:00+00:00,19.0,87.0,100.0,Bay of Bengal,-0.12331,-0.25673,0.28481
2025-06-13T00:00:00+00:00,19.0,88.0,100.0,Bay of Bengal,-0.12818,-0.25751,0.28765
2025-06-13T00:00:00+00:00,19.0,89.0,100.0,Bay of Bengal,-0.13133,-0.25811,0.2896
2025-06-13T00:00:00+00:00,19.0,90.0,100.0,Bay of Bengal,-0.13242,-0.25853,0.29047
2025-06-13T00:00:00+00:00,19.0,91.0,100.0,Bay of Bengal,-0.13133,-0.25877,0.29019
2025-06-13T00:00:00+00:00,19.0,92.0,100.0,Bay of Bengal,-0.12818,-0.25883,0.28883
2025-06-13T00:00:00+00:00,19.0,93.0,100.0,Bay of Bengal,-0.12331,-0.25871,0.28659
2025-06-13T00:00:00+00:00,19.0,94.0,100.0,Bay of Bengal,-0.11726,-0.25841,0.28377
2025-06-13T00:00:00+00:00,19.0,95.0,100.0,Bay of Bengal,-0.11068,-0.25793,0.28067
2025-06-13T00:00:00+00:00,19.0,96.0,100.0,Bay of Bengal,-0.10428,-0.25727,0.2776
2025-06-13T00:00:00+00:00,19.0,97.0,100.0,Bay of Bengal,-0.09878,-0.25644,0.27481
2025-06-13T00:00:00+00:00,19.0,98.0,100.0,Bay of Bengal,-0.09476,-0.25544,0.27245
2025-06-13T00:00:00+00:00,20.0,80.0,100.0,Bay of Bengal,-0.11117,-0.24672,0.27061
2025-06-13T00:00:00+00:00,20.0,81.0,100.0,Bay of Bengal,-0.11801,-0.2487,0.27528
2025-06-13T00:00:00+00:00,20.0,82.0,100.0,Bay of Bengal,-0.12485,-0.25052,0.2799
2025-06-13T00:00:00+00:00,20.0,83.0,100.0,Bay of Bengal,-0.13086,-0.25217,0.28411
2025-06-13T00:00:00+00:00,20.0,84.0,100.0,Bay of Bengal,-0.13533,-0.25366,0.2875
2025-06-13T00:00:00+00:00,20.0,85.0,100.0,Bay of Bengal,-0.1377,-0.25497,0.28978
2025-06-13T00:00:00+00:00,20.0,86.0,100.0,Bay of Bengal,-0.1377,-0.2561,0.29078
2025-06-13T00:00:00+00:00,20.0,87.0,100.0,Bay of Bengal,-0.13533,-0.25706,0.29051
2025-06-13T00:00:00+00:00,20.0,88.0,100.0,Bay of Bengal,-0.13086,-0.25784,0.28915
2025-06-13T00:00:00+00:00,20.0,89.0,100.0,Bay of Bengal,-0.12485,-0.25844,0.28702
2025-06-13T00:00:00+00:00,20.0,90.0,100.0,Bay of Bengal,-0.11801,-0.25886,0.28449
2025-06-13T00:00:00+00:00,20.0,91.0,100.0,Bay of Bengal,-0.11117,-0.2591,0.28194
2025-06-13T00:00:00+00:00,20.0,92.0,100.0,Bay of Bengal,-0.10515,-0.25916,0.27968
2025-06-13T00:00:00+00:00,20.0,93.0,100.0,Bay of Bengal,-0.10069,-0.25903,0.27791
2025-06-13T00:00:00+00:00,20.0,94.0,100.0,Bay of Bengal,-0.09831,-0.25873,0.27678
2025-06-13T00:00:00+00:00,20.0,95.0,100.0,Bay of Bengal,-0.09831,-0.25824,0.27632
2025-06-13T00:00:00+00:00,20.0,96.0,100.0,Bay of Bengal,-0.10069,-0.25758,0.27656
2025-06-13T00:00:00+00:00,20.0,97.0,100.0,Bay of Bengal,-0.10515,-0.25675,0.27745
2025-06-13T00:00:00+00:00,20.0,98.0,100.0,Bay of Bengal,-0.11117,-0.25575,0.27887
2025-06-13T00:00:00+00:00,21.0,80.0,100.0,Bay of Bengal,-0.14099,-0.24706,0.28446
2025-06-13T00:00:00+00:00,21.0,81.0,100.0,Bay of Bengal,-0.14342,-0.24904,0.28739
2025-06-13T00:00:00+00:00,21.0,82.0,100.0,Bay of Bengal,-0.14323,-0.25086,0.28887
2025-06-13T00:00:00+00:00,21.0,83.0,100.0,Bay of Bengal,-0.14044,-0.25251,0.28894
2025-06-13T00:00:00+00:00,21.0,84.0,100.0,Bay of Bengal,-0.13542,-0.25399,0.28784
2025-06-13T00:00:00+00:00,21.0,85.0,100.0,Bay of Bengal,-0.12884,-0.2553,0.28597
2025-06-13T00:00:00+00:00,21.0,86.0,100.0,Bay of Bengal,-0.12158,-0.25644,0.2838
2025-06-13T00:00:00+00:00,21.0,87.0,100.0,Bay of Bengal,-0.11459,-0.2574,0.28175
2025-06-13T00:00:00+00:00,21.0,88.0,100.0,Bay of Bengal,-0.1088,-0.25818,0.28017
2025-06-13T00:00:00+00:00,21.0,89.0,100.0,Bay of Bengal,-0.105,-0.25877,0.27926
2025-06-13T00:00:00+00:00,21.0,90.0,100.0,Bay of Bengal,-0.10367,-0.25919,0.27915
2025-06-13T00:00:00+00:00,21.0,91.0,100.0,Bay of Bengal,-0.105,-0.25943,0.27987
2025-06-13T00:00:00+00:00,21.0,92.0,100.0,Bay of Bengal,-0.1088,-0.25948,0.28137
2025-06-13T00:00:00+00:00,21.0,93.0,100.0,Bay of Bengal,-0.11459,-0.25935,0.28354
2025-06-13T00:00:00+00:00,21.0,94.0,100.0,Bay of Bengal,-0.12158,-0.25904,0.28615
2025-06-13T00:00:00+00:00,21.0,95.0,100.0,Bay of Bengal,-0.12884,-0.25856,0.28888
2025-06-13T00:00:00+00:00,21.0,96.0,100.0,Bay of Bengal,-0.13542,-0.2579,0.29129
2025-06-13T00:00:00+00:00,21.0,97.0,100.0,Bay of Bengal,-0.14044,-0.25706,0.29292
2025-06-13T00:00:00+00:00,21.0,98.0,100.0,Bay of Bengal,-0.14323,-0.25606,0.29339
2025-06-13T00:00:00+00:00,22.0,80.0,100.0,Bay of Bengal,-0.14222,-0.24741,0.28537
2025-06-13T00:00:00+00:00,22.0,81.0,100.0,Bay of Bengal,-0.13555,-0.24938,0.28384
2025-06-13T00:00:00+00:00,22.0,82.0,100.0,Bay of Bengal,-0.12797,-0.2512,0.28192
2025-06-13T00:00:00+00:00,22.0,83.0,100.0,Bay of Bengal,-0.1206,-0.25285,0.28014
2025-06-13T00:00:00+00:00,22.0,84.0,100.0,Bay of Bengal,-0.1145,-0.25433,0.27892
2025-06-13T00:00:00+00:00,22.0,85.0,100.0,Bay of Bengal,-0.11057,-0.25564,0.27853
2025-06-13T00:00:00+00:00,22.0,86.0,100.0,Bay of Bengal,-0.10938,-0.25677,0.2791
2025-06-13T00:00:00+00:00,22.0,87.0,100.0,Bay of Bengal,-0.1111,-0.25773,0.28065
2025-06-13T00:00:00+00:00,22.0,88.0,100.0,Bay of Bengal,-0.11547,-0.2585,0.28312
2025-06-13T00:00:00+00:00,22.0,89.0,100.0,Bay of Bengal,-0.12188,-0.2591,0.28633
2025-06-13T00:00:00+00:00,22.0,90.0,100.0,Bay of Bengal,-0.12937,-0.25952,0.28997
2025-06-13T00:00:00+00:00,22.0,91.0,100.0,Bay of Bengal,-0.13686,-0.25975,0.2936
2025-06-13T00:00:00+00:00,22.0,92.0,100.0,Bay of Bengal,-0.14326,-0.2598,0.29668
2025-06-13T00:00:00+00:00,22.0,93.0,100.0,Bay of Bengal,-0.14764,-0.25967,0.29871
2025-06-13T00:00:00+00:00,22.0,94.0,100.0,Bay of Bengal,-0.14936,-0.25936,0.29929
2025-06-13T00:00:00+00:00,22.0,95.0,100.0,Bay of Bengal,-0.14816,-0.25887,0.29827
2025-06-13T00:00:00+00:00,22.0,96.0,100.0,Bay of Bengal,-0.14423,-0.25821,0.29576
2025-06-13T00:00:00+00:00,22.0,97.0,100.0,Bay of Bengal,-0.13814,-0.25737,0.2921
2025-06-13T00:00:00+00:00,22.0,98.0,100.0,Bay of Bengal,-0.13076,-0.25636,0.28778
2025-06-16T00:00:00+00:00,6.0,80.0,0.0,Bay of Bengal,-0.06863,-0.3038,0.31146
2025-06-16T00:00:00+00:00,6.0,81.0,0.0,Bay of Bengal,-0.06977,-0.30615,0.314
2025-06-16T00:00:00+00:00,6.0,82.0,0.0,Bay of Bengal,-0.07109,-0.3083,0.31639
2025-06-16T00:00:00+00:00,6.0,83.0,0.0,Bay of Bengal,-0.07257,-0.31025,0.31863
2025-06-16T00:00:00+00:00,6.0,84.0,0.0,Bay of Bengal,-0.07419,-0.312,0.3207
2025-06-16T00:00:00+00:00,6.0,85.0,0.0,Bay of Bengal,-0.07595,-0.31354,0.32261
2025-06-16T00:00:00+00:00,6.0,86.0,0.0,Bay of Bengal,-0.07781,-0.31487,0.32434
2025-06-16T00:00:00+00:00,6.0,87.0,0.0,Bay of Bengal,-0.07977,-0.31598,0.32589
2025-06-16T00:00:00+00:00,6.0,88.0,0.0,Bay of Bengal,-0.08179,-0.31687,0.32726
2025-06-16T00:00:00+00:00,6.0,89.0,0.0,Bay of Bengal,-0.08386,-0.31755,0.32843
2025-06-16T00:00:00+00:00,6.0,90.0,0.0,Bay of Bengal,-0.08595,-0.31801,0.32942
2025-06-16T00:00:00+00:00,6.0,91.0,0.0,Bay of Bengal,-0.08804,-0.31824,0.3302
2025-06-16T00:00:00+00:00,6.0,92.0,0.0,Bay of Bengal,-0.09011,-0.31826,0.33077
2025-06-16T00:00:00+00:00,6.0,93.0,0.0,Bay of Bengal,-0.09213,-0.31806,0.33113
2025-06-16T00:00:00+00:00,6.0,94.0,0.0,Bay of Bengal,-0.09408,-0.31764,0.33128
2025-06-16T00:00:00+00:00,6.0,95.0,0.0,Bay of Bengal,-0.09595,-0.31701,0.33121
2025-06-16T00:00:00+00:00,6.0,96.0,0.0,Bay of Bengal,-0.0977,-0.31616,0.33091
2025-06-16T00:00:00+00:00,6.0,97.0,0.0,Bay of Bengal,-0.09933,-0.3151,0.33039
2025-06-16T00:00:00+00:00,6.0,98.0,0.0,Bay of Bengal,-0.10081,-0.31384,0.32963
2025-06-16T00:00:00+00:00,7.0,80.0,0.0,Bay of Bengal,-0.09585,-0.30415,0.3189
2025-06-16T00:00:00+00:00,7.0,81.0,0.0,Bay of Bengal,-0.09809,-0.3065,0.32181
2025-06-16T00:00:00+00:00,7.0,82.0,0.0,Bay of Bengal,-0.10019,-0.30865,0.3245
2025-06-16T00:00:00+00:00,7.0,83.0,0.0,Bay of Bengal,-0.10213,-0.3106,0.32696
2025-06-16T00:00:00+00:00,7.0,84.0,0.0,Bay of Bengal,-0.10387,-0.31235,0.32917
2025-06-16T00:00:00+00:00,7.0,85.0,0.0,Bay of Bengal,-0.10539,-0.31389,0.33111
2025-06-16T00:00:00+00:00,7.0,86.0,0.0,Bay of Bengal,-0.10667,-0.31521,0.33277
2025-06-16T00:00:00+00:00,7.0,87.0,0.0,Bay of Bengal,-0.10768,-0.31633,0.33415
2025-06-16T00:00:00+00:00,7.0,88.0,0.0,Bay of Bengal,-0.10841,-0.31722,0.33523
2025-06-16T00:00:00+00:00,7.0,89.0,0.0,Bay of Bengal,-0.10886,-0.3179,0.33602
2025-06-16T00:00:00+00:00,7.0,90.0,0.0,Bay of Bengal,-0.10901,-0.31835,0.3365
2025-06-16T00:00:00+00:00,7.0,91.0,0.0,Bay of Bengal,-0.10886,-0.31859,0.33667
2025-06-16T00:00:00+00:00,7.0,92.0,0.0,Bay of Bengal,-0.10841,-0.31861,0.33655
2025-06-16T00:00:00+00:00,7.0,93.0,0.0,Bay of Bengal,-0.10768,-0.3184,0.33612
2025-06-16T00:00:00+00:00,7.0,94.0,0.0,Bay of Bengal,-0.10667,-0.31798,0.3354
2025-06-16T00:00:00+00:00,7.0,95.0,0.0,Bay of Bengal,-0.10539,-0.31735,0.33439
2025-06-16T00:00:00+00:00,7.0,96.0,0.0,Bay of Bengal,-0.10387,-0.3165,0.33311
2025-06-16T00:00:00+00:00,7.0,97.0,0.0,Bay of Bengal,-0.10213,-0.31544,0.33156
2025-06-16T00:00:00+00:00,7.0,98.0,0.0,Bay of Bengal,-0.10019,-0.31418,0.32976
2025-06-16T00:00:00+00:00,8.0,80.0,0.0,Bay of Bengal,-0.11219,-0.3045,0.32451
2025-06-16T00:00:00+00:00,8.0,81.0,0.0,Bay of Bengal,-0.11152,-0.30685,0.32648
2025-06-16T00:00:00+00:00,8.0,82.0,0.0,Bay of Bengal,-0.11047,-0.309,0.32815
2025-06-16T00:00:00+00:00,8.0,83.0,0.0,Bay of Bengal,-0.10908,-0.31095,0.32953
2025-06-16T00:00:00+00:00,8.0,84.0,0.0,Bay of Bengal,-0.10736,-0.3127,0.33061
2025-06-16T00:00:00+00:00,8.0,85.0,0.0,Bay of Bengal,-0.10535,-0.31424,0.33143
2025-06-16T00:00:00+00:00,8.0,86.0,0.0,Bay of Bengal,-0.1031,-0.31556,0.33198
2025-06-16T00:00:00+00:00,8.0,87.0,0.0,Bay of Bengal,-0.10063,-0.31667,0.33228
2025-06-16T00:00:00+00:00,8.0,88.0,0.0,Bay of Bengal,-0.09801,-0.31757,0.33235
2025-06-16T00:00:00+00:00,8.0,89.0,0.0,Bay of Bengal,-0.09528,-0.31824,0.3322
2025-06-16T00:00:00+00:00,8.0,90.0,0.0,Bay of Bengal,-0.0925,-0.3187,0.33185
2025-06-16T00:00:00+00:00,8.0,91.0,0.0,Bay of Bengal,-0.08971,-0.31893,0.33131
2025-06-16T00:00:00+00:00,8.0,92.0,0.0,Bay of Bengal,-0.08699,-0.31895,0.3306
2025-06-16T00:00:00+00:00,8.0,93.0,0.0,Bay of Bengal,-0.08436,-0.31875,0.32972
2025-06-16T00:00:00+00:00,8.0,94.0,0.0,Bay of Bengal,-0.0819,-0.31833,0.32869
2025-06-16T00:00:00+00:00,8.0,95.0,0.0,Bay of Bengal,-0.07964,-0.31769,0.32752
2025-06-16T00:00:00+00:00,8.0,96.0,0.0,Bay of Bengal,-0.07763,-0.31684,0.32621
2025-06-16T00:00:00+00:00,8.0,97.0,0.0,Bay of Bengal,-0.07592,-0.31578,0.32478
2025-06-16T00:00:00+00:00,8.0,98.0,0.0,Bay of Bengal,-0.07452,-0.31451,0.32322
2025-06-16T00:00:00+00:00,9.0,80.0,0.0,Bay of Bengal,-0.0964,-0.30485,0.31973
2025-06-16T00:00:00+00:00,9.0,81.0,0.0,Bay of Bengal,-0.09327,-0.3072,0.32104
2025-06-16T00:00:00+00:00,9.0,82.0,0.0,Bay of Bengal,-0.09022,-0.30935,0.32224
2025-06-16T00:00:00+00:00,9.0,83.0,0.0,Bay of Bengal,-0.08732,-0.3113,0.32331
2025-06-16T00:00:00+00:00,9.0,84.0,0.0,Bay of Bengal,-0.08465,-0.31305,0.32429
2025-06-16T00:00:00+00:00,9.0,85.0,0.0,Bay of Bengal,-0.08226,-0.31458,0.32516
2025-06-16T00:00:00+00:00,9.0,86.0,0.0,Bay of Bengal,-0.08022,-0.31591,0.32594
2025-06-16T00:00:00+00:00,9.0,87.0,0.0,Bay of Bengal,-0.07858,-0.31702,0.32661
2025-06-16T00:00:00+00:00,9.0,88.0,0.0,Bay of Bengal,-0.07738,-0.31791,0.3272
2025-06-16T00:00:00+00:00,9.0,89.0,0.0,Bay of Bengal,-0.07665,-0.31859,0.32768
2025-06-16T00:00:00+00:00,9.0,90.0,0.0,Bay of Bengal,-0.0764,-0.31904,0.32806
2025-06-16T00:00:00+00:00,9.0,91.0,0.0,Bay of Bengal,-0.07665,-0.31928,0.32835
2025-06-16T00:00:00+00:00,9.0,92.0,0.0,Bay of Bengal,-0.07738,-0.31929,0.32854
2025-06-16T00:00:00+00:00,9.0,93.0,0.0,Bay of Bengal,-0.07858,-0.31909,0.32862
2025-06-16T00:00:00+00:00,9.0,94.0,0.0,Bay of Bengal,-0.08022,-0.31867,0.32861
2025-06-16T00:00:00+00:00,9.0,95.0,0.0,Bay of Bengal,-0.08226,-0.31803,0.32849
2025-06-16T00:00:00+00:00,9.0,96.0,0.0,Bay of Bengal,-0.08465,-0.31718,0.32828
2025-06-16T00:00:00+00:00,9.0,97.0,0.0,Bay of Bengal,-0.08732,-0.31611,0.32795
2025-06-16T00:00:00+00:00,9.0,98.0,0.0,Bay of Bengal,-0.09022,-0.31485,0.32752
2025-06-16T00:00:00+00:00,10.0,80.0,0.0,Bay of Bengal,-0.081,-0.3052,0.31576
2025-06-16T00:00:00+00:00,10.0,81.0,0.0,Bay of Bengal,-0.0807,-0.30754,0.31796
2025-06-16T00:00:00+00:00,10.0,82.0,0.0,Bay of Bengal,-0.081,-0.3097,0.32011
2025-06-16T00:00:00+00:00,10.0,83.0,0.0,Bay of Bengal,-0.0819,-0.31165,0.32223
2025-06-16T00:00:00+00:00,10.0,84.0,0.0,Bay of Bengal,-0.08338,-0.31339,0.3243
2025-06-16T00:00:00+00:00,10.0,85.0,0.0,Bay of Bengal,-0.08538,-0.31493,0.3263
2025-06-16T00:00:00+00:00,10.0,86.0,0.0,Bay of Bengal,-0.08784,-0.31626,0.32823
2025-06-16T00:00:00+00:00,10.0,87.0,0.0,Bay of Bengal,-0.0907,-0.31737,0.33007
2025-06-16T00:00:00+00:00,10.0,88.0,0.0,Bay of Bengal,-0.09386,-0.31826,0.33181
2025-06-16T00:00:00+00:00,10.0,89.0,0.0,Bay of Bengal,-0.09723,-0.31893,0.33342
2025-06-16T00:00:00+00:00,10.0,90.0,0.0,Bay of Bengal,-0.1007,-0.31939,0.33489
2025-06-16T00:00:00+00:00,10.0,91.0,0.0,Bay of Bengal,-0.10417,-0.31962,0.33617
2025-06-16T00:00:00+00:00,10.0,92.0,0.0,Bay of Bengal,-0.10754,-0.31964,0.33724
2025-06-16T00:00:00+00:00,10.0,93.0,0.0,Bay of Bengal,-0.1107,-0.31943,0.33807
2025-06-16T00:00:00+00:00,10.0,94.0,0.0,Bay of Bengal,-0.11355,-0.31901,0.33861
2025-06-16T00:00:00+00:00,10.0,95.0,0.0,Bay of Bengal,-0.11602,-0.31837,0.33885
2025-06-16T00:00:00+00:00,10.0,96.0,0.0,Bay of Bengal,-0.11802,-0.31751,0.33874
2025-06-16T00:00:00+00:00,10.0,97.0,0.0,Bay of Bengal,-0.11949,-0.31645,0.33826
2025-06-16T00:00:00+00:00,10.0,98.0,0.0,Bay of Bengal,-0.12039,-0.31518,0.33739
2025-06-16T00:00:00+00:00,11.0,80.0,0.0,Bay of Bengal,-0.09853,-0.30555,0.32104
2025-06-16T00:00:00+00:00,11.0,81.0,0.0,Bay of Bengal,-0.10224,-0.30789,0.32442
2025-06-16T00:00:00+00:00,11.0,82.0,0.0,Bay of Bengal,-0.10607,-0.31005,0.32769
2025-06-16T00:00:00+00:00,11.0,83.0,0.0,Bay of Bengal,-0.10987,-0.312,0.33078
2025-06-16T00:00:00+00:00,11.0,84.0,0.0,Bay of Bengal,-0.1135,-0.31374,0.33364
2025-06-16T00:00:00+00:00,11.0,85.0,0.0,Bay of Bengal,-0.11684,-0.31528,0.33623
2025-06-16T00:00:00+00:00,11.0,86.0,0.0,Bay of Bengal,-0.11976,-0.3166,0.3385
2025-06-16T00:00:00+00:00,11.0,87.0,0.0,Bay of Bengal,-0.12214,-0.31771,0.34038
2025-06-16T00:00:00+00:00,11.0,88.0,0.0,Bay of Bengal,-0.12391,-0.31861,0.34185
2025-06-16T00:00:00+00:00,11.0,89.0,0.0,Bay of Bengal,-0.125,-0.31928,0.34288
2025-06-16T00:00:00+00:00,11.0,90.0,0.0,Bay of Bengal,-0.12537,-0.31973,0.34343
2025-06-16T00:00:00+00:00,11.0,91.0,0.0,Bay of Bengal,-0.125,-0.31996,0.34351
2025-06-16T00:00:00+00:00,11.0,92.0,0.0,Bay of Bengal,-0.12391,-0.31998,0.34313
2025-06-16T00:00:00+00:00,11.0,93.0,0.0,Bay of Bengal,-0.12214,-0.31977,0.3423
2025-06-16T00:00:00+00:00,11.0,94.0,0.0,Bay of Bengal,-0.11976,-0.31934,0.34106
2025-06-16T00:00:00+00:00,11.0,95.0,0.0,Bay of Bengal,-0.11684,-0.3187,0.33944
2025-06-16T00:00:00+00:00,11.0,96.0,0.0,Bay of Bengal,-0.1135,-0.31785,0.33751
2025-06-16T00:00:00+00:00,11.0,97.0,0.0,Bay of Bengal,-0.10987,-0.31678,0.33529
2025-06-16T00:00:00+00:00,11.0,98.0,0.0,Bay of Bengal,-0.10607,-0.31551,0.33286
2025-06-16T00:00:00+00:00,12.0,80.0,0.0,Bay of Bengal,-0.12771,-0.3059,0.33148
2025-06-16T00:00:00+00:00,12.0,81.0,0.0,Bay of Bengal,-0.12941,-0.30824,0.33431
2025-06-16T00:00:00+00:00,12.0,82.0,0.0,Bay of Bengal,-0.13028,-0.31039,0.33663
2025-06-16T00:00:00+00:00,12.0,83.0,0.0,Bay of Bengal,-0.13028,-0.31234,0.33843
2025-06-16T00:00:00+00:00,12.0,84.0,0.0,Bay of Bengal,-0.12941,-0.31409,0.33971
2025-06-16T00:00:00+00:00,12.0,85.0,0.0,Bay of Bengal,-0.12771,-0.31563,0.34049
2025-06-16T00:00:00+00:00,12.0,86.0,0.0,Bay of Bengal,-0.12525,-0.31695,0.3408
2025-06-16T00:00:00+00:00,12.0,87.0,0.0,Bay of Bengal,-0.12215,-0.31806,0.34071
2025-06-16T00:00:00+00:00,12.0,88.0,0.0,Bay of Bengal,-0.11852,-0.31895,0.34026
2025-06-16T00:00:00+00:00,12.0,89.0,0.0,Bay of Bengal,-0.11455,-0.31962,0.33953
2025-06-16T00:00:00+00:00,12.0,90.0,0.0,Bay of Bengal,-0.11039,-0.32007,0.33857
2025-06-16T00:00:00+00:00,12.0,91.0,0.0,Bay of Bengal,-0.10623,-0.3203,0.33746
2025-06-16T00:00:00+00:00,12.0,92.0,0.0,Bay of Bengal,-0.10225,-0.32032,0.33624
2025-06-16T00:00:00+00:00,12.0,93.0,0.0,Bay of Bengal,-0.09863,-0.32011,0.33496
2025-06-16T00:00:00+00:00,12.0,94.0,0.0,Bay of Bengal,-0.09553,-0.31968,0.33365
2025-06-16T00:00:00+00:00,12.0,95.0,0.0,Bay of Bengal,-0.09307,-0.31904,0.33233
2025-06-16T00:00:00+00:00,12.0,96.0,0.0,Bay of Bengal,-0.09137,-0.31818,0.33104
2025-06-16T00:00:00+00:00,12.0,97.0,0.0,Bay of Bengal,-0.0905,-0.31711,0.32977
2025-06-16T00:00:00+00:00,12.0,98.0,0.0,Bay of Bengal,-0.0905,-0.31584,0.32855
2025-06-16T00:00:00+00:00,13.0,80.0,0.0,Bay of Bengal,-0.12859,-0.30624,0.33215
2025-06-16T00:00:00+00:00,13.0,81.0,0.0,Bay of Bengal,-0.12482,-0.30859,0.33288
2025-06-16T00:00:00+00:00,13.0,82.0,0.0,Bay of Bengal,-0.12057,-0.31074,0.33332
2025-06-16T00:00:00+00:00,13.0,83.0,0.0,Bay of Bengal,-0.11609,-0.31269,0.33355
2025-06-16T00:00:00+00:00,13.0,84.0,0.0,Bay of Bengal,-0.11158,-0.31444,0.33365
2025-06-16T00:00:00+00:00,13.0,85.0,0.0,Bay of Bengal,-0.10728,-0.31597,0.33369
2025-06-16T00:00:00+00:00,13.0,86.0,0.0,Bay of Bengal,-0.10342,-0.3173,0.33373
2025-06-16T00:00:00+00:00,13.0,87.0,0.0,Bay of Bengal,-0.10019,-0.3184,0.3338
2025-06-16T00:00:00+00:00,13.0,88.0,0.0,Bay of Bengal,-0.09776,-0.31929,0.33392
2025-06-16T00:00:00+00:00,13.0,89.0,0.0,Bay of Bengal,-0.09625,-0.31996,0.33413
2025-06-16T00:00:00+00:00,13.0,90.0,0.0,Bay of Bengal,-0.09574,-0.32041,0.33441
2025-06-16T00:00:00+00:00,13.0,91.0,0.0,Bay of Bengal,-0.09625,-0.32064,0.33478
2025-06-16T00:00:00+00:00,13.0,92.0,0.0,Bay of Bengal,-0.09776,-0.32065,0.33522
2025-06-16T00:00:00+00:00,13.0,93.0,0.0,Bay of Bengal,-0.10019,-0.32044,0.33574
2025-06-16T00:00:00+00:00,13.0,94.0,0.0,Bay of Bengal,-0.10342,-0.32001,0.33631
2025-06-16T00:00:00+00:00,13.0,95.0,0.0,Bay of Bengal,-0.10728,-0.31937,0.33691
2025-06-16T00:00:00+00:00,13.0,96.0,0.0,Bay of Bengal,-0.11158,-0.31851,0.33749
2025-06-16T00:00:00+00:00,13.0,97.0,0.0,Bay of Bengal,-0.11609,-0.31744,0.338
2025-06-16T00:00:00+00:00,13.0,98.0,0.0,Bay of Bengal,-0.12057,-0.31617,0.33838
2025-06-16T00:00:00+00:00,14.0,80.0,0.0,Bay of Bengal,-0.10853,-0.30659,0.32523
2025-06-16T00:00:00+00:00,14.0,81.0,0.0,Bay of Bengal,-0.1052,-0.30894,0.32636
2025-06-16T00:00:00+00:00,14.0,82.0,0.0,Bay of Bengal,-0.10284,-0.31109,0.32765
2025-06-16T00:00:00+00:00,14.0,83.0,0.0,Bay of Bengal,-0.10158,-0.31304,0.32911
2025-06-16T00:00:00+00:00,14.0,84.0,0.0,Bay of Bengal,-0.10149,-0.31478,0.33074
2025-06-16T00:00:00+00:00,14.0,85.0,0.0,Bay of Bengal,-0.10259,-0.31632,0.33254
2025-06-16T00:00:00+00:00,14.0,86.0,0.0,Bay of Bengal,-0.1048,-0.31764,0.33448
2025-06-16T00:00:00+00:00,14.0,87.0,0.0,Bay of Bengal,-0.108,-0.31875,0.33655
2025-06-16T00:00:00+00:00,14.0,88.0,0.0,Bay of Bengal,-0.11199,-0.31964,0.33869
2025-06-16T00:00:00+00:00,14.0,89.0,0.0,Bay of Bengal,-0.11654,-0.3203,0.34085
2025-06-16T00:00:00+00:00,14.0,90.0,0.0,Bay of Bengal,-0.12138,-0.32075,0.34295
2025-06-16T00:00:00+00:00,14.0,91.0,0.0,Bay of Bengal,-0.12622,-0.32098,0.34491
2025-06-16T00:00:00+00:00,14.0,92.0,0.0,Bay of Bengal,-0.13077,-0.32099,0.34661
2025-06-16T00:00:00+00:00,14.0,93.0,0.0,Bay of Bengal,-0.13477,-0.32078,0.34794
2025-06-16T00:00:00+00:00,14.0,94.0,0.0,Bay of Bengal,-0.13796,-0.32035,0.34879
2025-06-16T00:00:00+00:00,14.0,95.0,0.0,Bay of Bengal,-0.14018,-0.3197,0.34908
2025-06-16T00:00:00+00:00,14.0,96.0,0.0,Bay of Bengal,-0.14127,-0.31884,0.34874
2025-06-16T00:00:00+00:00,14.0,97.0,0.0,Bay of Bengal,-0.14119,-0.31777,0.34772
2025-06-16T00:00:00+00:00,14.0,98.0,0.0,Bay of Bengal,-0.13993,-0.31649,0.34604
2025-06-16T00:00:00+00:00,15.0,80.0,0.0,Bay of Bengal,-0.10998,-0.30694,0.32605
2025-06-16T00:00:00+00:00,15.0,81.0,0.0,Bay of Bengal,-0.11316,-0.30929,0.32934
2025-06-16T00:00:00+00:00,15.0,82.0,0.0,Bay of Bengal,-0.1173,-0.31144,0.33279
2025-06-16T00:00:00+00:00,15.0,83.0,0.0,Bay of Bengal,-0.12213,-0.31339,0.33634
2025-06-16T00:00:00+00:00,15.0,84.0,0.0,Bay of Bengal,-0.1273,-0.31513,0.33987
2025-06-16T00:00:00+00:00,15.0,85.0,0.0,Bay of Bengal,-0.13248,-0.31666,0.34326
2025-06-16T00:00:00+00:00,15.0,86.0,0.0,Bay of Bengal,-0.1373,-0.31798,0.34636
2025-06-16T00:00:00+00:00,15.0,87.0,0.0,Bay of Bengal,-0.14144,-0.31909,0.34903
2025-06-16T00:00:00+00:00,15.0,88.0,0.0,Bay of Bengal,-0.14462,-0.31998,0.35114
2025-06-16T00:00:00+00:00,15.0,89.0,0.0,Bay of Bengal,-0.14662,-0.32064,0.35258
2025-06-16T00:00:00+00:00,15.0,90.0,0.0,Bay of Bengal,-0.1473,-0.32109,0.35327
2025-06-16T00:00:00+00:00,15.0,91.0,0.0,Bay of Bengal,-0.14662,-0.32132,0.35319
2025-06-16T00:00:00+00:00,15.0,92.0,0.0,Bay of Bengal,-0.14462,-0.32132,0.35237
2025-06-16T00:00:00+00:00,15.0,93.0,0.0,Bay of Bengal,-0.14144,-0.32111,0.35088
2025-06-16T00:00:00+00:00,15.0,94.0,0.0,Bay of Bengal,-0.1373,-0.32068,0.34884
2025-06-16T00:00:00+00:00,15.0,95.0,0.0,Bay of Bengal,-0.13248,-0.32003,0.34637
2025-06-16T00:00:00+00:00,15.0,96.0,0.0,Bay of Bengal,-0.1273,-0.31917,0.34362
2025-06-16T00:00:00+00:00,15.0,97.0,0.0,Bay of Bengal,-0.12213,-0.31809,0.34073
2025-06-16T00:00:00+00:00,15.0,98.0,0.0,Bay of Bengal,-0.1173,-0.31681,0.33783
2025-06-16T00:00:00+00:00,16.0,80.0,0.0,Bay of Bengal,-0.14031,-0.30729,0.3378
2025-06-16T00:00:00+00:00,16.0,81.0,0.0,Bay of Bengal,-0.14522,-0.30963,0.342
2025-06-16T00:00:00+00:00,16.0,82.0,0.0,Bay of Bengal,-0.14923,-0.31178,0.34565
2025-06-16T00:00:00+00:00,16.0,83.0,0.0,Bay of Bengal,-0.15201,-0.31373,0.34862
2025-06-16T00:00:00+00:00,16.0,84.0,0.0,Bay of Bengal,-0.15336,-0.31547,0.35077
2025-06-16T00:00:00+00:00,16.0,85.0,0.0,Bay of Bengal,-0.15316,-0.31701,0.35207
2025-06-16T00:00:00+00:00,16.0,86.0,0.0,Bay of Bengal,-0.15144,-0.31833,0.35251
2025-06-16T00:00:00+00:00,16.0,87.0,0.0,Bay of Bengal,-0.14833,-0.31943,0.35219
2025-06-16T00:00:00+00:00,16.0,88.0,0.0,Bay of Bengal,-0.14406,-0.32032,0.35122
2025-06-16T00:00:00+00:00,16.0,89.0,0.0,Bay of Bengal,-0.13898,-0.32098,0.34978
2025-06-16T00:00:00+00:00,16.0,90.0,0.0,Bay of Bengal,-0.13347,-0.32143,0.34804
2025-06-16T00:00:00+00:00,16.0,91.0,0.0,Bay of Bengal,-0.12795,-0.32165,0.34617
2025-06-16T00:00:00+00:00,16.0,92.0,0.0,Bay of Bengal,-0.12287,-0.32166,0.34433
2025-06-16T00:00:00+00:00,16.0,93.0,0.0,Bay of Bengal,-0.1186,-0.32144,0.34262
2025-06-16T00:00:00+00:00,16.0,94.0,0.0,Bay of Bengal,-0.11549,-0.32101,0.34115
2025-06-16T00:00:00+00:00,16.0,95.0,0.0,Bay of Bengal,-0.11377,-0.32036,0.33996
2025-06-16T00:00:00+00:00,16.0,96.0,0.0,Bay of Bengal,-0.11358,-0.31949,0.33908
2025-06-16T00:00:00+00:00,16.0,97.0,0.0,Bay of Bengal,-0.11492,-0.31842,0.33852
2025-06-16T00:00:00+00:00,16.0,98.0,0.0,Bay of Bengal,-0.11771,-0.31713,0.33827
2025-06-16T00:00:00+00:00,17.0,80.0,0.0,Bay of Bengal,-0.15954,-0.30763,0.34654
2025-06-16T00:00:00+00:00,17.0,81.0,0.0,Bay of Bengal,-0.15766,-0.30998,0.34777
2025-06-16T00:00:00+00:00,17.0,82.0,0.0,Bay of Bengal,-0.15423,-0.31213,0.34815
2025-06-16T00:00:00+00:00,17.0,83.0,0.0,Bay of Bengal,-0.14954,-0.31407,0.34786
2025-06-16T00:00:00+00:00,17.0,84.0,0.0,Bay of Bengal,-0.144,-0.31582,0.3471
2025-06-16T00:00:00+00:00,17.0,85.0,0.0,Bay of Bengal,-0.1381,-0.31735,0.34609
2025-06-16T00:00:00+00:00,17.0,86.0,0.0,Bay of Bengal,-0.13235,-0.31867,0.34506
2025-06-16T00:00:00+00:00,17.0,87.0,0.0,Bay of Bengal,-0.12726,-0.31977,0.34416
2025-06-16T00:00:00+00:00,17.0,88.0,0.0,Bay of Bengal,-0.12326,-0.32065,0.34353
2025-06-16T00:00:00+00:00,17.0,89.0,0.0,Bay of Bengal,-0.12072,-0.32132,0.34325
2025-06-16T00:00:00+00:00,17.0,90.0,0.0,Bay of Bengal,-0.11984,-0.32176,0.34336
2025-06-16T00:00:00+00:00,17.0,91.0,0.0,Bay of Bengal,-0.12072,-0.32199,0.34387
2025-06-16T00:00:00+00:00,17.0,92.0,0.0,Bay of Bengal,-0.12326,-0.32199,0.34478
2025-06-16T00:00:00+00:00,17.0,93.0,0.0,Bay of Bengal,-0.12726,-0.32177,0.34602
2025-06-16T00:00:00+00:00,17.0,94.0,0.0,Bay of Bengal,-0.13235,-0.32133,0.34752
2025-06-16T00:00:00+00:00,17.0,95.0,0.0,Bay of Bengal,-0.1381,-0.32068,0.34915
2025-06-16T00:00:00+00:00,17.0,96.0,0.0,Bay of Bengal,-0.144,-0.31981,0.35074
2025-06-16T00:00:00+00:00,17.0,97.0,0.0,Bay of Bengal,-0.14954,-0.31874,0.35207
2025-06-16T00:00:00+00:00,17.0,98.0,0.0,Bay of Bengal,-0.15423,-0.31745,0.35293
2025-06-16T00:00:00+00:00,18.0,80.0,0.0,Bay of Bengal,-0.1464,-0.30798,0.34101
2025-06-16T00:00:00+00:00,18.0,81.0,0.0,Bay of Bengal,-0.14022,-0.31032,0.34053
2025-06-16T00:00:00+00:00,18.0,82.0,0.0,Bay of Bengal,-0.13465,-0.31247,0.34025
2025-06-16T00:00:00+00:00,18.0,83.0,0.0,Bay of Bengal,-0.13022,-0.31442,0.34032
2025-06-16T00:00:00+00:00,18.0,84.0,0.0,Bay of Bengal,-0.12738,-0.31616,0.34085
2025-06-16T00:00:00+00:00,18.0,85.0,0.0,Bay of Bengal,-0.1264,-0.31769,0.34191
2025-06-16T00:00:00+00:00,18.0,86.0,0.0,Bay of Bengal,-0.12738,-0.31901,0.3435
2025-06-16T00:00:00+00:00,18.0,87.0,0.0,Bay of Bengal,-0.13022,-0.32011,0.34558
2025-06-16T00:00:00+00:00,18.0,88.0,0.0,Bay of Bengal,-0.13465,-0.32099,0.34809
2025-06-16T00:00:00+00:00,18.0,89.0,0.0,Bay of Bengal,-0.14022,-0.32165,0.35089
2025-06-16T00:00:00+00:00,18.0,90.0,0.0,Bay of Bengal,-0.1464,-0.3221,0.35381
2025-06-16T00:00:00+00:00,18.0,91.0,0.0,Bay of Bengal,-0.15258,-0.32232,0.35661
2025-06-16T00:00:00+00:00,18.0,92.0,0.0,Bay of Bengal,-0.15816,-0.32232,0.35903
2025-06-16T00:00:00+00:00,18.0,93.0,0.0,Bay of Bengal,-0.16258,-0.3221,0.3608
2025-06-16T00:00:00+00:00,18.0,94.0,0.0,Bay of Bengal,-0.16542,-0.32166,0.3617
2025-06-16T00:00:00+00:00,18.0,95.0,0.0,Bay of Bengal,-0.1664,-0.321,0.36157
2025-06-16T00:00:00+00:00,18.0,96.0,0.0,Bay of Bengal,-0.16542,-0.32013,0.36035
2025-06-16T00:00:00+00:00,18.0,97.0,0.0,Bay of Bengal,-0.16258,-0.31905,0.35809
2025-06-16T00:00:00+00:00,18.0,98.0,0.0,Bay of Bengal,-0.15816,-0.31777,0.35495
2025-06-16T00:00:00+00:00,19.0,80.0,0.0,Bay of Bengal,-0.13341,-0.30833,0.33595
2025-06-16T00:00:00+00:00,19.0,81.0,0.0,Bay of Bengal,-0.13336,-0.31067,0.33808
2025-06-16T00:00:00+00:00,19.0,82.0,0.0,Bay of Bengal,-0.13545,-0.31282,0.34088
2025-06-16T00:00:00+00:00,19.0,83.0,0.0,Bay of Bengal,-0.13947,-0.31476,0.34428
2025-06-16T00:00:00+00:00,19.0,84.0,0.0,Bay of Bengal,-0.14498,-0.3165,0.34812
2025-06-16T00:00:00+00:00,19.0,85.0,0.0,Bay of Bengal,-0.15137,-0.31803,0.35221
2025-06-16T00:00:00+00:00,19.0,86.0,0.0,Bay of Bengal,-0.15795,-0.31934,0.35627
2025-06-16T00:00:00+00:00,19.0,87.0,0.0,Bay of Bengal,-0.164,-0.32044,0.35997
2025-06-16T00:00:00+00:00,19.0,88.0,0.0,Bay of Bengal,-0.16887,-0.32132,0.363
2025-06-16T00:00:00+00:00,19.0,89.0,0.0,Bay of Bengal,-0.17202,-0.32199,0.36506
2025-06-16T00:00:00+00:00,19.0,90.0,0.0,Bay of Bengal,-0.17311,-0.32243,0.36596
2025-06-16T00:00:00+00:00,19.0,91.0,0.0,Bay of Bengal,-0.17202,-0.32265,0.36564
2025-06-16T00:00:00+00:00,19.0,92.0,0.0,Bay of Bengal,-0.16887,-0.32264,0.36417
2025-06-16T00:00:00+00:00,19.0,93.0,0.0,Bay of Bengal,-0.164,-0.32242,0.36174
2025-06-16T00:00:00+00:00,19.0,94.0,0.0,Bay of Bengal,-0.15795,-0.32198,0.35864
2025-06-16T00:00:00+00:00,19.0,95.0,0.0,Bay of Bengal,-0.15137,-0.32132,0.35519
2025-06-16T00:00:00+00:00,19.0,96.0,0.0,Bay of Bengal,-0.14498,-0.32045,0.35172
2025-06-16T00:00:00+00:00,19.0,97.0,0.0,Bay of Bengal,-0.13947,-0.31937,0.34849
2025-06-16T00:00:00+00:00,19.0,98.0,0.0,Bay of Bengal,-0.13545,-0.31808,0.34572
2025-06-16T00:00:00+00:00,20.0,80.0,0.0,Bay of Bengal,-0.1531,-0.30867,0.34455
2025-06-16T00:00:00+00:00,20.0,81.0,0.0,Bay of Bengal,-0.15994,-0.31101,0.34973
2025-06-16T00:00:00+00:00,20.0,82.0,0.0,Bay of Bengal,-0.16678,-0.31316,0.3548
2025-06-16T00:00:00+00:00,20.0,83.0,0.0,Bay of Bengal,-0.17279,-0.3151,0.35937
2025-06-16T00:00:00+00:00,20.0,84.0,0.0,Bay of Bengal,-0.17726,-0.31684,0.36305
2025-06-16T00:00:00+00:00,20.0,85.0,0.0,Bay of Bengal,-0.17963,-0.31837,0.36555
2025-06-16T00:00:00+00:00,20.0,86.0,0.0,Bay of Bengal,-0.17963,-0.31968,0.36669
2025-06-16T00:00:00+00:00,20.0,87.0,0.0,Bay of Bengal,-0.17726,-0.32078,0.3665
2025-06-16T00:00:00+00:00,20.0,88.0,0.0,Bay of Bengal,-0.17279,-0.32166,0.36513
2025-06-16T00:00:00+00:00,20.0,89.0,0.0,Bay of Bengal,-0.16678,-0.32232,0.36291
2025-06-16T00:00:00+00:00,20.0,90.0,0.0,Bay of Bengal,-0.15994,-0.32276,0.36021
2025-06-16T00:00:00+00:00,20.0,91.0,0.0,Bay of Bengal,-0.1531,-0.32297,0.35742
2025-06-16T00:00:00+00:00,20.0,92.0,0.0,Bay of Bengal,-0.14708,-0.32297,0.35488
2025-06-16T00:00:00+00:00,20.0,93.0,0.0,Bay of Bengal,-0.14262,-0.32274,0.35285
2025-06-16T00:00:00+00:00,20.0,94.0,0.0,Bay of Bengal,-0.14024,-0.3223,0.35149
2025-06-16T00:00:00+00:00,20.0,95.0,0.0,Bay of Bengal,-0.14024,-0.32164,0.35089
2025-06-16T00:00:00+00:00,20.0,96.0,0.0,Bay of Bengal,-0.14262,-0.32077,0.35104
2025-06-16T00:00:00+00:00,20.0,97.0,0.0,Bay of Bengal,-0.14708,-0.31968,0.35189
2025-06-16T00:00:00+00:00,20.0,98.0,0.0,Bay of Bengal,-0.1531,-0.31839,0.35328
2025-06-16T00:00:00+00:00,21.0,80.0,0.0,Bay of Bengal,-0.18417,-0.30901,0.35973
2025-06-16T00:00:00+00:00,21.0,81.0,0.0,Bay of Bengal,-0.1866,-0.31135,0.36299
2025-06-16T00:00:00+00:00,21.0,82.0,0.0,Bay of Bengal,-0.18641,-0.3135,0.36473
2025-06-16T00:00:00+00:00,21.0,83.0,0.0,Bay of Bengal,-0.18362,-0.31544,0.36499
2025-06-16T00:00:00+00:00,21.0,84.0,0.0,Bay of Bengal,-0.17861,-0.31718,0.36401
2025-06-16T00:00:00+00:00,21.0,85.0,0.0,Bay of Bengal,-0.17203,-0.3187,0.36217
2025-06-16T00:00:00+00:00,21.0,86.0,0.0,Bay of Bengal,-0.16476,-0.32001,0.35994
2025-06-16T00:00:00+00:00,21.0,87.0,0.0,Bay of Bengal,-0.15777,-0.32111,0.35778
2025-06-16T00:00:00+00:00,21.0,88.0,0.0,Bay of Bengal,-0.15199,-0.32199,0.35606
2025-06-16T00:00:00+00:00,21.0,89.0,0.0,Bay of Bengal,-0.14818,-0.32265,0.35505
2025-06-16T00:00:00+00:00,21.0,90.0,0.0,Bay of Bengal,-0.14685,-0.32308,0.35489
2025-06-16T00:00:00+00:00,21.0,91.0,0.0,Bay of Bengal,-0.14818,-0.3233,0.35564
2025-06-16T00:00:00+00:00,21.0,92.0,0.0,Bay of Bengal,-0.15199,-0.32329,0.35724
2025-06-16T00:00:00+00:00,21.0,93.0,0.0,Bay of Bengal,-0.15777,-0.32307,0.35953
2025-06-16T00:00:00+00:00,21.0,94.0,0.0,Bay of Bengal,-0.16476,-0.32262,0.36226
2025-06-16T00:00:00+00:00,21.0,95.0,0.0,Bay of Bengal,-0.17203,-0.32196,0.36503
2025-06-16T00:00:00+00:00,21.0,96.0,0.0,Bay of Bengal,-0.17861,-0.32108,0.36741
2025-06-16T00:00:00+00:00,21.0,97.0,0.0,Bay of Bengal,-0.18362,-0.31999,0.36893
2025-06-16T00:00:00+00:00,21.0,98.0,0.0,Bay of Bengal,-0.18641,-0.3187,0.36921
2025-06-16T00:00:00+00:00,22.0,80.0,0.0,Bay of Bengal,-0.18667,-0.30936,0.36131
2025-06-16T00:00:00+00:00,22.0,81.0,0.0,Bay of Bengal,-0.17999,-0.31169,0.35993
2025-06-16T00:00:00+00:00,22.0,82.0,0.0,Bay of Bengal,-0.17242,-0.31384,0.35808
2025-06-16T00:00:00+00:00,22.0,83.0,0.0,Bay of Bengal,-0.16505,-0.31578,0.35631
2025-06-16T00:00:00+00:00,22.0,84.0,0.0,Bay of Bengal,-0.15895,-0.31751,0.35508
2025-06-16T00:00:00+00:00,22.0,85.0,0.0,Bay of Bengal,-0.15502,-0.31904,0.3547
2025-06-16T00:00:00+00:00,22.0,86.0,0.0,Bay of Bengal,-0.15382,-0.32035,0.35537
2025-06-16T00:00:00+00:00,22.0,87.0,0.0,Bay of Bengal,-0.15554,-0.32144,0.3571
2025-06-16T00:00:00+00:00,22.0,88.0,0.0,Bay of Bengal,-0.15992,-0.32232,0.35981
2025-06-16T00:00:00+00:00,22.0,89.0,0.0,Bay of Bengal,-0.16632,-0.32297,0.36328
2025-06-16T00:00:00+00:00,22.0,90.0,0.0,Bay of Bengal,-0.17381,-0.32341,0.36716
2025-06-16T00:00:00+00:00,22.0,91.0,0.0,Bay of Bengal,-0.1813,-0.32362,0.37095
2025-06-16T00:00:00+00:00,22.0,92.0,0.0,Bay of Bengal,-0.18771,-0.32361,0.37411
2025-06-16T00:00:00+00:00,22.0,93.0,0.0,Bay of Bengal,-0.19208,-0.32338,0.37613
2025-06-16T00:00:00+00:00,22.0,94.0,0.0,Bay of Bengal,-0.1938,-0.32293,0.37662
2025-06-16T00:00:00+00:00,22.0,95.0,0.0,Bay of Bengal,-0.19261,-0.32227,0.37544
2025-06-16T00:00:00+00:00,22.0,96.0,0.0,Bay of Bengal,-0.18868,-0.32139,0.37268
2025-06-16T00:00:00+00:00,22.0,97.0,0.0,Bay of Bengal,-0.18258,-0.3203,0.36868
2025-06-16T00:00:00+00:00,22.0,98.0,0.0,Bay of Bengal,-0.17521,-0.319,0.36395
2025-06-16T00:00:00+00:00,6.0,80.0,50.0,Bay of Bengal,-0.06045,-0.27476,0.28133
2025-06-16T00:00:00+00:00,6.0,81.0,50.0,Bay of Bengal,-0.06159,-0.27692,0.28368
2025-06-16T00:00:00+00:00,6.0,82.0,50.0,Bay of Bengal,-0.06291,-0.2789,0.2859
2025-06-16T00:00:00+00:00,6.0,83.0,50.0,Bay of Bengal,-0.06439,-0.28069,0.28798
2025-06-16T00:00:00+00:00,6.0,84.0,50.0,Bay of Bengal,-0.06601,-0.28231,0.28992
2025-06-16T00:00:00+00:00,6.0,85.0,50.0,Bay of Bengal,-0.06777,-0.28373,0.29172
2025-06-16T00:00:00+00:00,6.0,86.0,50.0,Bay of Bengal,-0.06963,-0.28497,0.29335
2025-06-16T00:00:00+00:00,6.0,87.0,50.0,Bay of Bengal,-0.07159,-0.28601,0.29483
2025-06-16T00:00:00+00:00,6.0,88.0,50.0,Bay of Bengal,-0.07361,-0.28685,0.29614
2025-06-16T00:00:00+00:00,6.0,89.0,50.0,Bay of Bengal,-0.07568,-0.2875,0.29729
2025-06-16T00:00:00+00:00,6.0,90.0,50.0,Bay of Bengal,-0.07777,-0.28794,0.29826
2025-06-16T00:00:00+00:00,6.0,91.0,50.0,Bay of Bengal,-0.07986,-0.28819,0.29905
2025-06-16T00:00:00+00:00,6.0,92.0,50.0,Bay of Bengal,-0.08193,-0.28824,0.29966
2025-06-16T00:00:00+00:00,6.0,93.0,50.0,Bay of Bengal,-0.08395,-0.28809,0.30007
2025-06-16T00:00:00+00:00,6.0,94.0,50.0,Bay of Bengal,-0.0859,-0.28774,0.30029
2025-06-16T00:00:00+00:00,6.0,95.0,50.0,Bay of Bengal,-0.08777,-0.2872,0.30031
2025-06-16T00:00:00+00:00,6.0,96.0,50.0,Bay of Bengal,-0.08952,-0.28647,0.30013
2025-06-16T00:00:00+00:00,6.0,97.0,50.0,Bay of Bengal,-0.09115,-0.28554,0.29974
2025-06-16T00:00:00+00:00,6.0,98.0,50.0,Bay of Bengal,-0.09263,-0.28443,0.29914
2025-06-16T00:00:00+00:00,7.0,80.0,50.0,Bay of Bengal,-0.08738,-0.27511,0.28865
2025-06-16T00:00:00+00:00,7.0,81.0,50.0,Bay of Bengal,-0.08962,-0.27726,0.29139
2025-06-16T00:00:00+00:00,7.0,82.0,50.0,Bay of Bengal,-0.09172,-0.27924,0.29392
2025-06-16T00:00:00+00:00,7.0,83.0,50.0,Bay of Bengal,-0.09366,-0.28104,0.29624
2025-06-16T00:00:00+00:00,7.0,84.0,50.0,Bay of Bengal,-0.0954,-0.28266,0.29832
2025-06-16T00:00:00+00:00,7.0,85.0,50.0,Bay of Bengal,-0.09692,-0.28408,0.30016
2025-06-16T00:00:00+00:00,7.0,86.0,50.0,Bay of Bengal,-0.0982,-0.28532,0.30174
2025-06-16T00:00:00+00:00,7.0,87.0,50.0,Bay of Bengal,-0.09921,-0.28636,0.30305
2025-06-16T00:00:00+00:00,7.0,88.0,50.0,Bay of Bengal,-0.09994,-0.2872,0.30409
2025-06-16T00:00:00+00:00,7.0,89.0,50.0,Bay of Bengal,-0.10039,-0.28784,0.30485
2025-06-16T00:00:00+00:00,7.0,90.0,50.0,Bay of Bengal,-0.10054,-0.28829,0.30532
2025-06-16T00:00:00+00:00,7.0,91.0,50.0,Bay of Bengal,-0.10039,-0.28854,0.3055
2025-06-16T00:00:00+00:00,7.0,92.0,50.0,Bay of Bengal,-0.09994,-0.28858,0.3054
2025-06-16T00:00:00+00:00,7.0,93.0,50.0,Bay of Bengal,-0.09921,-0.28843,0.30502
2025-06-16T00:00:00+00:00,7.0,94.0,50.0,Bay of Bengal,-0.0982,-0.28809,0.30436
2025-06-16T00:00:00+00:00,7.0,95.0,50.0,Bay of Bengal,-0.09692,-0.28754,0.30344
2025-06-16T00:00:00+00:00,7.0,96.0,50.0,Bay of Bengal,-0.0954,-0.28681,0.30226
2025-06-16T00:00:00+00:00,7.0,97.0,50.0,Bay of Bengal,-0.09366,-0.28588,0.30083
2025-06-16T00:00:00+00:00,7.0,98.0,50.0,Bay of Bengal,-0.09172,-0.28477,0.29918
2025-06-16T00:00:00+00:00,8.0,80.0,50.0,Bay of Bengal,-0.10339,-0.27546,0.29422
2025-06-16T00:00:00+00:00,8.0,81.0,50.0,Bay of Bengal,-0.10272,-0.27761,0.29601
2025-06-16T00:00:00+00:00,8.0,82.0,50.0,Bay of Bengal,-0.10167,-0.27959,0.29751
2025-06-16T00:00:00+00:00,8.0,83.0,50.0,Bay of Bengal,-0.10028,-0.28139,0.29873
2025-06-16T00:00:00+00:00,8.0,84.0,50.0,Bay of Bengal,-0.09856,-0.28301,0.29968
2025-06-16T00:00:00+00:00,8.0,85.0,50.0,Bay of Bengal,-0.09655,-0.28443,0.30037
2025-06-16T00:00:00+00:00,8.0,86.0,50.0,Bay of Bengal,-0.09429,-0.28567,0.30083
2025-06-16T00:00:00+00:00,8.0,87.0,50.0,Bay of Bengal,-0.09183,-0.2867,0.30105
2025-06-16T00:00:00+00:00,8.0,88.0,50.0,Bay of Bengal,-0.08921,-0.28755,0.30107
2025-06-16T00:00:00+00:00,8.0,89.0,50.0,Bay of Bengal,-0.08648,-0.28819,0.30089
2025-06-16T00:00:00+00:00,8.0,90.0,50.0,Bay of Bengal,-0.0837,-0.28864,0.30053
2025-06-16T00:00:00+00:00,8.0,91.0,50.0,Bay of Bengal,-0.08091,-0.28888,0.3
2025-06-16T00:00:00+00:00,8.0,92.0,50.0,Bay of Bengal,-0.07818,-0.28893,0.29932
2025-06-16T00:00:00+00:00,8.0,93.0,50.0,Bay of Bengal,-0.07556,-0.28878,0.2985
2025-06-16T00:00:00+00:00,8.0,94.0,50.0,Bay of Bengal,-0.0731,-0.28843,0.29755
2025-06-16T00:00:00+00:00,8.0,95.0,50.0,Bay of Bengal,-0.07084,-0.28788,0.29647
2025-06-16T00:00:00+00:00,8.0,96.0,50.0,Bay of Bengal,-0.06883,-0.28715,0.29528
2025-06-16T00:00:00+00:00,8.0,97.0,50.0,Bay of Bengal,-0.06711,-0.28622,0.29398
2025-06-16T00:00:00+00:00,8.0,98.0,50.0,Bay of Bengal,-0.06572,-0.28511,0.29258
2025-06-16T00:00:00+00:00,9.0,80.0,50.0,Bay of Bengal,-0.08723,-0.2758,0.28927
2025-06-16T00:00:00+00:00,9.0,81.0,50.0,Bay of Bengal,-0.0841,-0.27796,0.29041
2025-06-16T00:00:00+00:00,9.0,82.0,50.0,Bay of Bengal,-0.08105,-0.27994,0.29144
2025-06-16T00:00:00+00:00,9.0,83.0,50.0,Bay of Bengal,-0.07815,-0.28174,0.29238
2025-06-16T00:00:00+00:00,9.0,84.0,50.0,Bay of Bengal,-0.07547,-0.28336,0.29323
2025-06-16T00:00:00+00:00,9.0,85.0,50.0,Bay of Bengal,-0.07308,-0.28478,0.29401
2025-06-16T00:00:00+00:00,9.0,86.0,50.0,Bay of Bengal,-0.07105,-0.28601,0.29471
2025-06-16T00:00:00+00:00,9.0,87.0,50.0,Bay of Bengal,-0.06941,-0.28705,0.29532
2025-06-16T00:00:00+00:00,9.0,88.0,50.0,Bay of Bengal,-0.06821,-0.28789,0.29586
2025-06-16T00:00:00+00:00,9.0,89.0,50.0,Bay of Bengal,-0.06747,-0.28854,0.29632
2025-06-16T00:00:00+00:00,9.0,90.0,50.0,Bay of Bengal,-0.06723,-0.28898,0.2967
2025-06-16T00:00:00+00:00,9.0,91.0,50.0,Bay of Bengal,-0.06747,-0.28923,0.29699
2025-06-16T00:00:00+00:00,9.0,92.0,50.0,Bay of Bengal,-0.06821,-0.28927,0.2972
2025-06-16T00:00:00+00:00,9.0,93.0,50.0,Bay of Bengal,-0.06941,-0.28912,0.29733
2025-06-16T00:00:00+00:00,9.0,94.0,50.0,Bay of Bengal,-0.07105,-0.28877,0.29738
2025-06-16T00:00:00+00:00,9.0,95.0,50.0,Bay of Bengal,-0.07308,-0.28822,0.29735
2025-06-16T00:00:00+00:00,9.0,96.0,50.0,Bay of Bengal,-0.07547,-0.28749,0.29723
2025-06-16T00:00:00+00:00,9.0,97.0,50.0,Bay of Bengal,-0.07815,-0.28656,0.29702
2025-06-16T00:00:00+00:00,9.0,98.0,50.0,Bay of Bengal,-0.08105,-0.28544,0.29672
2025-06-16T00:00:00+00:00,10.0,80.0,50.0,Bay of Bengal,-0.07142,-0.27615,0.28524
2025-06-16T00:00:00+00:00,10.0,81.0,50.0,Bay of Bengal,-0.07112,-0.27831,0.28725
2025-06-16T00:00:00+00:00,10.0,82.0,50.0,Bay of Bengal,-0.07142,-0.28029,0.28925
2025-06-16T00:00:00+00:00,10.0,83.0,50.0,Bay of Bengal,-0.07232,-0.28209,0.29121
2025-06-16T00:00:00+00:00,10.0,84.0,50.0,Bay of Bengal,-0.07379,-0.2837,0.29314
2025-06-16T00:00:00+00:00,10.0,85.0,50.0,Bay of Bengal,-0.07579,-0.28513,0.29503
2025-06-16T00:00:00+00:00,10.0,86.0,50.0,Bay of Bengal,-0.07826,-0.28636,0.29686
2025-06-16T00:00:00+00:00,10.0,87.0,50.0,Bay of Bengal,-0.08112,-0.2874,0.29863
2025-06-16T00:00:00+00:00,10.0,88.0,50.0,Bay of Bengal,-0.08428,-0.28824,0.30031
2025-06-16T00:00:00+00:00,10.0,89.0,50.0,Bay of Bengal,-0.08764,-0.28888,0.30188
2025-06-16T00:00:00+00:00,10.0,90.0,50.0,Bay of Bengal,-0.09112,-0.28932,0.30333
2025-06-16T00:00:00+00:00,10.0,91.0,50.0,Bay of Bengal,-0.09459,-0.28957,0.30463
2025-06-16T00:00:00+00:00,10.0,92.0,50.0,Bay of Bengal,-0.09796,-0.28961,0.30573
2025-06-16T00:00:00+00:00,10.0,93.0,50.0,Bay of Bengal,-0.10112,-0.28946,0.30661
2025-06-16T00:00:00+00:00,10.0,94.0,50.0,Bay of Bengal,-0.10397,-0.28911,0.30724
2025-06-16T00:00:00+00:00,10.0,95.0,50.0,Bay of Bengal,-0.10644,-0.28856,0.30757
2025-06-16T00:00:00+00:00,10.0,96.0,50.0,Bay of Bengal,-0.10844,-0.28782,0.30757
2025-06-16T00:00:00+00:00,10.0,97.0,50.0,Bay of Bengal,-0.10991,-0.28689,0.30722
2025-06-16T00:00:00+00:00,10.0,98.0,50.0,Bay of Bengal,-0.11081,-0.28577,0.30651
2025-06-16T00:00:00+00:00,11.0,80.0,50.0,Bay of Bengal,-0.0885,-0.2765,0.29032
2025-06-16T00:00:00+00:00,11.0,81.0,50.0,Bay of Bengal,-0.09221,-0.27866,0.29352
2025-06-16T00:00:00+00:00,11.0,82.0,50.0,Bay of Bengal,-0.09604,-0.28064,0.29662
2025-06-16T00:00:00+00:00,11.0,83.0,50.0,Bay of Bengal,-0.09984,-0.28244,0.29957
2025-06-16T00:00:00+00:00,11.0,84.0,50.0,Bay of Bengal,-0.10348,-0.28405,0.30231
2025-06-16T00:00:00+00:00,11.0,85.0,50.0,Bay of Bengal,-0.10681,-0.28548,0.3048
2025-06-16T00:00:00+00:00,11.0,86.0,50.0,Bay of Bengal,-0.10973,-0.28671,0.30699
2025-06-16T00:00:00+00:00,11.0,87.0,50.0,Bay of Bengal,-0.11211,-0.28774,0.30881
2025-06-16T00:00:00+00:00,11.0,88.0,50.0,Bay of Bengal,-0.11389,-0.28858,0.31024
2025-06-16T00:00:00+00:00,11.0,89.0,50.0,Bay of Bengal,-0.11497,-0.28923,0.31124
2025-06-16T00:00:00+00:00,11.0,90.0,50.0,Bay of Bengal,-0.11534,-0.28967,0.31179
2025-06-16T00:00:00+00:00,11.0,91.0,50.0,Bay of Bengal,-0.11497,-0.28991,0.31188
2025-06-16T00:00:00+00:00,11.0,92.0,50.0,Bay of Bengal,-0.11389,-0.28995,0.31152
2025-06-16T00:00:00+00:00,11.0,93.0,50.0,Bay of Bengal,-0.11211,-0.2898,0.31073
2025-06-16T00:00:00+00:00,11.0,94.0,50.0,Bay of Bengal,-0.10973,-0.28945,0.30955
2025-06-16T00:00:00+00:00,11.0,95.0,50.0,Bay of Bengal,-0.10681,-0.2889,0.30801
2025-06-16T00:00:00+00:00,11.0,96.0,50.0,Bay of Bengal,-0.10348,-0.28816,0.30617
2025-06-16T00:00:00+00:00,11.0,97.0,50.0,Bay of Bengal,-0.09984,-0.28722,0.30408
2025-06-16T00:00:00+00:00,11.0,98.0,50.0,Bay of Bengal,-0.09604,-0.28611,0.30179
2025-06-16T00:00:00+00:00,12.0,80.0,50.0,Bay of Bengal,-0.11721,-0.27685,0.30064
2025-06-16T00:00:00+00:00,12.0,81.0,50.0,Bay of Bengal,-0.11891,-0.27901,0.30329
2025-06-16T00:00:00+00:00,12.0,82.0,50.0,Bay of Bengal,-0.11978,-0.28099,0.30545
2025-06-16T00:00:00+00:00,12.0,83.0,50.0,Bay of Bengal,-0.11978,-0.28279,0.30711
2025-06-16T00:00:00+00:00,12.0,84.0,50.0,Bay of Bengal,-0.11891,-0.2844,0.30826
2025-06-16T00:00:00+00:00,12.0,85.0,50.0,Bay of Bengal,-0.11721,-0.28582,0.30892
2025-06-16T00:00:00+00:00,12.0,86.0,50.0,Bay of Bengal,-0.11475,-0.28705,0.30914
2025-06-16T00:00:00+00:00,12.0,87.0,50.0,Bay of Bengal,-0.11164,-0.28809,0.30896
2025-06-16T00:00:00+00:00,12.0,88.0,50.0,Bay of Bengal,-0.10802,-0.28893,0.30846
2025-06-16T00:00:00+00:00,12.0,89.0,50.0,Bay of Bengal,-0.10404,-0.28957,0.30769
2025-06-16T00:00:00+00:00,12.0,90.0,50.0,Bay of Bengal,-0.09988,-0.29001,0.30673
2025-06-16T00:00:00+00:00,12.0,91.0,50.0,Bay of Bengal,-0.09573,-0.29025,0.30563
2025-06-16T00:00:00+00:00,12.0,92.0,50.0,Bay of Bengal,-0.09175,-0.29029,0.30445
2025-06-16T00:00:00+00:00,12.0,93.0,50.0,Bay of Bengal,-0.08813,-0.29014,0.30323
2025-06-16T00:00:00+00:00,12.0,94.0,50.0,Bay of Bengal,-0.08502,-0.28978,0.302
2025-06-16T00:00:00+00:00,12.0,95.0,50.0,Bay of Bengal,-0.08256,-0.28923,0.30079
2025-06-16T00:00:00+00:00,12.0,96.0,50.0,Bay of Bengal,-0.08086,-0.28849,0.29961
2025-06-16T00:00:00+00:00,12.0,97.0,50.0,Bay of Bengal,-0.07999,-0.28756,0.29847
2025-06-16T00:00:00+00:00,12.0,98.0,50.0,Bay of Bengal,-0.07999,-0.28643,0.29739
2025-06-16T00:00:00+00:00,13.0,80.0,50.0,Bay of Bengal,-0.11758,-0.2772,0.30111
2025-06-16T00:00:00+00:00,13.0,81.0,50.0,Bay of Bengal,-0.1138,-0.27936,0.30165
2025-06-16T00:00:00+00:00,13.0,82.0,50.0,Bay of Bengal,-0.10956,-0.28134,0.30192
2025-06-16T00:00:00+00:00,13.0,83.0,50.0,Bay of Bengal,-0.10507,-0.28313,0.302
2025-06-16T00:00:00+00:00,13.0,84.0,50.0,Bay of Bengal,-0.10056,-0.28475,0.30198
2025-06-16T00:00:00+00:00,13.0,85.0,50.0,Bay of Bengal,-0.09627,-0.28617,0.30193
2025-06-16T00:00:00+00:00,13.0,86.0,50.0,Bay of Bengal,-0.09241,-0.2874,0.30189
2025-06-16T00:00:00+00:00,13.0,87.0,50.0,Bay of Bengal,-0.08918,-0.28843,0.30191
2025-06-16T00:00:00+00:00,13.0,88.0,50.0,Bay of Bengal,-0.08675,-0.28927,0.302
2025-06-16T00:00:00+00:00,13.0,89.0,50.0,Bay of Bengal,-0.08524,-0.28991,0.30218
2025-06-16T00:00:00+00:00,13.0,90.0,50.0,Bay of Bengal,-0.08472,-0.29035,0.30246
2025-06-16T00:00:00+00:00,13.0,91.0,50.0,Bay of Bengal,-0.08524,-0.29059,0.30283
2025-06-16T00:00:00+00:00,13.0,92.0,50.0,Bay of Bengal,-0.08675,-0.29063,0.3033
2025-06-16T00:00:00+00:00,13.0,93.0,50.0,Bay of Bengal,-0.08918,-0.29047,0.30386
2025-06-16T00:00:00+00:00,13.0,94.0,50.0,Bay of Bengal,-0.09241,-0.29012,0.30448
2025-06-16T00:00:00+00:00,13.0,95.0,50.0,Bay of Bengal,-0.09627,-0.28957,0.30515
2025-06-16T00:00:00+00:00,13.0,96.0,50.0,Bay of Bengal,-0.10056,-0.28882,0.30583
2025-06-16T00:00:00+00:00,13.0,97.0,50.0,Bay of Bengal,-0.10507,-0.28788,0.30646
2025-06-16T00:00:00+00:00,13.0,98.0,50.0,Bay of Bengal,-0.10956,-0.28676,0.30698
2025-06-16T00:00:00+00:00,14.0,80.0,50.0,Bay of Bengal,-0.09698,-0.27755,0.294
2025-06-16T00:00:00+00:00,14.0,81.0,50.0,Bay of Bengal,-0.09365,-0.27971,0.29497
2025-06-16T00:00:00+00:00,14.0,82.0,50.0,Bay of Bengal,-0.09129,-0.28168,0.29611
2025-06-16T00:00:00+00:00,14.0,83.0,50.0,Bay of Bengal,-0.09003,-0.28348,0.29743
2025-06-16T00:00:00+00:00,14.0,84.0,50.0,Bay of Bengal,-0.08994,-0.28509,0.29894
2025-06-16T00:00:00+00:00,14.0,85.0,50.0,Bay of Bengal,-0.09104,-0.28651,0.30063
2025-06-16T00:00:00+00:00,14.0,86.0,50.0,Bay of Bengal,-0.09325,-0.28774,0.30248
2025-06-16T00:00:00+00:00,14.0,87.0,50.0,Bay of Bengal,-0.09645,-0.28878,0.30446
2025-06-16T00:00:00+00:00,14.0,88.0,50.0,Bay of Bengal,-0.10044,-0.28961,0.30654
2025-06-16T00:00:00+00:00,14.0,89.0,50.0,Bay of Bengal,-0.10499,-0.29025,0.30866
2025-06-16T00:00:00+00:00,14.0,90.0,50.0,Bay of Bengal,-0.10983,-0.29069,0.31075
2025-06-16T00:00:00+00:00,14.0,91.0,50.0,Bay of Bengal,-0.11467,-0.29093,0.31271
2025-06-16T00:00:00+00:00,14.0,92.0,50.0,Bay of Bengal,-0.11922,-0.29097,0.31445
2025-06-16T00:00:00+00:00,14.0,93.0,50.0,Bay of Bengal,-0.12321,-0.29081,0.31583
2025-06-16T00:00:00+00:00,14.0,94.0,50.0,Bay of Bengal,-0.12641,-0.29045,0.31677
2025-06-16T00:00:00+00:00,14.0,95.0,50.0,Bay of Bengal,-0.12863,-0.2899,0.31715
2025-06-16T00:00:00+00:00,14.0,96.0,50.0,Bay of Bengal,-0.12972,-0.28915,0.31692
2025-06-16T00:00:00+00:00,14.0,97.0,50.0,Bay of Bengal,-0.12964,-0.28821,0.31602
2025-06-16T00:00:00+00:00,14.0,98.0,50.0,Bay of Bengal,-0.12838,-0.28709,0.31448
2025-06-16T00:00:00+00:00,15.0,80.0,50.0,Bay of Bengal,-0.09787,-0.2779,0.29463
2025-06-16T00:00:00+00:00,15.0,81.0,50.0,Bay of Bengal,-0.10105,-0.28005,0.29772
2025-06-16T00:00:00+00:00,15.0,82.0,50.0,Bay of Bengal,-0.10519,-0.28203,0.30101
2025-06-16T00:00:00+00:00,15.0,83.0,50.0,Bay of Bengal,-0.11001,-0.28383,0.3044
2025-06-16T00:00:00+00:00,15.0,84.0,50.0,Bay of Bengal,-0.11519,-0.28544,0.3078
2025-06-16T00:00:00+00:00,15.0,85.0,50.0,Bay of Bengal,-0.12036,-0.28686,0.31109
2025-06-16T00:00:00+00:00,15.0,86.0,50.0,Bay of Bengal,-0.12519,-0.28809,0.31411
2025-06-16T00:00:00+00:00,15.0,87.0,50.0,Bay of Bengal,-0.12933,-0.28912,0.31673
2025-06-16T00:00:00+00:00,15.0,88.0,50.0,Bay of Bengal,-0.13251,-0.28995,0.3188
2025-06-16T00:00:00+00:00,15.0,89.0,50.0,Bay of Bengal,-0.13451,-0.29059,0.32021
2025-06-16T00:00:00+00:00,15.0,90.0,50.0,Bay of Bengal,-0.13519,-0.29103,0.32089
2025-06-16T00:00:00+00:00,15.0,91.0,50.0,Bay of Bengal,-0.13451,-0.29127,0.32082
2025-06-16T00:00:00+00:00,15.0,92.0,50.0,Bay of Bengal,-0.13251,-0.2913,0.32002
2025-06-16T00:00:00+00:00,15.0,93.0,50.0,Bay of Bengal,-0.12933,-0.29114,0.31857
2025-06-16T00:00:00+00:00,15.0,94.0,50.0,Bay of Bengal,-0.12519,-0.29078,0.31658
2025-06-16T00:00:00+00:00,15.0,95.0,50.0,Bay of Bengal,-0.12036,-0.29023,0.3142
2025-06-16T00:00:00+00:00,15.0,96.0,50.0,Bay of Bengal,-0.11519,-0.28948,0.31155
2025-06-16T00:00:00+00:00,15.0,97.0,50.0,Bay of Bengal,-0.11001,-0.28854,0.3088
2025-06-16T00:00:00+00:00,15.0,98.0,50.0,Bay of Bengal,-0.10519,-0.28741,0.30605
2025-06-16T00:00:00+00:00,16.0,80.0,50.0,Bay of Bengal,-0.1276,-0.27824,0.30611
2025-06-16T00:00:00+00:00,16.0,81.0,50.0,Bay of Bengal,-0.13252,-0.2804,0.31014
2025-06-16T00:00:00+00:00,16.0,82.0,50.0,Bay of Bengal,-0.13652,-0.28238,0.31365
2025-06-16T00:00:00+00:00,16.0,83.0,50.0,Bay of Bengal,-0.13931,-0.28417,0.31648
2025-06-16T00:00:00+00:00,16.0,84.0,50.0,Bay of Bengal,-0.14065,-0.28578,0.31852
2025-06-16T00:00:00+00:00,16.0,85.0,50.0,Bay of Bengal,-0.14046,-0.2872,0.31971
2025-06-16T00:00:00+00:00,16.0,86.0,50.0,Bay of Bengal,-0.13874,-0.28843,0.32006
2025-06-16T00:00:00+00:00,16.0,87.0,50.0,Bay of Bengal,-0.13563,-0.28946,0.31966
2025-06-16T00:00:00+00:00,16.0,88.0,50.0,Bay of Bengal,-0.13136,-0.29029,0.31863
2025-06-16T00:00:00+00:00,16.0,89.0,50.0,Bay of Bengal,-0.12628,-0.29093,0.31715
2025-06-16T00:00:00+00:00,16.0,90.0,50.0,Bay of Bengal,-0.12076,-0.29136,0.3154
2025-06-16T00:00:00+00:00,16.0,91.0,50.0,Bay of Bengal,-0.11525,-0.2916,0.31355
2025-06-16T00:00:00+00:00,16.0,92.0,50.0,Bay of Bengal,-0.11017,-0.29164,0.31175
2025-06-16T00:00:00+00:00,16.0,93.0,50.0,Bay of Bengal,-0.1059,-0.29147,0.31011
2025-06-16T00:00:00+00:00,16.0,94.0,50.0,Bay of Bengal,-0.10279,-0.29111,0.30872
2025-06-16T00:00:00+00:00,16.0,95.0,50.0,Bay of Bengal,-0.10107,-0.29055,0.30763
2025-06-16T00:00:00+00:00,16.0,96.0,50.0,Bay of Bengal,-0.10087,-0.2898,0.30686
2025-06-16T00:00:00+00:00,16.0,97.0,50.0,Bay of Bengal,-0.10222,-0.28886,0.30641
2025-06-16T00:00:00+00:00,16.0,98.0,50.0,Bay of Bengal,-0.105,-0.28773,0.30629
2025-06-16T00:00:00+00:00,17.0,80.0,50.0,Bay of Bengal,-0.14623,-0.27859,0.31464
2025-06-16T00:00:00+00:00,17.0,81.0,50.0,Bay of Bengal,-0.14435,-0.28075,0.31568
2025-06-16T00:00:00+00:00,17.0,82.0,50.0,Bay of Bengal,-0.14092,-0.28272,0.3159
2025-06-16T00:00:00+00:00,17.0,83.0,50.0,Bay of Bengal,-0.13623,-0.28452,0.31545
2025-06-16T00:00:00+00:00,17.0,84.0,50.0,Bay of Bengal,-0.13069,-0.28613,0.31456
2025-06-16T00:00:00+00:00,17.0,85.0,50.0,Bay of Bengal,-0.12479,-0.28754,0.31346
2025-06-16T00:00:00+00:00,17.0,86.0,50.0,Bay of Bengal,-0.11904,-0.28877,0.31234
2025-06-16T00:00:00+00:00,17.0,87.0,50.0,Bay of Bengal,-0.11395,-0.2898,0.3114
2025-06-16T00:00:00+00:00,17.0,88.0,50.0,Bay of Bengal,-0.10995,-0.29063,0.31074
2025-06-16T00:00:00+00:00,17.0,89.0,50.0,Bay of Bengal,-0.10741,-0.29127,0.31044
2025-06-16T00:00:00+00:00,17.0,90.0,50.0,Bay of Bengal,-0.10653,-0.2917,0.31054
2025-06-16T00:00:00+00:00,17.0,91.0,50.0,Bay of Bengal,-0.10741,-0.29193,0.31106
2025-06-16T00:00:00+00:00,17.0,92.0,50.0,Bay of Bengal,-0.10995,-0.29197,0.31198
2025-06-16T00:00:00+00:00,17.0,93.0,50.0,Bay of Bengal,-0.11395,-0.2918,0.31326
2025-06-16T00:00:00+00:00,17.0,94.0,50.0,Bay of Bengal,-0.11904,-0.29144,0.31481
2025-06-16T00:00:00+00:00,17.0,95.0,50.0,Bay of Bengal,-0.12479,-0.29088,0.31652
2025-06-16T00:00:00+00:00,17.0,96.0,50.0,Bay of Bengal,-0.13069,-0.29012,0.3182
2025-06-16T00:00:00+00:00,17.0,97.0,50.0,Bay of Bengal,-0.13623,-0.28918,0.31966
2025-06-16T00:00:00+00:00,17.0,98.0,50.0,Bay of Bengal,-0.14092,-0.28805,0.32067
2025-06-16T00:00:00+00:00,18.0,80.0,50.0,Bay of Bengal,-0.13247,-0.27894,0.30879
2025-06-16T00:00:00+00:00,18.0,81.0,50.0,Bay of Bengal,-0.12629,-0.28109,0.30816
2025-06-16T00:00:00+00:00,18.0,82.0,50.0,Bay of Bengal,-0.12071,-0.28307,0.30773
2025-06-16T00:00:00+00:00,18.0,83.0,50.0,Bay of Bengal,-0.11629,-0.28486,0.30768
2025-06-16T00:00:00+00:00,18.0,84.0,50.0,Bay of Bengal,-0.11345,-0.28647,0.30811
2025-06-16T00:00:00+00:00,18.0,85.0,50.0,Bay of Bengal,-0.11247,-0.28788,0.30907
2025-06-16T00:00:00+00:00,18.0,86.0,50.0,Bay of Bengal,-0.11345,-0.28911,0.31057
2025-06-16T00:00:00+00:00,18.0,87.0,50.0,Bay of Bengal,-0.11629,-0.29014,0.31257
2025-06-16T00:00:00+00:00,18.0,88.0,50.0,Bay of Bengal,-0.12071,-0.29097,0.31501
2025-06-16T00:00:00+00:00,18.0,89.0,50.0,Bay of Bengal,-0.12629,-0.2916,0.31777
2025-06-16T00:00:00+00:00,18.0,90.0,50.0,Bay of Bengal,-0.13247,-0.29203,0.32067
2025-06-16T00:00:00+00:00,18.0,91.0,50.0,Bay of Bengal,-0.13865,-0.29226,0.32348
2025-06-16T00:00:00+00:00,18.0,92.0,50.0,Bay of Bengal,-0.14422,-0.2923,0.32594
2025-06-16T00:00:00+00:00,18.0,93.0,50.0,Bay of Bengal,-0.14865,-0.29213,0.32777
2025-06-16T00:00:00+00:00,18.0,94.0,50.0,Bay of Bengal,-0.15149,-0.29176,0.32875
2025-06-16T00:00:00+00:00,18.0,95.0,50.0,Bay of Bengal,-0.15247,-0.2912,0.3287
2025-06-16T00:00:00+00:00,18.0,96.0,50.0,Bay of Bengal,-0.15149,-0.29044,0.32758
2025-06-16T00:00:00+00:00,18.0,97.0,50.0,Bay of Bengal,-0.14865,-0.2895,0.32543
2025-06-16T00:00:00+00:00,18.0,98.0,50.0,Bay of Bengal,-0.14422,-0.28836,0.32242
2025-06-16T00:00:00+00:00,19.0,80.0,50.0,Bay of Bengal,-0.11884,-0.27928,0.30352
2025-06-16T00:00:00+00:00,19.0,81.0,50.0,Bay of Bengal,-0.11879,-0.28144,0.30548
2025-06-16T00:00:00+00:00,19.0,82.0,50.0,Bay of Bengal,-0.12088,-0.28341,0.30811
2025-06-16T00:00:00+00:00,19.0,83.0,50.0,Bay of Bengal,-0.1249,-0.2852,0.31135
2025-06-16T00:00:00+00:00,19.0,84.0,50.0,Bay of Bengal,-0.13041,-0.28681,0.31506
2025-06-16T00:00:00+00:00,19.0,85.0,50.0,Bay of Bengal,-0.1368,-0.28822,0.31904
2025-06-16T00:00:00+00:00,19.0,86.0,50.0,Bay of Bengal,-0.14338,-0.28945,0.32301
2025-06-16T00:00:00+00:00,19.0,87.0,50.0,Bay of Bengal,-0.14943,-0.29047,0.32666
2025-06-16T00:00:00+00:00,19.0,88.0,50.0,Bay of Bengal,-0.1543,-0.2913,0.32965
2025-06-16T00:00:00+00:00,19.0,89.0,50.0,Bay of Bengal,-0.15745,-0.29193,0.33169
2025-06-16T00:00:00+00:00,19.0,90.0,50.0,Bay of Bengal,-0.15854,-0.29236,0.33258
2025-06-16T00:00:00+00:00,19.0,91.0,50.0,Bay of Bengal,-0.15745,-0.29259,0.33227
2025-06-16T00:00:00+00:00,19.0,92.0,50.0,Bay of Bengal,-0.1543,-0.29262,0.33081
2025-06-16T00:00:00+00:00,19.0,93.0,50.0,Bay of Bengal,-0.14943,-0.29245,0.32842
2025-06-16T00:00:00+00:00,19.0,94.0,50.0,Bay of Bengal,-0.14338,-0.29208,0.32538
2025-06-16T00:00:00+00:00,19.0,95.0,50.0,Bay of Bengal,-0.1368,-0.29152,0.32202
2025-06-16T00:00:00+00:00,19.0,96.0,50.0,Bay of Bengal,-0.13041,-0.29076,0.31867
2025-06-16T00:00:00+00:00,19.0,97.0,50.0,Bay of Bengal,-0.1249,-0.28981,0.31558
2025-06-16T00:00:00+00:00,19.0,98.0,50.0,Bay of Bengal,-0.12088,-0.28867,0.31296
2025-06-16T00:00:00+00:00,20.0,80.0,50.0,Bay of Bengal,-0.13788,-0.27963,0.31177
2025-06-16T00:00:00+00:00,20.0,81.0,50.0,Bay of Bengal,-0.14472,-0.28178,0.31677
2025-06-16T00:00:00+00:00,20.0,82.0,50.0,Bay of Bengal,-0.15156,-0.28375,0.32169
2025-06-16T00:00:00+00:00,20.0,83.0,50.0,Bay of Bengal,-0.15757,-0.28554,0.32614
2025-06-16T00:00:00+00:00,20.0,84.0,50.0,Bay of Bengal,-0.16204,-0.28715,0.32971
2025-06-16T00:00:00+00:00,20.0,85.0,50.0,Bay of Bengal,-0.16441,-0.28856,0.33211
2025-06-16T00:00:00+00:00,20.0,86.0,50.0,Bay of Bengal,-0.16441,-0.28978,0.33318
2025-06-16T00:00:00+00:00,20.0,87.0,50.0,Bay of Bengal,-0.16204,-0.29081,0.33291
2025-06-16T00:00:00+00:00,20.0,88.0,50.0,Bay of Bengal,-0.15757,-0.29164,0.33148
2025-06-16T00:00:00+00:00,20.0,89.0,50.0,Bay of Bengal,-0.15156,-0.29226,0.32922
2025-06-16T00:00:00+00:00,20.0,90.0,50.0,Bay of Bengal,-0.14472,-0.29269,0.32651
2025-06-16T00:00:00+00:00,20.0,91.0,50.0,Bay of Bengal,-0.13788,-0.29292,0.32375
2025-06-16T00:00:00+00:00,20.0,92.0,50.0,Bay of Bengal,-0.13186,-0.29295,0.32126
2025-06-16T00:00:00+00:00,20.0,93.0,50.0,Bay of Bengal,-0.1274,-0.29278,0.31929
2025-06-16T00:00:00+00:00,20.0,94.0,50.0,Bay of Bengal,-0.12502,-0.2924,0.31801
2025-06-16T00:00:00+00:00,20.0,95.0,50.0,Bay of Bengal,-0.12502,-0.29184,0.31749
2025-06-16T00:00:00+00:00,20.0,96.0,50.0,Bay of Bengal,-0.1274,-0.29108,0.31774
2025-06-16T00:00:00+00:00,20.0,97.0,50.0,Bay of Bengal,-0.13186,-0.29012,0.31868
2025-06-16T00:00:00+00:00,20.0,98.0,50.0,Bay of Bengal,-0.13788,-0.28898,0.32019
2025-06-16T00:00:00+00:00,21.0,80.0,50.0,Bay of Bengal,-0.16829,-0.27997,0.32666
2025-06-16T00:00:00+00:00,21.0,81.0,50.0,Bay of Bengal,-0.17073,-0.28212,0.32976
2025-06-16T00:00:00+00:00,21.0,82.0,50.0,Bay of Bengal,-0.17053,-0.28409,0.33135
2025-06-16T00:00:00+00:00,21.0,83.0,50.0,Bay of Bengal,-0.16775,-0.28588,0.33146
2025-06-16T00:00:00+00:00,21.0,84.0,50.0,Bay of Bengal,-0.16273,-0.28749,0.33035
2025-06-16T00:00:00+00:00,21.0,85.0,50.0,Bay of Bengal,-0.15615,-0.2889,0.3284
2025-06-16T00:00:00+00:00,21.0,86.0,50.0,Bay of Bengal,-0.14888,-0.29012,0.32609
2025-06-16T00:00:00+00:00,21.0,87.0,50.0,Bay of Bengal,-0.14189,-0.29114,0.32388
2025-06-16T00:00:00+00:00,21.0,88.0,50.0,Bay of Bengal,-0.13611,-0.29197,0.32213
2025-06-16T00:00:00+00:00,21.0,89.0,50.0,Bay of Bengal,-0.1323,-0.29259,0.32111
2025-06-16T00:00:00+00:00,21.0,90.0,50.0,Bay of Bengal,-0.13097,-0.29302,0.32096
2025-06-16T00:00:00+00:00,21.0,91.0,50.0,Bay of Bengal,-0.1323,-0.29324,0.32171
2025-06-16T00:00:00+00:00,21.0,92.0,50.0,Bay of Bengal,-0.13611,-0.29327,0.32332
2025-06-16T00:00:00+00:00,21.0,93.0,50.0,Bay of Bengal,-0.14189,-0.2931,0.32564
2025-06-16T00:00:00+00:00,21.0,94.0,50.0,Bay of Bengal,-0.14888,-0.29272,0.32841
2025-06-16T00:00:00+00:00,21.0,95.0,50.0,Bay of Bengal,-0.15615,-0.29215,0.33126
2025-06-16T00:00:00+00:00,21.0,96.0,50.0,Bay of Bengal,-0.16273,-0.29139,0.33375
2025-06-16T00:00:00+00:00,21.0,97.0,50.0,Bay of Bengal,-0.16775,-0.29043,0.3354
2025-06-16T00:00:00+00:00,21.0,98.0,50.0,Bay of Bengal,-0.17053,-0.28929,0.33581
2025-06-16T00:00:00+00:00,22.0,80.0,50.0,Bay of Bengal,-0.17013,-0.28031,0.3279
2025-06-16T00:00:00+00:00,22.0,81.0,50.0,Bay of Bengal,-0.16345,-0.28246,0.32635
2025-06-16T00:00:00+00:00,22.0,82.0,50.0,Bay of Bengal,-0.15588,-0.28443,0.32434
2025-06-16T00:00:00+00:00,22.0,83.0,50.0,Bay of Bengal,-0.1485,-0.28622,0.32245
2025-06-16T00:00:00+00:00,22.0,84.0,50.0,Bay of Bengal,-0.14241,-0.28782,0.32113
2025-06-16T00:00:00+00:00,22.0,85.0,50.0,Bay of Bengal,-0.13848,-0.28923,0.32067
2025-06-16T00:00:00+00:00,22.0,86.0,50.0,Bay of Bengal,-0.13728,-0.29045,0.32126
2025-06-16T00:00:00+00:00,22.0,87.0,50.0,Bay of Bengal,-0.139,-0.29147,0.32292
2025-06-16T00:00:00+00:00,22.0,88.0,50.0,Bay of Bengal,-0.14338,-0.2923,0.32557
2025-06-16T00:00:00+00:00,22.0,89.0,50.0,Bay of Bengal,-0.14978,-0.29292,0.32899
2025-06-16T00:00:00+00:00,22.0,90.0,50.0,Bay of Bengal,-0.15727,-0.29334,0.33284
2025-06-16T00:00:00+00:00,22.0,91.0,50.0,Bay of Bengal,-0.16476,-0.29357,0.33664
2025-06-16T00:00:00+00:00,22.0,92.0,50.0,Bay of Bengal,-0.17117,-0.29359,0.33984
2025-06-16T00:00:00+00:00,22.0,93.0,50.0,Bay of Bengal,-0.17554,-0.29341,0.34192
2025-06-16T00:00:00+00:00,22.0,94.0,50.0,Bay of Bengal,-0.17726,-0.29304,0.34248
2025-06-16T00:00:00+00:00,22.0,95.0,50.0,Bay of Bengal,-0.17607,-0.29247,0.34137
2025-06-16T00:00:00+00:00,22.0,96.0,50.0,Bay of Bengal,-0.17214,-0.2917,0.3387
2025-06-16T00:00:00+00:00,22.0,97.0,50.0,Bay of Bengal,-0.16604,-0.29074,0.33481
2025-06-16T00:00:00+00:00,22.0,98.0,50.0,Bay of Bengal,-0.15867,-0.28959,0.33021
2025-06-16T00:00:00+00:00,6.0,80.0,100.0,Bay of Bengal,-0.05305,-0.24848,0.25408
2025-06-16T00:00:00+00:00,6.0,81.0,100.0,Bay of Bengal,-0.05419,-0.25046,0.25626
2025-06-16T00:00:00+00:00,6.0,82.0,100.0,Bay of Bengal,-0.05551,-0.25229,0.25832
2025-06-16T00:00:00+00:00,6.0,83.0,100.0,Bay of Bengal,-0.05699,-0.25395,0.26027
2025-06-16T00:00:00+00:00,6.0,84.0,100.0,Bay of Bengal,-0.05861,-0.25544,0.26208
2025-06-16T00:00:00+00:00,6.0,85.0,100.0,Bay of Bengal,-0.06037,-0.25677,0.26377
2025-06-16T00:00:00+00:00,6.0,86.0,100.0,Bay of Bengal,-0.06223,-0.25792,0.26532
2025-06-16T00:00:00+00:00,6.0,87.0,100.0,Bay of Bengal,-0.06419,-0.25889,0.26673
2025-06-16T00:00:00+00:00,6.0,88.0,100.0,Bay of Bengal,-0.06621,-0.25969,0.26799
2025-06-16T00:00:00+00:00,6.0,89.0,100.0,Bay of Bengal,-0.06828,-0.2603,0.26911
2025-06-16T00:00:00+00:00,6.0,90.0,100.0,Bay of Bengal,-0.07037,-0.26074,0.27007
2025-06-16T00:00:00+00:00,6.0,91.0,100.0,Bay of Bengal,-0.07246,-0.261,0.27087
2025-06-16T00:00:00+00:00,6.0,92.0,100.0,Bay of Bengal,-0.07453,-0.26107,0.2715
2025-06-16T00:00:00+00:00,6.0,93.0,100.0,Bay of Bengal,-0.07655,-0.26097,0.27197
2025-06-16T00:00:00+00:00,6.0,94.0,100.0,Bay of Bengal,-0.0785,-0.26069,0.27225
2025-06-16T00:00:00+00:00,6.0,95.0,100.0,Bay of Bengal,-0.08037,-0.26023,0.27236
2025-06-16T00:00:00+00:00,6.0,96.0,100.0,Bay of Bengal,-0.08212,-0.2596,0.27228
2025-06-16T00:00:00+00:00,6.0,97.0,100.0,Bay of Bengal,-0.08375,-0.2588,0.27201
2025-06-16T00:00:00+00:00,6.0,98.0,100.0,Bay of Bengal,-0.08523,-0.25783,0.27155
2025-06-16T00:00:00+00:00,7.0,80.0,100.0,Bay of Bengal,-0.07971,-0.24883,0.26128
2025-06-16T00:00:00+00:00,7.0,81.0,100.0,Bay of Bengal,-0.08195,-0.25081,0.26386
2025-06-16T00:00:00+00:00,7.0,82.0,100.0,Bay of Bengal,-0.08406,-0.25264,0.26625
2025-06-16T00:00:00+00:00,7.0,83.0,100.0,Bay of Bengal,-0.08599,-0.2543,0.26845
2025-06-16T00:00:00+00:00,7.0,84.0,100.0,Bay of Bengal,-0.08774,-0.25579,0.27042
2025-06-16T00:00:00+00:00,7.0,85.0,100.0,Bay of Bengal,-0.08926,-0.25712,0.27217
2025-06-16T00:00:00+00:00,7.0,86.0,100.0,Bay of Bengal,-0.09053,-0.25826,0.27367
2025-06-16T00:00:00+00:00,7.0,87.0,100.0,Bay of Bengal,-0.09155,-0.25924,0.27493
2025-06-16T00:00:00+00:00,7.0,88.0,100.0,Bay of Bengal,-0.09228,-0.26003,0.27592
2025-06-16T00:00:00+00:00,7.0,89.0,100.0,Bay of Bengal,-0.09272,-0.26065,0.27665
2025-06-16T00:00:00+00:00,7.0,90.0,100.0,Bay of Bengal,-0.09287,-0.26109,0.27711
2025-06-16T00:00:00+00:00,7.0,91.0,100.0,Bay of Bengal,-0.09272,-0.26134,0.27731
2025-06-16T00:00:00+00:00,7.0,92.0,100.0,Bay of Bengal,-0.09228,-0.26142,0.27723
2025-06-16T00:00:00+00:00,7.0,93.0,100.0,Bay of Bengal,-0.09155,-0.26132,0.27689
2025-06-16T00:00:00+00:00,7.0,94.0,100.0,Bay of Bengal,-0.09053,-0.26103,0.27629
2025-06-16T00:00:00+00:00,7.0,95.0,100.0,Bay of Bengal,-0.08926,-0.26058,0.27544
2025-06-16T00:00:00+00:00,7.0,96.0,100.0,Bay of Bengal,-0.08774,-0.25994,0.27435
2025-06-16T00:00:00+00:00,7.0,97.0,100.0,Bay of Bengal,-0.08599,-0.25914,0.27303
2025-06-16T00:00:00+00:00,7.0,98.0,100.0,Bay of Bengal,-0.08406,-0.25816,0.2715
2025-06-16T00:00:00+00:00,8.0,80.0,100.0,Bay of Bengal,-0.09543,-0.24918,0.26682
2025-06-16T00:00:00+00:00,8.0,81.0,100.0,Bay of Bengal,-0.09475,-0.25116,0.26844
2025-06-16T00:00:00+00:00,8.0,82.0,100.0,Bay of Bengal,-0.09371,-0.25299,0.26978
2025-06-16T00:00:00+00:00,8.0,83.0,100.0,Bay of Bengal,-0.09231,-0.25465,0.27086
2025-06-16T00:00:00+00:00,8.0,84.0,100.0,Bay of Bengal,-0.09059,-0.25614,0.27169
2025-06-16T00:00:00+00:00,8.0,85.0,100.0,Bay of Bengal,-0.08859,-0.25746,0.27228
2025-06-16T00:00:00+00:00,8.0,86.0,100.0,Bay of Bengal,-0.08633,-0.25861,0.27264
2025-06-16T00:00:00+00:00,8.0,87.0,100.0,Bay of Bengal,-0.08387,-0.25959,0.2728
2025-06-16T00:00:00+00:00,8.0,88.0,100.0,Bay of Bengal,-0.08124,-0.26038,0.27276
2025-06-16T00:00:00+00:00,8.0,89.0,100.0,Bay of Bengal,-0.07851,-0.261,0.27255
2025-06-16T00:00:00+00:00,8.0,90.0,100.0,Bay of Bengal,-0.07573,-0.26143,0.27218
2025-06-16T00:00:00+00:00,8.0,91.0,100.0,Bay of Bengal,-0.07295,-0.26169,0.27167
2025-06-16T00:00:00+00:00,8.0,92.0,100.0,Bay of Bengal,-0.07022,-0.26176,0.27102
2025-06-16T00:00:00+00:00,8.0,93.0,100.0,Bay of Bengal,-0.0676,-0.26166,0.27025
2025-06-16T00:00:00+00:00,8.0,94.0,100.0,Bay of Bengal,-0.06513,-0.26138,0.26937
2025-06-16T00:00:00+00:00,8.0,95.0,100.0,Bay of Bengal,-0.06288,-0.26092,0.26839
2025-06-16T00:00:00+00:00,8.0,96.0,100.0,Bay of Bengal,-0.06087,-0.26028,0.2673
2025-06-16T00:00:00+00:00,8.0,97.0,100.0,Bay of Bengal,-0.05915,-0.25948,0.26613
2025-06-16T00:00:00+00:00,8.0,98.0,100.0,Bay of Bengal,-0.05775,-0.2585,0.26487
2025-06-16T00:00:00+00:00,9.0,80.0,100.0,Bay of Bengal,-0.07893,-0.24953,0.26171
2025-06-16T00:00:00+00:00,9.0,81.0,100.0,Bay of Bengal,-0.0758,-0.25151,0.26268
2025-06-16T00:00:00+00:00,9.0,82.0,100.0,Bay of Bengal,-0.07275,-0.25334,0.26357
2025-06-16T00:00:00+00:00,9.0,83.0,100.0,Bay of Bengal,-0.06985,-0.255,0.26439
2025-06-16T00:00:00+00:00,9.0,84.0,100.0,Bay of Bengal,-0.06717,-0.25649,0.26514
2025-06-16T00:00:00+00:00,9.0,85.0,100.0,Bay of Bengal,-0.06478,-0.25781,0.26583
2025-06-16T00:00:00+00:00,9.0,86.0,100.0,Bay of Bengal,-0.06275,-0.25896,0.26645
2025-06-16T00:00:00+00:00,9.0,87.0,100.0,Bay of Bengal,-0.06111,-0.25993,0.26702
2025-06-16T00:00:00+00:00,9.0,88.0,100.0,Bay of Bengal,-0.05991,-0.26073,0.26752
2025-06-16T00:00:00+00:00,9.0,89.0,100.0,Bay of Bengal,-0.05917,-0.26134,0.26796
2025-06-16T00:00:00+00:00,9.0,90.0,100.0,Bay of Bengal,-0.05893,-0.26178,0.26833
2025-06-16T00:00:00+00:00,9.0,91.0,100.0,Bay of Bengal,-0.05917,-0.26203,0.26863
2025-06-16T00:00:00+00:00,9.0,92.0,100.0,Bay of Bengal,-0.05991,-0.26211,0.26887
2025-06-16T00:00:00+00:00,9.0,93.0,100.0,Bay of Bengal,-0.06111,-0.262,0.26903
2025-06-16T00:00:00+00:00,9.0,94.0,100.0,Bay of Bengal,-0.06275,-0.26172,0.26913
2025-06-16T00:00:00+00:00,9.0,95.0,100.0,Bay of Bengal,-0.06478,-0.26126,0.26917
2025-06-16T00:00:00+00:00,9.0,96.0,100.0,Bay of Bengal,-0.06717,-0.26062,0.26914
2025-06-16T00:00:00+00:00,9.0,97.0,100.0,Bay of Bengal,-0.06985,-0.25981,0.26904
2025-06-16T00:00:00+00:00,9.0,98.0,100.0,Bay of Bengal,-0.07275,-0.25883,0.26886
2025-06-16T00:00:00+00:00,10.0,80.0,100.0,Bay of Bengal,-0.06275,-0.24987,0.25763
2025-06-16T00:00:00+00:00,10.0,81.0,100.0,Bay of Bengal,-0.06244,-0.25186,0.25949
2025-06-16T00:00:00+00:00,10.0,82.0,100.0,Bay of Bengal,-0.06275,-0.25368,0.26133
2025-06-16T00:00:00+00:00,10.0,83.0,100.0,Bay of Bengal,-0.06365,-0.25535,0.26316
2025-06-16T00:00:00+00:00,10.0,84.0,100.0,Bay of Bengal,-0.06512,-0.25684,0.26497
2025-06-16T00:00:00+00:00,10.0,85.0,100.0,Bay of Bengal,-0.06712,-0.25816,0.26674
2025-06-16T00:00:00+00:00,10.0,86.0,100.0,Bay of Bengal,-0.06959,-0.25931,0.26848
2025-06-16T00:00:00+00:00,10.0,87.0,100.0,Bay of Bengal,-0.07244,-0.26028,0.27017
2025-06-16T00:00:00+00:00,10.0,88.0,100.0,Bay of Bengal,-0.0756,-0.26107,0.2718
2025-06-16T00:00:00+00:00,10.0,89.0,100.0,Bay of Bengal,-0.07897,-0.26169,0.27334
2025-06-16T00:00:00+00:00,10.0,90.0,100.0,Bay of Bengal,-0.08244,-0.26212,0.27478
2025-06-16T00:00:00+00:00,10.0,91.0,100.0,Bay of Bengal,-0.08592,-0.26238,0.27609
2025-06-16T00:00:00+00:00,10.0,92.0,100.0,Bay of Bengal,-0.08929,-0.26245,0.27722
2025-06-16T00:00:00+00:00,10.0,93.0,100.0,Bay of Bengal,-0.09244,-0.26234,0.27815
2025-06-16T00:00:00+00:00,10.0,94.0,100.0,Bay of Bengal,-0.0953,-0.26206,0.27885
2025-06-16T00:00:00+00:00,10.0,95.0,100.0,Bay of Bengal,-0.09777,-0.26159,0.27927
2025-06-16T00:00:00+00:00,10.0,96.0,100.0,Bay of Bengal,-0.09977,-0.26096,0.27938
2025-06-16T00:00:00+00:00,10.0,97.0,100.0,Bay of Bengal,-0.10124,-0.26015,0.27915
2025-06-16T00:00:00+00:00,10.0,98.0,100.0,Bay of Bengal,-0.10214,-0.25917,0.27857
2025-06-16T00:00:00+00:00,11.0,80.0,100.0,Bay of Bengal,-0.07943,-0.25022,0.26253
2025-06-16T00:00:00+00:00,11.0,81.0,100.0,Bay of Bengal,-0.08314,-0.25221,0.26556
2025-06-16T00:00:00+00:00,11.0,82.0,100.0,Bay of Bengal,-0.08697,-0.25403,0.26851
2025-06-16T00:00:00+00:00,11.0,83.0,100.0,Bay of Bengal,-0.09077,-0.25569,0.27133
2025-06-16T00:00:00+00:00,11.0,84.0,100.0,Bay of Bengal,-0.0944,-0.25719,0.27397
2025-06-16T00:00:00+00:00,11.0,85.0,100.0,Bay of Bengal,-0.09774,-0.25851,0.27637
2025-06-16T00:00:00+00:00,11.0,86.0,100.0,Bay of Bengal,-0.10066,-0.25966,0.27848
2025-06-16T00:00:00+00:00,11.0,87.0,100.0,Bay of Bengal,-0.10304,-0.26063,0.28026
2025-06-16T00:00:00+00:00,11.0,88.0,100.0,Bay of Bengal,-0.10481,-0.26142,0.28165
2025-06-16T00:00:00+00:00,11.0,89.0,100.0,Bay of Bengal,-0.1059,-0.26203,0.28262
2025-06-16T00:00:00+00:00,11.0,90.0,100.0,Bay of Bengal,-0.10627,-0.26247,0.28316
2025-06-16T00:00:00+00:00,11.0,91.0,100.0,Bay of Bengal,-0.1059,-0.26272,0.28326
2025-06-16T00:00:00+00:00,11.0,92.0,100.0,Bay of Bengal,-0.10481,-0.26279,0.28292
2025-06-16T00:00:00+00:00,11.0,93.0,100.0,Bay of Bengal,-0.10304,-0.26268,0.28217
2025-06-16T00:00:00+00:00,11.0,94.0,100.0,Bay of Bengal,-0.10066,-0.26239,0.28104
2025-06-16T00:00:00+00:00,11.0,95.0,100.0,Bay of Bengal,-0.09774,-0.26193,0.27957
2025-06-16T00:00:00+00:00,11.0,96.0,100.0,Bay of Bengal,-0.0944,-0.26129,0.27782
2025-06-16T00:00:00+00:00,11.0,97.0,100.0,Bay of Bengal,-0.09077,-0.26048,0.27584
2025-06-16T00:00:00+00:00,11.0,98.0,100.0,Bay of Bengal,-0.08697,-0.2595,0.27368
2025-06-16T00:00:00+00:00,12.0,80.0,100.0,Bay of Bengal,-0.1077,-0.25057,0.27274
2025-06-16T00:00:00+00:00,12.0,81.0,100.0,Bay of Bengal,-0.1094,-0.25256,0.27523
2025-06-16T00:00:00+00:00,12.0,82.0,100.0,Bay of Bengal,-0.11027,-0.25438,0.27725
2025-06-16T00:00:00+00:00,12.0,83.0,100.0,Bay of Bengal,-0.11027,-0.25604,0.27878
2025-06-16T00:00:00+00:00,12.0,84.0,100.0,Bay of Bengal,-0.1094,-0.25753,0.27981
2025-06-16T00:00:00+00:00,12.0,85.0,100.0,Bay of Bengal,-0.1077,-0.25886,0.28037
2025-06-16T00:00:00+00:00,12.0,86.0,100.0,Bay of Bengal,-0.10524,-0.26,0.28049
2025-06-16T00:00:00+00:00,12.0,87.0,100.0,Bay of Bengal,-0.10213,-0.26097,0.28025
2025-06-16T00:00:00+00:00,12.0,88.0,100.0,Bay of Bengal,-0.09851,-0.26176,0.27969
2025-06-16T00:00:00+00:00,12.0,89.0,100.0,Bay of Bengal,-0.09454,-0.26238,0.27889
2025-06-16T00:00:00+00:00,12.0,90.0,100.0,Bay of Bengal,-0.09038,-0.26281,0.27791
2025-06-16T00:00:00+00:00,12.0,91.0,100.0,Bay of Bengal,-0.08622,-0.26306,0.27683
2025-06-16T00:00:00+00:00,12.0,92.0,100.0,Bay of Bengal,-0.08224,-0.26313,0.27568
2025-06-16T00:00:00+00:00,12.0,93.0,100.0,Bay of Bengal,-0.07862,-0.26302,0.27452
2025-06-16T00:00:00+00:00,12.0,94.0,100.0,Bay of Bengal,-0.07552,-0.26273,0.27337
2025-06-16T00:00:00+00:00,12.0,95.0,100.0,Bay of Bengal,-0.07306,-0.26227,0.27225
2025-06-16T00:00:00+00:00,12.0,96.0,100.0,Bay of Bengal,-0.07136,-0.26162,0.27118
2025-06-16T00:00:00+00:00,12.0,97.0,100.0,Bay of Bengal,-0.07049,-0.26081,0.27017
2025-06-16T00:00:00+00:00,12.0,98.0,100.0,Bay of Bengal,-0.07049,-0.25983,0.26922
2025-06-16T00:00:00+00:00,13.0,80.0,100.0,Bay of Bengal,-0.10761,-0.25092,0.27302
2025-06-16T00:00:00+00:00,13.0,81.0,100.0,Bay of Bengal,-0.10384,-0.25291,0.27339
2025-06-16T00:00:00+00:00,13.0,82.0,100.0,Bay of Bengal,-0.0996,-0.25473,0.27351
2025-06-16T00:00:00+00:00,13.0,83.0,100.0,Bay of Bengal,-0.09511,-0.25639,0.27346
2025-06-16T00:00:00+00:00,13.0,84.0,100.0,Bay of Bengal,-0.0906,-0.25788,0.27333
2025-06-16T00:00:00+00:00,13.0,85.0,100.0,Bay of Bengal,-0.0863,-0.2592,0.27319
2025-06-16T00:00:00+00:00,13.0,86.0,100.0,Bay of Bengal,-0.08244,-0.26035,0.27309
2025-06-16T00:00:00+00:00,13.0,87.0,100.0,Bay of Bengal,-0.07921,-0.26132,0.27306
2025-06-16T00:00:00+00:00,13.0,88.0,100.0,Bay of Bengal,-0.07678,-0.26211,0.27312
2025-06-16T00:00:00+00:00,13.0,89.0,100.0,Bay of Bengal,-0.07527,-0.26272,0.27329
2025-06-16T00:00:00+00:00,13.0,90.0,100.0,Bay of Bengal,-0.07476,-0.26315,0.27356
2025-06-16T00:00:00+00:00,13.0,91.0,100.0,Bay of Bengal,-0.07527,-0.2634,0.27394
2025-06-16T00:00:00+00:00,13.0,92.0,100.0,Bay of Bengal,-0.07678,-0.26347,0.27443
2025-06-16T00:00:00+00:00,13.0,93.0,100.0,Bay of Bengal,-0.07921,-0.26336,0.27501
2025-06-16T00:00:00+00:00,13.0,94.0,100.0,Bay of Bengal,-0.08244,-0.26307,0.27568
2025-06-16T00:00:00+00:00,13.0,95.0,100.0,Bay of Bengal,-0.0863,-0.2626,0.27642
2025-06-16T00:00:00+00:00,13.0,96.0,100.0,Bay of Bengal,-0.0906,-0.26196,0.27718
2025-06-16T00:00:00+00:00,13.0,97.0,100.0,Bay of Bengal,-0.09511,-0.26114,0.27792
2025-06-16T00:00:00+00:00,13.0,98.0,100.0,Bay of Bengal,-0.0996,-0.26015,0.27857
2025-06-16T00:00:00+00:00,14.0,80.0,100.0,Bay of Bengal,-0.08652,-0.25127,0.26575
2025-06-16T00:00:00+00:00,14.0,81.0,100.0,Bay of Bengal,-0.0832,-0.25325,0.26657
2025-06-16T00:00:00+00:00,14.0,82.0,100.0,Bay of Bengal,-0.08084,-0.25508,0.26758
2025-06-16T00:00:00+00:00,14.0,83.0,100.0,Bay of Bengal,-0.07957,-0.25674,0.26879
2025-06-16T00:00:00+00:00,14.0,84.0,100.0,Bay of Bengal,-0.07949,-0.25823,0.27019
2025-06-16T00:00:00+00:00,14.0,85.0,100.0,Bay of Bengal,-0.08059,-0.25955,0.27177
2025-06-16T00:00:00+00:00,14.0,86.0,100.0,Bay of Bengal,-0.0828,-0.26069,0.27352
2025-06-16T00:00:00+00:00,14.0,87.0,100.0,Bay of Bengal,-0.086,-0.26166,0.27543
2025-06-16T00:00:00+00:00,14.0,88.0,100.0,Bay of Bengal,-0.08999,-0.26245,0.27745
2025-06-16T00:00:00+00:00,14.0,89.0,100.0,Bay of Bengal,-0.09454,-0.26306,0.27953
2025-06-16T00:00:00+00:00,14.0,90.0,100.0,Bay of Bengal,-0.09938,-0.26349,0.28161
2025-06-16T00:00:00+00:00,14.0,91.0,100.0,Bay of Bengal,-0.10422,-0.26374,0.28358
2025-06-16T00:00:00+00:00,14.0,92.0,100.0,Bay of Bengal,-0.10877,-0.2638,0.28535
2025-06-16T00:00:00+00:00,14.0,93.0,100.0,Bay of Bengal,-0.11276,-0.26369,0.28679
2025-06-16T00:00:00+00:00,14.0,94.0,100.0,Bay of Bengal,-0.11596,-0.2634,0.28779
2025-06-16T00:00:00+00:00,14.0,95.0,100.0,Bay of Bengal,-0.11817,-0.26293,0.28827
2025-06-16T00:00:00+00:00,14.0,96.0,100.0,Bay of Bengal,-0.11927,-0.26228,0.28813
2025-06-16T00:00:00+00:00,14.0,97.0,100.0,Bay of Bengal,-0.11919,-0.26147,0.28735
2025-06-16T00:00:00+00:00,14.0,98.0,100.0,Bay of Bengal,-0.11792,-0.26048,0.28593
2025-06-16T00:00:00+00:00,15.0,80.0,100.0,Bay of Bengal,-0.08691,-0.25162,0.2662
2025-06-16T00:00:00+00:00,15.0,81.0,100.0,Bay of Bengal,-0.09008,-0.2536,0.26913
2025-06-16T00:00:00+00:00,15.0,82.0,100.0,Bay of Bengal,-0.09423,-0.25542,0.27225
2025-06-16T00:00:00+00:00,15.0,83.0,100.0,Bay of Bengal,-0.09905,-0.25708,0.2755
2025-06-16T00:00:00+00:00,15.0,84.0,100.0,Bay of Bengal,-0.10423,-0.25857,0.27879
2025-06-16T00:00:00+00:00,15.0,85.0,100.0,Bay of Bengal,-0.1094,-0.25989,0.28198
2025-06-16T00:00:00+00:00,15.0,86.0,100.0,Bay of Bengal,-0.11423,-0.26103,0.28493
2025-06-16T00:00:00+00:00,15.0,87.0,100.0,Bay of Bengal,-0.11837,-0.262,0.2875
2025-06-16T00:00:00+00:00,15.0,88.0,100.0,Bay of Bengal,-0.12155,-0.26279,0.28954
2025-06-16T00:00:00+00:00,15.0,89.0,100.0,Bay of Bengal,-0.12355,-0.2634,0.29093
2025-06-16T00:00:00+00:00,15.0,90.0,100.0,Bay of Bengal,-0.12423,-0.26383,0.29161
2025-06-16T00:00:00+00:00,15.0,91.0,100.0,Bay of Bengal,-0.12355,-0.26407,0.29154
2025-06-16T00:00:00+00:00,15.0,92.0,100.0,Bay of Bengal,-0.12155,-0.26414,0.29076
2025-06-16T00:00:00+00:00,15.0,93.0,100.0,Bay of Bengal,-0.11837,-0.26402,0.28934
2025-06-16T00:00:00+00:00,15.0,94.0,100.0,Bay of Bengal,-0.11423,-0.26373,0.2874
2025-06-16T00:00:00+00:00,15.0,95.0,100.0,Bay of Bengal,-0.1094,-0.26326,0.28509
2025-06-16T00:00:00+00:00,15.0,96.0,100.0,Bay of Bengal,-0.10423,-0.26261,0.28254
2025-06-16T00:00:00+00:00,15.0,97.0,100.0,Bay of Bengal,-0.09905,-0.26179,0.2799
2025-06-16T00:00:00+00:00,15.0,98.0,100.0,Bay of Bengal,-0.09423,-0.2608,0.2773
2025-06-16T00:00:00+00:00,16.0,80.0,100.0,Bay of Bengal,-0.11611,-0.25196,0.27743
2025-06-16T00:00:00+00:00,16.0,81.0,100.0,Bay of Bengal,-0.12103,-0.25395,0.28131
2025-06-16T00:00:00+00:00,16.0,82.0,100.0,Bay of Bengal,-0.12503,-0.25577,0.2847
2025-06-16T00:00:00+00:00,16.0,83.0,100.0,Bay of Bengal,-0.12782,-0.25743,0.28741
2025-06-16T00:00:00+00:00,16.0,84.0,100.0,Bay of Bengal,-0.12916,-0.25892,0.28935
2025-06-16T00:00:00+00:00,16.0,85.0,100.0,Bay of Bengal,-0.12897,-0.26023,0.29044
2025-06-16T00:00:00+00:00,16.0,86.0,100.0,Bay of Bengal,-0.12725,-0.26138,0.29071
2025-06-16T00:00:00+00:00,16.0,87.0,100.0,Bay of Bengal,-0.12414,-0.26234,0.29023
2025-06-16T00:00:00+00:00,16.0,88.0,100.0,Bay of Bengal,-0.11987,-0.26313,0.28915
2025-06-16T00:00:00+00:00,16.0,89.0,100.0,Bay of Bengal,-0.11479,-0.26374,0.28763
2025-06-16T00:00:00+00:00,16.0,90.0,100.0,Bay of Bengal,-0.10927,-0.26416,0.28587
2025-06-16T00:00:00+00:00,16.0,91.0,100.0,Bay of Bengal,-0.10376,-0.26441,0.28404
2025-06-16T00:00:00+00:00,16.0,92.0,100.0,Bay of Bengal,-0.09867,-0.26447,0.28228
2025-06-16T00:00:00+00:00,16.0,93.0,100.0,Bay of Bengal,-0.09441,-0.26435,0.28071
2025-06-16T00:00:00+00:00,16.0,94.0,100.0,Bay of Bengal,-0.0913,-0.26406,0.2794
2025-06-16T00:00:00+00:00,16.0,95.0,100.0,Bay of Bengal,-0.08958,-0.26359,0.27839
2025-06-16T00:00:00+00:00,16.0,96.0,100.0,Bay of Bengal,-0.08938,-0.26294,0.27771
2025-06-16T00:00:00+00:00,16.0,97.0,100.0,Bay of Bengal,-0.09073,-0.26211,0.27737
2025-06-16T00:00:00+00:00,16.0,98.0,100.0,Bay of Bengal,-0.09351,-0.26112,0.27736
2025-06-16T00:00:00+00:00,17.0,80.0,100.0,Bay of Bengal,-0.13419,-0.25231,0.28578
2025-06-16T00:00:00+00:00,17.0,81.0,100.0,Bay of Bengal,-0.13231,-0.25429,0.28666
2025-06-16T00:00:00+00:00,17.0,82.0,100.0,Bay of Bengal,-0.12888,-0.25612,0.28671
2025-06-16T00:00:00+00:00,17.0,83.0,100.0,Bay of Bengal,-0.12419,-0.25777,0.28613
2025-06-16T00:00:00+00:00,17.0,84.0,100.0,Bay of Bengal,-0.11865,-0.25926,0.28512
2025-06-16T00:00:00+00:00,17.0,85.0,100.0,Bay of Bengal,-0.11275,-0.26058,0.28392
2025-06-16T00:00:00+00:00,17.0,86.0,100.0,Bay of Bengal,-0.107,-0.26172,0.28275
2025-06-16T00:00:00+00:00,17.0,87.0,100.0,Bay of Bengal,-0.10191,-0.26268,0.28176
2025-06-16T00:00:00+00:00,17.0,88.0,100.0,Bay of Bengal,-0.09791,-0.26347,0.28107
2025-06-16T00:00:00+00:00,17.0,89.0,100.0,Bay of Bengal,-0.09537,-0.26407,0.28077
2025-06-16T00:00:00+00:00,17.0,90.0,100.0,Bay of Bengal,-0.09449,-0.2645,0.28087
2025-06-16T00:00:00+00:00,17.0,91.0,100.0,Bay of Bengal,-0.09537,-0.26474,0.28139
2025-06-16T00:00:00+00:00,17.0,92.0,100.0,Bay of Bengal,-0.09791,-0.2648,0.28232
2025-06-16T00:00:00+00:00,17.0,93.0,100.0,Bay of Bengal,-0.10191,-0.26468,0.28362
2025-06-16T00:00:00+00:00,17.0,94.0,100.0,Bay of Bengal,-0.107,-0.26439,0.28522
2025-06-16T00:00:00+00:00,17.0,95.0,100.0,Bay of Bengal,-0.11275,-0.26391,0.28699
2025-06-16T00:00:00+00:00,17.0,96.0,100.0,Bay of Bengal,-0.11865,-0.26326,0.28876
2025-06-16T00:00:00+00:00,17.0,97.0,100.0,Bay of Bengal,-0.12419,-0.26243,0.29034
2025-06-16T00:00:00+00:00,17.0,98.0,100.0,Bay of Bengal,-0.12888,-0.26144,0.29148
2025-06-16T00:00:00+00:00,18.0,80.0,100.0,Bay of Bengal,-0.11986,-0.25266,0.27965
2025-06-16T00:00:00+00:00,18.0,81.0,100.0,Bay of Bengal,-0.11368,-0.25464,0.27886
2025-06-16T00:00:00+00:00,18.0,82.0,100.0,Bay of Bengal,-0.10811,-0.25646,0.27831
2025-06-16T00:00:00+00:00,18.0,83.0,100.0,Bay of Bengal,-0.10368,-0.25812,0.27816
2025-06-16T00:00:00+00:00,18.0,84.0,100.0,Bay of Bengal,-0.10084,-0.2596,0.2785
2025-06-16T00:00:00+00:00,18.0,85.0,100.0,Bay of Bengal,-0.09986,-0.26092,0.27937
2025-06-16T00:00:00+00:00,18.0,86.0,100.0,Bay of Bengal,-0.10084,-0.26206,0.28079
2025-06-16T00:00:00+00:00,18.0,87.0,100.0,Bay of Bengal,-0.10368,-0.26302,0.28272
2025-06-16T00:00:00+00:00,18.0,88.0,100.0,Bay of Bengal,-0.10811,-0.2638,0.2851
2025-06-16T00:00:00+00:00,18.0,89.0,100.0,Bay of Bengal,-0.11368,-0.26441,0.28781
2025-06-16T00:00:00+00:00,18.0,90.0,100.0,Bay of Bengal,-0.11986,-0.26483,0.29069
2025-06-16T00:00:00+00:00,18.0,91.0,100.0,Bay of Bengal,-0.12604,-0.26507,0.29351
2025-06-16T00:00:00+00:00,18.0,92.0,100.0,Bay of Bengal,-0.13162,-0.26513,0.296
2025-06-16T00:00:00+00:00,18.0,93.0,100.0,Bay of Bengal,-0.13604,-0.26501,0.29789
2025-06-16T00:00:00+00:00,18.0,94.0,100.0,Bay of Bengal,-0.13888,-0.26471,0.29893
2025-06-16T00:00:00+00:00,18.0,95.0,100.0,Bay of Bengal,-0.13986,-0.26423,0.29897
2025-06-16T00:00:00+00:00,18.0,96.0,100.0,Bay of Bengal,-0.13888,-0.26358,0.29793
2025-06-16T00:00:00+00:00,18.0,97.0,100.0,Bay of Bengal,-0.13604,-0.26275,0.29588
2025-06-16T00:00:00+00:00,18.0,98.0,100.0,Bay of Bengal,-0.13162,-0.26175,0.29298
2025-06-16T00:00:00+00:00,19.0,80.0,100.0,Bay of Bengal,-0.10566,-0.253,0.27418
2025-06-16T00:00:00+00:00,19.0,81.0,100.0,Bay of Bengal,-0.1056,-0.25498,0.27599
2025-06-16T00:00:00+00:00,19.0,82.0,100.0,Bay of Bengal,-0.1077,-0.2568,0.27847
2025-06-16T00:00:00+00:00,19.0,83.0,100.0,Bay of Bengal,-0.11172,-0.25846,0.28157
2025-06-16T00:00:00+00:00,19.0,84.0,100.0,Bay of Bengal,-0.11722,-0.25994,0.28515
2025-06-16T00:00:00+00:00,19.0,85.0,100.0,Bay of Bengal,-0.12361,-0.26126,0.28902
2025-06-16T00:00:00+00:00,19.0,86.0,100.0,Bay of Bengal,-0.13019,-0.26239,0.29292
2025-06-16T00:00:00+00:00,19.0,87.0,100.0,Bay of Bengal,-0.13625,-0.26336,0.29651
2025-06-16T00:00:00+00:00,19.0,88.0,100.0,Bay of Bengal,-0.14112,-0.26414,0.29947
2025-06-16T00:00:00+00:00,19.0,89.0,100.0,Bay of Bengal,-0.14427,-0.26474,0.3015
2025-06-16T00:00:00+00:00,19.0,90.0,100.0,Bay of Bengal,-0.14536,-0.26516,0.30239
2025-06-16T00:00:00+00:00,19.0,91.0,100.0,Bay of Bengal,-0.14427,-0.2654,0.30208
2025-06-16T00:00:00+00:00,19.0,92.0,100.0,Bay of Bengal,-0.14112,-0.26546,0.30064
2025-06-16T00:00:00+00:00,19.0,93.0,100.0,Bay of Bengal,-0.13625,-0.26534,0.29827
2025-06-16T00:00:00+00:00,19.0,94.0,100.0,Bay of Bengal,-0.13019,-0.26503,0.29528
2025-06-16T00:00:00+00:00,19.0,95.0,100.0,Bay of Bengal,-0.12361,-0.26455,0.29201
2025-06-16T00:00:00+00:00,19.0,96.0,100.0,Bay of Bengal,-0.11722,-0.2639,0.28876
2025-06-16T00:00:00+00:00,19.0,97.0,100.0,Bay of Bengal,-0.11172,-0.26307,0.28581
2025-06-16T00:00:00+00:00,19.0,98.0,100.0,Bay of Bengal,-0.1077,-0.26207,0.28333
2025-06-16T00:00:00+00:00,20.0,80.0,100.0,Bay of Bengal,-0.12411,-0.25335,0.28211
2025-06-16T00:00:00+00:00,20.0,81.0,100.0,Bay of Bengal,-0.13095,-0.25533,0.28695
2025-06-16T00:00:00+00:00,20.0,82.0,100.0,Bay of Bengal,-0.13779,-0.25715,0.29173
2025-06-16T00:00:00+00:00,20.0,83.0,100.0,Bay of Bengal,-0.1438,-0.2588,0.29607
2025-06-16T00:00:00+00:00,20.0,84.0,100.0,Bay of Bengal,-0.14827,-0.26028,0.29955
2025-06-16T00:00:00+00:00,20.0,85.0,100.0,Bay of Bengal,-0.15064,-0.26159,0.30187
2025-06-16T00:00:00+00:00,20.0,86.0,100.0,Bay of Bengal,-0.15064,-0.26273,0.30285
2025-06-16T00:00:00+00:00,20.0,87.0,100.0,Bay of Bengal,-0.14827,-0.26369,0.30252
2025-06-16T00:00:00+00:00,20.0,88.0,100.0,Bay of Bengal,-0.1438,-0.26447,0.30104
2025-06-16T00:00:00+00:00,20.0,89.0,100.0,Bay of Bengal,-0.13779,-0.26507,0.29874
2025-06-16T00:00:00+00:00,20.0,90.0,100.0,Bay of Bengal,-0.13095,-0.26549,0.29603
2025-06-16T00:00:00+00:00,20.0,91.0,100.0,Bay of Bengal,-0.12411,-0.26573,0.29328
2025-06-16T00:00:00+00:00,20.0,92.0,100.0,Bay of Bengal,-0.11809,-0.26578,0.29084
2025-06-16T00:00:00+00:00,20.0,93.0,100.0,Bay of Bengal,-0.11363,-0.26566,0.28894
2025-06-16T00:00:00+00:00,20.0,94.0,100.0,Bay of Bengal,-0.11125,-0.26535,0.28773
2025-06-16T00:00:00+00:00,20.0,95.0,100.0,Bay of Bengal,-0.11125,-0.26487,0.28729
2025-06-16T00:00:00+00:00,20.0,96.0,100.0,Bay of Bengal,-0.11363,-0.26421,0.28761
2025-06-16T00:00:00+00:00,20.0,97.0,100.0,Bay of Bengal,-0.11809,-0.26338,0.28864
2025-06-16T00:00:00+00:00,20.0,98.0,100.0,Bay of Bengal,-0.12411,-0.26238,0.29025
2025-06-16T00:00:00+00:00,21.0,80.0,100.0,Bay of Bengal,-0.15393,-0.25369,0.29674
2025-06-16T00:00:00+00:00,21.0,81.0,100.0,Bay of Bengal,-0.15636,-0.25567,0.29969
2025-06-16T00:00:00+00:00,21.0,82.0,100.0,Bay of Bengal,-0.15617,-0.25749,0.30114
2025-06-16T00:00:00+00:00,21.0,83.0,100.0,Bay of Bengal,-0.15338,-0.25914,0.30113
2025-06-16T00:00:00+00:00,21.0,84.0,100.0,Bay of Bengal,-0.14836,-0.26062,0.29989
2025-06-16T00:00:00+00:00,21.0,85.0,100.0,Bay of Bengal,-0.14178,-0.26193,0.29784
2025-06-16T00:00:00+00:00,21.0,86.0,100.0,Bay of Bengal,-0.13451,-0.26307,0.29546
2025-06-16T00:00:00+00:00,21.0,87.0,100.0,Bay of Bengal,-0.12753,-0.26402,0.29321
2025-06-16T00:00:00+00:00,21.0,88.0,100.0,Bay of Bengal,-0.12174,-0.2648,0.29145
2025-06-16T00:00:00+00:00,21.0,89.0,100.0,Bay of Bengal,-0.11793,-0.2654,0.29042
2025-06-16T00:00:00+00:00,21.0,90.0,100.0,Bay of Bengal,-0.11661,-0.26582,0.29027
2025-06-16T00:00:00+00:00,21.0,91.0,100.0,Bay of Bengal,-0.11793,-0.26605,0.29102
2025-06-16T00:00:00+00:00,21.0,92.0,100.0,Bay of Bengal,-0.12174,-0.26611,0.29263
2025-06-16T00:00:00+00:00,21.0,93.0,100.0,Bay of Bengal,-0.12753,-0.26598,0.29497
2025-06-16T00:00:00+00:00,21.0,94.0,100.0,Bay of Bengal,-0.13451,-0.26567,0.29778
2025-06-16T00:00:00+00:00,21.0,95.0,100.0,Bay of Bengal,-0.14178,-0.26519,0.30071
2025-06-16T00:00:00+00:00,21.0,96.0,100.0,Bay of Bengal,-0.14836,-0.26452,0.30329
2025-06-16T00:00:00+00:00,21.0,97.0,100.0,Bay of Bengal,-0.15338,-0.26369,0.30505
2025-06-16T00:00:00+00:00,21.0,98.0,100.0,Bay of Bengal,-0.15617,-0.26268,0.3056
2025-06-16T00:00:00+00:00,22.0,80.0,100.0,Bay of Bengal,-0.15516,-0.25403,0.29767
2025-06-16T00:00:00+00:00,22.0,81.0,100.0,Bay of Bengal,-0.14849,-0.25601,0.29595
2025-06-16T00:00:00+00:00,22.0,82.0,100.0,Bay of Bengal,-0.14091,-0.25783,0.29382
2025-06-16T00:00:00+00:00,22.0,83.0,100.0,Bay of Bengal,-0.13354,-0.25948,0.29182
2025-06-16T00:00:00+00:00,22.0,84.0,100.0,Bay of Bengal,-0.12744,-0.26096,0.29041
2025-06-16T00:00:00+00:00,22.0,85.0,100.0,Bay of Bengal,-0.12351,-0.26227,0.28989
2025-06-16T00:00:00+00:00,22.0,86.0,100.0,Bay of Bengal,-0.12232,-0.2634,0.29041
2025-06-16T00:00:00+00:00,22.0,87.0,100.0,Bay of Bengal,-0.12403,-0.26435,0.29201
2025-06-16T00:00:00+00:00,22.0,88.0,100.0,Bay of Bengal,-0.12841,-0.26513,0.29459
2025-06-16T00:00:00+00:00,22.0,89.0,100.0,Bay of Bengal,-0.13481,-0.26573,0.29797
2025-06-16T00:00:00+00:00,22.0,90.0,100.0,Bay of Bengal,-0.14231,-0.26614,0.3018
2025-06-16T00:00:00+00:00,22.0,91.0,100.0,Bay of Bengal,-0.1498,-0.26637,0.30561
2025-06-16T00:00:00+00:00,22.0,92.0,100.0,Bay of Bengal,-0.1562,-0.26643,0.30884
2025-06-16T00:00:00+00:00,22.0,93.0,100.0,Bay of Bengal,-0.16058,-0.2663,0.31096
2025-06-16T00:00:00+00:00,22.0,94.0,100.0,Bay of Bengal,-0.16229,-0.26599,0.31159
2025-06-16T00:00:00+00:00,22.0,95.0,100.0,Bay of Bengal,-0.1611,-0.2655,0.31055
2025-06-16T00:00:00+00:00,22.0,96.0,100.0,Bay of Bengal,-0.15717,-0.26483,0.30796
2025-06-16T00:00:00+00:00,22.0,97.0,100.0,Bay of Bengal,-0.15107,-0.264,0.30417
2025-06-16T00:00:00+00:00,22.0,98.0,100.0,Bay of Bengal,-0.1437,-0.26299,0.29969
2025-06-19T00:00:00+00:00,6.0,80.0,0.0,Bay of Bengal,-0.08396,-0.31127,0.32239
2025-06-19T00:00:00+00:00,6.0,81.0,0.0,Bay of Bengal,-0.0851,-0.31361,0.32495
2025-06-19T00:00:00+00:00,6.0,82.0,0.0,Bay of Bengal,-0.08642,-0.31577,0.32738
2025-06-19T00:00:00+00:00,6.0,83.0,0.0,Bay of Bengal,-0.0879,-0.31772,0.32965
2025-06-19T00:00:00+00:00,6.0,84.0,0.0,Bay of Bengal,-0.08952,-0.31947,0.33177
2025-06-19T00:00:00+00:00,6.0,85.0,0.0,Bay of Bengal,-0.09128,-0.321,0.33373
2025-06-19T00:00:00+00:00,6.0,86.0,0.0,Bay of Bengal,-0.09314,-0.32233,0.33552
2025-06-19T00:00:00+00:00,6.0,87.0,0.0,Bay of Bengal,-0.0951,-0.32344,0.33713
2025-06-19T00:00:00+00:00,6.0,88.0,0.0,Bay of Bengal,-0.09712,-0.32434,0.33857
2025-06-19T00:00:00+00:00,6.0,89.0,0.0,Bay of Bengal,-0.09919,-0.32501,0.33981
2025-06-19T00:00:00+00:00,6.0,90.0,0.0,Bay of Bengal,-0.10128,-0.32547,0.34086
2025-06-19T00:00:00+00:00,6.0,91.0,0.0,Bay of Bengal,-0.10337,-0.32571,0.34172
2025-06-19T00:00:00+00:00,6.0,92.0,0.0,Bay of Bengal,-0.10544,-0.32573,0.34237
2025-06-19T00:00:00+00:00,6.0,93.0,0.0,Bay of Bengal,-0.10746,-0.32552,0.3428
2025-06-19T00:00:00+00:00,6.0,94.0,0.0,Bay of Bengal,-0.10941,-0.32511,0.34302
2025-06-19T00:00:00+00:00,6.0,95.0,0.0,Bay of Bengal,-0.11128,-0.32447,0.34302
2025-06-19T00:00:00+00:00,6.0,96.0,0.0,Bay of Bengal,-0.11303,-0.32362,0.3428
2025-06-19T00:00:00+00:00,6.0,97.0,0.0,Bay of Bengal,-0.11466,-0.32257,0.34234
2025-06-19T00:00:00+00:00,6.0,98.0,0.0,Bay of Bengal,-0.11614,-0.3213,0.34165
2025-06-19T00:00:00+00:00,7.0,80.0,0.0,Bay of Bengal,-0.11118,-0.31162,0.33086
2025-06-19T00:00:00+00:00,7.0,81.0,0.0,Bay of Bengal,-0.11342,-0.31396,0.33382
2025-06-19T00:00:00+00:00,7.0,82.0,0.0,Bay of Bengal,-0.11552,-0.31612,0.33656
2025-06-19T00:00:00+00:00,7.0,83.0,0.0,Bay of Bengal,-0.11746,-0.31807,0.33906
2025-06-19T00:00:00+00:00,7.0,84.0,0.0,Bay of Bengal,-0.1192,-0.31981,0.34131
2025-06-19T00:00:00+00:00,7.0,85.0,0.0,Bay of Bengal,-0.12072,-0.32135,0.34328
2025-06-19T00:00:00+00:00,7.0,86.0,0.0,Bay of Bengal,-0.122,-0.32268,0.34497
2025-06-19T00:00:00+00:00,7.0,87.0,0.0,Bay of Bengal,-0.12301,-0.32379,0.34637
2025-06-19T00:00:00+00:00,7.0,88.0,0.0,Bay of Bengal,-0.12374,-0.32469,0.34747
2025-06-19T00:00:00+00:00,7.0,89.0,0.0,Bay of Bengal,-0.12419,-0.32536,0.34826
2025-06-19T00:00:00+00:00,7.0,90.0,0.0,Bay of Bengal,-0.12434,-0.32582,0.34874
2025-06-19T00:00:00+00:00,7.0,91.0,0.0,Bay of Bengal,-0.12419,-0.32605,0.3489
2025-06-19T00:00:00+00:00,7.0,92.0,0.0,Bay of Bengal,-0.12374,-0.32607,0.34876
2025-06-19T00:00:00+00:00,7.0,93.0,0.0,Bay of Bengal,-0.12301,-0.32587,0.34831
2025-06-19T00:00:00+00:00,7.0,94.0,0.0,Bay of Bengal,-0.122,-0.32545,0.34756
2025-06-19T00:00:00+00:00,7.0,95.0,0.0,Bay of Bengal,-0.12072,-0.32481,0.34652
2025-06-19T00:00:00+00:00,7.0,96.0,0.0,Bay of Bengal,-0.1192,-0.32396,0.3452
2025-06-19T00:00:00+00:00,7.0,97.0,0.0,Bay of Bengal,-0.11746,-0.32291,0.34361
2025-06-19T00:00:00+00:00,7.0,98.0,0.0,Bay of Bengal,-0.11552,-0.32164,0.34176
2025-06-19T00:00:00+00:00,8.0,80.0,0.0,Bay of Bengal,-0.12752,-0.31196,0.33702
2025-06-19T00:00:00+00:00,8.0,81.0,0.0,Bay of Bengal,-0.12685,-0.31431,0.33894
2025-06-19T00:00:00+00:00,8.0,82.0,0.0,Bay of Bengal,-0.1258,-0.31646,0.34055
2025-06-19T00:00:00+00:00,8.0,83.0,0.0,Bay of Bengal,-0.12441,-0.31842,0.34186
2025-06-19T00:00:00+00:00,8.0,84.0,0.0,Bay of Bengal,-0.12269,-0.32016,0.34287
2025-06-19T00:00:00+00:00,8.0,85.0,0.0,Bay of Bengal,-0.12068,-0.3217,0.34359
2025-06-19T00:00:00+00:00,8.0,86.0,0.0,Bay of Bengal,-0.11843,-0.32303,0.34405
2025-06-19T00:00:00+00:00,8.0,87.0,0.0,Bay of Bengal,-0.11596,-0.32414,0.34426
2025-06-19T00:00:00+00:00,8.0,88.0,0.0,Bay of Bengal,-0.11334,-0.32503,0.34423
2025-06-19T00:00:00+00:00,8.0,89.0,0.0,Bay of Bengal,-0.11061,-0.32571,0.34398
2025-06-19T00:00:00+00:00,8.0,90.0,0.0,Bay of Bengal,-0.10783,-0.32616,0.34353
2025-06-19T00:00:00+00:00,8.0,91.0,0.0,Bay of Bengal,-0.10504,-0.3264,0.34289
2025-06-19T00:00:00+00:00,8.0,92.0,0.0,Bay of Bengal,-0.10232,-0.32642,0.34208
2025-06-19T00:00:00+00:00,8.0,93.0,0.0,Bay of Bengal,-0.09969,-0.32621,0.34111
2025-06-19T00:00:00+00:00,8.0,94.0,0.0,Bay of Bengal,-0.09723,-0.32579,0.33999
2025-06-19T00:00:00+00:00,8.0,95.0,0.0,Bay of Bengal,-0.09497,-0.32515,0.33874
2025-06-19T00:00:00+00:00,8.0,96.0,0.0,Bay of Bengal,-0.09297,-0.3243,0.33737
2025-06-19T00:00:00+00:00,8.0,97.0,0.0,Bay of Bengal,-0.09125,-0.32324,0.33588
2025-06-19T00:00:00+00:00,8.0,98.0,0.0,Bay of Bengal,-0.08985,-0.32198,0.33428
2025-06-19T00:00:00+00:00,9.0,80.0,0.0,Bay of Bengal,-0.11173,-0.31231,0.3317
2025-06-19T00:00:00+00:00,9.0,81.0,0.0,Bay of Bengal,-0.1086,-0.31466,0.33288
2025-06-19T00:00:00+00:00,9.0,82.0,0.0,Bay of Bengal,-0.10555,-0.31681,0.33393
2025-06-19T00:00:00+00:00,9.0,83.0,0.0,Bay of Bengal,-0.10265,-0.31877,0.33489
2025-06-19T00:00:00+00:00,9.0,84.0,0.0,Bay of Bengal,-0.09998,-0.32051,0.33574
2025-06-19T00:00:00+00:00,9.0,85.0,0.0,Bay of Bengal,-0.09759,-0.32205,0.33651
2025-06-19T00:00:00+00:00,9.0,86.0,0.0,Bay of Bengal,-0.09555,-0.32338,0.3372
2025-06-19T00:00:00+00:00,9.0,87.0,0.0,Bay of Bengal,-0.09391,-0.32449,0.3378
2025-06-19T00:00:00+00:00,9.0,88.0,0.0,Bay of Bengal,-0.09271,-0.32538,0.33833
2025-06-19T00:00:00+00:00,9.0,89.0,0.0,Bay of Bengal,-0.09198,-0.32605,0.33878
2025-06-19T00:00:00+00:00,9.0,90.0,0.0,Bay of Bengal,-0.09173,-0.32651,0.33915
2025-06-19T00:00:00+00:00,9.0,91.0,0.0,Bay of Bengal,-0.09198,-0.32674,0.33944
2025-06-19T00:00:00+00:00,9.0,92.0,0.0,Bay of Bengal,-0.09271,-0.32676,0.33966
2025-06-19T00:00:00+00:00,9.0,93.0,0.0,Bay of Bengal,-0.09391,-0.32655,0.33979
2025-06-19T00:00:00+00:00,9.0,94.0,0.0,Bay of Bengal,-0.09555,-0.32613,0.33984
2025-06-19T00:00:00+00:00,9.0,95.0,0.0,Bay of Bengal,-0.09759,-0.32549,0.33981
2025-06-19T00:00:00+00:00,9.0,96.0,0.0,Bay of Bengal,-0.09998,-0.32464,0.33969
2025-06-19T00:00:00+00:00,9.0,97.0,0.0,Bay of Bengal,-0.10265,-0.32358,0.33947
2025-06-19T00:00:00+00:00,9.0,98.0,0.0,Bay of Bengal,-0.10555,-0.32231,0.33915
2025-06-19T00:00:00+00:00,10.0,80.0,0.0,Bay of Bengal,-0.09633,-0.31266,0.32717
2025-06-19T00:00:00+00:00,10.0,81.0,0.0,Bay of Bengal,-0.09603,-0.31501,0.32932
2025-06-19T00:00:00+00:00,10.0,82.0,0.0,Bay of Bengal,-0.09633,-0.31716,0.33147
2025-06-19T00:00:00+00:00,10.0,83.0,0.0,Bay of Bengal,-0.09723,-0.31911,0.3336
2025-06-19T00:00:00+00:00,10.0,84.0,0.0,Bay of Bengal,-0.09871,-0.32086,0.3357
2025-06-19T00:00:00+00:00,10.0,85.0,0.0,Bay of Bengal,-0.10071,-0.3224,0.33776
2025-06-19T00:00:00+00:00,10.0,86.0,0.0,Bay of Bengal,-0.10317,-0.32372,0.33977
2025-06-19T00:00:00+00:00,10.0,87.0,0.0,Bay of Bengal,-0.10603,-0.32483,0.3417
2025-06-19T00:00:00+00:00,10.0,88.0,0.0,Bay of Bengal,-0.10919,-0.32573,0.34354
2025-06-19T00:00:00+00:00,10.0,89.0,0.0,Bay of Bengal,-0.11256,-0.3264,0.34526
2025-06-19T00:00:00+00:00,10.0,90.0,0.0,Bay of Bengal,-0.11603,-0.32685,0.34684
2025-06-19T00:00:00+00:00,10.0,91.0,0.0,Bay of Bengal,-0.1195,-0.32709,0.34823
2025-06-19T00:00:00+00:00,10.0,92.0,0.0,Bay of Bengal,-0.12287,-0.3271,0.34942
2025-06-19T00:00:00+00:00,10.0,93.0,0.0,Bay of Bengal,-0.12603,-0.32689,0.35035
2025-06-19T00:00:00+00:00,10.0,94.0,0.0,Bay of Bengal,-0.12888,-0.32647,0.35099
2025-06-19T00:00:00+00:00,10.0,95.0,0.0,Bay of Bengal,-0.13135,-0.32583,0.35131
2025-06-19T00:00:00+00:00,10.0,96.0,0.0,Bay of Bengal,-0.13335,-0.32498,0.35127
2025-06-19T00:00:00+00:00,10.0,97.0,0.0,Bay of Bengal,-0.13482,-0.32391,0.35085
2025-06-19T00:00:00+00:00,10.0,98.0,0.0,Bay of Bengal,-0.13572,-0.32264,0.35003
2025-06-19T00:00:00+00:00,11.0,80.0,0.0,Bay of Bengal,-0.11386,-0.31301,0.33308
2025-06-19T00:00:00+00:00,11.0,81.0,0.0,Bay of Bengal,-0.11757,-0.31536,0.33656
2025-06-19T00:00:00+00:00,11.0,82.0,0.0,Bay of Bengal,-0.1214,-0.31751,0.33993
2025-06-19T00:00:00+00:00,11.0,83.0,0.0,Bay of Bengal,-0.1252,-0.31946,0.34312
2025-06-19T00:00:00+00:00,11.0,84.0,0.0,Bay of Bengal,-0.12883,-0.32121,0.34608
2025-06-19T00:00:00+00:00,11.0,85.0,0.0,Bay of Bengal,-0.13217,-0.32275,0.34876
2025-06-19T00:00:00+00:00,11.0,86.0,0.0,Bay of Bengal,-0.13509,-0.32407,0.3511
2025-06-19T00:00:00+00:00,11.0,87.0,0.0,Bay of Bengal,-0.13747,-0.32518,0.35304
2025-06-19T00:00:00+00:00,11.0,88.0,0.0,Bay of Bengal,-0.13924,-0.32607,0.35456
2025-06-19T00:00:00+00:00,11.0,89.0,0.0,Bay of Bengal,-0.14033,-0.32674,0.3556
2025-06-19T00:00:00+00:00,11.0,90.0,0.0,Bay of Bengal,-0.1407,-0.3272,0.35617
2025-06-19T00:00:00+00:00,11.0,91.0,0.0,Bay of Bengal,-0.14033,-0.32743,0.35623
2025-06-19T00:00:00+00:00,11.0,92.0,0.0,Bay of Bengal,-0.13924,-0.32744,0.35582
2025-06-19T00:00:00+00:00,11.0,93.0,0.0,Bay of Bengal,-0.13747,-0.32723,0.35494
2025-06-19T00:00:00+00:00,11.0,94.0,0.0,Bay of Bengal,-0.13509,-0.32681,0.35363
2025-06-19T00:00:00+00:00,11.0,95.0,0.0,Bay of Bengal,-0.13217,-0.32617,0.35193
2025-06-19T00:00:00+00:00,11.0,96.0,0.0,Bay of Bengal,-0.12883,-0.32531,0.34989
2025-06-19T00:00:00+00:00,11.0,97.0,0.0,Bay of Bengal,-0.1252,-0.32425,0.34758
2025-06-19T00:00:00+00:00,11.0,98.0,0.0,Bay of Bengal,-0.1214,-0.32298,0.34504
2025-06-19T00:00:00+00:00,12.0,80.0,0.0,Bay of Bengal,-0.14304,-0.31336,0.34446
2025-06-19T00:00:00+00:00,12.0,81.0,0.0,Bay of Bengal,-0.14474,-0.31571,0.34731
2025-06-19T00:00:00+00:00,12.0,82.0,0.0,Bay of Bengal,-0.14561,-0.31786,0.34962
2025-06-19T00:00:00+00:00,12.0,83.0,0.0,Bay of Bengal,-0.14561,-0.31981,0.3514
2025-06-19T00:00:00+00:00,12.0,84.0,0.0,Bay of Bengal,-0.14474,-0.32156,0.35263
2025-06-19T00:00:00+00:00,12.0,85.0,0.0,Bay of Bengal,-0.14304,-0.32309,0.35334
2025-06-19T00:00:00+00:00,12.0,86.0,0.0,Bay of Bengal,-0.14058,-0.32442,0.35357
2025-06-19T00:00:00+00:00,12.0,87.0,0.0,Bay of Bengal,-0.13748,-0.32552,0.35336
2025-06-19T00:00:00+00:00,12.0,88.0,0.0,Bay of Bengal,-0.13385,-0.32642,0.35279
2025-06-19T00:00:00+00:00,12.0,89.0,0.0,Bay of Bengal,-0.12988,-0.32709,0.35193
2025-06-19T00:00:00+00:00,12.0,90.0,0.0,Bay of Bengal,-0.12572,-0.32754,0.35084
2025-06-19T00:00:00+00:00,12.0,91.0,0.0,Bay of Bengal,-0.12156,-0.32777,0.34959
2025-06-19T00:00:00+00:00,12.0,92.0,0.0,Bay of Bengal,-0.11759,-0.32778,0.34823
2025-06-19T00:00:00+00:00,12.0,93.0,0.0,Bay of Bengal,-0.11396,-0.32757,0.34683
2025-06-19T00:00:00+00:00,12.0,94.0,0.0,Bay of Bengal,-0.11086,-0.32715,0.34542
2025-06-19T00:00:00+00:00,12.0,95.0,0.0,Bay of Bengal,-0.1084,-0.3265,0.34403
2025-06-19T00:00:00+00:00,12.0,96.0,0.0,Bay of Bengal,-0.1067,-0.32565,0.34268
2025-06-19T00:00:00+00:00,12.0,97.0,0.0,Bay of Bengal,-0.10583,-0.32458,0.3414
2025-06-19T00:00:00+00:00,12.0,98.0,0.0,Bay of Bengal,-0.10583,-0.3233,0.34018
2025-06-19T00:00:00+00:00,13.0,80.0,0.0,Bay of Bengal,-0.14392,-0.31371,0.34515
2025-06-19T00:00:00+00:00,13.0,81.0,0.0,Bay of Bengal,-0.14015,-0.31606,0.34573
2025-06-19T00:00:00+00:00,13.0,82.0,0.0,Bay of Bengal,-0.13591,-0.31821,0.34601
2025-06-19T00:00:00+00:00,13.0,83.0,0.0,Bay of Bengal,-0.13142,-0.32016,0.34608
2025-06-19T00:00:00+00:00,13.0,84.0,0.0,Bay of Bengal,-0.12691,-0.3219,0.34602
2025-06-19T00:00:00+00:00,13.0,85.0,0.0,Bay of Bengal,-0.12261,-0.32344,0.3459
2025-06-19T00:00:00+00:00,13.0,86.0,0.0,Bay of Bengal,-0.11875,-0.32476,0.34579
2025-06-19T00:00:00+00:00,13.0,87.0,0.0,Bay of Bengal,-0.11552,-0.32587,0.34574
2025-06-19T00:00:00+00:00,13.0,88.0,0.0,Bay of Bengal,-0.11309,-0.32676,0.34578
2025-06-19T00:00:00+00:00,13.0,89.0,0.0,Bay of Bengal,-0.11158,-0.32743,0.34592
2025-06-19T00:00:00+00:00,13.0,90.0,0.0,Bay of Bengal,-0.11107,-0.32788,0.34618
2025-06-19T00:00:00+00:00,13.0,91.0,0.0,Bay of Bengal,-0.11158,-0.32811,0.34656
2025-06-19T00:00:00+00:00,13.0,92.0,0.0,Bay of Bengal,-0.11309,-0.32812,0.34706
2025-06-19T00:00:00+00:00,13.0,93.0,0.0,Bay of Bengal,-0.11552,-0.32791,0.34766
2025-06-19T00:00:00+00:00,13.0,94.0,0.0,Bay of Bengal,-0.11875,-0.32748,0.34835
2025-06-19T00:00:00+00:00,13.0,95.0,0.0,Bay of Bengal,-0.12261,-0.32684,0.34908
2025-06-19T00:00:00+00:00,13.0,96.0,0.0,Bay of Bengal,-0.12691,-0.32598,0.34981
2025-06-19T00:00:00+00:00,13.0,97.0,0.0,Bay of Bengal,-0.13142,-0.32491,0.35048
2025-06-19T00:00:00+00:00,13.0,98.0,0.0,Bay of Bengal,-0.13591,-0.32363,0.35101
2025-06-19T00:00:00+00:00,14.0,80.0,0.0,Bay of Bengal,-0.12386,-0.31406,0.3376
2025-06-19T00:00:00+00:00,14.0,81.0,0.0,Bay of Bengal,-0.12053,-0.3164,0.33859
2025-06-19T00:00:00+00:00,14.0,82.0,0.0,Bay of Bengal,-0.11817,-0.31855,0.33977
2025-06-19T00:00:00+00:00,14.0,83.0,0.0,Bay of Bengal,-0.11691,-0.3205,0.34116
2025-06-19T00:00:00+00:00,14.0,84.0,0.0,Bay of Bengal,-0.11682,-0.32225,0.34277
2025-06-19T00:00:00+00:00,14.0,85.0,0.0,Bay of Bengal,-0.11792,-0.32378,0.34459
2025-06-19T00:00:00+00:00,14.0,86.0,0.0,Bay of Bengal,-0.12013,-0.32511,0.34659
2025-06-19T00:00:00+00:00,14.0,87.0,0.0,Bay of Bengal,-0.12333,-0.32621,0.34875
2025-06-19T00:00:00+00:00,14.0,88.0,0.0,Bay of Bengal,-0.12732,-0.3271,0.35101
2025-06-19T00:00:00+00:00,14.0,89.0,0.0,Bay of Bengal,-0.13188,-0.32777,0.3533
2025-06-19T00:00:00+00:00,14.0,90.0,0.0,Bay of Bengal,-0.13671,-0.32822,0.35555
2025-06-19T00:00:00+00:00,14.0,91.0,0.0,Bay of Bengal,-0.14155,-0.32845,0.35765
2025-06-19T00:00:00+00:00,14.0,92.0,0.0,Bay of Bengal,-0.1461,-0.32846,0.35948
2025-06-19T00:00:00+00:00,14.0,93.0,0.0,Bay of Bengal,-0.1501,-0.32824,0.36093
2025-06-19T00:00:00+00:00,14.0,94.0,0.0,Bay of Bengal,-0.15329,-0.32781,0.36188
2025-06-19T00:00:00+00:00,14.0,95.0,0.0,Bay of Bengal,-0.15551,-0.32717,0.36224
2025-06-19T00:00:00+00:00,14.0,96.0,0.0,Bay of Bengal,-0.1566,-0.32631,0.36194
2025-06-19T00:00:00+00:00,14.0,97.0,0.0,Bay of Bengal,-0.15652,-0.32523,0.36094
2025-06-19T00:00:00+00:00,14.0,98.0,0.0,Bay of Bengal,-0.15526,-0.32396,0.35924
2025-06-19T00:00:00+00:00,15.0,80.0,0.0,Bay of Bengal,-0.12531,-0.31441,0.33846
2025-06-19T00:00:00+00:00,15.0,81.0,0.0,Bay of Bengal,-0.12849,-0.31675,0.34182
2025-06-19T00:00:00+00:00,15.0,82.0,0.0,Bay of Bengal,-0.13263,-0.3189,0.34538
2025-06-19T00:00:00+00:00,15.0,83.0,0.0,Bay of Bengal,-0.13746,-0.32085,0.34906
2025-06-19T00:00:00+00:00,15.0,84.0,0.0,Bay of Bengal,-0.14263,-0.32259,0.35272
2025-06-19T00:00:00+00:00,15.0,85.0,0.0,Bay of Bengal,-0.14781,-0.32413,0.35624
2025-06-19T00:00:00+00:00,15.0,86.0,0.0,Bay of Bengal,-0.15263,-0.32545,0.35946
2025-06-19T00:00:00+00:00,15.0,87.0,0.0,Bay of Bengal,-0.15678,-0.32655,0.36224
2025-06-19T00:00:00+00:00,15.0,88.0,0.0,Bay of Bengal,-0.15995,-0.32744,0.36442
2025-06-19T00:00:00+00:00,15.0,89.0,0.0,Bay of Bengal,-0.16195,-0.32811,0.3659
2025-06-19T00:00:00+00:00,15.0,90.0,0.0,Bay of Bengal,-0.16263,-0.32856,0.36661
2025-06-19T00:00:00+00:00,15.0,91.0,0.0,Bay of Bengal,-0.16195,-0.32878,0.36651
2025-06-19T00:00:00+00:00,15.0,92.0,0.0,Bay of Bengal,-0.15995,-0.32879,0.36563
2025-06-19T00:00:00+00:00,15.0,93.0,0.0,Bay of Bengal,-0.15678,-0.32858,0.36406
2025-06-19T00:00:00+00:00,15.0,94.0,0.0,Bay of Bengal,-0.15263,-0.32814,0.3619
2025-06-19T00:00:00+00:00,15.0,95.0,0.0,Bay of Bengal,-0.14781,-0.3275,0.35931
2025-06-19T00:00:00+00:00,15.0,96.0,0.0,Bay of Bengal,-0.14263,-0.32663,0.35642
2025-06-19T00:00:00+00:00,15.0,97.0,0.0,Bay of Bengal,-0.13746,-0.32556,0.35339
2025-06-19T00:00:00+00:00,15.0,98.0,0.0,Bay of Bengal,-0.13263,-0.32428,0.35035
2025-06-19T00:00:00+00:00,16.0,80.0,0.0,Bay of Bengal,-0.15564,-0.31475,0.35113
2025-06-19T00:00:00+00:00,16.0,81.0,0.0,Bay of Bengal,-0.16055,-0.3171,0.35543
2025-06-19T00:00:00+00:00,16.0,82.0,0.0,Bay of Bengal,-0.16456,-0.31925,0.35916
2025-06-19T00:00:00+00:00,16.0,83.0,0.0,Bay of Bengal,-0.16734,-0.3212,0.36217
2025-06-19T00:00:00+00:00,16.0,84.0,0.0,Bay of Bengal,-0.16869,-0.32294,0.36434
2025-06-19T00:00:00+00:00,16.0,85.0,0.0,Bay of Bengal,-0.16849,-0.32447,0.36561
2025-06-19T00:00:00+00:00,16.0,86.0,0.0,Bay of Bengal,-0.16677,-0.32579,0.366
2025-06-19T00:00:00+00:00,16.0,87.0,0.0,Bay of Bengal,-0.16366,-0.32689,0.36557
2025-06-19T00:00:00+00:00,16.0,88.0,0.0,Bay of Bengal,-0.15939,-0.32778,0.36448
2025-06-19T00:00:00+00:00,16.0,89.0,0.0,Bay of Bengal,-0.15431,-0.32845,0.36289
2025-06-19T00:00:00+00:00,16.0,90.0,0.0,Bay of Bengal,-0.1488,-0.32889,0.36099
2025-06-19T00:00:00+00:00,16.0,91.0,0.0,Bay of Bengal,-0.14328,-0.32912,0.35896
2025-06-19T00:00:00+00:00,16.0,92.0,0.0,Bay of Bengal,-0.1382,-0.32912,0.35696
2025-06-19T00:00:00+00:00,16.0,93.0,0.0,Bay of Bengal,-0.13393,-0.32891,0.35513
2025-06-19T00:00:00+00:00,16.0,94.0,0.0,Bay of Bengal,-0.13082,-0.32847,0.35357
2025-06-19T00:00:00+00:00,16.0,95.0,0.0,Bay of Bengal,-0.1291,-0.32782,0.35233
2025-06-19T00:00:00+00:00,16.0,96.0,0.0,Bay of Bengal,-0.12891,-0.32696,0.35145
2025-06-19T00:00:00+00:00,16.0,97.0,0.0,Bay of Bengal,-0.13025,-0.32588,0.35095
2025-06-19T00:00:00+00:00,16.0,98.0,0.0,Bay of Bengal,-0.13304,-0.3246,0.3508
2025-06-19T00:00:00+00:00,17.0,80.0,0.0,Bay of Bengal,-0.17487,-0.3151,0.36037
2025-06-19T00:00:00+00:00,17.0,81.0,0.0,Bay of Bengal,-0.17299,-0.31744,0.36152
2025-06-19T00:00:00+00:00,17.0,82.0,0.0,Bay of Bengal,-0.16956,-0.31959,0.36179
2025-06-19T00:00:00+00:00,17.0,83.0,0.0,Bay of Bengal,-0.16487,-0.32154,0.36134
2025-06-19T00:00:00+00:00,17.0,84.0,0.0,Bay of Bengal,-0.15933,-0.32328,0.36041
2025-06-19T00:00:00+00:00,17.0,85.0,0.0,Bay of Bengal,-0.15343,-0.32481,0.35923
2025-06-19T00:00:00+00:00,17.0,86.0,0.0,Bay of Bengal,-0.14768,-0.32613,0.35801
2025-06-19T00:00:00+00:00,17.0,87.0,0.0,Bay of Bengal,-0.14259,-0.32723,0.35695
2025-06-19T00:00:00+00:00,17.0,88.0,0.0,Bay of Bengal,-0.13859,-0.32812,0.35619
2025-06-19T00:00:00+00:00,17.0,89.0,0.0,Bay of Bengal,-0.13605,-0.32878,0.35582
2025-06-19T00:00:00+00:00,17.0,90.0,0.0,Bay of Bengal,-0.13517,-0.32923,0.3559
2025-06-19T00:00:00+00:00,17.0,91.0,0.0,Bay of Bengal,-0.13605,-0.32945,0.35644
2025-06-19T00:00:00+00:00,17.0,92.0,0.0,Bay of Bengal,-0.13859,-0.32945,0.35742
2025-06-19T00:00:00+00:00,17.0,93.0,0.0,Bay of Bengal,-0.14259,-0.32924,0.35879
2025-06-19T00:00:00+00:00,17.0,94.0,0.0,Bay of Bengal,-0.14768,-0.3288,0.36044
2025-06-19T00:00:00+00:00,17.0,95.0,0.0,Bay of Bengal,-0.15343,-0.32815,0.36224
2025-06-19T00:00:00+00:00,17.0,96.0,0.0,Bay of Bengal,-0.15933,-0.32728,0.364
2025-06-19T00:00:00+00:00,17.0,97.0,0.0,Bay of Bengal,-0.16487,-0.3262,0.3655
2025-06-19T00:00:00+00:00,17.0,98.0,0.0,Bay of Bengal,-0.16956,-0.32492,0.3665
2025-06-19T00:00:00+00:00,18.0,80.0,0.0,Bay of Bengal,-0.16173,-0.31545,0.35449
2025-06-19T00:00:00+00:00,18.0,81.0,0.0,Bay of Bengal,-0.15555,-0.31779,0.35382
2025-06-19T00:00:00+00:00,18.0,82.0,0.0,Bay of Bengal,-0.14998,-0.31994,0.35334
2025-06-19T00:00:00+00:00,18.0,83.0,0.0,Bay of Bengal,-0.14555,-0.32188,0.35326
2025-06-19T00:00:00+00:00,18.0,84.0,0.0,Bay of Bengal,-0.14271,-0.32362,0.35369
2025-06-19T00:00:00+00:00,18.0,85.0,0.0,Bay of Bengal,-0.14173,-0.32515,0.3547
2025-06-19T00:00:00+00:00,18.0,86.0,0.0,Bay of Bengal,-0.14271,-0.32647,0.3563
2025-06-19T00:00:00+00:00,18.0,87.0,0.0,Bay of Bengal,-0.14555,-0.32757,0.35845
2025-06-19T00:00:00+00:00,18.0,88.0,0.0,Bay of Bengal,-0.14998,-0.32846,0.36108
2025-06-19T00:00:00+00:00,18.0,89.0,0.0,Bay of Bengal,-0.15555,-0.32912,0.36403
2025-06-19T00:00:00+00:00,18.0,90.0,0.0,Bay of Bengal,-0.16173,-0.32956,0.36711
2025-06-19T00:00:00+00:00,18.0,91.0,0.0,Bay of Bengal,-0.16791,-0.32978,0.37007
2025-06-19T00:00:00+00:00,18.0,92.0,0.0,Bay of Bengal,-0.17349,-0.32978,0.37263
2025-06-19T00:00:00+00:00,18.0,93.0,0.0,Bay of Bengal,-0.17791,-0.32956,0.37452
2025-06-19T00:00:00+00:00,18.0,94.0,0.0,Bay of Bengal,-0.18075,-0.32912,0.37549
2025-06-19T00:00:00+00:00,18.0,95.0,0.0,Bay of Bengal,-0.18173,-0.32847,0.37539
2025-06-19T00:00:00+00:00,18.0,96.0,0.0,Bay of Bengal,-0.18075,-0.3276,0.37416
2025-06-19T00:00:00+00:00,18.0,97.0,0.0,Bay of Bengal,-0.17791,-0.32652,0.37184
2025-06-19T00:00:00+00:00,18.0,98.0,0.0,Bay of Bengal,-0.17349,-0.32523,0.36861
2025-06-19T00:00:00+00:00,19.0,80.0,0.0,Bay of Bengal,-0.14874,-0.31579,0.34907
2025-06-19T00:00:00+00:00,19.0,81.0,0.0,Bay of Bengal,-0.14869,-0.31813,0.35117
2025-06-19T00:00:00+00:00,19.0,82.0,0.0,Bay of Bengal,-0.15078,-0.32028,0.354
2025-06-19T00:00:00+00:00,19.0,83.0,0.0,Bay of Bengal,-0.1548,-0.32223,0.35748
2025-06-19T00:00:00+00:00,19.0,84.0,0.0,Bay of Bengal,-0.16031,-0.32396,0.36146
2025-06-19T00:00:00+00:00,19.0,85.0,0.0,Bay of Bengal,-0.1667,-0.32549,0.3657
2025-06-19T00:00:00+00:00,19.0,86.0,0.0,Bay of Bengal,-0.17328,-0.32681,0.36991
2025-06-19T00:00:00+00:00,19.0,87.0,0.0,Bay of Bengal,-0.17933,-0.32791,0.37374
2025-06-19T00:00:00+00:00,19.0,88.0,0.0,Bay of Bengal,-0.1842,-0.32879,0.37687
2025-06-19T00:00:00+00:00,19.0,89.0,0.0,Bay of Bengal,-0.18735,-0.32945,0.379
2025-06-19T00:00:00+00:00,19.0,90.0,0.0,Bay of Bengal,-0.18844,-0.32989,0.37992
2025-06-19T00:00:00+00:00,19.0,91.0,0.0,Bay of Bengal,-0.18735,-0.33011,0.37957
2025-06-19T00:00:00+00:00,19.0,92.0,0.0,Bay of Bengal,-0.1842,-0.33011,0.37802
2025-06-19T00:00:00+00:00,19.0,93.0,0.0,Bay of Bengal,-0.17933,-0.32989,0.37548
2025-06-19T00:00:00+00:00,19.0,94.0,0.0,Bay of Bengal,-0.17328,-0.32945,0.37224
2025-06-19T00:00:00+00:00,19.0,95.0,0.0,Bay of Bengal,-0.1667,-0.32879,0.36863
2025-06-19T00:00:00+00:00,19.0,96.0,0.0,Bay of Bengal,-0.16031,-0.32792,0.365
2025-06-19T00:00:00+00:00,19.0,97.0,0.0,Bay of Bengal,-0.1548,-0.32683,0.36164
2025-06-19T00:00:00+00:00,19.0,98.0,0.0,Bay of Bengal,-0.15078,-0.32554,0.35877
2025-06-19T00:00:00+00:00,20.0,80.0,0.0,Bay of Bengal,-0.16843,-0.31614,0.3582
2025-06-19T00:00:00+00:00,20.0,81.0,0.0,Bay of Bengal,-0.17527,-0.31848,0.36352
2025-06-19T00:00:00+00:00,20.0,82.0,0.0,Bay of Bengal,-0.18211,-0.32062,0.36873
2025-06-19T00:00:00+00:00,20.0,83.0,0.0,Bay of Bengal,-0.18812,-0.32257,0.37342
2025-06-19T00:00:00+00:00,20.0,84.0,0.0,Bay of Bengal,-0.19259,-0.3243,0.37718
2025-06-19T00:00:00+00:00,20.0,85.0,0.0,Bay of Bengal,-0.19496,-0.32583,0.37971
2025-06-19T00:00:00+00:00,20.0,86.0,0.0,Bay of Bengal,-0.19496,-0.32715,0.38083
2025-06-19T00:00:00+00:00,20.0,87.0,0.0,Bay of Bengal,-0.19259,-0.32824,0.38057
2025-06-19T00:00:00+00:00,20.0,88.0,0.0,Bay of Bengal,-0.18812,-0.32912,0.37909
2025-06-19T00:00:00+00:00,20.0,89.0,0.0,Bay of Bengal,-0.18211,-0.32978,0.37672
2025-06-19T00:00:00+00:00,20.0,90.0,0.0,Bay of Bengal,-0.17527,-0.33022,0.37385
2025-06-19T00:00:00+00:00,20.0,91.0,0.0,Bay of Bengal,-0.16843,-0.33044,0.37089
2025-06-19T00:00:00+00:00,20.0,92.0,0.0,Bay of Bengal,-0.16241,-0.33043,0.36819
2025-06-19T00:00:00+00:00,20.0,93.0,0.0,Bay of Bengal,-0.15795,-0.33021,0.36604
2025-06-19T00:00:00+00:00,20.0,94.0,0.0,Bay of Bengal,-0.15557,-0.32977,0.36462
2025-06-19T00:00:00+00:00,20.0,95.0,0.0,Bay of Bengal,-0.15557,-0.32911,0.36402
2025-06-19T00:00:00+00:00,20.0,96.0,0.0,Bay of Bengal,-0.15795,-0.32823,0.36426
2025-06-19T00:00:00+00:00,20.0,97.0,0.0,Bay of Bengal,-0.16241,-0.32715,0.36524
2025-06-19T00:00:00+00:00,20.0,98.0,0.0,Bay of Bengal,-0.16843,-0.32585,0.36681
2025-06-19T00:00:00+00:00,21.0,80.0,0.0,Bay of Bengal,-0.1995,-0.31648,0.37411
2025-06-19T00:00:00+00:00,21.0,81.0,0.0,Bay of Bengal,-0.20193,-0.31882,0.37739
2025-06-19T00:00:00+00:00,21.0,82.0,0.0,Bay of Bengal,-0.20174,-0.32096,0.3791
2025-06-19T00:00:00+00:00,21.0,83.0,0.0,Bay of Bengal,-0.19895,-0.32291,0.37928
2025-06-19T00:00:00+00:00,21.0,84.0,0.0,Bay of Bengal,-0.19394,-0.32464,0.37816
2025-06-19T00:00:00+00:00,21.0,85.0,0.0,Bay of Bengal,-0.18736,-0.32617,0.37615
2025-06-19T00:00:00+00:00,21.0,86.0,0.0,Bay of Bengal,-0.18009,-0.32748,0.37373
2025-06-19T00:00:00+00:00,21.0,87.0,0.0,Bay of Bengal,-0.1731,-0.32858,0.37138
2025-06-19T00:00:00+00:00,21.0,88.0,0.0,Bay of Bengal,-0.16732,-0.32945,0.36951
2025-06-19T00:00:00+00:00,21.0,89.0,0.0,Bay of Bengal,-0.16351,-0.33011,0.36839
2025-06-19T00:00:00+00:00,21.0,90.0,0.0,Bay of Bengal,-0.16218,-0.33055,0.36819
2025-06-19T00:00:00+00:00,21.0,91.0,0.0,Bay of Bengal,-0.16351,-0.33076,0.36897
2025-06-19T00:00:00+00:00,21.0,92.0,0.0,Bay of Bengal,-0.16732,-0.33076,0.37067
2025-06-19T00:00:00+00:00,21.0,93.0,0.0,Bay of Bengal,-0.1731,-0.33053,0.37311
2025-06-19T00:00:00+00:00,21.0,94.0,0.0,Bay of Bengal,-0.18009,-0.33008,0.37602
2025-06-19T00:00:00+00:00,21.0,95.0,0.0,Bay of Bengal,-0.18736,-0.32942,0.37897
2025-06-19T00:00:00+00:00,21.0,96.0,0.0,Bay of Bengal,-0.19394,-0.32854,0.38151
2025-06-19T00:00:00+00:00,21.0,97.0,0.0,Bay of Bengal,-0.19895,-0.32746,0.38316
2025-06-19T00:00:00+00:00,21.0,98.0,0.0,Bay of Bengal,-0.20174,-0.32616,0.38351
2025-06-19T00:00:00+00:00,22.0,80.0,0.0,Bay of Bengal,-0.202,-0.31682,0.37574
2025-06-19T00:00:00+00:00,22.0,81.0,0.0,Bay of Bengal,-0.19532,-0.31916,0.37419
2025-06-19T00:00:00+00:00,22.0,82.0,0.0,Bay of Bengal,-0.18775,-0.3213,0.37214
2025-06-19T00:00:00+00:00,22.0,83.0,0.0,Bay of Bengal,-0.18038,-0.32324,0.37016
2025-06-19T00:00:00+00:00,22.0,84.0,0.0,Bay of Bengal,-0.17428,-0.32498,0.36876
2025-06-19T00:00:00+00:00,22.0,85.0,0.0,Bay of Bengal,-0.17035,-0.3265,0.36827
2025-06-19T00:00:00+00:00,22.0,86.0,0.0,Bay of Bengal,-0.16916,-0.32781,0.36888
2025-06-19T00:00:00+00:00,22.0,87.0,0.0,Bay of Bengal,-0.17087,-0.32891,0.37064
2025-06-19T00:00:00+00:00,22.0,88.0,0.0,Bay of Bengal,-0.17525,-0.32978,0.37346
2025-06-19T00:00:00+00:00,22.0,89.0,0.0,Bay of Bengal,-0.18165,-0.33044,0.37708
2025-06-19T00:00:00+00:00,22.0,90.0,0.0,Bay of Bengal,-0.18914,-0.33087,0.38112
2025-06-19T00:00:00+00:00,22.0,91.0,0.0,Bay of Bengal,-0.19664,-0.33109,0.38508
2025-06-19T00:00:00+00:00,22.0,92.0,0.0,Bay of Bengal,-0.20304,-0.33108,0.38838
2025-06-19T00:00:00+00:00,22.0,93.0,0.0,Bay of Bengal,-0.20741,-0.33085,0.39049
2025-06-19T00:00:00+00:00,22.0,94.0,0.0,Bay of Bengal,-0.20913,-0.3304,0.39102
2025-06-19T00:00:00+00:00,22.0,95.0,0.0,Bay of Bengal,-0.20794,-0.32973,0.38982
2025-06-19T00:00:00+00:00,22.0,96.0,0.0,Bay of Bengal,-0.20401,-0.32885,0.38699
2025-06-19T00:00:00+00:00,22.0,97.0,0.0,Bay of Bengal,-0.19791,-0.32776,0.38288
2025-06-19T00:00:00+00:00,22.0,98.0,0.0,Bay of Bengal,-0.19054,-0.32646,0.378
2025-06-19T00:00:00+00:00,6.0,80.0,50.0,Bay of Bengal,-0.07432,-0.28151,0.29116
2025-06-19T00:00:00+00:00,6.0,81.0,50.0,Bay of Bengal,-0.07546,-0.28367,0.29354
2025-06-19T00:00:00+00:00,6.0,82.0,50.0,Bay of Bengal,-0.07678,-0.28565,0.29579
2025-06-19T00:00:00+00:00,6.0,83.0,50.0,Bay of Bengal,-0.07826,-0.28745,0.29791
2025-06-19T00:00:00+00:00,6.0,84.0,50.0,Bay of Bengal,-0.07988,-0.28906,0.2999
2025-06-19T00:00:00+00:00,6.0,85.0,50.0,Bay of Bengal,-0.08164,-0.29049,0.30174
2025-06-19T00:00:00+00:00,6.0,86.0,50.0,Bay of Bengal,-0.08351,-0.29172,0.30344
2025-06-19T00:00:00+00:00,6.0,87.0,50.0,Bay of Bengal,-0.08546,-0.29276,0.30498
2025-06-19T00:00:00+00:00,6.0,88.0,50.0,Bay of Bengal,-0.08748,-0.29361,0.30636
2025-06-19T00:00:00+00:00,6.0,89.0,50.0,Bay of Bengal,-0.08955,-0.29425,0.30758
2025-06-19T00:00:00+00:00,6.0,90.0,50.0,Bay of Bengal,-0.09164,-0.2947,0.30862
2025-06-19T00:00:00+00:00,6.0,91.0,50.0,Bay of Bengal,-0.09373,-0.29495,0.30948
2025-06-19T00:00:00+00:00,6.0,92.0,50.0,Bay of Bengal,-0.0958,-0.29499,0.31016
2025-06-19T00:00:00+00:00,6.0,93.0,50.0,Bay of Bengal,-0.09782,-0.29484,0.31065
2025-06-19T00:00:00+00:00,6.0,94.0,50.0,Bay of Bengal,-0.09978,-0.2945,0.31094
2025-06-19T00:00:00+00:00,6.0,95.0,50.0,Bay of Bengal,-0.10164,-0.29396,0.31103
2025-06-19T00:00:00+00:00,6.0,96.0,50.0,Bay of Bengal,-0.1034,-0.29322,0.31092
2025-06-19T00:00:00+00:00,6.0,97.0,50.0,Bay of Bengal,-0.10502,-0.2923,0.31059
2025-06-19T00:00:00+00:00,6.0,98.0,50.0,Bay of Bengal,-0.1065,-0.29119,0.31005
2025-06-19T00:00:00+00:00,7.0,80.0,50.0,Bay of Bengal,-0.10125,-0.28186,0.2995
2025-06-19T00:00:00+00:00,7.0,81.0,50.0,Bay of Bengal,-0.10349,-0.28402,0.30229
2025-06-19T00:00:00+00:00,7.0,82.0,50.0,Bay of Bengal,-0.10559,-0.286,0.30487
2025-06-19T00:00:00+00:00,7.0,83.0,50.0,Bay of Bengal,-0.10753,-0.2878,0.30723
2025-06-19T00:00:00+00:00,7.0,84.0,50.0,Bay of Bengal,-0.10927,-0.28941,0.30935
2025-06-19T00:00:00+00:00,7.0,85.0,50.0,Bay of Bengal,-0.11079,-0.29084,0.31123
2025-06-19T00:00:00+00:00,7.0,86.0,50.0,Bay of Bengal,-0.11207,-0.29207,0.31283
2025-06-19T00:00:00+00:00,7.0,87.0,50.0,Bay of Bengal,-0.11308,-0.29311,0.31417
2025-06-19T00:00:00+00:00,7.0,88.0,50.0,Bay of Bengal,-0.11382,-0.29395,0.31522
2025-06-19T00:00:00+00:00,7.0,89.0,50.0,Bay of Bengal,-0.11426,-0.2946,0.31598
2025-06-19T00:00:00+00:00,7.0,90.0,50.0,Bay of Bengal,-0.11441,-0.29504,0.31645
2025-06-19T00:00:00+00:00,7.0,91.0,50.0,Bay of Bengal,-0.11426,-0.29529,0.31663
2025-06-19T00:00:00+00:00,7.0,92.0,50.0,Bay of Bengal,-0.11382,-0.29534,0.31651
2025-06-19T00:00:00+00:00,7.0,93.0,50.0,Bay of Bengal,-0.11308,-0.29519,0.31611
2025-06-19T00:00:00+00:00,7.0,94.0,50.0,Bay of Bengal,-0.11207,-0.29484,0.31542
2025-06-19T00:00:00+00:00,7.0,95.0,50.0,Bay of Bengal,-0.11079,-0.2943,0.31446
2025-06-19T00:00:00+00:00,7.0,96.0,50.0,Bay of Bengal,-0.10927,-0.29356,0.31324
2025-06-19T00:00:00+00:00,7.0,97.0,50.0,Bay of Bengal,-0.10753,-0.29264,0.31177
2025-06-19T00:00:00+00:00,7.0,98.0,50.0,Bay of Bengal,-0.10559,-0.29153,0.31006
2025-06-19T00:00:00+00:00,8.0,80.0,50.0,Bay of Bengal,-0.11726,-0.28221,0.3056
2025-06-19T00:00:00+00:00,8.0,81.0,50.0,Bay of Bengal,-0.11659,-0.28437,0.30734
2025-06-19T00:00:00+00:00,8.0,82.0,50.0,Bay of Bengal,-0.11554,-0.28635,0.30878
2025-06-19T00:00:00+00:00,8.0,83.0,50.0,Bay of Bengal,-0.11415,-0.28815,0.30993
2025-06-19T00:00:00+00:00,8.0,84.0,50.0,Bay of Bengal,-0.11243,-0.28976,0.31081
2025-06-19T00:00:00+00:00,8.0,85.0,50.0,Bay of Bengal,-0.11042,-0.29119,0.31142
2025-06-19T00:00:00+00:00,8.0,86.0,50.0,Bay of Bengal,-0.10817,-0.29242,0.31178
2025-06-19T00:00:00+00:00,8.0,87.0,50.0,Bay of Bengal,-0.1057,-0.29346,0.31191
2025-06-19T00:00:00+00:00,8.0,88.0,50.0,Bay of Bengal,-0.10308,-0.2943,0.31183
2025-06-19T00:00:00+00:00,8.0,89.0,50.0,Bay of Bengal,-0.10035,-0.29495,0.31155
2025-06-19T00:00:00+00:00,8.0,90.0,50.0,Bay of Bengal,-0.09757,-0.29539,0.31109
2025-06-19T00:00:00+00:00,8.0,91.0,50.0,Bay of Bengal,-0.09478,-0.29564,0.31046
2025-06-19T00:00:00+00:00,8.0,92.0,50.0,Bay of Bengal,-0.09205,-0.29568,0.30968
2025-06-19T00:00:00+00:00,8.0,93.0,50.0,Bay of Bengal,-0.08943,-0.29553,0.30877
2025-06-19T00:00:00+00:00,8.0,94.0,50.0,Bay of Bengal,-0.08697,-0.29518,0.30773
2025-06-19T00:00:00+00:00,8.0,95.0,50.0,Bay of Bengal,-0.08471,-0.29464,0.30658
2025-06-19T00:00:00+00:00,8.0,96.0,50.0,Bay of Bengal,-0.0827,-0.2939,0.30532
2025-06-19T00:00:00+00:00,8.0,97.0,50.0,Bay of Bengal,-0.08099,-0.29298,0.30396
2025-06-19T00:00:00+00:00,8.0,98.0,50.0,Bay of Bengal,-0.07959,-0.29186,0.30252
2025-06-19T00:00:00+00:00,9.0,80.0,50.0,Bay of Bengal,-0.1011,-0.28256,0.3001
2025-06-19T00:00:00+00:00,9.0,81.0,50.0,Bay of Bengal,-0.09797,-0.28472,0.3011
2025-06-19T00:00:00+00:00,9.0,82.0,50.0,Bay of Bengal,-0.09492,-0.2867,0.302
2025-06-19T00:00:00+00:00,9.0,83.0,50.0,Bay of Bengal,-0.09202,-0.2885,0.30282
2025-06-19T00:00:00+00:00,9.0,84.0,50.0,Bay of Bengal,-0.08934,-0.29011,0.30356
2025-06-19T00:00:00+00:00,9.0,85.0,50.0,Bay of Bengal,-0.08696,-0.29154,0.30423
2025-06-19T00:00:00+00:00,9.0,86.0,50.0,Bay of Bengal,-0.08492,-0.29277,0.30483
2025-06-19T00:00:00+00:00,9.0,87.0,50.0,Bay of Bengal,-0.08328,-0.29381,0.30538
2025-06-19T00:00:00+00:00,9.0,88.0,50.0,Bay of Bengal,-0.08208,-0.29465,0.30587
2025-06-19T00:00:00+00:00,9.0,89.0,50.0,Bay of Bengal,-0.08134,-0.29529,0.30629
2025-06-19T00:00:00+00:00,9.0,90.0,50.0,Bay of Bengal,-0.0811,-0.29574,0.30665
2025-06-19T00:00:00+00:00,9.0,91.0,50.0,Bay of Bengal,-0.08134,-0.29598,0.30696
2025-06-19T00:00:00+00:00,9.0,92.0,50.0,Bay of Bengal,-0.08208,-0.29603,0.30719
2025-06-19T00:00:00+00:00,9.0,93.0,50.0,Bay of Bengal,-0.08328,-0.29587,0.30737
2025-06-19T00:00:00+00:00,9.0,94.0,50.0,Bay of Bengal,-0.08492,-0.29552,0.30748
2025-06-19T00:00:00+00:00,9.0,95.0,50.0,Bay of Bengal,-0.08696,-0.29498,0.30753
2025-06-19T00:00:00+00:00,9.0,96.0,50.0,Bay of Bengal,-0.08934,-0.29424,0.30751
2025-06-19T00:00:00+00:00,9.0,97.0,50.0,Bay of Bengal,-0.09202,-0.29331,0.30741
2025-06-19T00:00:00+00:00,9.0,98.0,50.0,Bay of Bengal,-0.09492,-0.2922,0.30723
2025-06-19T00:00:00+00:00,10.0,80.0,50.0,Bay of Bengal,-0.08529,-0.28291,0.29549
2025-06-19T00:00:00+00:00,10.0,81.0,50.0,Bay of Bengal,-0.08499,-0.28507,0.29747
2025-06-19T00:00:00+00:00,10.0,82.0,50.0,Bay of Bengal,-0.08529,-0.28705,0.29945
2025-06-19T00:00:00+00:00,10.0,83.0,50.0,Bay of Bengal,-0.08619,-0.28885,0.30143
2025-06-19T00:00:00+00:00,10.0,84.0,50.0,Bay of Bengal,-0.08767,-0.29046,0.3034
2025-06-19T00:00:00+00:00,10.0,85.0,50.0,Bay of Bengal,-0.08967,-0.29188,0.30535
2025-06-19T00:00:00+00:00,10.0,86.0,50.0,Bay of Bengal,-0.09213,-0.29312,0.30725
2025-06-19T00:00:00+00:00,10.0,87.0,50.0,Bay of Bengal,-0.09499,-0.29415,0.30911
2025-06-19T00:00:00+00:00,10.0,88.0,50.0,Bay of Bengal,-0.09815,-0.29499,0.31089
2025-06-19T00:00:00+00:00,10.0,89.0,50.0,Bay of Bengal,-0.10151,-0.29564,0.31258
2025-06-19T00:00:00+00:00,10.0,90.0,50.0,Bay of Bengal,-0.10499,-0.29608,0.31414
2025-06-19T00:00:00+00:00,10.0,91.0,50.0,Bay of Bengal,-0.10846,-0.29632,0.31555
2025-06-19T00:00:00+00:00,10.0,92.0,50.0,Bay of Bengal,-0.11183,-0.29637,0.31676
2025-06-19T00:00:00+00:00,10.0,93.0,50.0,Bay of Bengal,-0.11499,-0.29621,0.31775
2025-06-19T00:00:00+00:00,10.0,94.0,50.0,Bay of Bengal,-0.11784,-0.29586,0.31847
2025-06-19T00:00:00+00:00,10.0,95.0,50.0,Bay of Bengal,-0.12031,-0.29532,0.31888
2025-06-19T00:00:00+00:00,10.0,96.0,50.0,Bay of Bengal,-0.12231,-0.29458,0.31896
2025-06-19T00:00:00+00:00,10.0,97.0,50.0,Bay of Bengal,-0.12378,-0.29365,0.31867
2025-06-19T00:00:00+00:00,10.0,98.0,50.0,Bay of Bengal,-0.12468,-0.29253,0.31799
2025-06-19T00:00:00+00:00,11.0,80.0,50.0,Bay of Bengal,-0.10237,-0.28326,0.30119
2025-06-19T00:00:00+00:00,11.0,81.0,50.0,Bay of Bengal,-0.10608,-0.28542,0.30449
2025-06-19T00:00:00+00:00,11.0,82.0,50.0,Bay of Bengal,-0.10991,-0.2874,0.3077
2025-06-19T00:00:00+00:00,11.0,83.0,50.0,Bay of Bengal,-0.11371,-0.28919,0.31075
2025-06-19T00:00:00+00:00,11.0,84.0,50.0,Bay of Bengal,-0.11735,-0.29081,0.31359
2025-06-19T00:00:00+00:00,11.0,85.0,50.0,Bay of Bengal,-0.12068,-0.29223,0.31617
2025-06-19T00:00:00+00:00,11.0,86.0,50.0,Bay of Bengal,-0.1236,-0.29346,0.31843
2025-06-19T00:00:00+00:00,11.0,87.0,50.0,Bay of Bengal,-0.12599,-0.2945,0.32032
2025-06-19T00:00:00+00:00,11.0,88.0,50.0,Bay of Bengal,-0.12776,-0.29534,0.32179
2025-06-19T00:00:00+00:00,11.0,89.0,50.0,Bay of Bengal,-0.12885,-0.29598,0.32281
2025-06-19T00:00:00+00:00,11.0,90.0,50.0,Bay of Bengal,-0.12921,-0.29642,0.32336
2025-06-19T00:00:00+00:00,11.0,91.0,50.0,Bay of Bengal,-0.12885,-0.29667,0.32344
2025-06-19T00:00:00+00:00,11.0,92.0,50.0,Bay of Bengal,-0.12776,-0.29671,0.32305
2025-06-19T00:00:00+00:00,11.0,93.0,50.0,Bay of Bengal,-0.12599,-0.29655,0.32221
2025-06-19T00:00:00+00:00,11.0,94.0,50.0,Bay of Bengal,-0.1236,-0.2962,0.32096
2025-06-19T00:00:00+00:00,11.0,95.0,50.0,Bay of Bengal,-0.12068,-0.29565,0.31934
2025-06-19T00:00:00+00:00,11.0,96.0,50.0,Bay of Bengal,-0.11735,-0.29491,0.3174
2025-06-19T00:00:00+00:00,11.0,97.0,50.0,Bay of Bengal,-0.11371,-0.29398,0.31521
2025-06-19T00:00:00+00:00,11.0,98.0,50.0,Bay of Bengal,-0.10991,-0.29286,0.31281
2025-06-19T00:00:00+00:00,12.0,80.0,50.0,Bay of Bengal,-0.13108,-0.28361,0.31243
2025-06-19T00:00:00+00:00,12.0,81.0,50.0,Bay of Bengal,-0.13278,-0.28576,0.3151
2025-06-19T00:00:00+00:00,12.0,82.0,50.0,Bay of Bengal,-0.13365,-0.28774,0.31727
2025-06-19T00:00:00+00:00,12.0,83.0,50.0,Bay of Bengal,-0.13365,-0.28954,0.3189
2025-06-19T00:00:00+00:00,12.0,84.0,50.0,Bay of Bengal,-0.13278,-0.29115,0.32
2025-06-19T00:00:00+00:00,12.0,85.0,50.0,Bay of Bengal,-0.13108,-0.29258,0.3206
2025-06-19T00:00:00+00:00,12.0,86.0,50.0,Bay of Bengal,-0.12862,-0.29381,0.32073
2025-06-19T00:00:00+00:00,12.0,87.0,50.0,Bay of Bengal,-0.12551,-0.29484,0.32045
2025-06-19T00:00:00+00:00,12.0,88.0,50.0,Bay of Bengal,-0.12189,-0.29568,0.31982
2025-06-19T00:00:00+00:00,12.0,89.0,50.0,Bay of Bengal,-0.11791,-0.29632,0.31892
2025-06-19T00:00:00+00:00,12.0,90.0,50.0,Bay of Bengal,-0.11376,-0.29677,0.31782
2025-06-19T00:00:00+00:00,12.0,91.0,50.0,Bay of Bengal,-0.1096,-0.29701,0.31658
2025-06-19T00:00:00+00:00,12.0,92.0,50.0,Bay of Bengal,-0.10562,-0.29705,0.31527
2025-06-19T00:00:00+00:00,12.0,93.0,50.0,Bay of Bengal,-0.102,-0.29689,0.31393
2025-06-19T00:00:00+00:00,12.0,94.0,50.0,Bay of Bengal,-0.09889,-0.29654,0.31259
2025-06-19T00:00:00+00:00,12.0,95.0,50.0,Bay of Bengal,-0.09644,-0.29599,0.3113
2025-06-19T00:00:00+00:00,12.0,96.0,50.0,Bay of Bengal,-0.09473,-0.29524,0.31007
2025-06-19T00:00:00+00:00,12.0,97.0,50.0,Bay of Bengal,-0.09387,-0.29431,0.30892
2025-06-19T00:00:00+00:00,12.0,98.0,50.0,Bay of Bengal,-0.09387,-0.29319,0.30785
2025-06-19T00:00:00+00:00,13.0,80.0,50.0,Bay of Bengal,-0.13145,-0.28396,0.31291
2025-06-19T00:00:00+00:00,13.0,81.0,50.0,Bay of Bengal,-0.12767,-0.28611,0.31331
2025-06-19T00:00:00+00:00,13.0,82.0,50.0,Bay of Bengal,-0.12343,-0.28809,0.31342
2025-06-19T00:00:00+00:00,13.0,83.0,50.0,Bay of Bengal,-0.11894,-0.28989,0.31334
2025-06-19T00:00:00+00:00,13.0,84.0,50.0,Bay of Bengal,-0.11444,-0.2915,0.31316
2025-06-19T00:00:00+00:00,13.0,85.0,50.0,Bay of Bengal,-0.11014,-0.29292,0.31295
2025-06-19T00:00:00+00:00,13.0,86.0,50.0,Bay of Bengal,-0.10628,-0.29415,0.31277
2025-06-19T00:00:00+00:00,13.0,87.0,50.0,Bay of Bengal,-0.10305,-0.29519,0.31266
2025-06-19T00:00:00+00:00,13.0,88.0,50.0,Bay of Bengal,-0.10062,-0.29603,0.31266
2025-06-19T00:00:00+00:00,13.0,89.0,50.0,Bay of Bengal,-0.09911,-0.29667,0.31278
2025-06-19T00:00:00+00:00,13.0,90.0,50.0,Bay of Bengal,-0.09859,-0.29711,0.31304
2025-06-19T00:00:00+00:00,13.0,91.0,50.0,Bay of Bengal,-0.09911,-0.29735,0.31343
2025-06-19T00:00:00+00:00,13.0,92.0,50.0,Bay of Bengal,-0.10062,-0.29739,0.31395
2025-06-19T00:00:00+00:00,13.0,93.0,50.0,Bay of Bengal,-0.10305,-0.29723,0.31459
2025-06-19T00:00:00+00:00,13.0,94.0,50.0,Bay of Bengal,-0.10628,-0.29687,0.31532
2025-06-19T00:00:00+00:00,13.0,95.0,50.0,Bay of Bengal,-0.11014,-0.29632,0.31613
2025-06-19T00:00:00+00:00,13.0,96.0,50.0,Bay of Bengal,-0.11444,-0.29558,0.31695
2025-06-19T00:00:00+00:00,13.0,97.0,50.0,Bay of Bengal,-0.11894,-0.29464,0.31774
2025-06-19T00:00:00+00:00,13.0,98.0,50.0,Bay of Bengal,-0.12343,-0.29352,0.31841
2025-06-19T00:00:00+00:00,14.0,80.0,50.0,Bay of Bengal,-0.11085,-0.2843,0.30515
2025-06-19T00:00:00+00:00,14.0,81.0,50.0,Bay of Bengal,-0.10752,-0.28646,0.30598
2025-06-19T00:00:00+00:00,14.0,82.0,50.0,Bay of Bengal,-0.10516,-0.28844,0.30701
2025-06-19T00:00:00+00:00,14.0,83.0,50.0,Bay of Bengal,-0.1039,-0.29024,0.30827
2025-06-19T00:00:00+00:00,14.0,84.0,50.0,Bay of Bengal,-0.10381,-0.29185,0.30976
2025-06-19T00:00:00+00:00,14.0,85.0,50.0,Bay of Bengal,-0.10491,-0.29327,0.31147
2025-06-19T00:00:00+00:00,14.0,86.0,50.0,Bay of Bengal,-0.10712,-0.2945,0.31338
2025-06-19T00:00:00+00:00,14.0,87.0,50.0,Bay of Bengal,-0.11032,-0.29553,0.31545
2025-06-19T00:00:00+00:00,14.0,88.0,50.0,Bay of Bengal,-0.11431,-0.29637,0.31765
2025-06-19T00:00:00+00:00,14.0,89.0,50.0,Bay of Bengal,-0.11887,-0.29701,0.31991
2025-06-19T00:00:00+00:00,14.0,90.0,50.0,Bay of Bengal,-0.1237,-0.29745,0.32214
2025-06-19T00:00:00+00:00,14.0,91.0,50.0,Bay of Bengal,-0.12854,-0.29768,0.32425
2025-06-19T00:00:00+00:00,14.0,92.0,50.0,Bay of Bengal,-0.13309,-0.29772,0.32612
2025-06-19T00:00:00+00:00,14.0,93.0,50.0,Bay of Bengal,-0.13709,-0.29756,0.32762
2025-06-19T00:00:00+00:00,14.0,94.0,50.0,Bay of Bengal,-0.14028,-0.29721,0.32865
2025-06-19T00:00:00+00:00,14.0,95.0,50.0,Bay of Bengal,-0.1425,-0.29665,0.3291
2025-06-19T00:00:00+00:00,14.0,96.0,50.0,Bay of Bengal,-0.14359,-0.2959,0.32891
2025-06-19T00:00:00+00:00,14.0,97.0,50.0,Bay of Bengal,-0.14351,-0.29497,0.32802
2025-06-19T00:00:00+00:00,14.0,98.0,50.0,Bay of Bengal,-0.14225,-0.29384,0.32646
2025-06-19T00:00:00+00:00,15.0,80.0,50.0,Bay of Bengal,-0.11174,-0.28465,0.3058
2025-06-19T00:00:00+00:00,15.0,81.0,50.0,Bay of Bengal,-0.11492,-0.28681,0.30897
2025-06-19T00:00:00+00:00,15.0,82.0,50.0,Bay of Bengal,-0.11906,-0.28879,0.31237
2025-06-19T00:00:00+00:00,15.0,83.0,50.0,Bay of Bengal,-0.12388,-0.29058,0.31589
2025-06-19T00:00:00+00:00,15.0,84.0,50.0,Bay of Bengal,-0.12906,-0.29219,0.31943
2025-06-19T00:00:00+00:00,15.0,85.0,50.0,Bay of Bengal,-0.13424,-0.29361,0.32284
2025-06-19T00:00:00+00:00,15.0,86.0,50.0,Bay of Bengal,-0.13906,-0.29484,0.32599
2025-06-19T00:00:00+00:00,15.0,87.0,50.0,Bay of Bengal,-0.1432,-0.29587,0.32871
2025-06-19T00:00:00+00:00,15.0,88.0,50.0,Bay of Bengal,-0.14638,-0.29671,0.33085
2025-06-19T00:00:00+00:00,15.0,89.0,50.0,Bay of Bengal,-0.14838,-0.29735,0.33231
2025-06-19T00:00:00+00:00,15.0,90.0,50.0,Bay of Bengal,-0.14906,-0.29778,0.33301
2025-06-19T00:00:00+00:00,15.0,91.0,50.0,Bay of Bengal,-0.14838,-0.29802,0.33291
2025-06-19T00:00:00+00:00,15.0,92.0,50.0,Bay of Bengal,-0.14638,-0.29806,0.33206
2025-06-19T00:00:00+00:00,15.0,93.0,50.0,Bay of Bengal,-0.1432,-0.2979,0.33053
2025-06-19T00:00:00+00:00,15.0,94.0,50.0,Bay of Bengal,-0.13906,-0.29754,0.32843
2025-06-19T00:00:00+00:00,15.0,95.0,50.0,Bay of Bengal,-0.13424,-0.29698,0.32591
2025-06-19T00:00:00+00:00,15.0,96.0,50.0,Bay of Bengal,-0.12906,-0.29623,0.32312
2025-06-19T00:00:00+00:00,15.0,97.0,50.0,Bay of Bengal,-0.12388,-0.29529,0.32022
2025-06-19T00:00:00+00:00,15.0,98.0,50.0,Bay of Bengal,-0.11906,-0.29416,0.31734
2025-06-19T00:00:00+00:00,16.0,80.0,50.0,Bay of Bengal,-0.14148,-0.285,0.31818
2025-06-19T00:00:00+00:00,16.0,81.0,50.0,Bay of Bengal,-0.14639,-0.28715,0.32232
2025-06-19T00:00:00+00:00,16.0,82.0,50.0,Bay of Bengal,-0.1504,-0.28913,0.32591
2025-06-19T00:00:00+00:00,16.0,83.0,50.0,Bay of Bengal,-0.15318,-0.29093,0.32879
2025-06-19T00:00:00+00:00,16.0,84.0,50.0,Bay of Bengal,-0.15453,-0.29254,0.33084
2025-06-19T00:00:00+00:00,16.0,85.0,50.0,Bay of Bengal,-0.15433,-0.29396,0.33201
2025-06-19T00:00:00+00:00,16.0,86.0,50.0,Bay of Bengal,-0.15261,-0.29518,0.3323
2025-06-19T00:00:00+00:00,16.0,87.0,50.0,Bay of Bengal,-0.1495,-0.29621,0.3318
2025-06-19T00:00:00+00:00,16.0,88.0,50.0,Bay of Bengal,-0.14523,-0.29705,0.33065
2025-06-19T00:00:00+00:00,16.0,89.0,50.0,Bay of Bengal,-0.14015,-0.29768,0.32903
2025-06-19T00:00:00+00:00,16.0,90.0,50.0,Bay of Bengal,-0.13464,-0.29812,0.32711
2025-06-19T00:00:00+00:00,16.0,91.0,50.0,Bay of Bengal,-0.12912,-0.29836,0.3251
2025-06-19T00:00:00+00:00,16.0,92.0,50.0,Bay of Bengal,-0.12404,-0.29839,0.32314
2025-06-19T00:00:00+00:00,16.0,93.0,50.0,Bay of Bengal,-0.11977,-0.29823,0.32138
2025-06-19T00:00:00+00:00,16.0,94.0,50.0,Bay of Bengal,-0.11666,-0.29787,0.3199
2025-06-19T00:00:00+00:00,16.0,95.0,50.0,Bay of Bengal,-0.11494,-0.29731,0.31875
2025-06-19T00:00:00+00:00,16.0,96.0,50.0,Bay of Bengal,-0.11475,-0.29656,0.31798
2025-06-19T00:00:00+00:00,16.0,97.0,50.0,Bay of Bengal,-0.11609,-0.29561,0.31759
2025-06-19T00:00:00+00:00,16.0,98.0,50.0,Bay of Bengal,-0.11888,-0.29448,0.31757
2025-06-19T00:00:00+00:00,17.0,80.0,50.0,Bay of Bengal,-0.1601,-0.28535,0.32719
2025-06-19T00:00:00+00:00,17.0,81.0,50.0,Bay of Bengal,-0.15823,-0.2875,0.32816
2025-06-19T00:00:00+00:00,17.0,82.0,50.0,Bay of Bengal,-0.15479,-0.28948,0.32827
2025-06-19T00:00:00+00:00,17.0,83.0,50.0,Bay of Bengal,-0.1501,-0.29127,0.32767
2025-06-19T00:00:00+00:00,17.0,84.0,50.0,Bay of Bengal,-0.14456,-0.29288,0.32662
2025-06-19T00:00:00+00:00,17.0,85.0,50.0,Bay of Bengal,-0.13866,-0.2943,0.32533
2025-06-19T00:00:00+00:00,17.0,86.0,50.0,Bay of Bengal,-0.13291,-0.29552,0.32404
2025-06-19T00:00:00+00:00,17.0,87.0,50.0,Bay of Bengal,-0.12782,-0.29655,0.32293
2025-06-19T00:00:00+00:00,17.0,88.0,50.0,Bay of Bengal,-0.12383,-0.29739,0.32214
2025-06-19T00:00:00+00:00,17.0,89.0,50.0,Bay of Bengal,-0.12128,-0.29802,0.32175
2025-06-19T00:00:00+00:00,17.0,90.0,50.0,Bay of Bengal,-0.12041,-0.29845,0.32183
2025-06-19T00:00:00+00:00,17.0,91.0,50.0,Bay of Bengal,-0.12128,-0.29869,0.32237
2025-06-19T00:00:00+00:00,17.0,92.0,50.0,Bay of Bengal,-0.12383,-0.29872,0.32337
2025-06-19T00:00:00+00:00,17.0,93.0,50.0,Bay of Bengal,-0.12782,-0.29856,0.32477
2025-06-19T00:00:00+00:00,17.0,94.0,50.0,Bay of Bengal,-0.13291,-0.29819,0.32647
2025-06-19T00:00:00+00:00,17.0,95.0,50.0,Bay of Bengal,-0.13866,-0.29763,0.32835
2025-06-19T00:00:00+00:00,17.0,96.0,50.0,Bay of Bengal,-0.14456,-0.29688,0.33021
2025-06-19T00:00:00+00:00,17.0,97.0,50.0,Bay of Bengal,-0.1501,-0.29593,0.33182
2025-06-19T00:00:00+00:00,17.0,98.0,50.0,Bay of Bengal,-0.15479,-0.2948,0.33297
2025-06-19T00:00:00+00:00,18.0,80.0,50.0,Bay of Bengal,-0.14634,-0.28569,0.32099
2025-06-19T00:00:00+00:00,18.0,81.0,50.0,Bay of Bengal,-0.14016,-0.28785,0.32016
2025-06-19T00:00:00+00:00,18.0,82.0,50.0,Bay of Bengal,-0.13458,-0.28982,0.31955
2025-06-19T00:00:00+00:00,18.0,83.0,50.0,Bay of Bengal,-0.13016,-0.29162,0.31934
2025-06-19T00:00:00+00:00,18.0,84.0,50.0,Bay of Bengal,-0.12732,-0.29322,0.31967
2025-06-19T00:00:00+00:00,18.0,85.0,50.0,Bay of Bengal,-0.12634,-0.29464,0.32058
2025-06-19T00:00:00+00:00,18.0,86.0,50.0,Bay of Bengal,-0.12732,-0.29586,0.3221
2025-06-19T00:00:00+00:00,18.0,87.0,50.0,Bay of Bengal,-0.13016,-0.29689,0.32417
2025-06-19T00:00:00+00:00,18.0,88.0,50.0,Bay of Bengal,-0.13458,-0.29772,0.32673
2025-06-19T00:00:00+00:00,18.0,89.0,50.0,Bay of Bengal,-0.14016,-0.29836,0.32964
2025-06-19T00:00:00+00:00,18.0,90.0,50.0,Bay of Bengal,-0.14634,-0.29879,0.3327
2025-06-19T00:00:00+00:00,18.0,91.0,50.0,Bay of Bengal,-0.15252,-0.29902,0.33567
2025-06-19T00:00:00+00:00,18.0,92.0,50.0,Bay of Bengal,-0.1581,-0.29905,0.33827
2025-06-19T00:00:00+00:00,18.0,93.0,50.0,Bay of Bengal,-0.16252,-0.29888,0.34021
2025-06-19T00:00:00+00:00,18.0,94.0,50.0,Bay of Bengal,-0.16536,-0.29852,0.34126
2025-06-19T00:00:00+00:00,18.0,95.0,50.0,Bay of Bengal,-0.16634,-0.29796,0.34124
2025-06-19T00:00:00+00:00,18.0,96.0,50.0,Bay of Bengal,-0.16536,-0.2972,0.34011
2025-06-19T00:00:00+00:00,18.0,97.0,50.0,Bay of Bengal,-0.16252,-0.29625,0.3379
2025-06-19T00:00:00+00:00,18.0,98.0,50.0,Bay of Bengal,-0.1581,-0.29512,0.3348
2025-06-19T00:00:00+00:00,19.0,80.0,50.0,Bay of Bengal,-0.13272,-0.28604,0.31533
2025-06-19T00:00:00+00:00,19.0,81.0,50.0,Bay of Bengal,-0.13266,-0.28819,0.31726
2025-06-19T00:00:00+00:00,19.0,82.0,50.0,Bay of Bengal,-0.13475,-0.29016,0.31993
2025-06-19T00:00:00+00:00,19.0,83.0,50.0,Bay of Bengal,-0.13877,-0.29196,0.32326
2025-06-19T00:00:00+00:00,19.0,84.0,50.0,Bay of Bengal,-0.14428,-0.29356,0.3271
2025-06-19T00:00:00+00:00,19.0,85.0,50.0,Bay of Bengal,-0.15067,-0.29498,0.33123
2025-06-19T00:00:00+00:00,19.0,86.0,50.0,Bay of Bengal,-0.15725,-0.2962,0.33535
2025-06-19T00:00:00+00:00,19.0,87.0,50.0,Bay of Bengal,-0.1633,-0.29723,0.33914
2025-06-19T00:00:00+00:00,19.0,88.0,50.0,Bay of Bengal,-0.16817,-0.29806,0.34223
2025-06-19T00:00:00+00:00,19.0,89.0,50.0,Bay of Bengal,-0.17132,-0.29869,0.34433
2025-06-19T00:00:00+00:00,19.0,90.0,50.0,Bay of Bengal,-0.17241,-0.29912,0.34525
2025-06-19T00:00:00+00:00,19.0,91.0,50.0,Bay of Bengal,-0.17132,-0.29935,0.34491
2025-06-19T00:00:00+00:00,19.0,92.0,50.0,Bay of Bengal,-0.16817,-0.29938,0.34338
2025-06-19T00:00:00+00:00,19.0,93.0,50.0,Bay of Bengal,-0.1633,-0.29921,0.34087
2025-06-19T00:00:00+00:00,19.0,94.0,50.0,Bay of Bengal,-0.15725,-0.29884,0.33769
2025-06-19T00:00:00+00:00,19.0,95.0,50.0,Bay of Bengal,-0.15067,-0.29828,0.33417
2025-06-19T00:00:00+00:00,19.0,96.0,50.0,Bay of Bengal,-0.14428,-0.29752,0.33065
2025-06-19T00:00:00+00:00,19.0,97.0,50.0,Bay of Bengal,-0.13877,-0.29657,0.32743
2025-06-19T00:00:00+00:00,19.0,98.0,50.0,Bay of Bengal,-0.13475,-0.29543,0.32471
2025-06-19T00:00:00+00:00,20.0,80.0,50.0,Bay of Bengal,-0.15175,-0.28638,0.3241
2025-06-19T00:00:00+00:00,20.0,81.0,50.0,Bay of Bengal,-0.15859,-0.28853,0.32924
2025-06-19T00:00:00+00:00,20.0,82.0,50.0,Bay of Bengal,-0.16543,-0.29051,0.33431
2025-06-19T00:00:00+00:00,20.0,83.0,50.0,Bay of Bengal,-0.17144,-0.2923,0.33887
2025-06-19T00:00:00+00:00,20.0,84.0,50.0,Bay of Bengal,-0.17591,-0.2939,0.34252
2025-06-19T00:00:00+00:00,20.0,85.0,50.0,Bay of Bengal,-0.17829,-0.29532,0.34496
2025-06-19T00:00:00+00:00,20.0,86.0,50.0,Bay of Bengal,-0.17829,-0.29654,0.34601
2025-06-19T00:00:00+00:00,20.0,87.0,50.0,Bay of Bengal,-0.17591,-0.29756,0.34567
2025-06-19T00:00:00+00:00,20.0,88.0,50.0,Bay of Bengal,-0.17144,-0.29839,0.34414
2025-06-19T00:00:00+00:00,20.0,89.0,50.0,Bay of Bengal,-0.16543,-0.29902,0.34173
2025-06-19T00:00:00+00:00,20.0,90.0,50.0,Bay of Bengal,-0.15859,-0.29945,0.33885
2025-06-19T00:00:00+00:00,20.0,91.0,50.0,Bay of Bengal,-0.15175,-0.29968,0.33591
2025-06-19T00:00:00+00:00,20.0,92.0,50.0,Bay of Bengal,-0.14573,-0.2997,0.33326
2025-06-19T00:00:00+00:00,20.0,93.0,50.0,Bay of Bengal,-0.14127,-0.29953,0.33117
2025-06-19T00:00:00+00:00,20.0,94.0,50.0,Bay of Bengal,-0.13889,-0.29916,0.32983
2025-06-19T00:00:00+00:00,20.0,95.0,50.0,Bay of Bengal,-0.13889,-0.29859,0.32932
2025-06-19T00:00:00+00:00,20.0,96.0,50.0,Bay of Bengal,-0.14127,-0.29783,0.32964
2025-06-19T00:00:00+00:00,20.0,97.0,50.0,Bay of Bengal,-0.14573,-0.29688,0.33072
2025-06-19T00:00:00+00:00,20.0,98.0,50.0,Bay of Bengal,-0.15175,-0.29574,0.3324
2025-06-19T00:00:00+00:00,21.0,80.0,50.0,Bay of Bengal,-0.18216,-0.28673,0.3397
2025-06-19T00:00:00+00:00,21.0,81.0,50.0,Bay of Bengal,-0.1846,-0.28888,0.34282
2025-06-19T00:00:00+00:00,21.0,82.0,50.0,Bay of Bengal,-0.18441,-0.29085,0.34438
2025-06-19T00:00:00+00:00,21.0,83.0,50.0,Bay of Bengal,-0.18162,-0.29264,0.34441
2025-06-19T00:00:00+00:00,21.0,84.0,50.0,Bay of Bengal,-0.1766,-0.29424,0.34317
2025-06-19T00:00:00+00:00,21.0,85.0,50.0,Bay of Bengal,-0.17002,-0.29565,0.34105
2025-06-19T00:00:00+00:00,21.0,86.0,50.0,Bay of Bengal,-0.16275,-0.29687,0.33856
2025-06-19T00:00:00+00:00,21.0,87.0,50.0,Bay of Bengal,-0.15576,-0.2979,0.33616
2025-06-19T00:00:00+00:00,21.0,88.0,50.0,Bay of Bengal,-0.14998,-0.29872,0.33426
2025-06-19T00:00:00+00:00,21.0,89.0,50.0,Bay of Bengal,-0.14617,-0.29935,0.33313
2025-06-19T00:00:00+00:00,21.0,90.0,50.0,Bay of Bengal,-0.14484,-0.29977,0.33293
2025-06-19T00:00:00+00:00,21.0,91.0,50.0,Bay of Bengal,-0.14617,-0.3,0.33372
2025-06-19T00:00:00+00:00,21.0,92.0,50.0,Bay of Bengal,-0.14998,-0.30002,0.33542
2025-06-19T00:00:00+00:00,21.0,93.0,50.0,Bay of Bengal,-0.15576,-0.29985,0.33789
2025-06-19T00:00:00+00:00,21.0,94.0,50.0,Bay of Bengal,-0.16275,-0.29948,0.34084
2025-06-19T00:00:00+00:00,21.0,95.0,50.0,Bay of Bengal,-0.17002,-0.29891,0.34388
2025-06-19T00:00:00+00:00,21.0,96.0,50.0,Bay of Bengal,-0.1766,-0.29814,0.34652
2025-06-19T00:00:00+00:00,21.0,97.0,50.0,Bay of Bengal,-0.18162,-0.29719,0.34829
2025-06-19T00:00:00+00:00,21.0,98.0,50.0,Bay of Bengal,-0.18441,-0.29604,0.34878
2025-06-19T00:00:00+00:00,22.0,80.0,50.0,Bay of Bengal,-0.184,-0.28707,0.34097
2025-06-19T00:00:00+00:00,22.0,81.0,50.0,Bay of Bengal,-0.17732,-0.28922,0.33925
2025-06-19T00:00:00+00:00,22.0,82.0,50.0,Bay of Bengal,-0.16975,-0.29119,0.33705
2025-06-19T00:00:00+00:00,22.0,83.0,50.0,Bay of Bengal,-0.16238,-0.29298,0.33496
2025-06-19T00:00:00+00:00,22.0,84.0,50.0,Bay of Bengal,-0.15628,-0.29458,0.33347
2025-06-19T00:00:00+00:00,22.0,85.0,50.0,Bay of Bengal,-0.15235,-0.29599,0.3329
2025-06-19T00:00:00+00:00,22.0,86.0,50.0,Bay of Bengal,-0.15116,-0.29721,0.33344
2025-06-19T00:00:00+00:00,22.0,87.0,50.0,Bay of Bengal,-0.15287,-0.29823,0.33513
2025-06-19T00:00:00+00:00,22.0,88.0,50.0,Bay of Bengal,-0.15725,-0.29905,0.33787
2025-06-19T00:00:00+00:00,22.0,89.0,50.0,Bay of Bengal,-0.16365,-0.29968,0.34145
2025-06-19T00:00:00+00:00,22.0,90.0,50.0,Bay of Bengal,-0.17114,-0.3001,0.34547
2025-06-19T00:00:00+00:00,22.0,91.0,50.0,Bay of Bengal,-0.17864,-0.30032,0.34943
2025-06-19T00:00:00+00:00,22.0,92.0,50.0,Bay of Bengal,-0.18504,-0.30035,0.35277
2025-06-19T00:00:00+00:00,22.0,93.0,50.0,Bay of Bengal,-0.18941,-0.30017,0.35493
2025-06-19T00:00:00+00:00,22.0,94.0,50.0,Bay of Bengal,-0.19113,-0.29979,0.35554
2025-06-19T00:00:00+00:00,22.0,95.0,50.0,Bay of Bengal,-0.18994,-0.29922,0.35441
2025-06-19T00:00:00+00:00,22.0,96.0,50.0,Bay of Bengal,-0.18601,-0.29845,0.35167
2025-06-19T00:00:00+00:00,22.0,97.0,50.0,Bay of Bengal,-0.17991,-0.2975,0.34767
2025-06-19T00:00:00+00:00,22.0,98.0,50.0,Bay of Bengal,-0.17254,-0.29635,0.34292
2025-06-19T00:00:00+00:00,6.0,80.0,100.0,Bay of Bengal,-0.0656,-0.25459,0.26291
2025-06-19T00:00:00+00:00,6.0,81.0,100.0,Bay of Bengal,-0.06674,-0.25658,0.26511
2025-06-19T00:00:00+00:00,6.0,82.0,100.0,Bay of Bengal,-0.06806,-0.2584,0.26721
2025-06-19T00:00:00+00:00,6.0,83.0,100.0,Bay of Bengal,-0.06954,-0.26006,0.2692
2025-06-19T00:00:00+00:00,6.0,84.0,100.0,Bay of Bengal,-0.07116,-0.26156,0.27106
2025-06-19T00:00:00+00:00,6.0,85.0,100.0,Bay of Bengal,-0.07292,-0.26288,0.27281
2025-06-19T00:00:00+00:00,6.0,86.0,100.0,Bay of Bengal,-0.07479,-0.26403,0.27442
2025-06-19T00:00:00+00:00,6.0,87.0,100.0,Bay of Bengal,-0.07674,-0.265,0.27589
2025-06-19T00:00:00+00:00,6.0,88.0,100.0,Bay of Bengal,-0.07876,-0.2658,0.27722
2025-06-19T00:00:00+00:00,6.0,89.0,100.0,Bay of Bengal,-0.08083,-0.26642,0.27841
2025-06-19T00:00:00+00:00,6.0,90.0,100.0,Bay of Bengal,-0.08292,-0.26685,0.27944
2025-06-19T00:00:00+00:00,6.0,91.0,100.0,Bay of Bengal,-0.08501,-0.26711,0.28031
2025-06-19T00:00:00+00:00,6.0,92.0,100.0,Bay of Bengal,-0.08708,-0.26719,0.28102
2025-06-19T00:00:00+00:00,6.0,93.0,100.0,Bay of Bengal,-0.0891,-0.26708,0.28155
2025-06-19T00:00:00+00:00,6.0,94.0,100.0,Bay of Bengal,-0.09105,-0.2668,0.28191
2025-06-19T00:00:00+00:00,6.0,95.0,100.0,Bay of Bengal,-0.09292,-0.26635,0.28209
2025-06-19T00:00:00+00:00,6.0,96.0,100.0,Bay of Bengal,-0.09468,-0.26571,0.28208
2025-06-19T00:00:00+00:00,6.0,97.0,100.0,Bay of Bengal,-0.0963,-0.26491,0.28187
2025-06-19T00:00:00+00:00,6.0,98.0,100.0,Bay of Bengal,-0.09778,-0.26394,0.28147
2025-06-19T00:00:00+00:00,7.0,80.0,100.0,Bay of Bengal,-0.09227,-0.25494,0.27112
2025-06-19T00:00:00+00:00,7.0,81.0,100.0,Bay of Bengal,-0.0945,-0.25692,0.27375
2025-06-19T00:00:00+00:00,7.0,82.0,100.0,Bay of Bengal,-0.09661,-0.25875,0.2762
2025-06-19T00:00:00+00:00,7.0,83.0,100.0,Bay of Bengal,-0.09855,-0.26041,0.27843
2025-06-19T00:00:00+00:00,7.0,84.0,100.0,Bay of Bengal,-0.10029,-0.26191,0.28045
2025-06-19T00:00:00+00:00,7.0,85.0,100.0,Bay of Bengal,-0.10181,-0.26323,0.28223
2025-06-19T00:00:00+00:00,7.0,86.0,100.0,Bay of Bengal,-0.10308,-0.26438,0.28376
2025-06-19T00:00:00+00:00,7.0,87.0,100.0,Bay of Bengal,-0.1041,-0.26535,0.28504
2025-06-19T00:00:00+00:00,7.0,88.0,100.0,Bay of Bengal,-0.10483,-0.26615,0.28605
2025-06-19T00:00:00+00:00,7.0,89.0,100.0,Bay of Bengal,-0.10528,-0.26676,0.28678
2025-06-19T00:00:00+00:00,7.0,90.0,100.0,Bay of Bengal,-0.10542,-0.2672,0.28725
2025-06-19T00:00:00+00:00,7.0,91.0,100.0,Bay of Bengal,-0.10528,-0.26746,0.28743
2025-06-19T00:00:00+00:00,7.0,92.0,100.0,Bay of Bengal,-0.10483,-0.26753,0.28734
2025-06-19T00:00:00+00:00,7.0,93.0,100.0,Bay of Bengal,-0.1041,-0.26743,0.28697
2025-06-19T00:00:00+00:00,7.0,94.0,100.0,Bay of Bengal,-0.10308,-0.26715,0.28635
2025-06-19T00:00:00+00:00,7.0,95.0,100.0,Bay of Bengal,-0.10181,-0.26669,0.28546
2025-06-19T00:00:00+00:00,7.0,96.0,100.0,Bay of Bengal,-0.10029,-0.26605,0.28433
2025-06-19T00:00:00+00:00,7.0,97.0,100.0,Bay of Bengal,-0.09855,-0.26525,0.28296
2025-06-19T00:00:00+00:00,7.0,98.0,100.0,Bay of Bengal,-0.09661,-0.26428,0.28138
2025-06-19T00:00:00+00:00,8.0,80.0,100.0,Bay of Bengal,-0.10798,-0.25529,0.27719
2025-06-19T00:00:00+00:00,8.0,81.0,100.0,Bay of Bengal,-0.1073,-0.25727,0.27875
2025-06-19T00:00:00+00:00,8.0,82.0,100.0,Bay of Bengal,-0.10626,-0.2591,0.28004
2025-06-19T00:00:00+00:00,8.0,83.0,100.0,Bay of Bengal,-0.10486,-0.26076,0.28106
2025-06-19T00:00:00+00:00,8.0,84.0,100.0,Bay of Bengal,-0.10315,-0.26225,0.28181
2025-06-19T00:00:00+00:00,8.0,85.0,100.0,Bay of Bengal,-0.10114,-0.26358,0.28231
2025-06-19T00:00:00+00:00,8.0,86.0,100.0,Bay of Bengal,-0.09888,-0.26473,0.28259
2025-06-19T00:00:00+00:00,8.0,87.0,100.0,Bay of Bengal,-0.09642,-0.2657,0.28265
2025-06-19T00:00:00+00:00,8.0,88.0,100.0,Bay of Bengal,-0.0938,-0.26649,0.28252
2025-06-19T00:00:00+00:00,8.0,89.0,100.0,Bay of Bengal,-0.09107,-0.26711,0.28221
2025-06-19T00:00:00+00:00,8.0,90.0,100.0,Bay of Bengal,-0.08828,-0.26755,0.28173
2025-06-19T00:00:00+00:00,8.0,91.0,100.0,Bay of Bengal,-0.0855,-0.2678,0.28112
2025-06-19T00:00:00+00:00,8.0,92.0,100.0,Bay of Bengal,-0.08277,-0.26788,0.28037
2025-06-19T00:00:00+00:00,8.0,93.0,100.0,Bay of Bengal,-0.08015,-0.26777,0.27951
2025-06-19T00:00:00+00:00,8.0,94.0,100.0,Bay of Bengal,-0.07768,-0.26749,0.27854
2025-06-19T00:00:00+00:00,8.0,95.0,100.0,Bay of Bengal,-0.07543,-0.26703,0.27748
2025-06-19T00:00:00+00:00,8.0,96.0,100.0,Bay of Bengal,-0.07342,-0.26639,0.27633
2025-06-19T00:00:00+00:00,8.0,97.0,100.0,Bay of Bengal,-0.0717,-0.26559,0.2751
2025-06-19T00:00:00+00:00,8.0,98.0,100.0,Bay of Bengal,-0.07031,-0.26461,0.27379
2025-06-19T00:00:00+00:00,9.0,80.0,100.0,Bay of Bengal,-0.09148,-0.25564,0.27151
2025-06-19T00:00:00+00:00,9.0,81.0,100.0,Bay of Bengal,-0.08835,-0.25762,0.27235
2025-06-19T00:00:00+00:00,9.0,82.0,100.0,Bay of Bengal,-0.0853,-0.25945,0.27311
2025-06-19T00:00:00+00:00,9.0,83.0,100.0,Bay of Bengal,-0.0824,-0.26111,0.2738
2025-06-19T00:00:00+00:00,9.0,84.0,100.0,Bay of Bengal,-0.07972,-0.2626,0.27444
2025-06-19T00:00:00+00:00,9.0,85.0,100.0,Bay of Bengal,-0.07734,-0.26393,0.27502
2025-06-19T00:00:00+00:00,9.0,86.0,100.0,Bay of Bengal,-0.0753,-0.26507,0.27556
2025-06-19T00:00:00+00:00,9.0,87.0,100.0,Bay of Bengal,-0.07366,-0.26605,0.27605
2025-06-19T00:00:00+00:00,9.0,88.0,100.0,Bay of Bengal,-0.07246,-0.26684,0.2765
2025-06-19T00:00:00+00:00,9.0,89.0,100.0,Bay of Bengal,-0.07172,-0.26746,0.27691
2025-06-19T00:00:00+00:00,9.0,90.0,100.0,Bay of Bengal,-0.07148,-0.26789,0.27726
2025-06-19T00:00:00+00:00,9.0,91.0,100.0,Bay of Bengal,-0.07172,-0.26814,0.27757
2025-06-19T00:00:00+00:00,9.0,92.0,100.0,Bay of Bengal,-0.07246,-0.26822,0.27783
2025-06-19T00:00:00+00:00,9.0,93.0,100.0,Bay of Bengal,-0.07366,-0.26811,0.27805
2025-06-19T00:00:00+00:00,9.0,94.0,100.0,Bay of Bengal,-0.0753,-0.26783,0.27821
2025-06-19T00:00:00+00:00,9.0,95.0,100.0,Bay of Bengal,-0.07734,-0.26737,0.27833
2025-06-19T00:00:00+00:00,9.0,96.0,100.0,Bay of Bengal,-0.07972,-0.26673,0.27839
2025-06-19T00:00:00+00:00,9.0,97.0,100.0,Bay of Bengal,-0.0824,-0.26592,0.2784
2025-06-19T00:00:00+00:00,9.0,98.0,100.0,Bay of Bengal,-0.0853,-0.26495,0.27834
2025-06-19T00:00:00+00:00,10.0,80.0,100.0,Bay of Bengal,-0.0753,-0.25599,0.26683
2025-06-19T00:00:00+00:00,10.0,81.0,100.0,Bay of Bengal,-0.075,-0.25797,0.26865
2025-06-19T00:00:00+00:00,10.0,82.0,100.0,Bay of Bengal,-0.0753,-0.2598,0.27049
2025-06-19T00:00:00+00:00,10.0,83.0,100.0,Bay of Bengal,-0.0762,-0.26146,0.27234
2025-06-19T00:00:00+00:00,10.0,84.0,100.0,Bay of Bengal,-0.07768,-0.26295,0.27418
2025-06-19T00:00:00+00:00,10.0,85.0,100.0,Bay of Bengal,-0.07968,-0.26427,0.27602
2025-06-19T00:00:00+00:00,10.0,86.0,100.0,Bay of Bengal,-0.08214,-0.26542,0.27784
2025-06-19T00:00:00+00:00,10.0,87.0,100.0,Bay of Bengal,-0.085,-0.26639,0.27962
2025-06-19T00:00:00+00:00,10.0,88.0,100.0,Bay of Bengal,-0.08816,-0.26719,0.28135
2025-06-19T00:00:00+00:00,10.0,89.0,100.0,Bay of Bengal,-0.09152,-0.2678,0.28301
2025-06-19T00:00:00+00:00,10.0,90.0,100.0,Bay of Bengal,-0.095,-0.26823,0.28456
2025-06-19T00:00:00+00:00,10.0,91.0,100.0,Bay of Bengal,-0.09847,-0.26849,0.28598
2025-06-19T00:00:00+00:00,10.0,92.0,100.0,Bay of Bengal,-0.10184,-0.26856,0.28722
2025-06-19T00:00:00+00:00,10.0,93.0,100.0,Bay of Bengal,-0.105,-0.26845,0.28826
2025-06-19T00:00:00+00:00,10.0,94.0,100.0,Bay of Bengal,-0.10785,-0.26817,0.28904
2025-06-19T00:00:00+00:00,10.0,95.0,100.0,Bay of Bengal,-0.11032,-0.26771,0.28955
2025-06-19T00:00:00+00:00,10.0,96.0,100.0,Bay of Bengal,-0.11232,-0.26707,0.28973
2025-06-19T00:00:00+00:00,10.0,97.0,100.0,Bay of Bengal,-0.11379,-0.26626,0.28955
2025-06-19T00:00:00+00:00,10.0,98.0,100.0,Bay of Bengal,-0.11469,-0.26528,0.28901
2025-06-19T00:00:00+00:00,11.0,80.0,100.0,Bay of Bengal,-0.09198,-0.25634,0.27234
2025-06-19T00:00:00+00:00,11.0,81.0,100.0,Bay of Bengal,-0.09569,-0.25832,0.27547
2025-06-19T00:00:00+00:00,11.0,82.0,100.0,Bay of Bengal,-0.09952,-0.26015,0.27853
2025-06-19T00:00:00+00:00,11.0,83.0,100.0,Bay of Bengal,-0.10332,-0.26181,0.28146
2025-06-19T00:00:00+00:00,11.0,84.0,100.0,Bay of Bengal,-0.10695,-0.2633,0.28419
2025-06-19T00:00:00+00:00,11.0,85.0,100.0,Bay of Bengal,-0.11029,-0.26462,0.28668
2025-06-19T00:00:00+00:00,11.0,86.0,100.0,Bay of Bengal,-0.11321,-0.26577,0.28887
2025-06-19T00:00:00+00:00,11.0,87.0,100.0,Bay of Bengal,-0.11559,-0.26674,0.29071
2025-06-19T00:00:00+00:00,11.0,88.0,100.0,Bay of Bengal,-0.11736,-0.26753,0.29214
2025-06-19T00:00:00+00:00,11.0,89.0,100.0,Bay of Bengal,-0.11845,-0.26814,0.29314
2025-06-19T00:00:00+00:00,11.0,90.0,100.0,Bay of Bengal,-0.11882,-0.26858,0.29369
2025-06-19T00:00:00+00:00,11.0,91.0,100.0,Bay of Bengal,-0.11845,-0.26883,0.29377
2025-06-19T00:00:00+00:00,11.0,92.0,100.0,Bay of Bengal,-0.11736,-0.2689,0.2934
2025-06-19T00:00:00+00:00,11.0,93.0,100.0,Bay of Bengal,-0.11559,-0.26879,0.2926
2025-06-19T00:00:00+00:00,11.0,94.0,100.0,Bay of Bengal,-0.11321,-0.26851,0.2914
2025-06-19T00:00:00+00:00,11.0,95.0,100.0,Bay of Bengal,-0.11029,-0.26804,0.28985
2025-06-19T00:00:00+00:00,11.0,96.0,100.0,Bay of Bengal,-0.10695,-0.2674,0.288
2025-06-19T00:00:00+00:00,11.0,97.0,100.0,Bay of Bengal,-0.10332,-0.26659,0.28591
2025-06-19T00:00:00+00:00,11.0,98.0,100.0,Bay of Bengal,-0.09952,-0.26561,0.28364
2025-06-19T00:00:00+00:00,12.0,80.0,100.0,Bay of Bengal,-0.12025,-0.25668,0.28346
2025-06-19T00:00:00+00:00,12.0,81.0,100.0,Bay of Bengal,-0.12195,-0.25867,0.28598
2025-06-19T00:00:00+00:00,12.0,82.0,100.0,Bay of Bengal,-0.12282,-0.26049,0.288
2025-06-19T00:00:00+00:00,12.0,83.0,100.0,Bay of Bengal,-0.12282,-0.26215,0.2895
2025-06-19T00:00:00+00:00,12.0,84.0,100.0,Bay of Bengal,-0.12195,-0.26365,0.29049
2025-06-19T00:00:00+00:00,12.0,85.0,100.0,Bay of Bengal,-0.12025,-0.26497,0.29098
2025-06-19T00:00:00+00:00,12.0,86.0,100.0,Bay of Bengal,-0.11779,-0.26611,0.29102
2025-06-19T00:00:00+00:00,12.0,87.0,100.0,Bay of Bengal,-0.11469,-0.26708,0.29067
2025-06-19T00:00:00+00:00,12.0,88.0,100.0,Bay of Bengal,-0.11107,-0.26788,0.28999
2025-06-19T00:00:00+00:00,12.0,89.0,100.0,Bay of Bengal,-0.10709,-0.26849,0.28906
2025-06-19T00:00:00+00:00,12.0,90.0,100.0,Bay of Bengal,-0.10293,-0.26892,0.28795
2025-06-19T00:00:00+00:00,12.0,91.0,100.0,Bay of Bengal,-0.09877,-0.26917,0.28672
2025-06-19T00:00:00+00:00,12.0,92.0,100.0,Bay of Bengal,-0.0948,-0.26924,0.28544
2025-06-19T00:00:00+00:00,12.0,93.0,100.0,Bay of Bengal,-0.09118,-0.26913,0.28416
2025-06-19T00:00:00+00:00,12.0,94.0,100.0,Bay of Bengal,-0.08807,-0.26884,0.2829
2025-06-19T00:00:00+00:00,12.0,95.0,100.0,Bay of Bengal,-0.08561,-0.26838,0.2817
2025-06-19T00:00:00+00:00,12.0,96.0,100.0,Bay of Bengal,-0.08391,-0.26774,0.28058
2025-06-19T00:00:00+00:00,12.0,97.0,100.0,Bay of Bengal,-0.08304,-0.26692,0.27954
2025-06-19T00:00:00+00:00,12.0,98.0,100.0,Bay of Bengal,-0.08304,-0.26594,0.2786
2025-06-19T00:00:00+00:00,13.0,80.0,100.0,Bay of Bengal,-0.12016,-0.25703,0.28373
2025-06-19T00:00:00+00:00,13.0,81.0,100.0,Bay of Bengal,-0.11639,-0.25902,0.28397
2025-06-19T00:00:00+00:00,13.0,82.0,100.0,Bay of Bengal,-0.11215,-0.26084,0.28393
2025-06-19T00:00:00+00:00,13.0,83.0,100.0,Bay of Bengal,-0.10766,-0.2625,0.28372
2025-06-19T00:00:00+00:00,13.0,84.0,100.0,Bay of Bengal,-0.10315,-0.26399,0.28343
2025-06-19T00:00:00+00:00,13.0,85.0,100.0,Bay of Bengal,-0.09886,-0.26531,0.28313
2025-06-19T00:00:00+00:00,13.0,86.0,100.0,Bay of Bengal,-0.095,-0.26646,0.28289
2025-06-19T00:00:00+00:00,13.0,87.0,100.0,Bay of Bengal,-0.09177,-0.26743,0.28273
2025-06-19T00:00:00+00:00,13.0,88.0,100.0,Bay of Bengal,-0.08933,-0.26822,0.2827
2025-06-19T00:00:00+00:00,13.0,89.0,100.0,Bay of Bengal,-0.08782,-0.26883,0.28281
2025-06-19T00:00:00+00:00,13.0,90.0,100.0,Bay of Bengal,-0.08731,-0.26926,0.28306
2025-06-19T00:00:00+00:00,13.0,91.0,100.0,Bay of Bengal,-0.08782,-0.26951,0.28346
2025-06-19T00:00:00+00:00,13.0,92.0,100.0,Bay of Bengal,-0.08933,-0.26958,0.284
2025-06-19T00:00:00+00:00,13.0,93.0,100.0,Bay of Bengal,-0.09177,-0.26947,0.28466
2025-06-19T00:00:00+00:00,13.0,94.0,100.0,Bay of Bengal,-0.095,-0.26918,0.28545
2025-06-19T00:00:00+00:00,13.0,95.0,100.0,Bay of Bengal,-0.09886,-0.26871,0.28632
2025-06-19T00:00:00+00:00,13.0,96.0,100.0,Bay of Bengal,-0.10315,-0.26807,0.28723
2025-06-19T00:00:00+00:00,13.0,97.0,100.0,Bay of Bengal,-0.10766,-0.26725,0.28812
2025-06-19T00:00:00+00:00,13.0,98.0,100.0,Bay of Bengal,-0.11215,-0.26627,0.28892
2025-06-19T00:00:00+00:00,14.0,80.0,100.0,Bay of Bengal,-0.09908,-0.25738,0.27579
2025-06-19T00:00:00+00:00,14.0,81.0,100.0,Bay of Bengal,-0.09575,-0.25937,0.27648
2025-06-19T00:00:00+00:00,14.0,82.0,100.0,Bay of Bengal,-0.09339,-0.26119,0.27738
2025-06-19T00:00:00+00:00,14.0,83.0,100.0,Bay of Bengal,-0.09213,-0.26285,0.27853
2025-06-19T00:00:00+00:00,14.0,84.0,100.0,Bay of Bengal,-0.09204,-0.26434,0.27991
2025-06-19T00:00:00+00:00,14.0,85.0,100.0,Bay of Bengal,-0.09314,-0.26566,0.28151
2025-06-19T00:00:00+00:00,14.0,86.0,100.0,Bay of Bengal,-0.09535,-0.2668,0.28333
2025-06-19T00:00:00+00:00,14.0,87.0,100.0,Bay of Bengal,-0.09855,-0.26777,0.28533
2025-06-19T00:00:00+00:00,14.0,88.0,100.0,Bay of Bengal,-0.10254,-0.26856,0.28747
2025-06-19T00:00:00+00:00,14.0,89.0,100.0,Bay of Bengal,-0.10709,-0.26917,0.28969
2025-06-19T00:00:00+00:00,14.0,90.0,100.0,Bay of Bengal,-0.11193,-0.2696,0.29191
2025-06-19T00:00:00+00:00,14.0,91.0,100.0,Bay of Bengal,-0.11677,-0.26985,0.29403
2025-06-19T00:00:00+00:00,14.0,92.0,100.0,Bay of Bengal,-0.12132,-0.26992,0.29593
2025-06-19T00:00:00+00:00,14.0,93.0,100.0,Bay of Bengal,-0.12531,-0.2698,0.29748
2025-06-19T00:00:00+00:00,14.0,94.0,100.0,Bay of Bengal,-0.12851,-0.26951,0.29858
2025-06-19T00:00:00+00:00,14.0,95.0,100.0,Bay of Bengal,-0.13073,-0.26904,0.29912
2025-06-19T00:00:00+00:00,14.0,96.0,100.0,Bay of Bengal,-0.13182,-0.2684,0.29902
2025-06-19T00:00:00+00:00,14.0,97.0,100.0,Bay of Bengal,-0.13174,-0.26758,0.29825
2025-06-19T00:00:00+00:00,14.0,98.0,100.0,Bay of Bengal,-0.13048,-0.26659,0.29681
2025-06-19T00:00:00+00:00,15.0,80.0,100.0,Bay of Bengal,-0.09946,-0.25773,0.27625
2025-06-19T00:00:00+00:00,15.0,81.0,100.0,Bay of Bengal,-0.10264,-0.25971,0.27926
2025-06-19T00:00:00+00:00,15.0,82.0,100.0,Bay of Bengal,-0.10678,-0.26154,0.28249
2025-06-19T00:00:00+00:00,15.0,83.0,100.0,Bay of Bengal,-0.1116,-0.26319,0.28588
2025-06-19T00:00:00+00:00,15.0,84.0,100.0,Bay of Bengal,-0.11678,-0.26468,0.2893
2025-06-19T00:00:00+00:00,15.0,85.0,100.0,Bay of Bengal,-0.12195,-0.266,0.29263
2025-06-19T00:00:00+00:00,15.0,86.0,100.0,Bay of Bengal,-0.12678,-0.26715,0.2957
2025-06-19T00:00:00+00:00,15.0,87.0,100.0,Bay of Bengal,-0.13092,-0.26811,0.29837
2025-06-19T00:00:00+00:00,15.0,88.0,100.0,Bay of Bengal,-0.1341,-0.2689,0.30048
2025-06-19T00:00:00+00:00,15.0,89.0,100.0,Bay of Bengal,-0.1361,-0.26951,0.30192
2025-06-19T00:00:00+00:00,15.0,90.0,100.0,Bay of Bengal,-0.13678,-0.26994,0.30261
2025-06-19T00:00:00+00:00,15.0,91.0,100.0,Bay of Bengal,-0.1361,-0.27018,0.30253
2025-06-19T00:00:00+00:00,15.0,92.0,100.0,Bay of Bengal,-0.1341,-0.27025,0.30169
2025-06-19T00:00:00+00:00,15.0,93.0,100.0,Bay of Bengal,-0.13092,-0.27014,0.30019
2025-06-19T00:00:00+00:00,15.0,94.0,100.0,Bay of Bengal,-0.12678,-0.26984,0.29814
2025-06-19T00:00:00+00:00,15.0,95.0,100.0,Bay of Bengal,-0.12195,-0.26937,0.29569
2025-06-19T00:00:00+00:00,15.0,96.0,100.0,Bay of Bengal,-0.11678,-0.26872,0.293
2025-06-19T00:00:00+00:00,15.0,97.0,100.0,Bay of Bengal,-0.1116,-0.2679,0.29022
2025-06-19T00:00:00+00:00,15.0,98.0,100.0,Bay of Bengal,-0.10678,-0.26691,0.28748
2025-06-19T00:00:00+00:00,16.0,80.0,100.0,Bay of Bengal,-0.12866,-0.25808,0.28837
2025-06-19T00:00:00+00:00,16.0,81.0,100.0,Bay of Bengal,-0.13358,-0.26006,0.29236
2025-06-19T00:00:00+00:00,16.0,82.0,100.0,Bay of Bengal,-0.13758,-0.26188,0.29582
2025-06-19T00:00:00+00:00,16.0,83.0,100.0,Bay of Bengal,-0.14037,-0.26354,0.29859
2025-06-19T00:00:00+00:00,16.0,84.0,100.0,Bay of Bengal,-0.14171,-0.26503,0.30054
2025-06-19T00:00:00+00:00,16.0,85.0,100.0,Bay of Bengal,-0.14152,-0.26635,0.30161
2025-06-19T00:00:00+00:00,16.0,86.0,100.0,Bay of Bengal,-0.1398,-0.26749,0.30182
2025-06-19T00:00:00+00:00,16.0,87.0,100.0,Bay of Bengal,-0.13669,-0.26845,0.30125
2025-06-19T00:00:00+00:00,16.0,88.0,100.0,Bay of Bengal,-0.13242,-0.26924,0.30004
2025-06-19T00:00:00+00:00,16.0,89.0,100.0,Bay of Bengal,-0.12734,-0.26985,0.29838
2025-06-19T00:00:00+00:00,16.0,90.0,100.0,Bay of Bengal,-0.12182,-0.27027,0.29646
2025-06-19T00:00:00+00:00,16.0,91.0,100.0,Bay of Bengal,-0.11631,-0.27052,0.29446
2025-06-19T00:00:00+00:00,16.0,92.0,100.0,Bay of Bengal,-0.11123,-0.27058,0.29255
2025-06-19T00:00:00+00:00,16.0,93.0,100.0,Bay of Bengal,-0.10696,-0.27047,0.29085
2025-06-19T00:00:00+00:00,16.0,94.0,100.0,Bay of Bengal,-0.10385,-0.27017,0.28944
2025-06-19T00:00:00+00:00,16.0,95.0,100.0,Bay of Bengal,-0.10213,-0.2697,0.28839
2025-06-19T00:00:00+00:00,16.0,96.0,100.0,Bay of Bengal,-0.10193,-0.26905,0.28771
2025-06-19T00:00:00+00:00,16.0,97.0,100.0,Bay of Bengal,-0.10328,-0.26823,0.28742
2025-06-19T00:00:00+00:00,16.0,98.0,100.0,Bay of Bengal,-0.10606,-0.26723,0.28751
2025-06-19T00:00:00+00:00,17.0,80.0,100.0,Bay of Bengal,-0.14674,-0.25842,0.29718
2025-06-19T00:00:00+00:00,17.0,81.0,100.0,Bay of Bengal,-0.14486,-0.26041,0.29799
2025-06-19T00:00:00+00:00,17.0,82.0,100.0,Bay of Bengal,-0.14143,-0.26223,0.29794
2025-06-19T00:00:00+00:00,17.0,83.0,100.0,Bay of Bengal,-0.13674,-0.26388,0.29721
2025-06-19T00:00:00+00:00,17.0,84.0,100.0,Bay of Bengal,-0.1312,-0.26537,0.29603
2025-06-19T00:00:00+00:00,17.0,85.0,100.0,Bay of Bengal,-0.1253,-0.26669,0.29466
2025-06-19T00:00:00+00:00,17.0,86.0,100.0,Bay of Bengal,-0.11955,-0.26783,0.2933
2025-06-19T00:00:00+00:00,17.0,87.0,100.0,Bay of Bengal,-0.11446,-0.26879,0.29215
2025-06-19T00:00:00+00:00,17.0,88.0,100.0,Bay of Bengal,-0.11046,-0.26958,0.29133
2025-06-19T00:00:00+00:00,17.0,89.0,100.0,Bay of Bengal,-0.10792,-0.27018,0.29094
2025-06-19T00:00:00+00:00,17.0,90.0,100.0,Bay of Bengal,-0.10704,-0.27061,0.29101
2025-06-19T00:00:00+00:00,17.0,91.0,100.0,Bay of Bengal,-0.10792,-0.27085,0.29156
2025-06-19T00:00:00+00:00,17.0,92.0,100.0,Bay of Bengal,-0.11046,-0.27091,0.29257
2025-06-19T00:00:00+00:00,17.0,93.0,100.0,Bay of Bengal,-0.11446,-0.2708,0.29399
2025-06-19T00:00:00+00:00,17.0,94.0,100.0,Bay of Bengal,-0.11955,-0.2705,0.29574
2025-06-19T00:00:00+00:00,17.0,95.0,100.0,Bay of Bengal,-0.1253,-0.27002,0.29768
2025-06-19T00:00:00+00:00,17.0,96.0,100.0,Bay of Bengal,-0.1312,-0.26937,0.29962
2025-06-19T00:00:00+00:00,17.0,97.0,100.0,Bay of Bengal,-0.13674,-0.26855,0.30136
2025-06-19T00:00:00+00:00,17.0,98.0,100.0,Bay of Bengal,-0.14143,-0.26755,0.30263
2025-06-19T00:00:00+00:00,18.0,80.0,100.0,Bay of Bengal,-0.13241,-0.25877,0.29068
2025-06-19T00:00:00+00:00,18.0,81.0,100.0,Bay of Bengal,-0.12623,-0.26075,0.2897
2025-06-19T00:00:00+00:00,18.0,82.0,100.0,Bay of Bengal,-0.12066,-0.26257,0.28897
2025-06-19T00:00:00+00:00,18.0,83.0,100.0,Bay of Bengal,-0.11623,-0.26423,0.28866
2025-06-19T00:00:00+00:00,18.0,84.0,100.0,Bay of Bengal,-0.11339,-0.26571,0.2889
2025-06-19T00:00:00+00:00,18.0,85.0,100.0,Bay of Bengal,-0.11241,-0.26703,0.28973
2025-06-19T00:00:00+00:00,18.0,86.0,100.0,Bay of Bengal,-0.11339,-0.26817,0.29116
2025-06-19T00:00:00+00:00,18.0,87.0,100.0,Bay of Bengal,-0.11623,-0.26913,0.29316
2025-06-19T00:00:00+00:00,18.0,88.0,100.0,Bay of Bengal,-0.12066,-0.26992,0.29566
2025-06-19T00:00:00+00:00,18.0,89.0,100.0,Bay of Bengal,-0.12623,-0.27052,0.29852
2025-06-19T00:00:00+00:00,18.0,90.0,100.0,Bay of Bengal,-0.13241,-0.27094,0.30157
2025-06-19T00:00:00+00:00,18.0,91.0,100.0,Bay of Bengal,-0.13859,-0.27118,0.30455
2025-06-19T00:00:00+00:00,18.0,92.0,100.0,Bay of Bengal,-0.14417,-0.27124,0.30718
2025-06-19T00:00:00+00:00,18.0,93.0,100.0,Bay of Bengal,-0.14859,-0.27112,0.30917
2025-06-19T00:00:00+00:00,18.0,94.0,100.0,Bay of Bengal,-0.15144,-0.27082,0.31029
2025-06-19T00:00:00+00:00,18.0,95.0,100.0,Bay of Bengal,-0.15241,-0.27034,0.31035
2025-06-19T00:00:00+00:00,18.0,96.0,100.0,Bay of Bengal,-0.15144,-0.26969,0.3093
2025-06-19T00:00:00+00:00,18.0,97.0,100.0,Bay of Bengal,-0.14859,-0.26886,0.30719
2025-06-19T00:00:00+00:00,18.0,98.0,100.0,Bay of Bengal,-0.14417,-0.26787,0.3042
2025-06-19T00:00:00+00:00,19.0,80.0,100.0,Bay of Bengal,-0.11821,-0.25912,0.28481
2025-06-19T00:00:00+00:00,19.0,81.0,100.0,Bay of Bengal,-0.11815,-0.2611,0.28659
2025-06-19T00:00:00+00:00,19.0,82.0,100.0,Bay of Bengal,-0.12025,-0.26292,0.28911
2025-06-19T00:00:00+00:00,19.0,83.0,100.0,Bay of Bengal,-0.12427,-0.26457,0.2923
2025-06-19T00:00:00+00:00,19.0,84.0,100.0,Bay of Bengal,-0.12977,-0.26605,0.29602
2025-06-19T00:00:00+00:00,19.0,85.0,100.0,Bay of Bengal,-0.13616,-0.26737,0.30004
2025-06-19T00:00:00+00:00,19.0,86.0,100.0,Bay of Bengal,-0.14275,-0.26851,0.30409
2025-06-19T00:00:00+00:00,19.0,87.0,100.0,Bay of Bengal,-0.1488,-0.26947,0.30782
2025-06-19T00:00:00+00:00,19.0,88.0,100.0,Bay of Bengal,-0.15367,-0.27025,0.31088
2025-06-19T00:00:00+00:00,19.0,89.0,100.0,Bay of Bengal,-0.15682,-0.27085,0.31297
2025-06-19T00:00:00+00:00,19.0,90.0,100.0,Bay of Bengal,-0.15791,-0.27127,0.31389
2025-06-19T00:00:00+00:00,19.0,91.0,100.0,Bay of Bengal,-0.15682,-0.27151,0.31355
2025-06-19T00:00:00+00:00,19.0,92.0,100.0,Bay of Bengal,-0.15367,-0.27157,0.31203
2025-06-19T00:00:00+00:00,19.0,93.0,100.0,Bay of Bengal,-0.1488,-0.27145,0.30956
2025-06-19T00:00:00+00:00,19.0,94.0,100.0,Bay of Bengal,-0.14275,-0.27115,0.30642
2025-06-19T00:00:00+00:00,19.0,95.0,100.0,Bay of Bengal,-0.13616,-0.27066,0.30299
2025-06-19T00:00:00+00:00,19.0,96.0,100.0,Bay of Bengal,-0.12977,-0.27001,0.29958
2025-06-19T00:00:00+00:00,19.0,97.0,100.0,Bay of Bengal,-0.12427,-0.26918,0.29648
2025-06-19T00:00:00+00:00,19.0,98.0,100.0,Bay of Bengal,-0.12025,-0.26818,0.2939
2025-06-19T00:00:00+00:00,20.0,80.0,100.0,Bay of Bengal,-0.13666,-0.25946,0.29325
2025-06-19T00:00:00+00:00,20.0,81.0,100.0,Bay of Bengal,-0.1435,-0.26144,0.29823
2025-06-19T00:00:00+00:00,20.0,82.0,100.0,Bay of Bengal,-0.15034,-0.26326,0.30316
2025-06-19T00:00:00+00:00,20.0,83.0,100.0,Bay of Bengal,-0.15635,-0.26491,0.30761
2025-06-19T00:00:00+00:00,20.0,84.0,100.0,Bay of Bengal,-0.16082,-0.26639,0.31117
2025-06-19T00:00:00+00:00,20.0,85.0,100.0,Bay of Bengal,-0.16319,-0.26771,0.31353
2025-06-19T00:00:00+00:00,20.0,86.0,100.0,Bay of Bengal,-0.16319,-0.26884,0.3145
2025-06-19T00:00:00+00:00,20.0,87.0,100.0,Bay of Bengal,-0.16082,-0.2698,0.3141
2025-06-19T00:00:00+00:00,20.0,88.0,100.0,Bay of Bengal,-0.15635,-0.27058,0.31251
2025-06-19T00:00:00+00:00,20.0,89.0,100.0,Bay of Bengal,-0.15034,-0.27118,0.31007
2025-06-19T00:00:00+00:00,20.0,90.0,100.0,Bay of Bengal,-0.1435,-0.2716,0.30718
2025-06-19T00:00:00+00:00,20.0,91.0,100.0,Bay of Bengal,-0.13666,-0.27184,0.30426
2025-06-19T00:00:00+00:00,20.0,92.0,100.0,Bay of Bengal,-0.13064,-0.2719,0.30165
2025-06-19T00:00:00+00:00,20.0,93.0,100.0,Bay of Bengal,-0.12618,-0.27177,0.29963
2025-06-19T00:00:00+00:00,20.0,94.0,100.0,Bay of Bengal,-0.1238,-0.27147,0.29836
2025-06-19T00:00:00+00:00,20.0,95.0,100.0,Bay of Bengal,-0.1238,-0.27098,0.29792
2025-06-19T00:00:00+00:00,20.0,96.0,100.0,Bay of Bengal,-0.12618,-0.27032,0.29832
2025-06-19T00:00:00+00:00,20.0,97.0,100.0,Bay of Bengal,-0.13064,-0.26949,0.29949
2025-06-19T00:00:00+00:00,20.0,98.0,100.0,Bay of Bengal,-0.13666,-0.26849,0.30127
2025-06-19T00:00:00+00:00,21.0,80.0,100.0,Bay of Bengal,-0.16648,-0.2598,0.30856
2025-06-19T00:00:00+00:00,21.0,81.0,100.0,Bay of Bengal,-0.16891,-0.26178,0.31154
2025-06-19T00:00:00+00:00,21.0,82.0,100.0,Bay of Bengal,-0.16872,-0.2636,0.31297
2025-06-19T00:00:00+00:00,21.0,83.0,100.0,Bay of Bengal,-0.16593,-0.26525,0.31287
2025-06-19T00:00:00+00:00,21.0,84.0,100.0,Bay of Bengal,-0.16091,-0.26673,0.31151
2025-06-19T00:00:00+00:00,21.0,85.0,100.0,Bay of Bengal,-0.15433,-0.26804,0.3093
2025-06-19T00:00:00+00:00,21.0,86.0,100.0,Bay of Bengal,-0.14707,-0.26918,0.30673
2025-06-19T00:00:00+00:00,21.0,87.0,100.0,Bay of Bengal,-0.14008,-0.27014,0.30429
2025-06-19T00:00:00+00:00,21.0,88.0,100.0,Bay of Bengal,-0.13429,-0.27091,0.30237
2025-06-19T00:00:00+00:00,21.0,89.0,100.0,Bay of Bengal,-0.13048,-0.27151,0.30124
2025-06-19T00:00:00+00:00,21.0,90.0,100.0,Bay of Bengal,-0.12916,-0.27193,0.30104
2025-06-19T00:00:00+00:00,21.0,91.0,100.0,Bay of Bengal,-0.13048,-0.27216,0.30183
2025-06-19T00:00:00+00:00,21.0,92.0,100.0,Bay of Bengal,-0.13429,-0.27222,0.30354
2025-06-19T00:00:00+00:00,21.0,93.0,100.0,Bay of Bengal,-0.14008,-0.27209,0.30603
2025-06-19T00:00:00+00:00,21.0,94.0,100.0,Bay of Bengal,-0.14707,-0.27178,0.30902
2025-06-19T00:00:00+00:00,21.0,95.0,100.0,Bay of Bengal,-0.15433,-0.2713,0.31212
2025-06-19T00:00:00+00:00,21.0,96.0,100.0,Bay of Bengal,-0.16091,-0.27064,0.31486
2025-06-19T00:00:00+00:00,21.0,97.0,100.0,Bay of Bengal,-0.16593,-0.2698,0.31674
2025-06-19T00:00:00+00:00,21.0,98.0,100.0,Bay of Bengal,-0.16872,-0.2688,0.31736
2025-06-19T00:00:00+00:00,22.0,80.0,100.0,Bay of Bengal,-0.16771,-0.26014,0.30952
2025-06-19T00:00:00+00:00,22.0,81.0,100.0,Bay of Bengal,-0.16104,-0.26212,0.30764
2025-06-19T00:00:00+00:00,22.0,82.0,100.0,Bay of Bengal,-0.15346,-0.26394,0.30531
2025-06-19T00:00:00+00:00,22.0,83.0,100.0,Bay of Bengal,-0.14609,-0.26559,0.30312
2025-06-19T00:00:00+00:00,22.0,84.0,100.0,Bay of Bengal,-0.13999,-0.26707,0.30154
2025-06-19T00:00:00+00:00,22.0,85.0,100.0,Bay of Bengal,-0.13606,-0.26838,0.3009
2025-06-19T00:00:00+00:00,22.0,86.0,100.0,Bay of Bengal,-0.13487,-0.26951,0.30137
2025-06-19T00:00:00+00:00,22.0,87.0,100.0,Bay of Bengal,-0.13659,-0.27047,0.303
2025-06-19T00:00:00+00:00,22.0,88.0,100.0,Bay of Bengal,-0.14096,-0.27124,0.30569
2025-06-19T00:00:00+00:00,22.0,89.0,100.0,Bay of Bengal,-0.14737,-0.27184,0.30921
2025-06-19T00:00:00+00:00,22.0,90.0,100.0,Bay of Bengal,-0.15486,-0.27225,0.31321
2025-06-19T00:00:00+00:00,22.0,91.0,100.0,Bay of Bengal,-0.16235,-0.27249,0.31718
2025-06-19T00:00:00+00:00,22.0,92.0,100.0,Bay of Bengal,-0.16875,-0.27254,0.32055
2025-06-19T00:00:00+00:00,22.0,93.0,100.0,Bay of Bengal,-0.17313,-0.27241,0.32277
2025-06-19T00:00:00+00:00,22.0,94.0,100.0,Bay of Bengal,-0.17485,-0.2721,0.32343
2025-06-19T00:00:00+00:00,22.0,95.0,100.0,Bay of Bengal,-0.17365,-0.27161,0.32238
2025-06-19T00:00:00+00:00,22.0,96.0,100.0,Bay of Bengal,-0.16972,-0.27095,0.31971
2025-06-19T00:00:00+00:00,22.0,97.0,100.0,Bay of Bengal,-0.16362,-0.27011,0.3158
2025-06-19T00:00:00+00:00,22.0,98.0,100.0,Bay of Bengal,-0.15625,-0.2691,0.31117
2025-06-22T00:00:00+00:00,6.0,80.0,0.0,Bay of Bengal,-0.09878,-0.31808,0.33307
2025-06-22T00:00:00+00:00,6.0,81.0,0.0,Bay of Bengal,-0.09992,-0.32043,0.33565
2025-06-22T00:00:00+00:00,6.0,82.0,0.0,Bay of Bengal,-0.10123,-0.32258,0.3381
2025-06-22T00:00:00+00:00,6.0,83.0,0.0,Bay of Bengal,-0.10271,-0.32454,0.3404
2025-06-22T00:00:00+00:00,6.0,84.0,0.0,Bay of Bengal,-0.10434,-0.32628,0.34256
2025-06-22T00:00:00+00:00,6.0,85.0,0.0,Bay of Bengal,-0.1061,-0.32782,0.34456
2025-06-22T00:00:00+00:00,6.0,86.0,0.0,Bay of Bengal,-0.10796,-0.32915,0.3464
2025-06-22T00:00:00+00:00,6.0,87.0,0.0,Bay of Bengal,-0.10992,-0.33026,0.34807
2025-06-22T00:00:00+00:00,6.0,88.0,0.0,Bay of Bengal,-0.11194,-0.33115,0.34956
2025-06-22T00:00:00+00:00,6.0,89.0,0.0,Bay of Bengal,-0.11401,-0.33183,0.35087
2025-06-22T00:00:00+00:00,6.0,90.0,0.0,Bay of Bengal,-0.1161,-0.33229,0.35199
2025-06-22T00:00:00+00:00,6.0,91.0,0.0,Bay of Bengal,-0.11819,-0.33253,0.3529
2025-06-22T00:00:00+00:00,6.0,92.0,0.0,Bay of Bengal,-0.12025,-0.33254,0.35362
2025-06-22T00:00:00+00:00,6.0,93.0,0.0,Bay of Bengal,-0.12228,-0.33234,0.35412
2025-06-22T00:00:00+00:00,6.0,94.0,0.0,Bay of Bengal,-0.12423,-0.33192,0.35441
2025-06-22T00:00:00+00:00,6.0,95.0,0.0,Bay of Bengal,-0.1261,-0.33129,0.35447
2025-06-22T00:00:00+00:00,6.0,96.0,0.0,Bay of Bengal,-0.12785,-0.33044,0.35431
2025-06-22T00:00:00+00:00,6.0,97.0,0.0,Bay of Bengal,-0.12948,-0.32938,0.35392
2025-06-22T00:00:00+00:00,6.0,98.0,0.0,Bay of Bengal,-0.13096,-0.32812,0.35329
2025-06-22T00:00:00+00:00,7.0,80.0,0.0,Bay of Bengal,-0.126,-0.31843,0.34245
2025-06-22T00:00:00+00:00,7.0,81.0,0.0,Bay of Bengal,-0.12824,-0.32078,0.34546
2025-06-22T00:00:00+00:00,7.0,82.0,0.0,Bay of Bengal,-0.13034,-0.32293,0.34824
2025-06-22T00:00:00+00:00,7.0,83.0,0.0,Bay of Bengal,-0.13228,-0.32488,0.35078
2025-06-22T00:00:00+00:00,7.0,84.0,0.0,Bay of Bengal,-0.13402,-0.32663,0.35306
2025-06-22T00:00:00+00:00,7.0,85.0,0.0,Bay of Bengal,-0.13554,-0.32817,0.35506
2025-06-22T00:00:00+00:00,7.0,86.0,0.0,Bay of Bengal,-0.13681,-0.3295,0.35677
2025-06-22T00:00:00+00:00,7.0,87.0,0.0,Bay of Bengal,-0.13783,-0.33061,0.35819
2025-06-22T00:00:00+00:00,7.0,88.0,0.0,Bay of Bengal,-0.13856,-0.3315,0.3593
2025-06-22T00:00:00+00:00,7.0,89.0,0.0,Bay of Bengal,-0.13901,-0.33218,0.36009
2025-06-22T00:00:00+00:00,7.0,90.0,0.0,Bay of Bengal,-0.13916,-0.33264,0.36057
2025-06-22T00:00:00+00:00,7.0,91.0,0.0,Bay of Bengal,-0.13901,-0.33287,0.36073
2025-06-22T00:00:00+00:00,7.0,92.0,0.0,Bay of Bengal,-0.13856,-0.33289,0.36057
2025-06-22T00:00:00+00:00,7.0,93.0,0.0,Bay of Bengal,-0.13783,-0.33269,0.36011
2025-06-22T00:00:00+00:00,7.0,94.0,0.0,Bay of Bengal,-0.13681,-0.33227,0.35933
2025-06-22T00:00:00+00:00,7.0,95.0,0.0,Bay of Bengal,-0.13554,-0.33163,0.35826
2025-06-22T00:00:00+00:00,7.0,96.0,0.0,Bay of Bengal,-0.13402,-0.33078,0.3569
2025-06-22T00:00:00+00:00,7.0,97.0,0.0,Bay of Bengal,-0.13228,-0.32972,0.35527
2025-06-22T00:00:00+00:00,7.0,98.0,0.0,Bay of Bengal,-0.13034,-0.32846,0.35337
2025-06-22T00:00:00+00:00,8.0,80.0,0.0,Bay of Bengal,-0.14234,-0.31878,0.34912
2025-06-22T00:00:00+00:00,8.0,81.0,0.0,Bay of Bengal,-0.14167,-0.32113,0.35099
2025-06-22T00:00:00+00:00,8.0,82.0,0.0,Bay of Bengal,-0.14062,-0.32328,0.35254
2025-06-22T00:00:00+00:00,8.0,83.0,0.0,Bay of Bengal,-0.13923,-0.32523,0.35378
2025-06-22T00:00:00+00:00,8.0,84.0,0.0,Bay of Bengal,-0.13751,-0.32698,0.35472
2025-06-22T00:00:00+00:00,8.0,85.0,0.0,Bay of Bengal,-0.1355,-0.32852,0.35537
2025-06-22T00:00:00+00:00,8.0,86.0,0.0,Bay of Bengal,-0.13324,-0.32984,0.35574
2025-06-22T00:00:00+00:00,8.0,87.0,0.0,Bay of Bengal,-0.13078,-0.33096,0.35586
2025-06-22T00:00:00+00:00,8.0,88.0,0.0,Bay of Bengal,-0.12816,-0.33185,0.35574
2025-06-22T00:00:00+00:00,8.0,89.0,0.0,Bay of Bengal,-0.12543,-0.33253,0.3554
2025-06-22T00:00:00+00:00,8.0,90.0,0.0,Bay of Bengal,-0.12265,-0.33298,0.35485
2025-06-22T00:00:00+00:00,8.0,91.0,0.0,Bay of Bengal,-0.11986,-0.33322,0.35412
2025-06-22T00:00:00+00:00,8.0,92.0,0.0,Bay of Bengal,-0.11713,-0.33323,0.35322
2025-06-22T00:00:00+00:00,8.0,93.0,0.0,Bay of Bengal,-0.11451,-0.33303,0.35217
2025-06-22T00:00:00+00:00,8.0,94.0,0.0,Bay of Bengal,-0.11205,-0.33261,0.35097
2025-06-22T00:00:00+00:00,8.0,95.0,0.0,Bay of Bengal,-0.10979,-0.33197,0.34966
2025-06-22T00:00:00+00:00,8.0,96.0,0.0,Bay of Bengal,-0.10778,-0.33112,0.34822
2025-06-22T00:00:00+00:00,8.0,97.0,0.0,Bay of Bengal,-0.10606,-0.33006,0.34668
2025-06-22T00:00:00+00:00,8.0,98.0,0.0,Bay of Bengal,-0.10467,-0.32879,0.34505
2025-06-22T00:00:00+00:00,9.0,80.0,0.0,Bay of Bengal,-0.12655,-0.31913,0.34331
2025-06-22T00:00:00+00:00,9.0,81.0,0.0,Bay of Bengal,-0.12342,-0.32148,0.34436
2025-06-22T00:00:00+00:00,9.0,82.0,0.0,Bay of Bengal,-0.12037,-0.32363,0.34529
2025-06-22T00:00:00+00:00,9.0,83.0,0.0,Bay of Bengal,-0.11747,-0.32558,0.34613
2025-06-22T00:00:00+00:00,9.0,84.0,0.0,Bay of Bengal,-0.11479,-0.32733,0.34687
2025-06-22T00:00:00+00:00,9.0,85.0,0.0,Bay of Bengal,-0.11241,-0.32887,0.34755
2025-06-22T00:00:00+00:00,9.0,86.0,0.0,Bay of Bengal,-0.11037,-0.33019,0.34815
2025-06-22T00:00:00+00:00,9.0,87.0,0.0,Bay of Bengal,-0.10873,-0.3313,0.34869
2025-06-22T00:00:00+00:00,9.0,88.0,0.0,Bay of Bengal,-0.10753,-0.3322,0.34917
2025-06-22T00:00:00+00:00,9.0,89.0,0.0,Bay of Bengal,-0.1068,-0.33287,0.34958
2025-06-22T00:00:00+00:00,9.0,90.0,0.0,Bay of Bengal,-0.10655,-0.33333,0.34994
2025-06-22T00:00:00+00:00,9.0,91.0,0.0,Bay of Bengal,-0.1068,-0.33356,0.35024
2025-06-22T00:00:00+00:00,9.0,92.0,0.0,Bay of Bengal,-0.10753,-0.33358,0.35048
2025-06-22T00:00:00+00:00,9.0,93.0,0.0,Bay of Bengal,-0.10873,-0.33337,0.35065
2025-06-22T00:00:00+00:00,9.0,94.0,0.0,Bay of Bengal,-0.11037,-0.33295,0.35077
2025-06-22T00:00:00+00:00,9.0,95.0,0.0,Bay of Bengal,-0.11241,-0.33231,0.35081
2025-06-22T00:00:00+00:00,9.0,96.0,0.0,Bay of Bengal,-0.11479,-0.33146,0.35077
2025-06-22T00:00:00+00:00,9.0,97.0,0.0,Bay of Bengal,-0.11747,-0.3304,0.35066
2025-06-22T00:00:00+00:00,9.0,98.0,0.0,Bay of Bengal,-0.12037,-0.32913,0.35045
2025-06-22T00:00:00+00:00,10.0,80.0,0.0,Bay of Bengal,-0.11115,-0.31948,0.33826
2025-06-22T00:00:00+00:00,10.0,81.0,0.0,Bay of Bengal,-0.11085,-0.32183,0.34038
2025-06-22T00:00:00+00:00,10.0,82.0,0.0,Bay of Bengal,-0.11115,-0.32398,0.34252
2025-06-22T00:00:00+00:00,10.0,83.0,0.0,Bay of Bengal,-0.11205,-0.32593,0.34465
2025-06-22T00:00:00+00:00,10.0,84.0,0.0,Bay of Bengal,-0.11353,-0.32768,0.34679
2025-06-22T00:00:00+00:00,10.0,85.0,0.0,Bay of Bengal,-0.11553,-0.32922,0.3489
2025-06-22T00:00:00+00:00,10.0,86.0,0.0,Bay of Bengal,-0.11799,-0.33054,0.35097
2025-06-22T00:00:00+00:00,10.0,87.0,0.0,Bay of Bengal,-0.12085,-0.33165,0.35298
2025-06-22T00:00:00+00:00,10.0,88.0,0.0,Bay of Bengal,-0.12401,-0.33254,0.35491
2025-06-22T00:00:00+00:00,10.0,89.0,0.0,Bay of Bengal,-0.12737,-0.33322,0.35673
2025-06-22T00:00:00+00:00,10.0,90.0,0.0,Bay of Bengal,-0.13085,-0.33367,0.35841
2025-06-22T00:00:00+00:00,10.0,91.0,0.0,Bay of Bengal,-0.13432,-0.3339,0.35991
2025-06-22T00:00:00+00:00,10.0,92.0,0.0,Bay of Bengal,-0.13769,-0.33392,0.36119
2025-06-22T00:00:00+00:00,10.0,93.0,0.0,Bay of Bengal,-0.14085,-0.33371,0.36222
2025-06-22T00:00:00+00:00,10.0,94.0,0.0,Bay of Bengal,-0.1437,-0.33329,0.36295
2025-06-22T00:00:00+00:00,10.0,95.0,0.0,Bay of Bengal,-0.14617,-0.33265,0.36335
2025-06-22T00:00:00+00:00,10.0,96.0,0.0,Bay of Bengal,-0.14817,-0.3318,0.36338
2025-06-22T00:00:00+00:00,10.0,97.0,0.0,Bay of Bengal,-0.14964,-0.33073,0.36301
2025-06-22T00:00:00+00:00,10.0,98.0,0.0,Bay of Bengal,-0.15054,-0.32946,0.36223
2025-06-22T00:00:00+00:00,11.0,80.0,0.0,Bay of Bengal,-0.12868,-0.31983,0.34474
2025-06-22T00:00:00+00:00,11.0,81.0,0.0,Bay of Bengal,-0.13239,-0.32218,0.34832
2025-06-22T00:00:00+00:00,11.0,82.0,0.0,Bay of Bengal,-0.13621,-0.32433,0.35177
2025-06-22T00:00:00+00:00,11.0,83.0,0.0,Bay of Bengal,-0.14002,-0.32628,0.35505
2025-06-22T00:00:00+00:00,11.0,84.0,0.0,Bay of Bengal,-0.14365,-0.32803,0.3581
2025-06-22T00:00:00+00:00,11.0,85.0,0.0,Bay of Bengal,-0.14699,-0.32956,0.36086
2025-06-22T00:00:00+00:00,11.0,86.0,0.0,Bay of Bengal,-0.1499,-0.33089,0.36326
2025-06-22T00:00:00+00:00,11.0,87.0,0.0,Bay of Bengal,-0.15229,-0.332,0.36526
2025-06-22T00:00:00+00:00,11.0,88.0,0.0,Bay of Bengal,-0.15406,-0.33289,0.36681
2025-06-22T00:00:00+00:00,11.0,89.0,0.0,Bay of Bengal,-0.15515,-0.33356,0.36788
2025-06-22T00:00:00+00:00,11.0,90.0,0.0,Bay of Bengal,-0.15552,-0.33401,0.36844
2025-06-22T00:00:00+00:00,11.0,91.0,0.0,Bay of Bengal,-0.15515,-0.33425,0.3685
2025-06-22T00:00:00+00:00,11.0,92.0,0.0,Bay of Bengal,-0.15406,-0.33426,0.36805
2025-06-22T00:00:00+00:00,11.0,93.0,0.0,Bay of Bengal,-0.15229,-0.33405,0.36713
2025-06-22T00:00:00+00:00,11.0,94.0,0.0,Bay of Bengal,-0.1499,-0.33363,0.36576
2025-06-22T00:00:00+00:00,11.0,95.0,0.0,Bay of Bengal,-0.14699,-0.33298,0.36398
2025-06-22T00:00:00+00:00,11.0,96.0,0.0,Bay of Bengal,-0.14365,-0.33213,0.36186
2025-06-22T00:00:00+00:00,11.0,97.0,0.0,Bay of Bengal,-0.14002,-0.33106,0.35946
2025-06-22T00:00:00+00:00,11.0,98.0,0.0,Bay of Bengal,-0.13621,-0.32979,0.35682
2025-06-22T00:00:00+00:00,12.0,80.0,0.0,Bay of Bengal,-0.15786,-0.32018,0.35698
2025-06-22T00:00:00+00:00,12.0,81.0,0.0,Bay of Bengal,-0.15956,-0.32253,0.35984
2025-06-22T00:00:00+00:00,12.0,82.0,0.0,Bay of Bengal,-0.16043,-0.32468,0.36215
2025-06-22T00:00:00+00:00,12.0,83.0,0.0,Bay of Bengal,-0.16043,-0.32663,0.3639
2025-06-22T00:00:00+00:00,12.0,84.0,0.0,Bay of Bengal,-0.15956,-0.32837,0.36509
2025-06-22T00:00:00+00:00,12.0,85.0,0.0,Bay of Bengal,-0.15786,-0.32991,0.36573
2025-06-22T00:00:00+00:00,12.0,86.0,0.0,Bay of Bengal,-0.1554,-0.33123,0.36588
2025-06-22T00:00:00+00:00,12.0,87.0,0.0,Bay of Bengal,-0.15229,-0.33234,0.36557
2025-06-22T00:00:00+00:00,12.0,88.0,0.0,Bay of Bengal,-0.14867,-0.33323,0.36489
2025-06-22T00:00:00+00:00,12.0,89.0,0.0,Bay of Bengal,-0.1447,-0.3339,0.36391
2025-06-22T00:00:00+00:00,12.0,90.0,0.0,Bay of Bengal,-0.14054,-0.33436,0.36269
2025-06-22T00:00:00+00:00,12.0,91.0,0.0,Bay of Bengal,-0.13638,-0.33459,0.36131
2025-06-22T00:00:00+00:00,12.0,92.0,0.0,Bay of Bengal,-0.1324,-0.3346,0.35984
2025-06-22T00:00:00+00:00,12.0,93.0,0.0,Bay of Bengal,-0.12878,-0.33439,0.35833
2025-06-22T00:00:00+00:00,12.0,94.0,0.0,Bay of Bengal,-0.12567,-0.33396,0.35683
2025-06-22T00:00:00+00:00,12.0,95.0,0.0,Bay of Bengal,-0.12322,-0.33332,0.35537
2025-06-22T00:00:00+00:00,12.0,96.0,0.0,Bay of Bengal,-0.12152,-0.33246,0.35397
2025-06-22T00:00:00+00:00,12.0,97.0,0.0,Bay of Bengal,-0.12065,-0.3314,0.35267
2025-06-22T00:00:00+00:00,12.0,98.0,0.0,Bay of Bengal,-0.12065,-0.33012,0.35148
2025-06-22T00:00:00+00:00,13.0,80.0,0.0,Bay of Bengal,-0.15874,-0.32053,0.35768
2025-06-22T00:00:00+00:00,13.0,81.0,0.0,Bay of Bengal,-0.15496,-0.32287,0.35814
2025-06-22T00:00:00+00:00,13.0,82.0,0.0,Bay of Bengal,-0.15072,-0.32502,0.35827
2025-06-22T00:00:00+00:00,13.0,83.0,0.0,Bay of Bengal,-0.14623,-0.32698,0.35819
2025-06-22T00:00:00+00:00,13.0,84.0,0.0,Bay of Bengal,-0.14173,-0.32872,0.35797
2025-06-22T00:00:00+00:00,13.0,85.0,0.0,Bay of Bengal,-0.13743,-0.33026,0.35771
2025-06-22T00:00:00+00:00,13.0,86.0,0.0,Bay of Bengal,-0.13357,-0.33158,0.35747
2025-06-22T00:00:00+00:00,13.0,87.0,0.0,Bay of Bengal,-0.13034,-0.33269,0.35731
2025-06-22T00:00:00+00:00,13.0,88.0,0.0,Bay of Bengal,-0.12791,-0.33358,0.35726
2025-06-22T00:00:00+00:00,13.0,89.0,0.0,Bay of Bengal,-0.1264,-0.33425,0.35735
2025-06-22T00:00:00+00:00,13.0,90.0,0.0,Bay of Bengal,-0.12588,-0.3347,0.35759
2025-06-22T00:00:00+00:00,13.0,91.0,0.0,Bay of Bengal,-0.1264,-0.33493,0.35798
2025-06-22T00:00:00+00:00,13.0,92.0,0.0,Bay of Bengal,-0.12791,-0.33494,0.35853
2025-06-22T00:00:00+00:00,13.0,93.0,0.0,Bay of Bengal,-0.13034,-0.33473,0.35921
2025-06-22T00:00:00+00:00,13.0,94.0,0.0,Bay of Bengal,-0.13357,-0.3343,0.35999
2025-06-22T00:00:00+00:00,13.0,95.0,0.0,Bay of Bengal,-0.13743,-0.33365,0.36085
2025-06-22T00:00:00+00:00,13.0,96.0,0.0,Bay of Bengal,-0.14173,-0.33279,0.36172
2025-06-22T00:00:00+00:00,13.0,97.0,0.0,Bay of Bengal,-0.14623,-0.33172,0.36253
2025-06-22T00:00:00+00:00,13.0,98.0,0.0,Bay of Bengal,-0.15072,-0.33045,0.3632
2025-06-22T00:00:00+00:00,14.0,80.0,0.0,Bay of Bengal,-0.13868,-0.32088,0.34956
2025-06-22T00:00:00+00:00,14.0,81.0,0.0,Bay of Bengal,-0.13535,-0.32322,0.35042
2025-06-22T00:00:00+00:00,14.0,82.0,0.0,Bay of Bengal,-0.13299,-0.32537,0.3515
2025-06-22T00:00:00+00:00,14.0,83.0,0.0,Bay of Bengal,-0.13173,-0.32732,0.35283
2025-06-22T00:00:00+00:00,14.0,84.0,0.0,Bay of Bengal,-0.13164,-0.32907,0.35442
2025-06-22T00:00:00+00:00,14.0,85.0,0.0,Bay of Bengal,-0.13274,-0.3306,0.35625
2025-06-22T00:00:00+00:00,14.0,86.0,0.0,Bay of Bengal,-0.13495,-0.33192,0.35831
2025-06-22T00:00:00+00:00,14.0,87.0,0.0,Bay of Bengal,-0.13815,-0.33303,0.36055
2025-06-22T00:00:00+00:00,14.0,88.0,0.0,Bay of Bengal,-0.14214,-0.33392,0.36291
2025-06-22T00:00:00+00:00,14.0,89.0,0.0,Bay of Bengal,-0.14669,-0.33459,0.36533
2025-06-22T00:00:00+00:00,14.0,90.0,0.0,Bay of Bengal,-0.15153,-0.33504,0.36771
2025-06-22T00:00:00+00:00,14.0,91.0,0.0,Bay of Bengal,-0.15637,-0.33526,0.36994
2025-06-22T00:00:00+00:00,14.0,92.0,0.0,Bay of Bengal,-0.16092,-0.33527,0.37189
2025-06-22T00:00:00+00:00,14.0,93.0,0.0,Bay of Bengal,-0.16491,-0.33506,0.37345
2025-06-22T00:00:00+00:00,14.0,94.0,0.0,Bay of Bengal,-0.16811,-0.33463,0.37448
2025-06-22T00:00:00+00:00,14.0,95.0,0.0,Bay of Bengal,-0.17033,-0.33398,0.37491
2025-06-22T00:00:00+00:00,14.0,96.0,0.0,Bay of Bengal,-0.17142,-0.33312,0.37464
2025-06-22T00:00:00+00:00,14.0,97.0,0.0,Bay of Bengal,-0.17134,-0.33205,0.37365
2025-06-22T00:00:00+00:00,14.0,98.0,0.0,Bay of Bengal,-0.17007,-0.33077,0.37194
2025-06-22T00:00:00+00:00,15.0,80.0,0.0,Bay of Bengal,-0.14013,-0.32122,0.35046
2025-06-22T00:00:00+00:00,15.0,81.0,0.0,Bay of Bengal,-0.14331,-0.32357,0.35388
2025-06-22T00:00:00+00:00,15.0,82.0,0.0,Bay of Bengal,-0.14745,-0.32572,0.35754
2025-06-22T00:00:00+00:00,15.0,83.0,0.0,Bay of Bengal,-0.15227,-0.32767,0.36132
2025-06-22T00:00:00+00:00,15.0,84.0,0.0,Bay of Bengal,-0.15745,-0.32941,0.36511
2025-06-22T00:00:00+00:00,15.0,85.0,0.0,Bay of Bengal,-0.16263,-0.33095,0.36874
2025-06-22T00:00:00+00:00,15.0,86.0,0.0,Bay of Bengal,-0.16745,-0.33227,0.37208
2025-06-22T00:00:00+00:00,15.0,87.0,0.0,Bay of Bengal,-0.17159,-0.33337,0.37494
2025-06-22T00:00:00+00:00,15.0,88.0,0.0,Bay of Bengal,-0.17477,-0.33426,0.37719
2025-06-22T00:00:00+00:00,15.0,89.0,0.0,Bay of Bengal,-0.17677,-0.33493,0.37871
2025-06-22T00:00:00+00:00,15.0,90.0,0.0,Bay of Bengal,-0.17745,-0.33537,0.37943
2025-06-22T00:00:00+00:00,15.0,91.0,0.0,Bay of Bengal,-0.17677,-0.3356,0.37931
2025-06-22T00:00:00+00:00,15.0,92.0,0.0,Bay of Bengal,-0.17477,-0.33561,0.37839
2025-06-22T00:00:00+00:00,15.0,93.0,0.0,Bay of Bengal,-0.17159,-0.33539,0.37674
2025-06-22T00:00:00+00:00,15.0,94.0,0.0,Bay of Bengal,-0.16745,-0.33496,0.37448
2025-06-22T00:00:00+00:00,15.0,95.0,0.0,Bay of Bengal,-0.16263,-0.33431,0.37177
2025-06-22T00:00:00+00:00,15.0,96.0,0.0,Bay of Bengal,-0.15745,-0.33345,0.36875
2025-06-22T00:00:00+00:00,15.0,97.0,0.0,Bay of Bengal,-0.15227,-0.33238,0.3656
2025-06-22T00:00:00+00:00,15.0,98.0,0.0,Bay of Bengal,-0.14745,-0.3311,0.36245
2025-06-22T00:00:00+00:00,16.0,80.0,0.0,Bay of Bengal,-0.17045,-0.32157,0.36395
2025-06-22T00:00:00+00:00,16.0,81.0,0.0,Bay of Bengal,-0.17537,-0.32392,0.36834
2025-06-22T00:00:00+00:00,16.0,82.0,0.0,Bay of Bengal,-0.17937,-0.32607,0.37215
2025-06-22T00:00:00+00:00,16.0,83.0,0.0,Bay of Bengal,-0.18216,-0.32801,0.3752
2025-06-22T00:00:00+00:00,16.0,84.0,0.0,Bay of Bengal,-0.1835,-0.32976,0.37738
2025-06-22T00:00:00+00:00,16.0,85.0,0.0,Bay of Bengal,-0.18331,-0.33129,0.37862
2025-06-22T00:00:00+00:00,16.0,86.0,0.0,Bay of Bengal,-0.18159,-0.33261,0.37895
2025-06-22T00:00:00+00:00,16.0,87.0,0.0,Bay of Bengal,-0.17848,-0.33371,0.37844
2025-06-22T00:00:00+00:00,16.0,88.0,0.0,Bay of Bengal,-0.17421,-0.3346,0.37723
2025-06-22T00:00:00+00:00,16.0,89.0,0.0,Bay of Bengal,-0.16913,-0.33526,0.37551
2025-06-22T00:00:00+00:00,16.0,90.0,0.0,Bay of Bengal,-0.16361,-0.33571,0.37346
2025-06-22T00:00:00+00:00,16.0,91.0,0.0,Bay of Bengal,-0.1581,-0.33594,0.37128
2025-06-22T00:00:00+00:00,16.0,92.0,0.0,Bay of Bengal,-0.15302,-0.33594,0.36915
2025-06-22T00:00:00+00:00,16.0,93.0,0.0,Bay of Bengal,-0.14875,-0.33572,0.3672
2025-06-22T00:00:00+00:00,16.0,94.0,0.0,Bay of Bengal,-0.14564,-0.33529,0.36555
2025-06-22T00:00:00+00:00,16.0,95.0,0.0,Bay of Bengal,-0.14392,-0.33464,0.36427
2025-06-22T00:00:00+00:00,16.0,96.0,0.0,Bay of Bengal,-0.14372,-0.33377,0.3634
2025-06-22T00:00:00+00:00,16.0,97.0,0.0,Bay of Bengal,-0.14507,-0.3327,0.36295
2025-06-22T00:00:00+00:00,16.0,98.0,0.0,Bay of Bengal,-0.14785,-0.33142,0.3629
2025-06-22T00:00:00+00:00,17.0,80.0,0.0,Bay of Bengal,-0.18969,-0.32192,0.37365
2025-06-22T00:00:00+00:00,17.0,81.0,0.0,Bay of Bengal,-0.18781,-0.32426,0.37472
2025-06-22T00:00:00+00:00,17.0,82.0,0.0,Bay of Bengal,-0.18438,-0.32641,0.37488
2025-06-22T00:00:00+00:00,17.0,83.0,0.0,Bay of Bengal,-0.17969,-0.32836,0.37431
2025-06-22T00:00:00+00:00,17.0,84.0,0.0,Bay of Bengal,-0.17415,-0.3301,0.37322
2025-06-22T00:00:00+00:00,17.0,85.0,0.0,Bay of Bengal,-0.16825,-0.33163,0.37187
2025-06-22T00:00:00+00:00,17.0,86.0,0.0,Bay of Bengal,-0.1625,-0.33295,0.37049
2025-06-22T00:00:00+00:00,17.0,87.0,0.0,Bay of Bengal,-0.1574,-0.33405,0.36928
2025-06-22T00:00:00+00:00,17.0,88.0,0.0,Bay of Bengal,-0.15341,-0.33494,0.3684
2025-06-22T00:00:00+00:00,17.0,89.0,0.0,Bay of Bengal,-0.15086,-0.3356,0.36795
2025-06-22T00:00:00+00:00,17.0,90.0,0.0,Bay of Bengal,-0.14999,-0.33605,0.368
2025-06-22T00:00:00+00:00,17.0,91.0,0.0,Bay of Bengal,-0.15086,-0.33627,0.36856
2025-06-22T00:00:00+00:00,17.0,92.0,0.0,Bay of Bengal,-0.15341,-0.33627,0.36961
2025-06-22T00:00:00+00:00,17.0,93.0,0.0,Bay of Bengal,-0.1574,-0.33605,0.37109
2025-06-22T00:00:00+00:00,17.0,94.0,0.0,Bay of Bengal,-0.1625,-0.33562,0.37289
2025-06-22T00:00:00+00:00,17.0,95.0,0.0,Bay of Bengal,-0.16825,-0.33496,0.37484
2025-06-22T00:00:00+00:00,17.0,96.0,0.0,Bay of Bengal,-0.17415,-0.3341,0.37676
2025-06-22T00:00:00+00:00,17.0,97.0,0.0,Bay of Bengal,-0.17969,-0.33302,0.3784
2025-06-22T00:00:00+00:00,17.0,98.0,0.0,Bay of Bengal,-0.18438,-0.33173,0.37953
2025-06-22T00:00:00+00:00,18.0,80.0,0.0,Bay of Bengal,-0.17655,-0.32226,0.36746
2025-06-22T00:00:00+00:00,18.0,81.0,0.0,Bay of Bengal,-0.17037,-0.32461,0.3666
2025-06-22T00:00:00+00:00,18.0,82.0,0.0,Bay of Bengal,-0.16479,-0.32675,0.36596
2025-06-22T00:00:00+00:00,18.0,83.0,0.0,Bay of Bengal,-0.16037,-0.3287,0.36574
2025-06-22T00:00:00+00:00,18.0,84.0,0.0,Bay of Bengal,-0.15753,-0.33044,0.36607
2025-06-22T00:00:00+00:00,18.0,85.0,0.0,Bay of Bengal,-0.15655,-0.33197,0.36703
2025-06-22T00:00:00+00:00,18.0,86.0,0.0,Bay of Bengal,-0.15753,-0.33329,0.36864
2025-06-22T00:00:00+00:00,18.0,87.0,0.0,Bay of Bengal,-0.16037,-0.33439,0.37086
2025-06-22T00:00:00+00:00,18.0,88.0,0.0,Bay of Bengal,-0.16479,-0.33527,0.37358
2025-06-22T00:00:00+00:00,18.0,89.0,0.0,Bay of Bengal,-0.17037,-0.33594,0.37667
2025-06-22T00:00:00+00:00,18.0,90.0,0.0,Bay of Bengal,-0.17655,-0.33638,0.37989
2025-06-22T00:00:00+00:00,18.0,91.0,0.0,Bay of Bengal,-0.18273,-0.3366,0.383
2025-06-22T00:00:00+00:00,18.0,92.0,0.0,Bay of Bengal,-0.1883,-0.3366,0.38569
2025-06-22T00:00:00+00:00,18.0,93.0,0.0,Bay of Bengal,-0.19273,-0.33638,0.38768
2025-06-22T00:00:00+00:00,18.0,94.0,0.0,Bay of Bengal,-0.19557,-0.33594,0.38872
2025-06-22T00:00:00+00:00,18.0,95.0,0.0,Bay of Bengal,-0.19655,-0.33529,0.38865
2025-06-22T00:00:00+00:00,18.0,96.0,0.0,Bay of Bengal,-0.19557,-0.33442,0.3874
2025-06-22T00:00:00+00:00,18.0,97.0,0.0,Bay of Bengal,-0.19273,-0.33334,0.38504
2025-06-22T00:00:00+00:00,18.0,98.0,0.0,Bay of Bengal,-0.1883,-0.33205,0.38173
2025-06-22T00:00:00+00:00,19.0,80.0,0.0,Bay of Bengal,-0.16356,-0.32261,0.3617
2025-06-22T00:00:00+00:00,19.0,81.0,0.0,Bay of Bengal,-0.1635,-0.32495,0.36377
2025-06-22T00:00:00+00:00,19.0,82.0,0.0,Bay of Bengal,-0.1656,-0.3271,0.36663
2025-06-22T00:00:00+00:00,19.0,83.0,0.0,Bay of Bengal,-0.16962,-0.32904,0.37019
2025-06-22T00:00:00+00:00,19.0,84.0,0.0,Bay of Bengal,-0.17512,-0.33078,0.37428
2025-06-22T00:00:00+00:00,19.0,85.0,0.0,Bay of Bengal,-0.18152,-0.33231,0.37865
2025-06-22T00:00:00+00:00,19.0,86.0,0.0,Bay of Bengal,-0.1881,-0.33363,0.383
2025-06-22T00:00:00+00:00,19.0,87.0,0.0,Bay of Bengal,-0.19415,-0.33473,0.38696
2025-06-22T00:00:00+00:00,19.0,88.0,0.0,Bay of Bengal,-0.19902,-0.33561,0.39018
2025-06-22T00:00:00+00:00,19.0,89.0,0.0,Bay of Bengal,-0.20217,-0.33627,0.39236
2025-06-22T00:00:00+00:00,19.0,90.0,0.0,Bay of Bengal,-0.20326,-0.33671,0.3933
2025-06-22T00:00:00+00:00,19.0,91.0,0.0,Bay of Bengal,-0.20217,-0.33693,0.39293
2025-06-22T00:00:00+00:00,19.0,92.0,0.0,Bay of Bengal,-0.19902,-0.33693,0.39132
2025-06-22T00:00:00+00:00,19.0,93.0,0.0,Bay of Bengal,-0.19415,-0.33671,0.38867
2025-06-22T00:00:00+00:00,19.0,94.0,0.0,Bay of Bengal,-0.1881,-0.33626,0.3853
2025-06-22T00:00:00+00:00,19.0,95.0,0.0,Bay of Bengal,-0.18152,-0.33561,0.38155
2025-06-22T00:00:00+00:00,19.0,96.0,0.0,Bay of Bengal,-0.17512,-0.33473,0.37778
2025-06-22T00:00:00+00:00,19.0,97.0,0.0,Bay of Bengal,-0.16962,-0.33365,0.37429
2025-06-22T00:00:00+00:00,19.0,98.0,0.0,Bay of Bengal,-0.1656,-0.33236,0.37133
2025-06-22T00:00:00+00:00,20.0,80.0,0.0,Bay of Bengal,-0.18325,-0.32295,0.37132
2025-06-22T00:00:00+00:00,20.0,81.0,0.0,Bay of Bengal,-0.19009,-0.32529,0.37676
2025-06-22T00:00:00+00:00,20.0,82.0,0.0,Bay of Bengal,-0.19693,-0.32744,0.3821
2025-06-22T00:00:00+00:00,20.0,83.0,0.0,Bay of Bengal,-0.20294,-0.32938,0.38688
2025-06-22T00:00:00+00:00,20.0,84.0,0.0,Bay of Bengal,-0.20741,-0.33112,0.39072
2025-06-22T00:00:00+00:00,20.0,85.0,0.0,Bay of Bengal,-0.20978,-0.33265,0.39327
2025-06-22T00:00:00+00:00,20.0,86.0,0.0,Bay of Bengal,-0.20978,-0.33396,0.39438
2025-06-22T00:00:00+00:00,20.0,87.0,0.0,Bay of Bengal,-0.20741,-0.33506,0.39406
2025-06-22T00:00:00+00:00,20.0,88.0,0.0,Bay of Bengal,-0.20294,-0.33594,0.39248
2025-06-22T00:00:00+00:00,20.0,89.0,0.0,Bay of Bengal,-0.19693,-0.3366,0.38997
2025-06-22T00:00:00+00:00,20.0,90.0,0.0,Bay of Bengal,-0.19009,-0.33704,0.38695
2025-06-22T00:00:00+00:00,20.0,91.0,0.0,Bay of Bengal,-0.18325,-0.33726,0.38382
2025-06-22T00:00:00+00:00,20.0,92.0,0.0,Bay of Bengal,-0.17723,-0.33725,0.38098
2025-06-22T00:00:00+00:00,20.0,93.0,0.0,Bay of Bengal,-0.17277,-0.33703,0.37873
2025-06-22T00:00:00+00:00,20.0,94.0,0.0,Bay of Bengal,-0.17039,-0.33658,0.37726
2025-06-22T00:00:00+00:00,20.0,95.0,0.0,Bay of Bengal,-0.17039,-0.33592,0.37667
2025-06-22T00:00:00+00:00,20.0,96.0,0.0,Bay of Bengal,-0.17277,-0.33505,0.37697
2025-06-22T00:00:00+00:00,20.0,97.0,0.0,Bay of Bengal,-0.17723,-0.33396,0.37808
2025-06-22T00:00:00+00:00,20.0,98.0,0.0,Bay of Bengal,-0.18325,-0.33267,0.3798
2025-06-22T00:00:00+00:00,21.0,80.0,0.0,Bay of Bengal,-0.21432,-0.3233,0.38788
2025-06-22T00:00:00+00:00,21.0,81.0,0.0,Bay of Bengal,-0.21675,-0.32564,0.39118
2025-06-22T00:00:00+00:00,21.0,82.0,0.0,Bay of Bengal,-0.21656,-0.32778,0.39286
2025-06-22T00:00:00+00:00,21.0,83.0,0.0,Bay of Bengal,-0.21377,-0.32972,0.39296
2025-06-22T00:00:00+00:00,21.0,84.0,0.0,Bay of Bengal,-0.20875,-0.33146,0.39172
2025-06-22T00:00:00+00:00,21.0,85.0,0.0,Bay of Bengal,-0.20217,-0.33298,0.38956
2025-06-22T00:00:00+00:00,21.0,86.0,0.0,Bay of Bengal,-0.19491,-0.3343,0.38697
2025-06-22T00:00:00+00:00,21.0,87.0,0.0,Bay of Bengal,-0.18792,-0.33539,0.38445
2025-06-22T00:00:00+00:00,21.0,88.0,0.0,Bay of Bengal,-0.18213,-0.33627,0.38243
2025-06-22T00:00:00+00:00,21.0,89.0,0.0,Bay of Bengal,-0.17833,-0.33693,0.38121
2025-06-22T00:00:00+00:00,21.0,90.0,0.0,Bay of Bengal,-0.177,-0.33737,0.38098
2025-06-22T00:00:00+00:00,21.0,91.0,0.0,Bay of Bengal,-0.17833,-0.33758,0.38179
2025-06-22T00:00:00+00:00,21.0,92.0,0.0,Bay of Bengal,-0.18213,-0.33757,0.38357
2025-06-22T00:00:00+00:00,21.0,93.0,0.0,Bay of Bengal,-0.18792,-0.33735,0.38616
2025-06-22T00:00:00+00:00,21.0,94.0,0.0,Bay of Bengal,-0.19491,-0.3369,0.38922
2025-06-22T00:00:00+00:00,21.0,95.0,0.0,Bay of Bengal,-0.20217,-0.33624,0.39234
2025-06-22T00:00:00+00:00,21.0,96.0,0.0,Bay of Bengal,-0.20875,-0.33536,0.39503
2025-06-22T00:00:00+00:00,21.0,97.0,0.0,Bay of Bengal,-0.21377,-0.33427,0.39678
2025-06-22T00:00:00+00:00,21.0,98.0,0.0,Bay of Bengal,-0.21656,-0.33298,0.39721
2025-06-22T00:00:00+00:00,22.0,80.0,0.0,Bay of Bengal,-0.21682,-0.32364,0.38955
2025-06-22T00:00:00+00:00,22.0,81.0,0.0,Bay of Bengal,-0.21014,-0.32598,0.38784
2025-06-22T00:00:00+00:00,22.0,82.0,0.0,Bay of Bengal,-0.20257,-0.32812,0.38561
2025-06-22T00:00:00+00:00,22.0,83.0,0.0,Bay of Bengal,-0.19519,-0.33006,0.38346
2025-06-22T00:00:00+00:00,22.0,84.0,0.0,Bay of Bengal,-0.1891,-0.3318,0.3819
2025-06-22T00:00:00+00:00,22.0,85.0,0.0,Bay of Bengal,-0.18517,-0.33332,0.3813
2025-06-22T00:00:00+00:00,22.0,86.0,0.0,Bay of Bengal,-0.18397,-0.33463,0.38187
2025-06-22T00:00:00+00:00,22.0,87.0,0.0,Bay of Bengal,-0.18569,-0.33572,0.38366
2025-06-22T00:00:00+00:00,22.0,88.0,0.0,Bay of Bengal,-0.19007,-0.3366,0.38656
2025-06-22T00:00:00+00:00,22.0,89.0,0.0,Bay of Bengal,-0.19647,-0.33726,0.39031
2025-06-22T00:00:00+00:00,22.0,90.0,0.0,Bay of Bengal,-0.20396,-0.33769,0.39451
2025-06-22T00:00:00+00:00,22.0,91.0,0.0,Bay of Bengal,-0.21145,-0.3379,0.39861
2025-06-22T00:00:00+00:00,22.0,92.0,0.0,Bay of Bengal,-0.21785,-0.33789,0.40204
2025-06-22T00:00:00+00:00,22.0,93.0,0.0,Bay of Bengal,-0.22223,-0.33767,0.40423
2025-06-22T00:00:00+00:00,22.0,94.0,0.0,Bay of Bengal,-0.22395,-0.33722,0.40481
2025-06-22T00:00:00+00:00,22.0,95.0,0.0,Bay of Bengal,-0.22275,-0.33655,0.40359
2025-06-22T00:00:00+00:00,22.0,96.0,0.0,Bay of Bengal,-0.21882,-0.33567,0.4007
2025-06-22T00:00:00+00:00,22.0,97.0,0.0,Bay of Bengal,-0.21273,-0.33458,0.39648
2025-06-22T00:00:00+00:00,22.0,98.0,0.0,Bay of Bengal,-0.20536,-0.33328,0.39147
2025-06-22T00:00:00+00:00,6.0,80.0,50.0,Bay of Bengal,-0.08773,-0.28768,0.30076
2025-06-22T00:00:00+00:00,6.0,81.0,50.0,Bay of Bengal,-0.08887,-0.28984,0.30316
2025-06-22T00:00:00+00:00,6.0,82.0,50.0,Bay of Bengal,-0.09019,-0.29182,0.30544
2025-06-22T00:00:00+00:00,6.0,83.0,50.0,Bay of Bengal,-0.09167,-0.29362,0.30759
2025-06-22T00:00:00+00:00,6.0,84.0,50.0,Bay of Bengal,-0.09329,-0.29523,0.30962
2025-06-22T00:00:00+00:00,6.0,85.0,50.0,Bay of Bengal,-0.09505,-0.29666,0.31151
2025-06-22T00:00:00+00:00,6.0,86.0,50.0,Bay of Bengal,-0.09691,-0.29789,0.31326
2025-06-22T00:00:00+00:00,6.0,87.0,50.0,Bay of Bengal,-0.09887,-0.29893,0.31486
2025-06-22T00:00:00+00:00,6.0,88.0,50.0,Bay of Bengal,-0.10089,-0.29977,0.3163
2025-06-22T00:00:00+00:00,6.0,89.0,50.0,Bay of Bengal,-0.10296,-0.30042,0.31757
2025-06-22T00:00:00+00:00,6.0,90.0,50.0,Bay of Bengal,-0.10505,-0.30087,0.31868
2025-06-22T00:00:00+00:00,6.0,91.0,50.0,Bay of Bengal,-0.10714,-0.30111,0.31961
2025-06-22T00:00:00+00:00,6.0,92.0,50.0,Bay of Bengal,-0.10921,-0.30116,0.32035
2025-06-22T00:00:00+00:00,6.0,93.0,50.0,Bay of Bengal,-0.11123,-0.30101,0.32091
2025-06-22T00:00:00+00:00,6.0,94.0,50.0,Bay of Bengal,-0.11318,-0.30067,0.32126
2025-06-22T00:00:00+00:00,6.0,95.0,50.0,Bay of Bengal,-0.11505,-0.30013,0.32142
2025-06-22T00:00:00+00:00,6.0,96.0,50.0,Bay of Bengal,-0.1168,-0.29939,0.32137
2025-06-22T00:00:00+00:00,6.0,97.0,50.0,Bay of Bengal,-0.11843,-0.29847,0.3211
2025-06-22T00:00:00+00:00,6.0,98.0,50.0,Bay of Bengal,-0.11991,-0.29736,0.32062
2025-06-22T00:00:00+00:00,7.0,80.0,50.0,Bay of Bengal,-0.11466,-0.28803,0.31001
2025-06-22T00:00:00+00:00,7.0,81.0,50.0,Bay of Bengal,-0.1169,-0.29019,0.31285
2025-06-22T00:00:00+00:00,7.0,82.0,50.0,Bay of Bengal,-0.119,-0.29217,0.31547
2025-06-22T00:00:00+00:00,7.0,83.0,50.0,Bay of Bengal,-0.12094,-0.29397,0.31787
2025-06-22T00:00:00+00:00,7.0,84.0,50.0,Bay of Bengal,-0.12268,-0.29558,0.32003
2025-06-22T00:00:00+00:00,7.0,85.0,50.0,Bay of Bengal,-0.1242,-0.29701,0.32193
2025-06-22T00:00:00+00:00,7.0,86.0,50.0,Bay of Bengal,-0.12548,-0.29824,0.32356
2025-06-22T00:00:00+00:00,7.0,87.0,50.0,Bay of Bengal,-0.12649,-0.29928,0.32491
2025-06-22T00:00:00+00:00,7.0,88.0,50.0,Bay of Bengal,-0.12722,-0.30012,0.32597
2025-06-22T00:00:00+00:00,7.0,89.0,50.0,Bay of Bengal,-0.12767,-0.30077,0.32674
2025-06-22T00:00:00+00:00,7.0,90.0,50.0,Bay of Bengal,-0.12782,-0.30121,0.32721
2025-06-22T00:00:00+00:00,7.0,91.0,50.0,Bay of Bengal,-0.12767,-0.30146,0.32738
2025-06-22T00:00:00+00:00,7.0,92.0,50.0,Bay of Bengal,-0.12722,-0.30151,0.32725
2025-06-22T00:00:00+00:00,7.0,93.0,50.0,Bay of Bengal,-0.12649,-0.30136,0.32683
2025-06-22T00:00:00+00:00,7.0,94.0,50.0,Bay of Bengal,-0.12548,-0.30101,0.32612
2025-06-22T00:00:00+00:00,7.0,95.0,50.0,Bay of Bengal,-0.1242,-0.30047,0.32512
2025-06-22T00:00:00+00:00,7.0,96.0,50.0,Bay of Bengal,-0.12268,-0.29973,0.32387
2025-06-22T00:00:00+00:00,7.0,97.0,50.0,Bay of Bengal,-0.12094,-0.29881,0.32235
2025-06-22T00:00:00+00:00,7.0,98.0,50.0,Bay of Bengal,-0.119,-0.29769,0.3206
2025-06-22T00:00:00+00:00,8.0,80.0,50.0,Bay of Bengal,-0.13067,-0.28838,0.3166
2025-06-22T00:00:00+00:00,8.0,81.0,50.0,Bay of Bengal,-0.13,-0.29054,0.31829
2025-06-22T00:00:00+00:00,8.0,82.0,50.0,Bay of Bengal,-0.12895,-0.29252,0.31968
2025-06-22T00:00:00+00:00,8.0,83.0,50.0,Bay of Bengal,-0.12756,-0.29432,0.32077
2025-06-22T00:00:00+00:00,8.0,84.0,50.0,Bay of Bengal,-0.12584,-0.29593,0.32157
2025-06-22T00:00:00+00:00,8.0,85.0,50.0,Bay of Bengal,-0.12383,-0.29736,0.32211
2025-06-22T00:00:00+00:00,8.0,86.0,50.0,Bay of Bengal,-0.12157,-0.29859,0.32239
2025-06-22T00:00:00+00:00,8.0,87.0,50.0,Bay of Bengal,-0.11911,-0.29963,0.32243
2025-06-22T00:00:00+00:00,8.0,88.0,50.0,Bay of Bengal,-0.11649,-0.30047,0.32226
2025-06-22T00:00:00+00:00,8.0,89.0,50.0,Bay of Bengal,-0.11376,-0.30111,0.32189
2025-06-22T00:00:00+00:00,8.0,90.0,50.0,Bay of Bengal,-0.11097,-0.30156,0.32133
2025-06-22T00:00:00+00:00,8.0,91.0,50.0,Bay of Bengal,-0.10819,-0.30181,0.32061
2025-06-22T00:00:00+00:00,8.0,92.0,50.0,Bay of Bengal,-0.10546,-0.30185,0.31974
2025-06-22T00:00:00+00:00,8.0,93.0,50.0,Bay of Bengal,-0.10284,-0.3017,0.31875
2025-06-22T00:00:00+00:00,8.0,94.0,50.0,Bay of Bengal,-0.10038,-0.30135,0.31763
2025-06-22T00:00:00+00:00,8.0,95.0,50.0,Bay of Bengal,-0.09812,-0.30081,0.31641
2025-06-22T00:00:00+00:00,8.0,96.0,50.0,Bay of Bengal,-0.09611,-0.30007,0.31509
2025-06-22T00:00:00+00:00,8.0,97.0,50.0,Bay of Bengal,-0.09439,-0.29914,0.31368
2025-06-22T00:00:00+00:00,8.0,98.0,50.0,Bay of Bengal,-0.093,-0.29803,0.3122
2025-06-22T00:00:00+00:00,9.0,80.0,50.0,Bay of Bengal,-0.11451,-0.28873,0.31061
2025-06-22T00:00:00+00:00,9.0,81.0,50.0,Bay of Bengal,-0.11138,-0.29089,0.31148
2025-06-22T00:00:00+00:00,9.0,82.0,50.0,Bay of Bengal,-0.10833,-0.29287,0.31226
2025-06-22T00:00:00+00:00,9.0,83.0,50.0,Bay of Bengal,-0.10543,-0.29467,0.31296
2025-06-22T00:00:00+00:00,9.0,84.0,50.0,Bay of Bengal,-0.10275,-0.29628,0.31359
2025-06-22T00:00:00+00:00,9.0,85.0,50.0,Bay of Bengal,-0.10036,-0.2977,0.31417
2025-06-22T00:00:00+00:00,9.0,86.0,50.0,Bay of Bengal,-0.09833,-0.29894,0.31469
2025-06-22T00:00:00+00:00,9.0,87.0,50.0,Bay of Bengal,-0.09669,-0.29997,0.31517
2025-06-22T00:00:00+00:00,9.0,88.0,50.0,Bay of Bengal,-0.09549,-0.30082,0.31561
2025-06-22T00:00:00+00:00,9.0,89.0,50.0,Bay of Bengal,-0.09475,-0.30146,0.316
2025-06-22T00:00:00+00:00,9.0,90.0,50.0,Bay of Bengal,-0.09451,-0.3019,0.31635
2025-06-22T00:00:00+00:00,9.0,91.0,50.0,Bay of Bengal,-0.09475,-0.30215,0.31666
2025-06-22T00:00:00+00:00,9.0,92.0,50.0,Bay of Bengal,-0.09549,-0.3022,0.31692
2025-06-22T00:00:00+00:00,9.0,93.0,50.0,Bay of Bengal,-0.09669,-0.30204,0.31714
2025-06-22T00:00:00+00:00,9.0,94.0,50.0,Bay of Bengal,-0.09833,-0.30169,0.31731
2025-06-22T00:00:00+00:00,9.0,95.0,50.0,Bay of Bengal,-0.10036,-0.30115,0.31743
2025-06-22T00:00:00+00:00,9.0,96.0,50.0,Bay of Bengal,-0.10275,-0.30041,0.3175
2025-06-22T00:00:00+00:00,9.0,97.0,50.0,Bay of Bengal,-0.10543,-0.29948,0.3175
2025-06-22T00:00:00+00:00,9.0,98.0,50.0,Bay of Bengal,-0.10833,-0.29836,0.31742
2025-06-22T00:00:00+00:00,10.0,80.0,50.0,Bay of Bengal,-0.0987,-0.28908,0.30546
2025-06-22T00:00:00+00:00,10.0,81.0,50.0,Bay of Bengal,-0.09839,-0.29123,0.30741
2025-06-22T00:00:00+00:00,10.0,82.0,50.0,Bay of Bengal,-0.0987,-0.29322,0.30938
2025-06-22T00:00:00+00:00,10.0,83.0,50.0,Bay of Bengal,-0.0996,-0.29501,0.31137
2025-06-22T00:00:00+00:00,10.0,84.0,50.0,Bay of Bengal,-0.10107,-0.29663,0.31338
2025-06-22T00:00:00+00:00,10.0,85.0,50.0,Bay of Bengal,-0.10307,-0.29805,0.31537
2025-06-22T00:00:00+00:00,10.0,86.0,50.0,Bay of Bengal,-0.10554,-0.29928,0.31735
2025-06-22T00:00:00+00:00,10.0,87.0,50.0,Bay of Bengal,-0.10839,-0.30032,0.31928
2025-06-22T00:00:00+00:00,10.0,88.0,50.0,Bay of Bengal,-0.11155,-0.30116,0.32116
2025-06-22T00:00:00+00:00,10.0,89.0,50.0,Bay of Bengal,-0.11492,-0.30181,0.32294
2025-06-22T00:00:00+00:00,10.0,90.0,50.0,Bay of Bengal,-0.11839,-0.30225,0.32461
2025-06-22T00:00:00+00:00,10.0,91.0,50.0,Bay of Bengal,-0.12187,-0.30249,0.32612
2025-06-22T00:00:00+00:00,10.0,92.0,50.0,Bay of Bengal,-0.12523,-0.30254,0.32743
2025-06-22T00:00:00+00:00,10.0,93.0,50.0,Bay of Bengal,-0.12839,-0.30238,0.32851
2025-06-22T00:00:00+00:00,10.0,94.0,50.0,Bay of Bengal,-0.13125,-0.30203,0.32932
2025-06-22T00:00:00+00:00,10.0,95.0,50.0,Bay of Bengal,-0.13372,-0.30149,0.32981
2025-06-22T00:00:00+00:00,10.0,96.0,50.0,Bay of Bengal,-0.13571,-0.30075,0.32995
2025-06-22T00:00:00+00:00,10.0,97.0,50.0,Bay of Bengal,-0.13719,-0.29982,0.32971
2025-06-22T00:00:00+00:00,10.0,98.0,50.0,Bay of Bengal,-0.13809,-0.2987,0.32907
2025-06-22T00:00:00+00:00,11.0,80.0,50.0,Bay of Bengal,-0.11578,-0.28943,0.31173
2025-06-22T00:00:00+00:00,11.0,81.0,50.0,Bay of Bengal,-0.11949,-0.29158,0.31512
2025-06-22T00:00:00+00:00,11.0,82.0,50.0,Bay of Bengal,-0.12332,-0.29356,0.31841
2025-06-22T00:00:00+00:00,11.0,83.0,50.0,Bay of Bengal,-0.12712,-0.29536,0.32156
2025-06-22T00:00:00+00:00,11.0,84.0,50.0,Bay of Bengal,-0.13076,-0.29698,0.32449
2025-06-22T00:00:00+00:00,11.0,85.0,50.0,Bay of Bengal,-0.13409,-0.2984,0.32714
2025-06-22T00:00:00+00:00,11.0,86.0,50.0,Bay of Bengal,-0.13701,-0.29963,0.32947
2025-06-22T00:00:00+00:00,11.0,87.0,50.0,Bay of Bengal,-0.13939,-0.30067,0.33141
2025-06-22T00:00:00+00:00,11.0,88.0,50.0,Bay of Bengal,-0.14116,-0.30151,0.33292
2025-06-22T00:00:00+00:00,11.0,89.0,50.0,Bay of Bengal,-0.14225,-0.30215,0.33396
2025-06-22T00:00:00+00:00,11.0,90.0,50.0,Bay of Bengal,-0.14262,-0.30259,0.33452
2025-06-22T00:00:00+00:00,11.0,91.0,50.0,Bay of Bengal,-0.14225,-0.30283,0.33458
2025-06-22T00:00:00+00:00,11.0,92.0,50.0,Bay of Bengal,-0.14116,-0.30288,0.33416
2025-06-22T00:00:00+00:00,11.0,93.0,50.0,Bay of Bengal,-0.13939,-0.30272,0.33327
2025-06-22T00:00:00+00:00,11.0,94.0,50.0,Bay of Bengal,-0.13701,-0.30237,0.33196
2025-06-22T00:00:00+00:00,11.0,95.0,50.0,Bay of Bengal,-0.13409,-0.30182,0.33027
2025-06-22T00:00:00+00:00,11.0,96.0,50.0,Bay of Bengal,-0.13076,-0.30108,0.32825
2025-06-22T00:00:00+00:00,11.0,97.0,50.0,Bay of Bengal,-0.12712,-0.30015,0.32596
2025-06-22T00:00:00+00:00,11.0,98.0,50.0,Bay of Bengal,-0.12332,-0.29903,0.32346
2025-06-22T00:00:00+00:00,12.0,80.0,50.0,Bay of Bengal,-0.14448,-0.28978,0.3238
2025-06-22T00:00:00+00:00,12.0,81.0,50.0,Bay of Bengal,-0.14618,-0.29193,0.32649
2025-06-22T00:00:00+00:00,12.0,82.0,50.0,Bay of Bengal,-0.14705,-0.29391,0.32865
2025-06-22T00:00:00+00:00,12.0,83.0,50.0,Bay of Bengal,-0.14705,-0.29571,0.33026
2025-06-22T00:00:00+00:00,12.0,84.0,50.0,Bay of Bengal,-0.14618,-0.29732,0.33132
2025-06-22T00:00:00+00:00,12.0,85.0,50.0,Bay of Bengal,-0.14448,-0.29875,0.33185
2025-06-22T00:00:00+00:00,12.0,86.0,50.0,Bay of Bengal,-0.14203,-0.29998,0.3319
2025-06-22T00:00:00+00:00,12.0,87.0,50.0,Bay of Bengal,-0.13892,-0.30101,0.33152
2025-06-22T00:00:00+00:00,12.0,88.0,50.0,Bay of Bengal,-0.1353,-0.30185,0.33079
2025-06-22T00:00:00+00:00,12.0,89.0,50.0,Bay of Bengal,-0.13132,-0.30249,0.32977
2025-06-22T00:00:00+00:00,12.0,90.0,50.0,Bay of Bengal,-0.12716,-0.30293,0.32854
2025-06-22T00:00:00+00:00,12.0,91.0,50.0,Bay of Bengal,-0.12301,-0.30318,0.32718
2025-06-22T00:00:00+00:00,12.0,92.0,50.0,Bay of Bengal,-0.11903,-0.30322,0.32574
2025-06-22T00:00:00+00:00,12.0,93.0,50.0,Bay of Bengal,-0.11541,-0.30306,0.32429
2025-06-22T00:00:00+00:00,12.0,94.0,50.0,Bay of Bengal,-0.1123,-0.30271,0.32287
2025-06-22T00:00:00+00:00,12.0,95.0,50.0,Bay of Bengal,-0.10984,-0.30216,0.3215
2025-06-22T00:00:00+00:00,12.0,96.0,50.0,Bay of Bengal,-0.10814,-0.30141,0.32023
2025-06-22T00:00:00+00:00,12.0,97.0,50.0,Bay of Bengal,-0.10727,-0.30048,0.31905
2025-06-22T00:00:00+00:00,12.0,98.0,50.0,Bay of Bengal,-0.10727,-0.29936,0.318
2025-06-22T00:00:00+00:00,13.0,80.0,50.0,Bay of Bengal,-0.14486,-0.29012,0.32428
2025-06-22T00:00:00+00:00,13.0,81.0,50.0,Bay of Bengal,-0.14108,-0.29228,0.32455
2025-06-22T00:00:00+00:00,13.0,82.0,50.0,Bay of Bengal,-0.13684,-0.29426,0.32452
2025-06-22T00:00:00+00:00,13.0,83.0,50.0,Bay of Bengal,-0.13235,-0.29606,0.32429
2025-06-22T00:00:00+00:00,13.0,84.0,50.0,Bay of Bengal,-0.12784,-0.29767,0.32396
2025-06-22T00:00:00+00:00,13.0,85.0,50.0,Bay of Bengal,-0.12355,-0.29909,0.32361
2025-06-22T00:00:00+00:00,13.0,86.0,50.0,Bay of Bengal,-0.11969,-0.30032,0.32329
2025-06-22T00:00:00+00:00,13.0,87.0,50.0,Bay of Bengal,-0.11646,-0.30136,0.32308
2025-06-22T00:00:00+00:00,13.0,88.0,50.0,Bay of Bengal,-0.11403,-0.3022,0.32299
2025-06-22T00:00:00+00:00,13.0,89.0,50.0,Bay of Bengal,-0.11251,-0.30283,0.32306
2025-06-22T00:00:00+00:00,13.0,90.0,50.0,Bay of Bengal,-0.112,-0.30327,0.3233
2025-06-22T00:00:00+00:00,13.0,91.0,50.0,Bay of Bengal,-0.11251,-0.30351,0.3237
2025-06-22T00:00:00+00:00,13.0,92.0,50.0,Bay of Bengal,-0.11403,-0.30356,0.32426
2025-06-22T00:00:00+00:00,13.0,93.0,50.0,Bay of Bengal,-0.11646,-0.3034,0.32498
2025-06-22T00:00:00+00:00,13.0,94.0,50.0,Bay of Bengal,-0.11969,-0.30304,0.32582
2025-06-22T00:00:00+00:00,13.0,95.0,50.0,Bay of Bengal,-0.12355,-0.30249,0.32675
2025-06-22T00:00:00+00:00,13.0,96.0,50.0,Bay of Bengal,-0.12784,-0.30174,0.32771
2025-06-22T00:00:00+00:00,13.0,97.0,50.0,Bay of Bengal,-0.13235,-0.30081,0.32864
2025-06-22T00:00:00+00:00,13.0,98.0,50.0,Bay of Bengal,-0.13684,-0.29968,0.32945
2025-06-22T00:00:00+00:00,14.0,80.0,50.0,Bay of Bengal,-0.12426,-0.29047,0.31593
2025-06-22T00:00:00+00:00,14.0,81.0,50.0,Bay of Bengal,-0.12093,-0.29263,0.31663
2025-06-22T00:00:00+00:00,14.0,82.0,50.0,Bay of Bengal,-0.11857,-0.29461,0.31757
2025-06-22T00:00:00+00:00,14.0,83.0,50.0,Bay of Bengal,-0.11731,-0.2964,0.31877
2025-06-22T00:00:00+00:00,14.0,84.0,50.0,Bay of Bengal,-0.11722,-0.29802,0.32024
2025-06-22T00:00:00+00:00,14.0,85.0,50.0,Bay of Bengal,-0.11832,-0.29944,0.32197
2025-06-22T00:00:00+00:00,14.0,86.0,50.0,Bay of Bengal,-0.12053,-0.30067,0.32393
2025-06-22T00:00:00+00:00,14.0,87.0,50.0,Bay of Bengal,-0.12373,-0.3017,0.32609
2025-06-22T00:00:00+00:00,14.0,88.0,50.0,Bay of Bengal,-0.12772,-0.30254,0.32839
2025-06-22T00:00:00+00:00,14.0,89.0,50.0,Bay of Bengal,-0.13227,-0.30318,0.33077
2025-06-22T00:00:00+00:00,14.0,90.0,50.0,Bay of Bengal,-0.13711,-0.30361,0.33314
2025-06-22T00:00:00+00:00,14.0,91.0,50.0,Bay of Bengal,-0.14195,-0.30385,0.33537
2025-06-22T00:00:00+00:00,14.0,92.0,50.0,Bay of Bengal,-0.1465,-0.30389,0.33736
2025-06-22T00:00:00+00:00,14.0,93.0,50.0,Bay of Bengal,-0.15049,-0.30373,0.33897
2025-06-22T00:00:00+00:00,14.0,94.0,50.0,Bay of Bengal,-0.15369,-0.30337,0.34008
2025-06-22T00:00:00+00:00,14.0,95.0,50.0,Bay of Bengal,-0.15591,-0.30282,0.3406
2025-06-22T00:00:00+00:00,14.0,96.0,50.0,Bay of Bengal,-0.157,-0.30207,0.34044
2025-06-22T00:00:00+00:00,14.0,97.0,50.0,Bay of Bengal,-0.15692,-0.30113,0.33957
2025-06-22T00:00:00+00:00,14.0,98.0,50.0,Bay of Bengal,-0.15565,-0.30001,0.33799
2025-06-22T00:00:00+00:00,15.0,80.0,50.0,Bay of Bengal,-0.12515,-0.29082,0.3166
2025-06-22T00:00:00+00:00,15.0,81.0,50.0,Bay of Bengal,-0.12833,-0.29298,0.31985
2025-06-22T00:00:00+00:00,15.0,82.0,50.0,Bay of Bengal,-0.13247,-0.29495,0.32334
2025-06-22T00:00:00+00:00,15.0,83.0,50.0,Bay of Bengal,-0.13729,-0.29675,0.32697
2025-06-22T00:00:00+00:00,15.0,84.0,50.0,Bay of Bengal,-0.14247,-0.29836,0.33063
2025-06-22T00:00:00+00:00,15.0,85.0,50.0,Bay of Bengal,-0.14764,-0.29978,0.33417
2025-06-22T00:00:00+00:00,15.0,86.0,50.0,Bay of Bengal,-0.15247,-0.30101,0.33742
2025-06-22T00:00:00+00:00,15.0,87.0,50.0,Bay of Bengal,-0.15661,-0.30204,0.34023
2025-06-22T00:00:00+00:00,15.0,88.0,50.0,Bay of Bengal,-0.15979,-0.30288,0.34244
2025-06-22T00:00:00+00:00,15.0,89.0,50.0,Bay of Bengal,-0.16179,-0.30351,0.34394
2025-06-22T00:00:00+00:00,15.0,90.0,50.0,Bay of Bengal,-0.16247,-0.30395,0.34465
2025-06-22T00:00:00+00:00,15.0,91.0,50.0,Bay of Bengal,-0.16179,-0.30419,0.34454
2025-06-22T00:00:00+00:00,15.0,92.0,50.0,Bay of Bengal,-0.15979,-0.30423,0.34364
2025-06-22T00:00:00+00:00,15.0,93.0,50.0,Bay of Bengal,-0.15661,-0.30406,0.34203
2025-06-22T00:00:00+00:00,15.0,94.0,50.0,Bay of Bengal,-0.15247,-0.30371,0.33983
2025-06-22T00:00:00+00:00,15.0,95.0,50.0,Bay of Bengal,-0.14764,-0.30315,0.33719
2025-06-22T00:00:00+00:00,15.0,96.0,50.0,Bay of Bengal,-0.14247,-0.3024,0.33428
2025-06-22T00:00:00+00:00,15.0,97.0,50.0,Bay of Bengal,-0.13729,-0.30146,0.33125
2025-06-22T00:00:00+00:00,15.0,98.0,50.0,Bay of Bengal,-0.13247,-0.30033,0.32825
2025-06-22T00:00:00+00:00,16.0,80.0,50.0,Bay of Bengal,-0.15488,-0.29117,0.3298
2025-06-22T00:00:00+00:00,16.0,81.0,50.0,Bay of Bengal,-0.1598,-0.29332,0.33403
2025-06-22T00:00:00+00:00,16.0,82.0,50.0,Bay of Bengal,-0.1638,-0.2953,0.33769
2025-06-22T00:00:00+00:00,16.0,83.0,50.0,Bay of Bengal,-0.16659,-0.2971,0.34061
2025-06-22T00:00:00+00:00,16.0,84.0,50.0,Bay of Bengal,-0.16793,-0.29871,0.34268
2025-06-22T00:00:00+00:00,16.0,85.0,50.0,Bay of Bengal,-0.16774,-0.30013,0.34382
2025-06-22T00:00:00+00:00,16.0,86.0,50.0,Bay of Bengal,-0.16602,-0.30135,0.34406
2025-06-22T00:00:00+00:00,16.0,87.0,50.0,Bay of Bengal,-0.16291,-0.30238,0.34347
2025-06-22T00:00:00+00:00,16.0,88.0,50.0,Bay of Bengal,-0.15864,-0.30322,0.34221
2025-06-22T00:00:00+00:00,16.0,89.0,50.0,Bay of Bengal,-0.15356,-0.30385,0.34045
2025-06-22T00:00:00+00:00,16.0,90.0,50.0,Bay of Bengal,-0.14804,-0.30429,0.33839
2025-06-22T00:00:00+00:00,16.0,91.0,50.0,Bay of Bengal,-0.14253,-0.30452,0.33623
2025-06-22T00:00:00+00:00,16.0,92.0,50.0,Bay of Bengal,-0.13745,-0.30456,0.33414
2025-06-22T00:00:00+00:00,16.0,93.0,50.0,Bay of Bengal,-0.13318,-0.3044,0.33226
2025-06-22T00:00:00+00:00,16.0,94.0,50.0,Bay of Bengal,-0.13007,-0.30403,0.33069
2025-06-22T00:00:00+00:00,16.0,95.0,50.0,Bay of Bengal,-0.12835,-0.30348,0.3295
2025-06-22T00:00:00+00:00,16.0,96.0,50.0,Bay of Bengal,-0.12815,-0.30272,0.32873
2025-06-22T00:00:00+00:00,16.0,97.0,50.0,Bay of Bengal,-0.1295,-0.30178,0.32839
2025-06-22T00:00:00+00:00,16.0,98.0,50.0,Bay of Bengal,-0.13228,-0.30065,0.32847
2025-06-22T00:00:00+00:00,17.0,80.0,50.0,Bay of Bengal,-0.17351,-0.29151,0.33924
2025-06-22T00:00:00+00:00,17.0,81.0,50.0,Bay of Bengal,-0.17163,-0.29367,0.34015
2025-06-22T00:00:00+00:00,17.0,82.0,50.0,Bay of Bengal,-0.1682,-0.29565,0.34014
2025-06-22T00:00:00+00:00,17.0,83.0,50.0,Bay of Bengal,-0.16351,-0.29744,0.33942
2025-06-22T00:00:00+00:00,17.0,84.0,50.0,Bay of Bengal,-0.15797,-0.29905,0.33821
2025-06-22T00:00:00+00:00,17.0,85.0,50.0,Bay of Bengal,-0.15207,-0.30047,0.33676
2025-06-22T00:00:00+00:00,17.0,86.0,50.0,Bay of Bengal,-0.14632,-0.30169,0.3353
2025-06-22T00:00:00+00:00,17.0,87.0,50.0,Bay of Bengal,-0.14123,-0.30272,0.33405
2025-06-22T00:00:00+00:00,17.0,88.0,50.0,Bay of Bengal,-0.13723,-0.30356,0.33313
2025-06-22T00:00:00+00:00,17.0,89.0,50.0,Bay of Bengal,-0.13469,-0.30419,0.33267
2025-06-22T00:00:00+00:00,17.0,90.0,50.0,Bay of Bengal,-0.13381,-0.30462,0.33272
2025-06-22T00:00:00+00:00,17.0,91.0,50.0,Bay of Bengal,-0.13469,-0.30486,0.33328
2025-06-22T00:00:00+00:00,17.0,92.0,50.0,Bay of Bengal,-0.13723,-0.30489,0.33435
2025-06-22T00:00:00+00:00,17.0,93.0,50.0,Bay of Bengal,-0.14123,-0.30472,0.33586
2025-06-22T00:00:00+00:00,17.0,94.0,50.0,Bay of Bengal,-0.14632,-0.30436,0.33771
2025-06-22T00:00:00+00:00,17.0,95.0,50.0,Bay of Bengal,-0.15207,-0.3038,0.33974
2025-06-22T00:00:00+00:00,17.0,96.0,50.0,Bay of Bengal,-0.15797,-0.30305,0.34175
2025-06-22T00:00:00+00:00,17.0,97.0,50.0,Bay of Bengal,-0.16351,-0.3021,0.34351
2025-06-22T00:00:00+00:00,17.0,98.0,50.0,Bay of Bengal,-0.1682,-0.30097,0.34478
2025-06-22T00:00:00+00:00,18.0,80.0,50.0,Bay of Bengal,-0.15975,-0.29186,0.33272
2025-06-22T00:00:00+00:00,18.0,81.0,50.0,Bay of Bengal,-0.15357,-0.29401,0.3317
2025-06-22T00:00:00+00:00,18.0,82.0,50.0,Bay of Bengal,-0.14799,-0.29599,0.33093
2025-06-22T00:00:00+00:00,18.0,83.0,50.0,Bay of Bengal,-0.14357,-0.29778,0.33059
2025-06-22T00:00:00+00:00,18.0,84.0,50.0,Bay of Bengal,-0.14073,-0.29939,0.33082
2025-06-22T00:00:00+00:00,18.0,85.0,50.0,Bay of Bengal,-0.13975,-0.30081,0.33169
2025-06-22T00:00:00+00:00,18.0,86.0,50.0,Bay of Bengal,-0.14073,-0.30203,0.33321
2025-06-22T00:00:00+00:00,18.0,87.0,50.0,Bay of Bengal,-0.14357,-0.30306,0.33535
2025-06-22T00:00:00+00:00,18.0,88.0,50.0,Bay of Bengal,-0.14799,-0.30389,0.33801
2025-06-22T00:00:00+00:00,18.0,89.0,50.0,Bay of Bengal,-0.15357,-0.30452,0.34105
2025-06-22T00:00:00+00:00,18.0,90.0,50.0,Bay of Bengal,-0.15975,-0.30496,0.34426
2025-06-22T00:00:00+00:00,18.0,91.0,50.0,Bay of Bengal,-0.16593,-0.30519,0.34738
2025-06-22T00:00:00+00:00,18.0,92.0,50.0,Bay of Bengal,-0.1715,-0.30522,0.3501
2025-06-22T00:00:00+00:00,18.0,93.0,50.0,Bay of Bengal,-0.17593,-0.30505,0.35215
2025-06-22T00:00:00+00:00,18.0,94.0,50.0,Bay of Bengal,-0.17877,-0.30469,0.35326
2025-06-22T00:00:00+00:00,18.0,95.0,50.0,Bay of Bengal,-0.17975,-0.30412,0.35327
2025-06-22T00:00:00+00:00,18.0,96.0,50.0,Bay of Bengal,-0.17877,-0.30337,0.35212
2025-06-22T00:00:00+00:00,18.0,97.0,50.0,Bay of Bengal,-0.17593,-0.30242,0.34987
2025-06-22T00:00:00+00:00,18.0,98.0,50.0,Bay of Bengal,-0.1715,-0.30128,0.34668
2025-06-22T00:00:00+00:00,19.0,80.0,50.0,Bay of Bengal,-0.14612,-0.29221,0.32671
2025-06-22T00:00:00+00:00,19.0,81.0,50.0,Bay of Bengal,-0.14607,-0.29436,0.32861
2025-06-22T00:00:00+00:00,19.0,82.0,50.0,Bay of Bengal,-0.14816,-0.29633,0.33131
2025-06-22T00:00:00+00:00,19.0,83.0,50.0,Bay of Bengal,-0.15218,-0.29813,0.33472
2025-06-22T00:00:00+00:00,19.0,84.0,50.0,Bay of Bengal,-0.15768,-0.29973,0.33868
2025-06-22T00:00:00+00:00,19.0,85.0,50.0,Bay of Bengal,-0.16408,-0.30115,0.34294
2025-06-22T00:00:00+00:00,19.0,86.0,50.0,Bay of Bengal,-0.17066,-0.30237,0.34721
2025-06-22T00:00:00+00:00,19.0,87.0,50.0,Bay of Bengal,-0.17671,-0.3034,0.35111
2025-06-22T00:00:00+00:00,19.0,88.0,50.0,Bay of Bengal,-0.18158,-0.30423,0.35429
2025-06-22T00:00:00+00:00,19.0,89.0,50.0,Bay of Bengal,-0.18473,-0.30486,0.35646
2025-06-22T00:00:00+00:00,19.0,90.0,50.0,Bay of Bengal,-0.18582,-0.30529,0.35739
2025-06-22T00:00:00+00:00,19.0,91.0,50.0,Bay of Bengal,-0.18473,-0.30552,0.35702
2025-06-22T00:00:00+00:00,19.0,92.0,50.0,Bay of Bengal,-0.18158,-0.30555,0.35543
2025-06-22T00:00:00+00:00,19.0,93.0,50.0,Bay of Bengal,-0.17671,-0.30538,0.35282
2025-06-22T00:00:00+00:00,19.0,94.0,50.0,Bay of Bengal,-0.17066,-0.30501,0.34951
2025-06-22T00:00:00+00:00,19.0,95.0,50.0,Bay of Bengal,-0.16408,-0.30444,0.34584
2025-06-22T00:00:00+00:00,19.0,96.0,50.0,Bay of Bengal,-0.15768,-0.30369,0.34218
2025-06-22T00:00:00+00:00,19.0,97.0,50.0,Bay of Bengal,-0.15218,-0.30274,0.33883
2025-06-22T00:00:00+00:00,19.0,98.0,50.0,Bay of Bengal,-0.14816,-0.3016,0.33602
2025-06-22T00:00:00+00:00,20.0,80.0,50.0,Bay of Bengal,-0.16516,-0.29255,0.33595
2025-06-22T00:00:00+00:00,20.0,81.0,50.0,Bay of Bengal,-0.172,-0.2947,0.34122
2025-06-22T00:00:00+00:00,20.0,82.0,50.0,Bay of Bengal,-0.17884,-0.29668,0.34641
2025-06-22T00:00:00+00:00,20.0,83.0,50.0,Bay of Bengal,-0.18485,-0.29847,0.35107
2025-06-22T00:00:00+00:00,20.0,84.0,50.0,Bay of Bengal,-0.18932,-0.30007,0.3548
2025-06-22T00:00:00+00:00,20.0,85.0,50.0,Bay of Bengal,-0.19169,-0.30149,0.35727
2025-06-22T00:00:00+00:00,20.0,86.0,50.0,Bay of Bengal,-0.19169,-0.30271,0.3583
2025-06-22T00:00:00+00:00,20.0,87.0,50.0,Bay of Bengal,-0.18932,-0.30373,0.3579
2025-06-22T00:00:00+00:00,20.0,88.0,50.0,Bay of Bengal,-0.18485,-0.30456,0.35627
2025-06-22T00:00:00+00:00,20.0,89.0,50.0,Bay of Bengal,-0.17884,-0.30519,0.35373
2025-06-22T00:00:00+00:00,20.0,90.0,50.0,Bay of Bengal,-0.172,-0.30562,0.35069
2025-06-22T00:00:00+00:00,20.0,91.0,50.0,Bay of Bengal,-0.16516,-0.30584,0.34759
2025-06-22T00:00:00+00:00,20.0,92.0,50.0,Bay of Bengal,-0.15914,-0.30587,0.34479
2025-06-22T00:00:00+00:00,20.0,93.0,50.0,Bay of Bengal,-0.15468,-0.3057,0.3426
2025-06-22T00:00:00+00:00,20.0,94.0,50.0,Bay of Bengal,-0.1523,-0.30533,0.34121
2025-06-22T00:00:00+00:00,20.0,95.0,50.0,Bay of Bengal,-0.1523,-0.30476,0.3407
2025-06-22T00:00:00+00:00,20.0,96.0,50.0,Bay of Bengal,-0.15468,-0.304,0.34109
2025-06-22T00:00:00+00:00,20.0,97.0,50.0,Bay of Bengal,-0.15914,-0.30305,0.34229
2025-06-22T00:00:00+00:00,20.0,98.0,50.0,Bay of Bengal,-0.16516,-0.30191,0.34413
2025-06-22T00:00:00+00:00,21.0,80.0,50.0,Bay of Bengal,-0.19557,-0.29289,0.35219
2025-06-22T00:00:00+00:00,21.0,81.0,50.0,Bay of Bengal,-0.198,-0.29504,0.35533
2025-06-22T00:00:00+00:00,21.0,82.0,50.0,Bay of Bengal,-0.19781,-0.29702,0.35686
2025-06-22T00:00:00+00:00,21.0,83.0,50.0,Bay of Bengal,-0.19502,-0.29881,0.35682
2025-06-22T00:00:00+00:00,21.0,84.0,50.0,Bay of Bengal,-0.19001,-0.30041,0.35545
2025-06-22T00:00:00+00:00,21.0,85.0,50.0,Bay of Bengal,-0.18343,-0.30182,0.35319
2025-06-22T00:00:00+00:00,21.0,86.0,50.0,Bay of Bengal,-0.17616,-0.30304,0.35052
2025-06-22T00:00:00+00:00,21.0,87.0,50.0,Bay of Bengal,-0.16917,-0.30406,0.34796
2025-06-22T00:00:00+00:00,21.0,88.0,50.0,Bay of Bengal,-0.16339,-0.30489,0.34591
2025-06-22T00:00:00+00:00,21.0,89.0,50.0,Bay of Bengal,-0.15958,-0.30552,0.34468
2025-06-22T00:00:00+00:00,21.0,90.0,50.0,Bay of Bengal,-0.15825,-0.30594,0.34445
2025-06-22T00:00:00+00:00,21.0,91.0,50.0,Bay of Bengal,-0.15958,-0.30617,0.34526
2025-06-22T00:00:00+00:00,21.0,92.0,50.0,Bay of Bengal,-0.16339,-0.30619,0.34706
2025-06-22T00:00:00+00:00,21.0,93.0,50.0,Bay of Bengal,-0.16917,-0.30602,0.34967
2025-06-22T00:00:00+00:00,21.0,94.0,50.0,Bay of Bengal,-0.17616,-0.30565,0.35278
2025-06-22T00:00:00+00:00,21.0,95.0,50.0,Bay of Bengal,-0.18343,-0.30508,0.35597
2025-06-22T00:00:00+00:00,21.0,96.0,50.0,Bay of Bengal,-0.19001,-0.30431,0.35876
2025-06-22T00:00:00+00:00,21.0,97.0,50.0,Bay of Bengal,-0.19502,-0.30336,0.36064
2025-06-22T00:00:00+00:00,21.0,98.0,50.0,Bay of Bengal,-0.19781,-0.30221,0.3612
2025-06-22T00:00:00+00:00,22.0,80.0,50.0,Bay of Bengal,-0.19741,-0.29324,0.35349
2025-06-22T00:00:00+00:00,22.0,81.0,50.0,Bay of Bengal,-0.19073,-0.29538,0.35161
2025-06-22T00:00:00+00:00,22.0,82.0,50.0,Bay of Bengal,-0.18316,-0.29736,0.34924
2025-06-22T00:00:00+00:00,22.0,83.0,50.0,Bay of Bengal,-0.17578,-0.29914,0.34697
2025-06-22T00:00:00+00:00,22.0,84.0,50.0,Bay of Bengal,-0.16969,-0.30075,0.34531
2025-06-22T00:00:00+00:00,22.0,85.0,50.0,Bay of Bengal,-0.16576,-0.30216,0.34464
2025-06-22T00:00:00+00:00,22.0,86.0,50.0,Bay of Bengal,-0.16456,-0.30337,0.34513
2025-06-22T00:00:00+00:00,22.0,87.0,50.0,Bay of Bengal,-0.16628,-0.3044,0.34685
2025-06-22T00:00:00+00:00,22.0,88.0,50.0,Bay of Bengal,-0.17066,-0.30522,0.34969
2025-06-22T00:00:00+00:00,22.0,89.0,50.0,Bay of Bengal,-0.17706,-0.30584,0.3534
2025-06-22T00:00:00+00:00,22.0,90.0,50.0,Bay of Bengal,-0.18455,-0.30627,0.35757
2025-06-22T00:00:00+00:00,22.0,91.0,50.0,Bay of Bengal,-0.19204,-0.30649,0.36169
2025-06-22T00:00:00+00:00,22.0,92.0,50.0,Bay of Bengal,-0.19844,-0.30651,0.36514
2025-06-22T00:00:00+00:00,22.0,93.0,50.0,Bay of Bengal,-0.20282,-0.30634,0.36739
2025-06-22T00:00:00+00:00,22.0,94.0,50.0,Bay of Bengal,-0.20454,-0.30596,0.36803
2025-06-22T00:00:00+00:00,22.0,95.0,50.0,Bay of Bengal,-0.20335,-0.30539,0.36689
2025-06-22T00:00:00+00:00,22.0,96.0,50.0,Bay of Bengal,-0.19941,-0.30462,0.36409
2025-06-22T00:00:00+00:00,22.0,97.0,50.0,Bay of Bengal,-0.19332,-0.30366,0.35998
2025-06-22T00:00:00+00:00,22.0,98.0,50.0,Bay of Bengal,-0.18595,-0.30252,0.3551
2025-06-22T00:00:00+00:00,6.0,80.0,100.0,Bay of Bengal,-0.07773,-0.26017,0.27154
2025-06-22T00:00:00+00:00,6.0,81.0,100.0,Bay of Bengal,-0.07887,-0.26216,0.27376
2025-06-22T00:00:00+00:00,6.0,82.0,100.0,Bay of Bengal,-0.08019,-0.26398,0.27589
2025-06-22T00:00:00+00:00,6.0,83.0,100.0,Bay of Bengal,-0.08167,-0.26564,0.27791
2025-06-22T00:00:00+00:00,6.0,84.0,100.0,Bay of Bengal,-0.0833,-0.26714,0.27982
2025-06-22T00:00:00+00:00,6.0,85.0,100.0,Bay of Bengal,-0.08505,-0.26846,0.28161
2025-06-22T00:00:00+00:00,6.0,86.0,100.0,Bay of Bengal,-0.08692,-0.26961,0.28327
2025-06-22T00:00:00+00:00,6.0,87.0,100.0,Bay of Bengal,-0.08887,-0.27058,0.2848
2025-06-22T00:00:00+00:00,6.0,88.0,100.0,Bay of Bengal,-0.09089,-0.27138,0.2862
2025-06-22T00:00:00+00:00,6.0,89.0,100.0,Bay of Bengal,-0.09296,-0.272,0.28744
2025-06-22T00:00:00+00:00,6.0,90.0,100.0,Bay of Bengal,-0.09505,-0.27243,0.28854
2025-06-22T00:00:00+00:00,6.0,91.0,100.0,Bay of Bengal,-0.09714,-0.27269,0.28948
2025-06-22T00:00:00+00:00,6.0,92.0,100.0,Bay of Bengal,-0.09921,-0.27277,0.29025
2025-06-22T00:00:00+00:00,6.0,93.0,100.0,Bay of Bengal,-0.10123,-0.27267,0.29085
2025-06-22T00:00:00+00:00,6.0,94.0,100.0,Bay of Bengal,-0.10319,-0.27238,0.29127
2025-06-22T00:00:00+00:00,6.0,95.0,100.0,Bay of Bengal,-0.10505,-0.27193,0.29151
2025-06-22T00:00:00+00:00,6.0,96.0,100.0,Bay of Bengal,-0.10681,-0.2713,0.29156
2025-06-22T00:00:00+00:00,6.0,97.0,100.0,Bay of Bengal,-0.10843,-0.27049,0.29142
2025-06-22T00:00:00+00:00,6.0,98.0,100.0,Bay of Bengal,-0.10991,-0.26952,0.29107
2025-06-22T00:00:00+00:00,7.0,80.0,100.0,Bay of Bengal,-0.1044,-0.26052,0.28066
2025-06-22T00:00:00+00:00,7.0,81.0,100.0,Bay of Bengal,-0.10664,-0.26251,0.28334
2025-06-22T00:00:00+00:00,7.0,82.0,100.0,Bay of Bengal,-0.10874,-0.26433,0.28582
2025-06-22T00:00:00+00:00,7.0,83.0,100.0,Bay of Bengal,-0.11068,-0.26599,0.2881
2025-06-22T00:00:00+00:00,7.0,84.0,100.0,Bay of Bengal,-0.11242,-0.26749,0.29015
2025-06-22T00:00:00+00:00,7.0,85.0,100.0,Bay of Bengal,-0.11394,-0.26881,0.29196
2025-06-22T00:00:00+00:00,7.0,86.0,100.0,Bay of Bengal,-0.11522,-0.26996,0.29352
2025-06-22T00:00:00+00:00,7.0,87.0,100.0,Bay of Bengal,-0.11623,-0.27093,0.29481
2025-06-22T00:00:00+00:00,7.0,88.0,100.0,Bay of Bengal,-0.11696,-0.27173,0.29583
2025-06-22T00:00:00+00:00,7.0,89.0,100.0,Bay of Bengal,-0.11741,-0.27234,0.29657
2025-06-22T00:00:00+00:00,7.0,90.0,100.0,Bay of Bengal,-0.11756,-0.27278,0.29703
2025-06-22T00:00:00+00:00,7.0,91.0,100.0,Bay of Bengal,-0.11741,-0.27304,0.29721
2025-06-22T00:00:00+00:00,7.0,92.0,100.0,Bay of Bengal,-0.11696,-0.27311,0.2971
2025-06-22T00:00:00+00:00,7.0,93.0,100.0,Bay of Bengal,-0.11623,-0.27301,0.29672
2025-06-22T00:00:00+00:00,7.0,94.0,100.0,Bay of Bengal,-0.11522,-0.27273,0.29607
2025-06-22T00:00:00+00:00,7.0,95.0,100.0,Bay of Bengal,-0.11394,-0.27227,0.29515
2025-06-22T00:00:00+00:00,7.0,96.0,100.0,Bay of Bengal,-0.11242,-0.27164,0.29398
2025-06-22T00:00:00+00:00,7.0,97.0,100.0,Bay of Bengal,-0.11068,-0.27083,0.29257
2025-06-22T00:00:00+00:00,7.0,98.0,100.0,Bay of Bengal,-0.10874,-0.26986,0.29094
2025-06-22T00:00:00+00:00,8.0,80.0,100.0,Bay of Bengal,-0.12011,-0.26087,0.28719
2025-06-22T00:00:00+00:00,8.0,81.0,100.0,Bay of Bengal,-0.11943,-0.26286,0.28872
2025-06-22T00:00:00+00:00,8.0,82.0,100.0,Bay of Bengal,-0.11839,-0.26468,0.28995
2025-06-22T00:00:00+00:00,8.0,83.0,100.0,Bay of Bengal,-0.11699,-0.26634,0.29091
2025-06-22T00:00:00+00:00,8.0,84.0,100.0,Bay of Bengal,-0.11528,-0.26784,0.29159
2025-06-22T00:00:00+00:00,8.0,85.0,100.0,Bay of Bengal,-0.11327,-0.26916,0.29202
2025-06-22T00:00:00+00:00,8.0,86.0,100.0,Bay of Bengal,-0.11101,-0.27031,0.29222
2025-06-22T00:00:00+00:00,8.0,87.0,100.0,Bay of Bengal,-0.10855,-0.27128,0.29219
2025-06-22T00:00:00+00:00,8.0,88.0,100.0,Bay of Bengal,-0.10593,-0.27208,0.29197
2025-06-22T00:00:00+00:00,8.0,89.0,100.0,Bay of Bengal,-0.1032,-0.27269,0.29156
2025-06-22T00:00:00+00:00,8.0,90.0,100.0,Bay of Bengal,-0.10041,-0.27313,0.291
2025-06-22T00:00:00+00:00,8.0,91.0,100.0,Bay of Bengal,-0.09763,-0.27338,0.29029
2025-06-22T00:00:00+00:00,8.0,92.0,100.0,Bay of Bengal,-0.0949,-0.27346,0.28946
2025-06-22T00:00:00+00:00,8.0,93.0,100.0,Bay of Bengal,-0.09228,-0.27335,0.28851
2025-06-22T00:00:00+00:00,8.0,94.0,100.0,Bay of Bengal,-0.08982,-0.27307,0.28746
2025-06-22T00:00:00+00:00,8.0,95.0,100.0,Bay of Bengal,-0.08756,-0.27261,0.28633
2025-06-22T00:00:00+00:00,8.0,96.0,100.0,Bay of Bengal,-0.08555,-0.27198,0.28511
2025-06-22T00:00:00+00:00,8.0,97.0,100.0,Bay of Bengal,-0.08383,-0.27117,0.28383
2025-06-22T00:00:00+00:00,8.0,98.0,100.0,Bay of Bengal,-0.08244,-0.27019,0.28249
2025-06-22T00:00:00+00:00,9.0,80.0,100.0,Bay of Bengal,-0.10361,-0.26122,0.28102
2025-06-22T00:00:00+00:00,9.0,81.0,100.0,Bay of Bengal,-0.10048,-0.2632,0.28173
2025-06-22T00:00:00+00:00,9.0,82.0,100.0,Bay of Bengal,-0.09743,-0.26503,0.28237
2025-06-22T00:00:00+00:00,9.0,83.0,100.0,Bay of Bengal,-0.09453,-0.26669,0.28295
2025-06-22T00:00:00+00:00,9.0,84.0,100.0,Bay of Bengal,-0.09185,-0.26818,0.28348
2025-06-22T00:00:00+00:00,9.0,85.0,100.0,Bay of Bengal,-0.08947,-0.26951,0.28397
2025-06-22T00:00:00+00:00,9.0,86.0,100.0,Bay of Bengal,-0.08743,-0.27066,0.28443
2025-06-22T00:00:00+00:00,9.0,87.0,100.0,Bay of Bengal,-0.08579,-0.27163,0.28485
2025-06-22T00:00:00+00:00,9.0,88.0,100.0,Bay of Bengal,-0.08459,-0.27242,0.28525
2025-06-22T00:00:00+00:00,9.0,89.0,100.0,Bay of Bengal,-0.08386,-0.27304,0.28562
2025-06-22T00:00:00+00:00,9.0,90.0,100.0,Bay of Bengal,-0.08361,-0.27347,0.28597
2025-06-22T00:00:00+00:00,9.0,91.0,100.0,Bay of Bengal,-0.08386,-0.27373,0.28628
2025-06-22T00:00:00+00:00,9.0,92.0,100.0,Bay of Bengal,-0.08459,-0.2738,0.28657
2025-06-22T00:00:00+00:00,9.0,93.0,100.0,Bay of Bengal,-0.08579,-0.2737,0.28683
2025-06-22T00:00:00+00:00,9.0,94.0,100.0,Bay of Bengal,-0.08743,-0.27341,0.28705
2025-06-22T00:00:00+00:00,9.0,95.0,100.0,Bay of Bengal,-0.08947,-0.27295,0.28724
2025-06-22T00:00:00+00:00,9.0,96.0,100.0,Bay of Bengal,-0.09185,-0.27231,0.28739
2025-06-22T00:00:00+00:00,9.0,97.0,100.0,Bay of Bengal,-0.09453,-0.27151,0.28749
2025-06-22T00:00:00+00:00,9.0,98.0,100.0,Bay of Bengal,-0.09743,-0.27053,0.28754
2025-06-22T00:00:00+00:00,10.0,80.0,100.0,Bay of Bengal,-0.08743,-0.26157,0.27579
2025-06-22T00:00:00+00:00,10.0,81.0,100.0,Bay of Bengal,-0.08713,-0.26355,0.27758
2025-06-22T00:00:00+00:00,10.0,82.0,100.0,Bay of Bengal,-0.08743,-0.26538,0.27941
2025-06-22T00:00:00+00:00,10.0,83.0,100.0,Bay of Bengal,-0.08833,-0.26704,0.28127
2025-06-22T00:00:00+00:00,10.0,84.0,100.0,Bay of Bengal,-0.08981,-0.26853,0.28315
2025-06-22T00:00:00+00:00,10.0,85.0,100.0,Bay of Bengal,-0.09181,-0.26985,0.28504
2025-06-22T00:00:00+00:00,10.0,86.0,100.0,Bay of Bengal,-0.09427,-0.271,0.28693
2025-06-22T00:00:00+00:00,10.0,87.0,100.0,Bay of Bengal,-0.09713,-0.27197,0.2888
2025-06-22T00:00:00+00:00,10.0,88.0,100.0,Bay of Bengal,-0.10029,-0.27277,0.29062
2025-06-22T00:00:00+00:00,10.0,89.0,100.0,Bay of Bengal,-0.10365,-0.27338,0.29237
2025-06-22T00:00:00+00:00,10.0,90.0,100.0,Bay of Bengal,-0.10713,-0.27382,0.29403
2025-06-22T00:00:00+00:00,10.0,91.0,100.0,Bay of Bengal,-0.1106,-0.27407,0.29554
2025-06-22T00:00:00+00:00,10.0,92.0,100.0,Bay of Bengal,-0.11397,-0.27414,0.29689
2025-06-22T00:00:00+00:00,10.0,93.0,100.0,Bay of Bengal,-0.11713,-0.27404,0.29802
2025-06-22T00:00:00+00:00,10.0,94.0,100.0,Bay of Bengal,-0.11998,-0.27375,0.29889
2025-06-22T00:00:00+00:00,10.0,95.0,100.0,Bay of Bengal,-0.12245,-0.27329,0.29947
2025-06-22T00:00:00+00:00,10.0,96.0,100.0,Bay of Bengal,-0.12445,-0.27265,0.29971
2025-06-22T00:00:00+00:00,10.0,97.0,100.0,Bay of Bengal,-0.12592,-0.27184,0.29959
2025-06-22T00:00:00+00:00,10.0,98.0,100.0,Bay of Bengal,-0.12682,-0.27086,0.29908
2025-06-22T00:00:00+00:00,11.0,80.0,100.0,Bay of Bengal,-0.10411,-0.26192,0.28185
2025-06-22T00:00:00+00:00,11.0,81.0,100.0,Bay of Bengal,-0.10782,-0.2639,0.28508
2025-06-22T00:00:00+00:00,11.0,82.0,100.0,Bay of Bengal,-0.11165,-0.26573,0.28823
2025-06-22T00:00:00+00:00,11.0,83.0,100.0,Bay of Bengal,-0.11545,-0.26739,0.29125
2025-06-22T00:00:00+00:00,11.0,84.0,100.0,Bay of Bengal,-0.11909,-0.26888,0.29407
2025-06-22T00:00:00+00:00,11.0,85.0,100.0,Bay of Bengal,-0.12242,-0.2702,0.29664
2025-06-22T00:00:00+00:00,11.0,86.0,100.0,Bay of Bengal,-0.12534,-0.27135,0.2989
2025-06-22T00:00:00+00:00,11.0,87.0,100.0,Bay of Bengal,-0.12772,-0.27232,0.30079
2025-06-22T00:00:00+00:00,11.0,88.0,100.0,Bay of Bengal,-0.1295,-0.27311,0.30226
2025-06-22T00:00:00+00:00,11.0,89.0,100.0,Bay of Bengal,-0.13058,-0.27373,0.30328
2025-06-22T00:00:00+00:00,11.0,90.0,100.0,Bay of Bengal,-0.13095,-0.27416,0.30383
2025-06-22T00:00:00+00:00,11.0,91.0,100.0,Bay of Bengal,-0.13058,-0.27441,0.3039
2025-06-22T00:00:00+00:00,11.0,92.0,100.0,Bay of Bengal,-0.1295,-0.27448,0.3035
2025-06-22T00:00:00+00:00,11.0,93.0,100.0,Bay of Bengal,-0.12772,-0.27438,0.30265
2025-06-22T00:00:00+00:00,11.0,94.0,100.0,Bay of Bengal,-0.12534,-0.27409,0.30139
2025-06-22T00:00:00+00:00,11.0,95.0,100.0,Bay of Bengal,-0.12242,-0.27362,0.29976
2025-06-22T00:00:00+00:00,11.0,96.0,100.0,Bay of Bengal,-0.11909,-0.27298,0.29783
2025-06-22T00:00:00+00:00,11.0,97.0,100.0,Bay of Bengal,-0.11545,-0.27217,0.29565
2025-06-22T00:00:00+00:00,11.0,98.0,100.0,Bay of Bengal,-0.11165,-0.27119,0.29328
2025-06-22T00:00:00+00:00,12.0,80.0,100.0,Bay of Bengal,-0.13238,-0.26227,0.29378
2025-06-22T00:00:00+00:00,12.0,81.0,100.0,Bay of Bengal,-0.13408,-0.26425,0.29632
2025-06-22T00:00:00+00:00,12.0,82.0,100.0,Bay of Bengal,-0.13495,-0.26608,0.29834
2025-06-22T00:00:00+00:00,12.0,83.0,100.0,Bay of Bengal,-0.13495,-0.26774,0.29982
2025-06-22T00:00:00+00:00,12.0,84.0,100.0,Bay of Bengal,-0.13408,-0.26923,0.30077
2025-06-22T00:00:00+00:00,12.0,85.0,100.0,Bay of Bengal,-0.13238,-0.27055,0.3012
2025-06-22T00:00:00+00:00,12.0,86.0,100.0,Bay of Bengal,-0.12993,-0.2717,0.30116
2025-06-22T00:00:00+00:00,12.0,87.0,100.0,Bay of Bengal,-0.12682,-0.27267,0.30071
2025-06-22T00:00:00+00:00,12.0,88.0,100.0,Bay of Bengal,-0.1232,-0.27346,0.29993
2025-06-22T00:00:00+00:00,12.0,89.0,100.0,Bay of Bengal,-0.11922,-0.27407,0.29888
2025-06-22T00:00:00+00:00,12.0,90.0,100.0,Bay of Bengal,-0.11506,-0.2745,0.29764
2025-06-22T00:00:00+00:00,12.0,91.0,100.0,Bay of Bengal,-0.1109,-0.27475,0.29629
2025-06-22T00:00:00+00:00,12.0,92.0,100.0,Bay of Bengal,-0.10693,-0.27482,0.29489
2025-06-22T00:00:00+00:00,12.0,93.0,100.0,Bay of Bengal,-0.10331,-0.27471,0.2935
2025-06-22T00:00:00+00:00,12.0,94.0,100.0,Bay of Bengal,-0.1002,-0.27442,0.29215
2025-06-22T00:00:00+00:00,12.0,95.0,100.0,Bay of Bengal,-0.09774,-0.27396,0.29087
2025-06-22T00:00:00+00:00,12.0,96.0,100.0,Bay of Bengal,-0.09604,-0.27332,0.2897
2025-06-22T00:00:00+00:00,12.0,97.0,100.0,Bay of Bengal,-0.09517,-0.2725,0.28865
2025-06-22T00:00:00+00:00,12.0,98.0,100.0,Bay of Bengal,-0.09517,-0.27152,0.28772
2025-06-22T00:00:00+00:00,13.0,80.0,100.0,Bay of Bengal,-0.1323,-0.26261,0.29406
2025-06-22T00:00:00+00:00,13.0,81.0,100.0,Bay of Bengal,-0.12852,-0.2646,0.29416
2025-06-22T00:00:00+00:00,13.0,82.0,100.0,Bay of Bengal,-0.12428,-0.26642,0.29398
2025-06-22T00:00:00+00:00,13.0,83.0,100.0,Bay of Bengal,-0.11979,-0.26808,0.29363
2025-06-22T00:00:00+00:00,13.0,84.0,100.0,Bay of Bengal,-0.11528,-0.26957,0.29319
2025-06-22T00:00:00+00:00,13.0,85.0,100.0,Bay of Bengal,-0.11099,-0.27089,0.29275
2025-06-22T00:00:00+00:00,13.0,86.0,100.0,Bay of Bengal,-0.10713,-0.27204,0.29237
2025-06-22T00:00:00+00:00,13.0,87.0,100.0,Bay of Bengal,-0.1039,-0.27301,0.29211
2025-06-22T00:00:00+00:00,13.0,88.0,100.0,Bay of Bengal,-0.10146,-0.2738,0.292
2025-06-22T00:00:00+00:00,13.0,89.0,100.0,Bay of Bengal,-0.09995,-0.27441,0.29205
2025-06-22T00:00:00+00:00,13.0,90.0,100.0,Bay of Bengal,-0.09944,-0.27484,0.29228
2025-06-22T00:00:00+00:00,13.0,91.0,100.0,Bay of Bengal,-0.09995,-0.27509,0.29269
2025-06-22T00:00:00+00:00,13.0,92.0,100.0,Bay of Bengal,-0.10146,-0.27516,0.29327
2025-06-22T00:00:00+00:00,13.0,93.0,100.0,Bay of Bengal,-0.1039,-0.27505,0.29402
2025-06-22T00:00:00+00:00,13.0,94.0,100.0,Bay of Bengal,-0.10713,-0.27476,0.2949
2025-06-22T00:00:00+00:00,13.0,95.0,100.0,Bay of Bengal,-0.11099,-0.27429,0.2959
2025-06-22T00:00:00+00:00,13.0,96.0,100.0,Bay of Bengal,-0.11528,-0.27365,0.29694
2025-06-22T00:00:00+00:00,13.0,97.0,100.0,Bay of Bengal,-0.11979,-0.27283,0.29797
2025-06-22T00:00:00+00:00,13.0,98.0,100.0,Bay of Bengal,-0.12428,-0.27185,0.29891
2025-06-22T00:00:00+00:00,14.0,80.0,100.0,Bay of Bengal,-0.11121,-0.26296,0.28551
2025-06-22T00:00:00+00:00,14.0,81.0,100.0,Bay of Bengal,-0.10788,-0.26495,0.28607
2025-06-22T00:00:00+00:00,14.0,82.0,100.0,Bay of Bengal,-0.10552,-0.26677,0.28688
2025-06-22T00:00:00+00:00,14.0,83.0,100.0,Bay of Bengal,-0.10426,-0.26843,0.28797
2025-06-22T00:00:00+00:00,14.0,84.0,100.0,Bay of Bengal,-0.10417,-0.26992,0.28933
2025-06-22T00:00:00+00:00,14.0,85.0,100.0,Bay of Bengal,-0.10527,-0.27124,0.29095
2025-06-22T00:00:00+00:00,14.0,86.0,100.0,Bay of Bengal,-0.10748,-0.27238,0.29282
2025-06-22T00:00:00+00:00,14.0,87.0,100.0,Bay of Bengal,-0.11068,-0.27335,0.29491
2025-06-22T00:00:00+00:00,14.0,88.0,100.0,Bay of Bengal,-0.11467,-0.27414,0.29716
2025-06-22T00:00:00+00:00,14.0,89.0,100.0,Bay of Bengal,-0.11922,-0.27475,0.29951
2025-06-22T00:00:00+00:00,14.0,90.0,100.0,Bay of Bengal,-0.12406,-0.27518,0.30186
2025-06-22T00:00:00+00:00,14.0,91.0,100.0,Bay of Bengal,-0.1289,-0.27543,0.3041
2025-06-22T00:00:00+00:00,14.0,92.0,100.0,Bay of Bengal,-0.13345,-0.2755,0.30612
2025-06-22T00:00:00+00:00,14.0,93.0,100.0,Bay of Bengal,-0.13745,-0.27538,0.30778
2025-06-22T00:00:00+00:00,14.0,94.0,100.0,Bay of Bengal,-0.14064,-0.27509,0.30896
2025-06-22T00:00:00+00:00,14.0,95.0,100.0,Bay of Bengal,-0.14286,-0.27462,0.30956
2025-06-22T00:00:00+00:00,14.0,96.0,100.0,Bay of Bengal,-0.14395,-0.27398,0.30949
2025-06-22T00:00:00+00:00,14.0,97.0,100.0,Bay of Bengal,-0.14387,-0.27316,0.30873
2025-06-22T00:00:00+00:00,14.0,98.0,100.0,Bay of Bengal,-0.14261,-0.27217,0.30727
2025-06-22T00:00:00+00:00,15.0,80.0,100.0,Bay of Bengal,-0.11159,-0.26331,0.28598
2025-06-22T00:00:00+00:00,15.0,81.0,100.0,Bay of Bengal,-0.11477,-0.26529,0.28906
2025-06-22T00:00:00+00:00,15.0,82.0,100.0,Bay of Bengal,-0.11891,-0.26712,0.29239
2025-06-22T00:00:00+00:00,15.0,83.0,100.0,Bay of Bengal,-0.12373,-0.26878,0.29589
2025-06-22T00:00:00+00:00,15.0,84.0,100.0,Bay of Bengal,-0.12891,-0.27027,0.29944
2025-06-22T00:00:00+00:00,15.0,85.0,100.0,Bay of Bengal,-0.13409,-0.27158,0.30288
2025-06-22T00:00:00+00:00,15.0,86.0,100.0,Bay of Bengal,-0.13891,-0.27273,0.30607
2025-06-22T00:00:00+00:00,15.0,87.0,100.0,Bay of Bengal,-0.14305,-0.2737,0.30882
2025-06-22T00:00:00+00:00,15.0,88.0,100.0,Bay of Bengal,-0.14623,-0.27448,0.31101
2025-06-22T00:00:00+00:00,15.0,89.0,100.0,Bay of Bengal,-0.14823,-0.27509,0.31249
2025-06-22T00:00:00+00:00,15.0,90.0,100.0,Bay of Bengal,-0.14891,-0.27552,0.31319
2025-06-22T00:00:00+00:00,15.0,91.0,100.0,Bay of Bengal,-0.14823,-0.27577,0.31308
2025-06-22T00:00:00+00:00,15.0,92.0,100.0,Bay of Bengal,-0.14623,-0.27583,0.3122
2025-06-22T00:00:00+00:00,15.0,93.0,100.0,Bay of Bengal,-0.14305,-0.27572,0.31062
2025-06-22T00:00:00+00:00,15.0,94.0,100.0,Bay of Bengal,-0.13891,-0.27542,0.30847
2025-06-22T00:00:00+00:00,15.0,95.0,100.0,Bay of Bengal,-0.13409,-0.27495,0.3059
2025-06-22T00:00:00+00:00,15.0,96.0,100.0,Bay of Bengal,-0.12891,-0.2743,0.30309
2025-06-22T00:00:00+00:00,15.0,97.0,100.0,Bay of Bengal,-0.12373,-0.27349,0.30017
2025-06-22T00:00:00+00:00,15.0,98.0,100.0,Bay of Bengal,-0.11891,-0.2725,0.29731
2025-06-22T00:00:00+00:00,16.0,80.0,100.0,Bay of Bengal,-0.1408,-0.26366,0.2989
2025-06-22T00:00:00+00:00,16.0,81.0,100.0,Bay of Bengal,-0.14571,-0.26564,0.30298
2025-06-22T00:00:00+00:00,16.0,82.0,100.0,Bay of Bengal,-0.14972,-0.26746,0.30652
2025-06-22T00:00:00+00:00,16.0,83.0,100.0,Bay of Bengal,-0.1525,-0.26912,0.30933
2025-06-22T00:00:00+00:00,16.0,84.0,100.0,Bay of Bengal,-0.15385,-0.27061,0.31129
2025-06-22T00:00:00+00:00,16.0,85.0,100.0,Bay of Bengal,-0.15365,-0.27193,0.31234
2025-06-22T00:00:00+00:00,16.0,86.0,100.0,Bay of Bengal,-0.15193,-0.27307,0.31249
2025-06-22T00:00:00+00:00,16.0,87.0,100.0,Bay of Bengal,-0.14882,-0.27404,0.31184
2025-06-22T00:00:00+00:00,16.0,88.0,100.0,Bay of Bengal,-0.14455,-0.27482,0.31052
2025-06-22T00:00:00+00:00,16.0,89.0,100.0,Bay of Bengal,-0.13947,-0.27543,0.30873
2025-06-22T00:00:00+00:00,16.0,90.0,100.0,Bay of Bengal,-0.13396,-0.27586,0.30666
2025-06-22T00:00:00+00:00,16.0,91.0,100.0,Bay of Bengal,-0.12844,-0.2761,0.30451
2025-06-22T00:00:00+00:00,16.0,92.0,100.0,Bay of Bengal,-0.12336,-0.27616,0.30246
2025-06-22T00:00:00+00:00,16.0,93.0,100.0,Bay of Bengal,-0.11909,-0.27605,0.30064
2025-06-22T00:00:00+00:00,16.0,94.0,100.0,Bay of Bengal,-0.11598,-0.27575,0.29915
2025-06-22T00:00:00+00:00,16.0,95.0,100.0,Bay of Bengal,-0.11426,-0.27528,0.29805
2025-06-22T00:00:00+00:00,16.0,96.0,100.0,Bay of Bengal,-0.11406,-0.27463,0.29738
2025-06-22T00:00:00+00:00,16.0,97.0,100.0,Bay of Bengal,-0.11541,-0.27381,0.29714
2025-06-22T00:00:00+00:00,16.0,98.0,100.0,Bay of Bengal,-0.1182,-0.27282,0.29732
2025-06-22T00:00:00+00:00,17.0,80.0,100.0,Bay of Bengal,-0.15887,-0.26401,0.30812
2025-06-22T00:00:00+00:00,17.0,81.0,100.0,Bay of Bengal,-0.157,-0.26599,0.30886
2025-06-22T00:00:00+00:00,17.0,82.0,100.0,Bay of Bengal,-0.15356,-0.26781,0.30871
2025-06-22T00:00:00+00:00,17.0,83.0,100.0,Bay of Bengal,-0.14887,-0.26947,0.30786
2025-06-22T00:00:00+00:00,17.0,84.0,100.0,Bay of Bengal,-0.14333,-0.27095,0.30653
2025-06-22T00:00:00+00:00,17.0,85.0,100.0,Bay of Bengal,-0.13743,-0.27227,0.30499
2025-06-22T00:00:00+00:00,17.0,86.0,100.0,Bay of Bengal,-0.13168,-0.27341,0.30347
2025-06-22T00:00:00+00:00,17.0,87.0,100.0,Bay of Bengal,-0.12659,-0.27438,0.30217
2025-06-22T00:00:00+00:00,17.0,88.0,100.0,Bay of Bengal,-0.1226,-0.27516,0.30124
2025-06-22T00:00:00+00:00,17.0,89.0,100.0,Bay of Bengal,-0.12005,-0.27577,0.30076
2025-06-22T00:00:00+00:00,17.0,90.0,100.0,Bay of Bengal,-0.11918,-0.27619,0.30081
2025-06-22T00:00:00+00:00,17.0,91.0,100.0,Bay of Bengal,-0.12005,-0.27643,0.30138
2025-06-22T00:00:00+00:00,17.0,92.0,100.0,Bay of Bengal,-0.1226,-0.2765,0.30246
2025-06-22T00:00:00+00:00,17.0,93.0,100.0,Bay of Bengal,-0.12659,-0.27638,0.30399
2025-06-22T00:00:00+00:00,17.0,94.0,100.0,Bay of Bengal,-0.13168,-0.27608,0.30588
2025-06-22T00:00:00+00:00,17.0,95.0,100.0,Bay of Bengal,-0.13743,-0.2756,0.30797
2025-06-22T00:00:00+00:00,17.0,96.0,100.0,Bay of Bengal,-0.14333,-0.27495,0.31007
2025-06-22T00:00:00+00:00,17.0,97.0,100.0,Bay of Bengal,-0.14887,-0.27413,0.31194
2025-06-22T00:00:00+00:00,17.0,98.0,100.0,Bay of Bengal,-0.15356,-0.27313,0.31334
2025-06-22T00:00:00+00:00,18.0,80.0,100.0,Bay of Bengal,-0.14455,-0.26435,0.30129
2025-06-22T00:00:00+00:00,18.0,81.0,100.0,Bay of Bengal,-0.13837,-0.26633,0.30013
2025-06-22T00:00:00+00:00,18.0,82.0,100.0,Bay of Bengal,-0.13279,-0.26815,0.29923
2025-06-22T00:00:00+00:00,18.0,83.0,100.0,Bay of Bengal,-0.12837,-0.26981,0.29879
2025-06-22T00:00:00+00:00,18.0,84.0,100.0,Bay of Bengal,-0.12552,-0.2713,0.29893
2025-06-22T00:00:00+00:00,18.0,85.0,100.0,Bay of Bengal,-0.12455,-0.27261,0.29971
2025-06-22T00:00:00+00:00,18.0,86.0,100.0,Bay of Bengal,-0.12552,-0.27375,0.30116
2025-06-22T00:00:00+00:00,18.0,87.0,100.0,Bay of Bengal,-0.12837,-0.27471,0.30322
2025-06-22T00:00:00+00:00,18.0,88.0,100.0,Bay of Bengal,-0.13279,-0.2755,0.30583
2025-06-22T00:00:00+00:00,18.0,89.0,100.0,Bay of Bengal,-0.13837,-0.2761,0.30883
2025-06-22T00:00:00+00:00,18.0,90.0,100.0,Bay of Bengal,-0.14455,-0.27652,0.31202
2025-06-22T00:00:00+00:00,18.0,91.0,100.0,Bay of Bengal,-0.15073,-0.27676,0.31515
2025-06-22T00:00:00+00:00,18.0,92.0,100.0,Bay of Bengal,-0.1563,-0.27682,0.3179
2025-06-22T00:00:00+00:00,18.0,93.0,100.0,Bay of Bengal,-0.16073,-0.2767,0.32
2025-06-22T00:00:00+00:00,18.0,94.0,100.0,Bay of Bengal,-0.16357,-0.2764,0.32118
2025-06-22T00:00:00+00:00,18.0,95.0,100.0,Bay of Bengal,-0.16455,-0.27593,0.32126
2025-06-22T00:00:00+00:00,18.0,96.0,100.0,Bay of Bengal,-0.16357,-0.27527,0.3202
2025-06-22T00:00:00+00:00,18.0,97.0,100.0,Bay of Bengal,-0.16073,-0.27445,0.31805
2025-06-22T00:00:00+00:00,18.0,98.0,100.0,Bay of Bengal,-0.1563,-0.27345,0.31497
2025-06-22T00:00:00+00:00,19.0,80.0,100.0,Bay of Bengal,-0.13034,-0.2647,0.29505
2025-06-22T00:00:00+00:00,19.0,81.0,100.0,Bay of Bengal,-0.13029,-0.26668,0.2968
2025-06-22T00:00:00+00:00,19.0,82.0,100.0,Bay of Bengal,-0.13238,-0.2685,0.29936
2025-06-22T00:00:00+00:00,19.0,83.0,100.0,Bay of Bengal,-0.1364,-0.27015,0.30263
2025-06-22T00:00:00+00:00,19.0,84.0,100.0,Bay of Bengal,-0.1419,-0.27164,0.30647
2025-06-22T00:00:00+00:00,19.0,85.0,100.0,Bay of Bengal,-0.1483,-0.27295,0.31063
2025-06-22T00:00:00+00:00,19.0,86.0,100.0,Bay of Bengal,-0.15488,-0.27409,0.31482
2025-06-22T00:00:00+00:00,19.0,87.0,100.0,Bay of Bengal,-0.16093,-0.27505,0.31867
2025-06-22T00:00:00+00:00,19.0,88.0,100.0,Bay of Bengal,-0.1658,-0.27583,0.32183
2025-06-22T00:00:00+00:00,19.0,89.0,100.0,Bay of Bengal,-0.16895,-0.27643,0.32397
2025-06-22T00:00:00+00:00,19.0,90.0,100.0,Bay of Bengal,-0.17004,-0.27685,0.3249
2025-06-22T00:00:00+00:00,19.0,91.0,100.0,Bay of Bengal,-0.16895,-0.27709,0.32454
2025-06-22T00:00:00+00:00,19.0,92.0,100.0,Bay of Bengal,-0.1658,-0.27715,0.32296
2025-06-22T00:00:00+00:00,19.0,93.0,100.0,Bay of Bengal,-0.16093,-0.27703,0.32038
2025-06-22T00:00:00+00:00,19.0,94.0,100.0,Bay of Bengal,-0.15488,-0.27673,0.31712
2025-06-22T00:00:00+00:00,19.0,95.0,100.0,Bay of Bengal,-0.1483,-0.27625,0.31353
2025-06-22T00:00:00+00:00,19.0,96.0,100.0,Bay of Bengal,-0.1419,-0.27559,0.30998
2025-06-22T00:00:00+00:00,19.0,97.0,100.0,Bay of Bengal,-0.1364,-0.27476,0.30675
2025-06-22T00:00:00+00:00,19.0,98.0,100.0,Bay of Bengal,-0.13238,-0.27376,0.30409
2025-06-22T00:00:00+00:00,20.0,80.0,100.0,Bay of Bengal,-0.14879,-0.26504,0.30395
2025-06-22T00:00:00+00:00,20.0,81.0,100.0,Bay of Bengal,-0.15563,-0.26702,0.30906
2025-06-22T00:00:00+00:00,20.0,82.0,100.0,Bay of Bengal,-0.16247,-0.26884,0.31412
2025-06-22T00:00:00+00:00,20.0,83.0,100.0,Bay of Bengal,-0.16848,-0.27049,0.31867
2025-06-22T00:00:00+00:00,20.0,84.0,100.0,Bay of Bengal,-0.17295,-0.27198,0.32231
2025-06-22T00:00:00+00:00,20.0,85.0,100.0,Bay of Bengal,-0.17533,-0.27329,0.32469
2025-06-22T00:00:00+00:00,20.0,86.0,100.0,Bay of Bengal,-0.17533,-0.27442,0.32565
2025-06-22T00:00:00+00:00,20.0,87.0,100.0,Bay of Bengal,-0.17295,-0.27538,0.32519
2025-06-22T00:00:00+00:00,20.0,88.0,100.0,Bay of Bengal,-0.16848,-0.27616,0.3235
2025-06-22T00:00:00+00:00,20.0,89.0,100.0,Bay of Bengal,-0.16247,-0.27676,0.32093
2025-06-22T00:00:00+00:00,20.0,90.0,100.0,Bay of Bengal,-0.15563,-0.27718,0.31789
2025-06-22T00:00:00+00:00,20.0,91.0,100.0,Bay of Bengal,-0.14879,-0.27742,0.3148
2025-06-22T00:00:00+00:00,20.0,92.0,100.0,Bay of Bengal,-0.14277,-0.27748,0.31205
2025-06-22T00:00:00+00:00,20.0,93.0,100.0,Bay of Bengal,-0.13831,-0.27735,0.30992
2025-06-22T00:00:00+00:00,20.0,94.0,100.0,Bay of Bengal,-0.13593,-0.27705,0.3086
2025-06-22T00:00:00+00:00,20.0,95.0,100.0,Bay of Bengal,-0.13593,-0.27656,0.30816
2025-06-22T00:00:00+00:00,20.0,96.0,100.0,Bay of Bengal,-0.13831,-0.2759,0.30863
2025-06-22T00:00:00+00:00,20.0,97.0,100.0,Bay of Bengal,-0.14277,-0.27507,0.30992
2025-06-22T00:00:00+00:00,20.0,98.0,100.0,Bay of Bengal,-0.14879,-0.27407,0.31185
2025-06-22T00:00:00+00:00,21.0,80.0,100.0,Bay of Bengal,-0.17861,-0.26538,0.31989
2025-06-22T00:00:00+00:00,21.0,81.0,100.0,Bay of Bengal,-0.18104,-0.26736,0.32289
2025-06-22T00:00:00+00:00,21.0,82.0,100.0,Bay of Bengal,-0.18085,-0.26918,0.32429
2025-06-22T00:00:00+00:00,21.0,83.0,100.0,Bay of Bengal,-0.17806,-0.27083,0.32412
2025-06-22T00:00:00+00:00,21.0,84.0,100.0,Bay of Bengal,-0.17304,-0.27231,0.32264
2025-06-22T00:00:00+00:00,21.0,85.0,100.0,Bay of Bengal,-0.16646,-0.27362,0.32028
2025-06-22T00:00:00+00:00,21.0,86.0,100.0,Bay of Bengal,-0.1592,-0.27476,0.31755
2025-06-22T00:00:00+00:00,21.0,87.0,100.0,Bay of Bengal,-0.15221,-0.27572,0.31494
2025-06-22T00:00:00+00:00,21.0,88.0,100.0,Bay of Bengal,-0.14643,-0.2765,0.31287
2025-06-22T00:00:00+00:00,21.0,89.0,100.0,Bay of Bengal,-0.14262,-0.27709,0.31164
2025-06-22T00:00:00+00:00,21.0,90.0,100.0,Bay of Bengal,-0.14129,-0.27751,0.31141
2025-06-22T00:00:00+00:00,21.0,91.0,100.0,Bay of Bengal,-0.14262,-0.27775,0.31222
2025-06-22T00:00:00+00:00,21.0,92.0,100.0,Bay of Bengal,-0.14643,-0.2778,0.31403
2025-06-22T00:00:00+00:00,21.0,93.0,100.0,Bay of Bengal,-0.15221,-0.27767,0.31665
2025-06-22T00:00:00+00:00,21.0,94.0,100.0,Bay of Bengal,-0.1592,-0.27736,0.3198
2025-06-22T00:00:00+00:00,21.0,95.0,100.0,Bay of Bengal,-0.16646,-0.27688,0.32307
2025-06-22T00:00:00+00:00,21.0,96.0,100.0,Bay of Bengal,-0.17304,-0.27622,0.32595
2025-06-22T00:00:00+00:00,21.0,97.0,100.0,Bay of Bengal,-0.17806,-0.27538,0.32793
2025-06-22T00:00:00+00:00,21.0,98.0,100.0,Bay of Bengal,-0.18085,-0.27438,0.32862
2025-06-22T00:00:00+00:00,22.0,80.0,100.0,Bay of Bengal,-0.17984,-0.26573,0.32087
2025-06-22T00:00:00+00:00,22.0,81.0,100.0,Bay of Bengal,-0.17317,-0.2677,0.31883
2025-06-22T00:00:00+00:00,22.0,82.0,100.0,Bay of Bengal,-0.16559,-0.26952,0.31633
2025-06-22T00:00:00+00:00,22.0,83.0,100.0,Bay of Bengal,-0.15822,-0.27117,0.31395
2025-06-22T00:00:00+00:00,22.0,84.0,100.0,Bay of Bengal,-0.15213,-0.27265,0.31222
2025-06-22T00:00:00+00:00,22.0,85.0,100.0,Bay of Bengal,-0.14819,-0.27396,0.31147
2025-06-22T00:00:00+00:00,22.0,86.0,100.0,Bay of Bengal,-0.147,-0.27509,0.31191
2025-06-22T00:00:00+00:00,22.0,87.0,100.0,Bay of Bengal,-0.14872,-0.27605,0.31356
2025-06-22T00:00:00+00:00,22.0,88.0,100.0,Bay of Bengal,-0.1531,-0.27682,0.31634
2025-06-22T00:00:00+00:00,22.0,89.0,100.0,Bay of Bengal,-0.1595,-0.27742,0.32
2025-06-22T00:00:00+00:00,22.0,90.0,100.0,Bay of Bengal,-0.16699,-0.27784,0.32416
2025-06-22T00:00:00+00:00,22.0,91.0,100.0,Bay of Bengal,-0.17448,-0.27807,0.32828
2025-06-22T00:00:00+00:00,22.0,92.0,100.0,Bay of Bengal,-0.18088,-0.27812,0.33177
2025-06-22T00:00:00+00:00,22.0,93.0,100.0,Bay of Bengal,-0.18526,-0.27799,0.33406
2025-06-22T00:00:00+00:00,22.0,94.0,100.0,Bay of Bengal,-0.18698,-0.27768,0.33476
2025-06-22T00:00:00+00:00,22.0,95.0,100.0,Bay of Bengal,-0.18578,-0.27719,0.33369
2025-06-22T00:00:00+00:00,22.0,96.0,100.0,Bay of Bengal,-0.18185,-0.27653,0.33096
2025-06-22T00:00:00+00:00,22.0,97.0,100.0,Bay of Bengal,-0.17576,-0.27569,0.32695
2025-06-22T00:00:00+00:00,22.0,98.0,100.0,Bay of Bengal,-0.16838,-0.27468,0.32218
2025-06-25T00:00:00+00:00,6.0,80.0,0.0,Bay of Bengal,-0.11304,-0.32424,0.34338
2025-06-25T00:00:00+00:00,6.0,81.0,0.0,Bay of Bengal,-0.11418,-0.32658,0.34597
2025-06-25T00:00:00+00:00,6.0,82.0,0.0,Bay of Bengal,-0.1155,-0.32873,0.34843
2025-06-25T00:00:00+00:00,6.0,83.0,0.0,Bay of Bengal,-0.11698,-0.33069,0.35077
2025-06-25T00:00:00+00:00,6.0,84.0,0.0,Bay of Bengal,-0.11861,-0.33243,0.35296
2025-06-25T00:00:00+00:00,6.0,85.0,0.0,Bay of Bengal,-0.12036,-0.33397,0.355
2025-06-25T00:00:00+00:00,6.0,86.0,0.0,Bay of Bengal,-0.12223,-0.3353,0.35688
2025-06-25T00:00:00+00:00,6.0,87.0,0.0,Bay of Bengal,-0.12418,-0.33641,0.3586
2025-06-25T00:00:00+00:00,6.0,88.0,0.0,Bay of Bengal,-0.1262,-0.33731,0.36014
2025-06-25T00:00:00+00:00,6.0,89.0,0.0,Bay of Bengal,-0.12827,-0.33798,0.3615
2025-06-25T00:00:00+00:00,6.0,90.0,0.0,Bay of Bengal,-0.13036,-0.33844,0.36268
2025-06-25T00:00:00+00:00,6.0,91.0,0.0,Bay of Bengal,-0.13245,-0.33868,0.36366
2025-06-25T00:00:00+00:00,6.0,92.0,0.0,Bay of Bengal,-0.13452,-0.33869,0.36443
2025-06-25T00:00:00+00:00,6.0,93.0,0.0,Bay of Bengal,-0.13654,-0.33849,0.36499
2025-06-25T00:00:00+00:00,6.0,94.0,0.0,Bay of Bengal,-0.1385,-0.33807,0.36534
2025-06-25T00:00:00+00:00,6.0,95.0,0.0,Bay of Bengal,-0.14036,-0.33744,0.36547
2025-06-25T00:00:00+00:00,6.0,96.0,0.0,Bay of Bengal,-0.14212,-0.33659,0.36536
2025-06-25T00:00:00+00:00,6.0,97.0,0.0,Bay of Bengal,-0.14374,-0.33553,0.36503
2025-06-25T00:00:00+00:00,6.0,98.0,0.0,Bay of Bengal,-0.14522,-0.33427,0.36445
2025-06-25T00:00:00+00:00,7.0,80.0,0.0,Bay of Bengal,-0.14026,-0.32458,0.35359
2025-06-25T00:00:00+00:00,7.0,81.0,0.0,Bay of Bengal,-0.1425,-0.32693,0.35664
2025-06-25T00:00:00+00:00,7.0,82.0,0.0,Bay of Bengal,-0.1446,-0.32908,0.35945
2025-06-25T00:00:00+00:00,7.0,83.0,0.0,Bay of Bengal,-0.14654,-0.33104,0.36202
2025-06-25T00:00:00+00:00,7.0,84.0,0.0,Bay of Bengal,-0.14828,-0.33278,0.36432
2025-06-25T00:00:00+00:00,7.0,85.0,0.0,Bay of Bengal,-0.1498,-0.33432,0.36635
2025-06-25T00:00:00+00:00,7.0,86.0,0.0,Bay of Bengal,-0.15108,-0.33565,0.36808
2025-06-25T00:00:00+00:00,7.0,87.0,0.0,Bay of Bengal,-0.15209,-0.33676,0.36951
2025-06-25T00:00:00+00:00,7.0,88.0,0.0,Bay of Bengal,-0.15283,-0.33765,0.37063
2025-06-25T00:00:00+00:00,7.0,89.0,0.0,Bay of Bengal,-0.15327,-0.33833,0.37143
2025-06-25T00:00:00+00:00,7.0,90.0,0.0,Bay of Bengal,-0.15342,-0.33879,0.37191
2025-06-25T00:00:00+00:00,7.0,91.0,0.0,Bay of Bengal,-0.15327,-0.33902,0.37206
2025-06-25T00:00:00+00:00,7.0,92.0,0.0,Bay of Bengal,-0.15283,-0.33904,0.37189
2025-06-25T00:00:00+00:00,7.0,93.0,0.0,Bay of Bengal,-0.15209,-0.33884,0.37141
2025-06-25T00:00:00+00:00,7.0,94.0,0.0,Bay of Bengal,-0.15108,-0.33842,0.37061
2025-06-25T00:00:00+00:00,7.0,95.0,0.0,Bay of Bengal,-0.1498,-0.33778,0.36951
2025-06-25T00:00:00+00:00,7.0,96.0,0.0,Bay of Bengal,-0.14828,-0.33693,0.36812
2025-06-25T00:00:00+00:00,7.0,97.0,0.0,Bay of Bengal,-0.14654,-0.33587,0.36645
2025-06-25T00:00:00+00:00,7.0,98.0,0.0,Bay of Bengal,-0.1446,-0.33461,0.36452
2025-06-25T00:00:00+00:00,8.0,80.0,0.0,Bay of Bengal,-0.15661,-0.32493,0.3607
2025-06-25T00:00:00+00:00,8.0,81.0,0.0,Bay of Bengal,-0.15593,-0.32728,0.36253
2025-06-25T00:00:00+00:00,8.0,82.0,0.0,Bay of Bengal,-0.15489,-0.32943,0.36403
2025-06-25T00:00:00+00:00,8.0,83.0,0.0,Bay of Bengal,-0.15349,-0.33138,0.36521
2025-06-25T00:00:00+00:00,8.0,84.0,0.0,Bay of Bengal,-0.15177,-0.33313,0.36608
2025-06-25T00:00:00+00:00,8.0,85.0,0.0,Bay of Bengal,-0.14977,-0.33467,0.36665
2025-06-25T00:00:00+00:00,8.0,86.0,0.0,Bay of Bengal,-0.14751,-0.336,0.36695
2025-06-25T00:00:00+00:00,8.0,87.0,0.0,Bay of Bengal,-0.14505,-0.33711,0.36699
2025-06-25T00:00:00+00:00,8.0,88.0,0.0,Bay of Bengal,-0.14242,-0.338,0.36678
2025-06-25T00:00:00+00:00,8.0,89.0,0.0,Bay of Bengal,-0.13969,-0.33868,0.36636
2025-06-25T00:00:00+00:00,8.0,90.0,0.0,Bay of Bengal,-0.13691,-0.33913,0.36573
2025-06-25T00:00:00+00:00,8.0,91.0,0.0,Bay of Bengal,-0.13413,-0.33937,0.36491
2025-06-25T00:00:00+00:00,8.0,92.0,0.0,Bay of Bengal,-0.1314,-0.33938,0.36393
2025-06-25T00:00:00+00:00,8.0,93.0,0.0,Bay of Bengal,-0.12878,-0.33918,0.3628
2025-06-25T00:00:00+00:00,8.0,94.0,0.0,Bay of Bengal,-0.12631,-0.33876,0.36154
2025-06-25T00:00:00+00:00,8.0,95.0,0.0,Bay of Bengal,-0.12406,-0.33812,0.36016
2025-06-25T00:00:00+00:00,8.0,96.0,0.0,Bay of Bengal,-0.12205,-0.33727,0.35868
2025-06-25T00:00:00+00:00,8.0,97.0,0.0,Bay of Bengal,-0.12033,-0.33621,0.3571
2025-06-25T00:00:00+00:00,8.0,98.0,0.0,Bay of Bengal,-0.11893,-0.33495,0.35544
2025-06-25T00:00:00+00:00,9.0,80.0,0.0,Bay of Bengal,-0.14081,-0.32528,0.35445
2025-06-25T00:00:00+00:00,9.0,81.0,0.0,Bay of Bengal,-0.13769,-0.32763,0.35538
2025-06-25T00:00:00+00:00,9.0,82.0,0.0,Bay of Bengal,-0.13463,-0.32978,0.35621
2025-06-25T00:00:00+00:00,9.0,83.0,0.0,Bay of Bengal,-0.13173,-0.33173,0.35693
2025-06-25T00:00:00+00:00,9.0,84.0,0.0,Bay of Bengal,-0.12906,-0.33348,0.35758
2025-06-25T00:00:00+00:00,9.0,85.0,0.0,Bay of Bengal,-0.12667,-0.33502,0.35817
2025-06-25T00:00:00+00:00,9.0,86.0,0.0,Bay of Bengal,-0.12463,-0.33634,0.35869
2025-06-25T00:00:00+00:00,9.0,87.0,0.0,Bay of Bengal,-0.12299,-0.33745,0.35917
2025-06-25T00:00:00+00:00,9.0,88.0,0.0,Bay of Bengal,-0.12179,-0.33835,0.3596
2025-06-25T00:00:00+00:00,9.0,89.0,0.0,Bay of Bengal,-0.12106,-0.33902,0.35999
2025-06-25T00:00:00+00:00,9.0,90.0,0.0,Bay of Bengal,-0.12081,-0.33948,0.36033
2025-06-25T00:00:00+00:00,9.0,91.0,0.0,Bay of Bengal,-0.12106,-0.33971,0.36064
2025-06-25T00:00:00+00:00,9.0,92.0,0.0,Bay of Bengal,-0.12179,-0.33973,0.3609
2025-06-25T00:00:00+00:00,9.0,93.0,0.0,Bay of Bengal,-0.12299,-0.33952,0.36111
2025-06-25T00:00:00+00:00,9.0,94.0,0.0,Bay of Bengal,-0.12463,-0.3391,0.36128
2025-06-25T00:00:00+00:00,9.0,95.0,0.0,Bay of Bengal,-0.12667,-0.33846,0.36139
2025-06-25T00:00:00+00:00,9.0,96.0,0.0,Bay of Bengal,-0.12906,-0.33761,0.36144
2025-06-25T00:00:00+00:00,9.0,97.0,0.0,Bay of Bengal,-0.13173,-0.33655,0.36141
2025-06-25T00:00:00+00:00,9.0,98.0,0.0,Bay of Bengal,-0.13463,-0.33528,0.3613
2025-06-25T00:00:00+00:00,10.0,80.0,0.0,Bay of Bengal,-0.12542,-0.32563,0.34895
2025-06-25T00:00:00+00:00,10.0,81.0,0.0,Bay of Bengal,-0.12511,-0.32798,0.35103
2025-06-25T00:00:00+00:00,10.0,82.0,0.0,Bay of Bengal,-0.12542,-0.33013,0.35315
2025-06-25T00:00:00+00:00,10.0,83.0,0.0,Bay of Bengal,-0.12632,-0.33208,0.3553
2025-06-25T00:00:00+00:00,10.0,84.0,0.0,Bay of Bengal,-0.12779,-0.33383,0.35745
2025-06-25T00:00:00+00:00,10.0,85.0,0.0,Bay of Bengal,-0.12979,-0.33537,0.35961
2025-06-25T00:00:00+00:00,10.0,86.0,0.0,Bay of Bengal,-0.13226,-0.33669,0.36174
2025-06-25T00:00:00+00:00,10.0,87.0,0.0,Bay of Bengal,-0.13511,-0.3378,0.36382
2025-06-25T00:00:00+00:00,10.0,88.0,0.0,Bay of Bengal,-0.13827,-0.33869,0.36583
2025-06-25T00:00:00+00:00,10.0,89.0,0.0,Bay of Bengal,-0.14164,-0.33937,0.36774
2025-06-25T00:00:00+00:00,10.0,90.0,0.0,Bay of Bengal,-0.14511,-0.33982,0.36951
2025-06-25T00:00:00+00:00,10.0,91.0,0.0,Bay of Bengal,-0.14858,-0.34006,0.3711
2025-06-25T00:00:00+00:00,10.0,92.0,0.0,Bay of Bengal,-0.15195,-0.34007,0.37247
2025-06-25T00:00:00+00:00,10.0,93.0,0.0,Bay of Bengal,-0.15511,-0.33986,0.37359
2025-06-25T00:00:00+00:00,10.0,94.0,0.0,Bay of Bengal,-0.15797,-0.33944,0.3744
2025-06-25T00:00:00+00:00,10.0,95.0,0.0,Bay of Bengal,-0.16043,-0.3388,0.37486
2025-06-25T00:00:00+00:00,10.0,96.0,0.0,Bay of Bengal,-0.16243,-0.33795,0.37496
2025-06-25T00:00:00+00:00,10.0,97.0,0.0,Bay of Bengal,-0.16391,-0.33688,0.37464
2025-06-25T00:00:00+00:00,10.0,98.0,0.0,Bay of Bengal,-0.16481,-0.33561,0.3739
2025-06-25T00:00:00+00:00,11.0,80.0,0.0,Bay of Bengal,-0.14294,-0.32598,0.35594
2025-06-25T00:00:00+00:00,11.0,81.0,0.0,Bay of Bengal,-0.14665,-0.32833,0.35959
2025-06-25T00:00:00+00:00,11.0,82.0,0.0,Bay of Bengal,-0.15048,-0.33048,0.36313
2025-06-25T00:00:00+00:00,11.0,83.0,0.0,Bay of Bengal,-0.15428,-0.33243,0.36649
2025-06-25T00:00:00+00:00,11.0,84.0,0.0,Bay of Bengal,-0.15792,-0.33418,0.36961
2025-06-25T00:00:00+00:00,11.0,85.0,0.0,Bay of Bengal,-0.16125,-0.33571,0.37243
2025-06-25T00:00:00+00:00,11.0,86.0,0.0,Bay of Bengal,-0.16417,-0.33704,0.37489
2025-06-25T00:00:00+00:00,11.0,87.0,0.0,Bay of Bengal,-0.16656,-0.33815,0.37694
2025-06-25T00:00:00+00:00,11.0,88.0,0.0,Bay of Bengal,-0.16833,-0.33904,0.37853
2025-06-25T00:00:00+00:00,11.0,89.0,0.0,Bay of Bengal,-0.16941,-0.33971,0.37961
2025-06-25T00:00:00+00:00,11.0,90.0,0.0,Bay of Bengal,-0.16978,-0.34017,0.38018
2025-06-25T00:00:00+00:00,11.0,91.0,0.0,Bay of Bengal,-0.16941,-0.3404,0.38023
2025-06-25T00:00:00+00:00,11.0,92.0,0.0,Bay of Bengal,-0.16833,-0.34041,0.37975
2025-06-25T00:00:00+00:00,11.0,93.0,0.0,Bay of Bengal,-0.16656,-0.3402,0.37879
2025-06-25T00:00:00+00:00,11.0,94.0,0.0,Bay of Bengal,-0.16417,-0.33978,0.37736
2025-06-25T00:00:00+00:00,11.0,95.0,0.0,Bay of Bengal,-0.16125,-0.33914,0.37552
2025-06-25T00:00:00+00:00,11.0,96.0,0.0,Bay of Bengal,-0.15792,-0.33828,0.37333
2025-06-25T00:00:00+00:00,11.0,97.0,0.0,Bay of Bengal,-0.15428,-0.33722,0.37083
2025-06-25T00:00:00+00:00,11.0,98.0,0.0,Bay of Bengal,-0.15048,-0.33594,0.36811
2025-06-25T00:00:00+00:00,12.0,80.0,0.0,Bay of Bengal,-0.17212,-0.32633,0.36894
2025-06-25T00:00:00+00:00,12.0,81.0,0.0,Bay of Bengal,-0.17382,-0.32868,0.37181
2025-06-25T00:00:00+00:00,12.0,82.0,0.0,Bay of Bengal,-0.17469,-0.33083,0.37412
2025-06-25T00:00:00+00:00,12.0,83.0,0.0,Bay of Bengal,-0.17469,-0.33278,0.37584
2025-06-25T00:00:00+00:00,12.0,84.0,0.0,Bay of Bengal,-0.17382,-0.33452,0.37699
2025-06-25T00:00:00+00:00,12.0,85.0,0.0,Bay of Bengal,-0.17212,-0.33606,0.37758
2025-06-25T00:00:00+00:00,12.0,86.0,0.0,Bay of Bengal,-0.16967,-0.33738,0.37764
2025-06-25T00:00:00+00:00,12.0,87.0,0.0,Bay of Bengal,-0.16656,-0.33849,0.37725
2025-06-25T00:00:00+00:00,12.0,88.0,0.0,Bay of Bengal,-0.16294,-0.33938,0.37647
2025-06-25T00:00:00+00:00,12.0,89.0,0.0,Bay of Bengal,-0.15896,-0.34006,0.37538
2025-06-25T00:00:00+00:00,12.0,90.0,0.0,Bay of Bengal,-0.1548,-0.34051,0.37404
2025-06-25T00:00:00+00:00,12.0,91.0,0.0,Bay of Bengal,-0.15064,-0.34074,0.37255
2025-06-25T00:00:00+00:00,12.0,92.0,0.0,Bay of Bengal,-0.14667,-0.34075,0.37097
2025-06-25T00:00:00+00:00,12.0,93.0,0.0,Bay of Bengal,-0.14305,-0.34054,0.36936
2025-06-25T00:00:00+00:00,12.0,94.0,0.0,Bay of Bengal,-0.13994,-0.34011,0.36778
2025-06-25T00:00:00+00:00,12.0,95.0,0.0,Bay of Bengal,-0.13748,-0.33947,0.36625
2025-06-25T00:00:00+00:00,12.0,96.0,0.0,Bay of Bengal,-0.13578,-0.33861,0.36482
2025-06-25T00:00:00+00:00,12.0,97.0,0.0,Bay of Bengal,-0.13491,-0.33755,0.36351
2025-06-25T00:00:00+00:00,12.0,98.0,0.0,Bay of Bengal,-0.13491,-0.33627,0.36233
2025-06-25T00:00:00+00:00,13.0,80.0,0.0,Bay of Bengal,-0.17301,-0.32668,0.36966
2025-06-25T00:00:00+00:00,13.0,81.0,0.0,Bay of Bengal,-0.16923,-0.32902,0.36999
2025-06-25T00:00:00+00:00,13.0,82.0,0.0,Bay of Bengal,-0.16499,-0.33118,0.37
2025-06-25T00:00:00+00:00,13.0,83.0,0.0,Bay of Bengal,-0.1605,-0.33313,0.36977
2025-06-25T00:00:00+00:00,13.0,84.0,0.0,Bay of Bengal,-0.15599,-0.33487,0.36942
2025-06-25T00:00:00+00:00,13.0,85.0,0.0,Bay of Bengal,-0.1517,-0.33641,0.36903
2025-06-25T00:00:00+00:00,13.0,86.0,0.0,Bay of Bengal,-0.14784,-0.33773,0.36867
2025-06-25T00:00:00+00:00,13.0,87.0,0.0,Bay of Bengal,-0.14461,-0.33884,0.3684
2025-06-25T00:00:00+00:00,13.0,88.0,0.0,Bay of Bengal,-0.14217,-0.33973,0.36828
2025-06-25T00:00:00+00:00,13.0,89.0,0.0,Bay of Bengal,-0.14066,-0.3404,0.36832
2025-06-25T00:00:00+00:00,13.0,90.0,0.0,Bay of Bengal,-0.14015,-0.34085,0.36854
2025-06-25T00:00:00+00:00,13.0,91.0,0.0,Bay of Bengal,-0.14066,-0.34108,0.36894
2025-06-25T00:00:00+00:00,13.0,92.0,0.0,Bay of Bengal,-0.14217,-0.34109,0.36953
2025-06-25T00:00:00+00:00,13.0,93.0,0.0,Bay of Bengal,-0.14461,-0.34088,0.37028
2025-06-25T00:00:00+00:00,13.0,94.0,0.0,Bay of Bengal,-0.14784,-0.34045,0.37116
2025-06-25T00:00:00+00:00,13.0,95.0,0.0,Bay of Bengal,-0.1517,-0.3398,0.37213
2025-06-25T00:00:00+00:00,13.0,96.0,0.0,Bay of Bengal,-0.15599,-0.33895,0.37312
2025-06-25T00:00:00+00:00,13.0,97.0,0.0,Bay of Bengal,-0.1605,-0.33788,0.37406
2025-06-25T00:00:00+00:00,13.0,98.0,0.0,Bay of Bengal,-0.16499,-0.3366,0.37486
2025-06-25T00:00:00+00:00,14.0,80.0,0.0,Bay of Bengal,-0.15294,-0.32703,0.36102
2025-06-25T00:00:00+00:00,14.0,81.0,0.0,Bay of Bengal,-0.14962,-0.32937,0.36176
2025-06-25T00:00:00+00:00,14.0,82.0,0.0,Bay of Bengal,-0.14725,-0.33152,0.36275
2025-06-25T00:00:00+00:00,14.0,83.0,0.0,Bay of Bengal,-0.14599,-0.33347,0.36403
2025-06-25T00:00:00+00:00,14.0,84.0,0.0,Bay of Bengal,-0.14591,-0.33522,0.36559
2025-06-25T00:00:00+00:00,14.0,85.0,0.0,Bay of Bengal,-0.147,-0.33675,0.36744
2025-06-25T00:00:00+00:00,14.0,86.0,0.0,Bay of Bengal,-0.14922,-0.33807,0.36954
2025-06-25T00:00:00+00:00,14.0,87.0,0.0,Bay of Bengal,-0.15241,-0.33918,0.37185
2025-06-25T00:00:00+00:00,14.0,88.0,0.0,Bay of Bengal,-0.15641,-0.34007,0.37431
2025-06-25T00:00:00+00:00,14.0,89.0,0.0,Bay of Bengal,-0.16096,-0.34074,0.37684
2025-06-25T00:00:00+00:00,14.0,90.0,0.0,Bay of Bengal,-0.1658,-0.34119,0.37934
2025-06-25T00:00:00+00:00,14.0,91.0,0.0,Bay of Bengal,-0.17063,-0.34142,0.38168
2025-06-25T00:00:00+00:00,14.0,92.0,0.0,Bay of Bengal,-0.17519,-0.34142,0.38374
2025-06-25T00:00:00+00:00,14.0,93.0,0.0,Bay of Bengal,-0.17918,-0.34121,0.3854
2025-06-25T00:00:00+00:00,14.0,94.0,0.0,Bay of Bengal,-0.18238,-0.34078,0.38651
2025-06-25T00:00:00+00:00,14.0,95.0,0.0,Bay of Bengal,-0.18459,-0.34013,0.38699
2025-06-25T00:00:00+00:00,14.0,96.0,0.0,Bay of Bengal,-0.18569,-0.33927,0.38676
2025-06-25T00:00:00+00:00,14.0,97.0,0.0,Bay of Bengal,-0.1856,-0.3382,0.38578
2025-06-25T00:00:00+00:00,14.0,98.0,0.0,Bay of Bengal,-0.18434,-0.33692,0.38406
2025-06-25T00:00:00+00:00,15.0,80.0,0.0,Bay of Bengal,-0.1544,-0.32737,0.36196
2025-06-25T00:00:00+00:00,15.0,81.0,0.0,Bay of Bengal,-0.15757,-0.32972,0.36544
2025-06-25T00:00:00+00:00,15.0,82.0,0.0,Bay of Bengal,-0.16172,-0.33187,0.36917
2025-06-25T00:00:00+00:00,15.0,83.0,0.0,Bay of Bengal,-0.16654,-0.33382,0.37306
2025-06-25T00:00:00+00:00,15.0,84.0,0.0,Bay of Bengal,-0.17172,-0.33556,0.37695
2025-06-25T00:00:00+00:00,15.0,85.0,0.0,Bay of Bengal,-0.17689,-0.3371,0.38069
2025-06-25T00:00:00+00:00,15.0,86.0,0.0,Bay of Bengal,-0.18172,-0.33842,0.38412
2025-06-25T00:00:00+00:00,15.0,87.0,0.0,Bay of Bengal,-0.18586,-0.33952,0.38706
2025-06-25T00:00:00+00:00,15.0,88.0,0.0,Bay of Bengal,-0.18904,-0.34041,0.38938
2025-06-25T00:00:00+00:00,15.0,89.0,0.0,Bay of Bengal,-0.19103,-0.34108,0.39093
2025-06-25T00:00:00+00:00,15.0,90.0,0.0,Bay of Bengal,-0.19172,-0.34153,0.39166
2025-06-25T00:00:00+00:00,15.0,91.0,0.0,Bay of Bengal,-0.19103,-0.34175,0.39152
2025-06-25T00:00:00+00:00,15.0,92.0,0.0,Bay of Bengal,-0.18904,-0.34176,0.39056
2025-06-25T00:00:00+00:00,15.0,93.0,0.0,Bay of Bengal,-0.18586,-0.34154,0.38884
2025-06-25T00:00:00+00:00,15.0,94.0,0.0,Bay of Bengal,-0.18172,-0.34111,0.38649
2025-06-25T00:00:00+00:00,15.0,95.0,0.0,Bay of Bengal,-0.17689,-0.34046,0.38367
2025-06-25T00:00:00+00:00,15.0,96.0,0.0,Bay of Bengal,-0.17172,-0.3396,0.38055
2025-06-25T00:00:00+00:00,15.0,97.0,0.0,Bay of Bengal,-0.16654,-0.33853,0.37727
2025-06-25T00:00:00+00:00,15.0,98.0,0.0,Bay of Bengal,-0.16172,-0.33725,0.37402
2025-06-25T00:00:00+00:00,16.0,80.0,0.0,Bay of Bengal,-0.18472,-0.32772,0.37619
2025-06-25T00:00:00+00:00,16.0,81.0,0.0,Bay of Bengal,-0.18963,-0.33007,0.38066
2025-06-25T00:00:00+00:00,16.0,82.0,0.0,Bay of Bengal,-0.19364,-0.33222,0.38453
2025-06-25T00:00:00+00:00,16.0,83.0,0.0,Bay of Bengal,-0.19642,-0.33416,0.38762
2025-06-25T00:00:00+00:00,16.0,84.0,0.0,Bay of Bengal,-0.19777,-0.33591,0.3898
2025-06-25T00:00:00+00:00,16.0,85.0,0.0,Bay of Bengal,-0.19757,-0.33744,0.39103
2025-06-25T00:00:00+00:00,16.0,86.0,0.0,Bay of Bengal,-0.19585,-0.33876,0.3913
2025-06-25T00:00:00+00:00,16.0,87.0,0.0,Bay of Bengal,-0.19274,-0.33986,0.39071
2025-06-25T00:00:00+00:00,16.0,88.0,0.0,Bay of Bengal,-0.18848,-0.34075,0.3894
2025-06-25T00:00:00+00:00,16.0,89.0,0.0,Bay of Bengal,-0.18339,-0.34142,0.38755
2025-06-25T00:00:00+00:00,16.0,90.0,0.0,Bay of Bengal,-0.17788,-0.34186,0.38537
2025-06-25T00:00:00+00:00,16.0,91.0,0.0,Bay of Bengal,-0.17237,-0.34209,0.38306
2025-06-25T00:00:00+00:00,16.0,92.0,0.0,Bay of Bengal,-0.16728,-0.34209,0.3808
2025-06-25T00:00:00+00:00,16.0,93.0,0.0,Bay of Bengal,-0.16302,-0.34188,0.37875
2025-06-25T00:00:00+00:00,16.0,94.0,0.0,Bay of Bengal,-0.1599,-0.34144,0.37703
2025-06-25T00:00:00+00:00,16.0,95.0,0.0,Bay of Bengal,-0.15818,-0.34079,0.37571
2025-06-25T00:00:00+00:00,16.0,96.0,0.0,Bay of Bengal,-0.15799,-0.33993,0.37485
2025-06-25T00:00:00+00:00,16.0,97.0,0.0,Bay of Bengal,-0.15933,-0.33885,0.37444
2025-06-25T00:00:00+00:00,16.0,98.0,0.0,Bay of Bengal,-0.16212,-0.33757,0.37448
2025-06-25T00:00:00+00:00,17.0,80.0,0.0,Bay of Bengal,-0.20395,-0.32807,0.3863
2025-06-25T00:00:00+00:00,17.0,81.0,0.0,Bay of Bengal,-0.20208,-0.33041,0.38731
2025-06-25T00:00:00+00:00,17.0,82.0,0.0,Bay of Bengal,-0.19864,-0.33256,0.38737
2025-06-25T00:00:00+00:00,17.0,83.0,0.0,Bay of Bengal,-0.19395,-0.33451,0.38667
2025-06-25T00:00:00+00:00,17.0,84.0,0.0,Bay of Bengal,-0.18841,-0.33625,0.38544
2025-06-25T00:00:00+00:00,17.0,85.0,0.0,Bay of Bengal,-0.18251,-0.33778,0.38394
2025-06-25T00:00:00+00:00,17.0,86.0,0.0,Bay of Bengal,-0.17676,-0.3391,0.38241
2025-06-25T00:00:00+00:00,17.0,87.0,0.0,Bay of Bengal,-0.17167,-0.3402,0.38106
2025-06-25T00:00:00+00:00,17.0,88.0,0.0,Bay of Bengal,-0.16767,-0.34109,0.38007
2025-06-25T00:00:00+00:00,17.0,89.0,0.0,Bay of Bengal,-0.16513,-0.34175,0.37956
2025-06-25T00:00:00+00:00,17.0,90.0,0.0,Bay of Bengal,-0.16426,-0.3422,0.37958
2025-06-25T00:00:00+00:00,17.0,91.0,0.0,Bay of Bengal,-0.16513,-0.34242,0.38016
2025-06-25T00:00:00+00:00,17.0,92.0,0.0,Bay of Bengal,-0.16767,-0.34242,0.38127
2025-06-25T00:00:00+00:00,17.0,93.0,0.0,Bay of Bengal,-0.17167,-0.3422,0.38285
2025-06-25T00:00:00+00:00,17.0,94.0,0.0,Bay of Bengal,-0.17676,-0.34177,0.38477
2025-06-25T00:00:00+00:00,17.0,95.0,0.0,Bay of Bengal,-0.18251,-0.34112,0.38687
2025-06-25T00:00:00+00:00,17.0,96.0,0.0,Bay of Bengal,-0.18841,-0.34025,0.38893
2025-06-25T00:00:00+00:00,17.0,97.0,0.0,Bay of Bengal,-0.19395,-0.33917,0.39071
2025-06-25T00:00:00+00:00,17.0,98.0,0.0,Bay of Bengal,-0.19864,-0.33789,0.39195
2025-06-25T00:00:00+00:00,18.0,80.0,0.0,Bay of Bengal,-0.19081,-0.32841,0.37982
2025-06-25T00:00:00+00:00,18.0,81.0,0.0,Bay of Bengal,-0.18463,-0.33076,0.3788
2025-06-25T00:00:00+00:00,18.0,82.0,0.0,Bay of Bengal,-0.17906,-0.33291,0.37801
2025-06-25T00:00:00+00:00,18.0,83.0,0.0,Bay of Bengal,-0.17463,-0.33485,0.37765
2025-06-25T00:00:00+00:00,18.0,84.0,0.0,Bay of Bengal,-0.17179,-0.33659,0.3779
2025-06-25T00:00:00+00:00,18.0,85.0,0.0,Bay of Bengal,-0.17081,-0.33812,0.37882
2025-06-25T00:00:00+00:00,18.0,86.0,0.0,Bay of Bengal,-0.17179,-0.33944,0.38044
2025-06-25T00:00:00+00:00,18.0,87.0,0.0,Bay of Bengal,-0.17463,-0.34054,0.38271
2025-06-25T00:00:00+00:00,18.0,88.0,0.0,Bay of Bengal,-0.17906,-0.34142,0.38553
2025-06-25T00:00:00+00:00,18.0,89.0,0.0,Bay of Bengal,-0.18463,-0.34209,0.38873
2025-06-25T00:00:00+00:00,18.0,90.0,0.0,Bay of Bengal,-0.19081,-0.34253,0.39209
2025-06-25T00:00:00+00:00,18.0,91.0,0.0,Bay of Bengal,-0.19699,-0.34275,0.39533
2025-06-25T00:00:00+00:00,18.0,92.0,0.0,Bay of Bengal,-0.20257,-0.34275,0.39814
2025-06-25T00:00:00+00:00,18.0,93.0,0.0,Bay of Bengal,-0.20699,-0.34253,0.40022
2025-06-25T00:00:00+00:00,18.0,94.0,0.0,Bay of Bengal,-0.20984,-0.34209,0.40132
2025-06-25T00:00:00+00:00,18.0,95.0,0.0,Bay of Bengal,-0.21081,-0.34144,0.40128
2025-06-25T00:00:00+00:00,18.0,96.0,0.0,Bay of Bengal,-0.20984,-0.34057,0.40002
2025-06-25T00:00:00+00:00,18.0,97.0,0.0,Bay of Bengal,-0.20699,-0.33949,0.39762
2025-06-25T00:00:00+00:00,18.0,98.0,0.0,Bay of Bengal,-0.20257,-0.3382,0.39423
2025-06-25T00:00:00+00:00,19.0,80.0,0.0,Bay of Bengal,-0.17783,-0.32876,0.37377
2025-06-25T00:00:00+00:00,19.0,81.0,0.0,Bay of Bengal,-0.17777,-0.3311,0.37581
2025-06-25T00:00:00+00:00,19.0,82.0,0.0,Bay of Bengal,-0.17986,-0.33325,0.37869
2025-06-25T00:00:00+00:00,19.0,83.0,0.0,Bay of Bengal,-0.18388,-0.33519,0.38232
2025-06-25T00:00:00+00:00,19.0,84.0,0.0,Bay of Bengal,-0.18939,-0.33693,0.38651
2025-06-25T00:00:00+00:00,19.0,85.0,0.0,Bay of Bengal,-0.19578,-0.33846,0.39101
2025-06-25T00:00:00+00:00,19.0,86.0,0.0,Bay of Bengal,-0.20236,-0.33978,0.39547
2025-06-25T00:00:00+00:00,19.0,87.0,0.0,Bay of Bengal,-0.20842,-0.34088,0.39954
2025-06-25T00:00:00+00:00,19.0,88.0,0.0,Bay of Bengal,-0.21328,-0.34176,0.40285
2025-06-25T00:00:00+00:00,19.0,89.0,0.0,Bay of Bengal,-0.21643,-0.34242,0.40509
2025-06-25T00:00:00+00:00,19.0,90.0,0.0,Bay of Bengal,-0.21752,-0.34286,0.40604
2025-06-25T00:00:00+00:00,19.0,91.0,0.0,Bay of Bengal,-0.21643,-0.34308,0.40564
2025-06-25T00:00:00+00:00,19.0,92.0,0.0,Bay of Bengal,-0.21328,-0.34308,0.40397
2025-06-25T00:00:00+00:00,19.0,93.0,0.0,Bay of Bengal,-0.20842,-0.34286,0.40123
2025-06-25T00:00:00+00:00,19.0,94.0,0.0,Bay of Bengal,-0.20236,-0.34242,0.39774
2025-06-25T00:00:00+00:00,19.0,95.0,0.0,Bay of Bengal,-0.19578,-0.34176,0.39386
2025-06-25T00:00:00+00:00,19.0,96.0,0.0,Bay of Bengal,-0.18939,-0.34089,0.38996
2025-06-25T00:00:00+00:00,19.0,97.0,0.0,Bay of Bengal,-0.18388,-0.3398,0.38637
2025-06-25T00:00:00+00:00,19.0,98.0,0.0,Bay of Bengal,-0.17986,-0.33851,0.38333
2025-06-25T00:00:00+00:00,20.0,80.0,0.0,Bay of Bengal,-0.19751,-0.3291,0.38382
2025-06-25T00:00:00+00:00,20.0,81.0,0.0,Bay of Bengal,-0.20435,-0.33145,0.38938
2025-06-25T00:00:00+00:00,20.0,82.0,0.0,Bay of Bengal,-0.21119,-0.33359,0.39482
2025-06-25T00:00:00+00:00,20.0,83.0,0.0,Bay of Bengal,-0.21721,-0.33553,0.3997
2025-06-25T00:00:00+00:00,20.0,84.0,0.0,Bay of Bengal,-0.22167,-0.33727,0.4036
2025-06-25T00:00:00+00:00,20.0,85.0,0.0,Bay of Bengal,-0.22405,-0.3388,0.40618
2025-06-25T00:00:00+00:00,20.0,86.0,0.0,Bay of Bengal,-0.22405,-0.34011,0.40728
2025-06-25T00:00:00+00:00,20.0,87.0,0.0,Bay of Bengal,-0.22167,-0.34121,0.4069
2025-06-25T00:00:00+00:00,20.0,88.0,0.0,Bay of Bengal,-0.21721,-0.34209,0.40522
2025-06-25T00:00:00+00:00,20.0,89.0,0.0,Bay of Bengal,-0.21119,-0.34275,0.40259
2025-06-25T00:00:00+00:00,20.0,90.0,0.0,Bay of Bengal,-0.20435,-0.34319,0.39942
2025-06-25T00:00:00+00:00,20.0,91.0,0.0,Bay of Bengal,-0.19751,-0.34341,0.39615
2025-06-25T00:00:00+00:00,20.0,92.0,0.0,Bay of Bengal,-0.1915,-0.3434,0.39319
2025-06-25T00:00:00+00:00,20.0,93.0,0.0,Bay of Bengal,-0.18703,-0.34318,0.39084
2025-06-25T00:00:00+00:00,20.0,94.0,0.0,Bay of Bengal,-0.18465,-0.34274,0.38931
2025-06-25T00:00:00+00:00,20.0,95.0,0.0,Bay of Bengal,-0.18465,-0.34208,0.38873
2025-06-25T00:00:00+00:00,20.0,96.0,0.0,Bay of Bengal,-0.18703,-0.3412,0.3891
2025-06-25T00:00:00+00:00,20.0,97.0,0.0,Bay of Bengal,-0.1915,-0.34012,0.39032
2025-06-25T00:00:00+00:00,20.0,98.0,0.0,Bay of Bengal,-0.19751,-0.33882,0.39219
2025-06-25T00:00:00+00:00,21.0,80.0,0.0,Bay of Bengal,-0.22858,-0.32945,0.40098
2025-06-25T00:00:00+00:00,21.0,81.0,0.0,Bay of Bengal,-0.23102,-0.33179,0.40429
2025-06-25T00:00:00+00:00,21.0,82.0,0.0,Bay of Bengal,-0.23083,-0.33393,0.40594
2025-06-25T00:00:00+00:00,21.0,83.0,0.0,Bay of Bengal,-0.22804,-0.33587,0.40597
2025-06-25T00:00:00+00:00,21.0,84.0,0.0,Bay of Bengal,-0.22302,-0.33761,0.40462
2025-06-25T00:00:00+00:00,21.0,85.0,0.0,Bay of Bengal,-0.21644,-0.33914,0.40232
2025-06-25T00:00:00+00:00,21.0,86.0,0.0,Bay of Bengal,-0.20917,-0.34045,0.39957
2025-06-25T00:00:00+00:00,21.0,87.0,0.0,Bay of Bengal,-0.20218,-0.34154,0.3969
2025-06-25T00:00:00+00:00,21.0,88.0,0.0,Bay of Bengal,-0.1964,-0.34242,0.39475
2025-06-25T00:00:00+00:00,21.0,89.0,0.0,Bay of Bengal,-0.19259,-0.34308,0.39344
2025-06-25T00:00:00+00:00,21.0,90.0,0.0,Bay of Bengal,-0.19126,-0.34352,0.39317
2025-06-25T00:00:00+00:00,21.0,91.0,0.0,Bay of Bengal,-0.19259,-0.34373,0.39401
2025-06-25T00:00:00+00:00,21.0,92.0,0.0,Bay of Bengal,-0.1964,-0.34373,0.39588
2025-06-25T00:00:00+00:00,21.0,93.0,0.0,Bay of Bengal,-0.20218,-0.3435,0.39858
2025-06-25T00:00:00+00:00,21.0,94.0,0.0,Bay of Bengal,-0.20917,-0.34305,0.40179
2025-06-25T00:00:00+00:00,21.0,95.0,0.0,Bay of Bengal,-0.21644,-0.34239,0.40506
2025-06-25T00:00:00+00:00,21.0,96.0,0.0,Bay of Bengal,-0.22302,-0.34151,0.40788
2025-06-25T00:00:00+00:00,21.0,97.0,0.0,Bay of Bengal,-0.22804,-0.34043,0.40974
2025-06-25T00:00:00+00:00,21.0,98.0,0.0,Bay of Bengal,-0.23083,-0.33913,0.41023
2025-06-25T00:00:00+00:00,22.0,80.0,0.0,Bay of Bengal,-0.23108,-0.32979,0.40269
2025-06-25T00:00:00+00:00,22.0,81.0,0.0,Bay of Bengal,-0.22441,-0.33213,0.40083
2025-06-25T00:00:00+00:00,22.0,82.0,0.0,Bay of Bengal,-0.21683,-0.33427,0.39844
2025-06-25T00:00:00+00:00,22.0,83.0,0.0,Bay of Bengal,-0.20946,-0.33621,0.39612
2025-06-25T00:00:00+00:00,22.0,84.0,0.0,Bay of Bengal,-0.20336,-0.33795,0.39442
2025-06-25T00:00:00+00:00,22.0,85.0,0.0,Bay of Bengal,-0.19943,-0.33947,0.39372
2025-06-25T00:00:00+00:00,22.0,86.0,0.0,Bay of Bengal,-0.19824,-0.34078,0.39425
2025-06-25T00:00:00+00:00,22.0,87.0,0.0,Bay of Bengal,-0.19995,-0.34188,0.39606
2025-06-25T00:00:00+00:00,22.0,88.0,0.0,Bay of Bengal,-0.20433,-0.34275,0.39904
2025-06-25T00:00:00+00:00,22.0,89.0,0.0,Bay of Bengal,-0.21073,-0.34341,0.40291
2025-06-25T00:00:00+00:00,22.0,90.0,0.0,Bay of Bengal,-0.21823,-0.34384,0.40725
2025-06-25T00:00:00+00:00,22.0,91.0,0.0,Bay of Bengal,-0.22572,-0.34405,0.41149
2025-06-25T00:00:00+00:00,22.0,92.0,0.0,Bay of Bengal,-0.23212,-0.34405,0.41503
2025-06-25T00:00:00+00:00,22.0,93.0,0.0,Bay of Bengal,-0.2365,-0.34382,0.4173
2025-06-25T00:00:00+00:00,22.0,94.0,0.0,Bay of Bengal,-0.23821,-0.34337,0.41791
2025-06-25T00:00:00+00:00,22.0,95.0,0.0,Bay of Bengal,-0.23702,-0.3427,0.41668
2025-06-25T00:00:00+00:00,22.0,96.0,0.0,Bay of Bengal,-0.23309,-0.34182,0.41373
2025-06-25T00:00:00+00:00,22.0,97.0,0.0,Bay of Bengal,-0.22699,-0.34073,0.40942
2025-06-25T00:00:00+00:00,22.0,98.0,0.0,Bay of Bengal,-0.21962,-0.33943,0.40429
2025-06-25T00:00:00+00:00,6.0,80.0,50.0,Bay of Bengal,-0.10064,-0.29325,0.31004
2025-06-25T00:00:00+00:00,6.0,81.0,50.0,Bay of Bengal,-0.10178,-0.2954,0.31245
2025-06-25T00:00:00+00:00,6.0,82.0,50.0,Bay of Bengal,-0.10309,-0.29739,0.31475
2025-06-25T00:00:00+00:00,6.0,83.0,50.0,Bay of Bengal,-0.10457,-0.29918,0.31693
2025-06-25T00:00:00+00:00,6.0,84.0,50.0,Bay of Bengal,-0.1062,-0.3008,0.319
2025-06-25T00:00:00+00:00,6.0,85.0,50.0,Bay of Bengal,-0.10796,-0.30222,0.32093
2025-06-25T00:00:00+00:00,6.0,86.0,50.0,Bay of Bengal,-0.10982,-0.30346,0.32272
2025-06-25T00:00:00+00:00,6.0,87.0,50.0,Bay of Bengal,-0.11178,-0.3045,0.32436
2025-06-25T00:00:00+00:00,6.0,88.0,50.0,Bay of Bengal,-0.1138,-0.30534,0.32586
2025-06-25T00:00:00+00:00,6.0,89.0,50.0,Bay of Bengal,-0.11587,-0.30599,0.32719
2025-06-25T00:00:00+00:00,6.0,90.0,50.0,Bay of Bengal,-0.11796,-0.30643,0.32835
2025-06-25T00:00:00+00:00,6.0,91.0,50.0,Bay of Bengal,-0.12005,-0.30668,0.32934
2025-06-25T00:00:00+00:00,6.0,92.0,50.0,Bay of Bengal,-0.12211,-0.30673,0.33014
2025-06-25T00:00:00+00:00,6.0,93.0,50.0,Bay of Bengal,-0.12414,-0.30658,0.33076
2025-06-25T00:00:00+00:00,6.0,94.0,50.0,Bay of Bengal,-0.12609,-0.30623,0.33118
2025-06-25T00:00:00+00:00,6.0,95.0,50.0,Bay of Bengal,-0.12796,-0.30569,0.33139
2025-06-25T00:00:00+00:00,6.0,96.0,50.0,Bay of Bengal,-0.12971,-0.30496,0.3314
2025-06-25T00:00:00+00:00,6.0,97.0,50.0,Bay of Bengal,-0.13134,-0.30403,0.33119
2025-06-25T00:00:00+00:00,6.0,98.0,50.0,Bay of Bengal,-0.13282,-0.30292,0.33076
2025-06-25T00:00:00+00:00,7.0,80.0,50.0,Bay of Bengal,-0.12756,-0.2936,0.32011
2025-06-25T00:00:00+00:00,7.0,81.0,50.0,Bay of Bengal,-0.1298,-0.29575,0.32298
2025-06-25T00:00:00+00:00,7.0,82.0,50.0,Bay of Bengal,-0.13191,-0.29773,0.32565
2025-06-25T00:00:00+00:00,7.0,83.0,50.0,Bay of Bengal,-0.13385,-0.29953,0.32808
2025-06-25T00:00:00+00:00,7.0,84.0,50.0,Bay of Bengal,-0.13559,-0.30115,0.33026
2025-06-25T00:00:00+00:00,7.0,85.0,50.0,Bay of Bengal,-0.13711,-0.30257,0.33219
2025-06-25T00:00:00+00:00,7.0,86.0,50.0,Bay of Bengal,-0.13838,-0.30381,0.33384
2025-06-25T00:00:00+00:00,7.0,87.0,50.0,Bay of Bengal,-0.1394,-0.30485,0.3352
2025-06-25T00:00:00+00:00,7.0,88.0,50.0,Bay of Bengal,-0.14013,-0.30569,0.33628
2025-06-25T00:00:00+00:00,7.0,89.0,50.0,Bay of Bengal,-0.14058,-0.30633,0.33705
2025-06-25T00:00:00+00:00,7.0,90.0,50.0,Bay of Bengal,-0.14072,-0.30678,0.33752
2025-06-25T00:00:00+00:00,7.0,91.0,50.0,Bay of Bengal,-0.14058,-0.30703,0.33768
2025-06-25T00:00:00+00:00,7.0,92.0,50.0,Bay of Bengal,-0.14013,-0.30707,0.33754
2025-06-25T00:00:00+00:00,7.0,93.0,50.0,Bay of Bengal,-0.1394,-0.30692,0.33709
2025-06-25T00:00:00+00:00,7.0,94.0,50.0,Bay of Bengal,-0.13838,-0.30658,0.33636
2025-06-25T00:00:00+00:00,7.0,95.0,50.0,Bay of Bengal,-0.13711,-0.30603,0.33534
2025-06-25T00:00:00+00:00,7.0,96.0,50.0,Bay of Bengal,-0.13559,-0.3053,0.33405
2025-06-25T00:00:00+00:00,7.0,97.0,50.0,Bay of Bengal,-0.13385,-0.30437,0.3325
2025-06-25T00:00:00+00:00,7.0,98.0,50.0,Bay of Bengal,-0.13191,-0.30326,0.33071
2025-06-25T00:00:00+00:00,8.0,80.0,50.0,Bay of Bengal,-0.14358,-0.29395,0.32714
2025-06-25T00:00:00+00:00,8.0,81.0,50.0,Bay of Bengal,-0.1429,-0.2961,0.32878
2025-06-25T00:00:00+00:00,8.0,82.0,50.0,Bay of Bengal,-0.14186,-0.29808,0.33012
2025-06-25T00:00:00+00:00,8.0,83.0,50.0,Bay of Bengal,-0.14046,-0.29988,0.33115
2025-06-25T00:00:00+00:00,8.0,84.0,50.0,Bay of Bengal,-0.13874,-0.3015,0.33189
2025-06-25T00:00:00+00:00,8.0,85.0,50.0,Bay of Bengal,-0.13674,-0.30292,0.33235
2025-06-25T00:00:00+00:00,8.0,86.0,50.0,Bay of Bengal,-0.13448,-0.30415,0.33256
2025-06-25T00:00:00+00:00,8.0,87.0,50.0,Bay of Bengal,-0.13202,-0.30519,0.33252
2025-06-25T00:00:00+00:00,8.0,88.0,50.0,Bay of Bengal,-0.12939,-0.30604,0.33227
2025-06-25T00:00:00+00:00,8.0,89.0,50.0,Bay of Bengal,-0.12667,-0.30668,0.33181
2025-06-25T00:00:00+00:00,8.0,90.0,50.0,Bay of Bengal,-0.12388,-0.30712,0.33117
2025-06-25T00:00:00+00:00,8.0,91.0,50.0,Bay of Bengal,-0.1211,-0.30737,0.33037
2025-06-25T00:00:00+00:00,8.0,92.0,50.0,Bay of Bengal,-0.11837,-0.30742,0.32942
2025-06-25T00:00:00+00:00,8.0,93.0,50.0,Bay of Bengal,-0.11575,-0.30727,0.32834
2025-06-25T00:00:00+00:00,8.0,94.0,50.0,Bay of Bengal,-0.11328,-0.30692,0.32716
2025-06-25T00:00:00+00:00,8.0,95.0,50.0,Bay of Bengal,-0.11103,-0.30637,0.32587
2025-06-25T00:00:00+00:00,8.0,96.0,50.0,Bay of Bengal,-0.10902,-0.30564,0.3245
2025-06-25T00:00:00+00:00,8.0,97.0,50.0,Bay of Bengal,-0.1073,-0.30471,0.32305
2025-06-25T00:00:00+00:00,8.0,98.0,50.0,Bay of Bengal,-0.10591,-0.3036,0.32154
2025-06-25T00:00:00+00:00,9.0,80.0,50.0,Bay of Bengal,-0.12741,-0.29429,0.32069
2025-06-25T00:00:00+00:00,9.0,81.0,50.0,Bay of Bengal,-0.12429,-0.29645,0.32145
2025-06-25T00:00:00+00:00,9.0,82.0,50.0,Bay of Bengal,-0.12123,-0.29843,0.32212
2025-06-25T00:00:00+00:00,9.0,83.0,50.0,Bay of Bengal,-0.11833,-0.30023,0.32271
2025-06-25T00:00:00+00:00,9.0,84.0,50.0,Bay of Bengal,-0.11566,-0.30185,0.32324
2025-06-25T00:00:00+00:00,9.0,85.0,50.0,Bay of Bengal,-0.11327,-0.30327,0.32373
2025-06-25T00:00:00+00:00,9.0,86.0,50.0,Bay of Bengal,-0.11123,-0.3045,0.32418
2025-06-25T00:00:00+00:00,9.0,87.0,50.0,Bay of Bengal,-0.10959,-0.30554,0.3246
2025-06-25T00:00:00+00:00,9.0,88.0,50.0,Bay of Bengal,-0.10839,-0.30638,0.32499
2025-06-25T00:00:00+00:00,9.0,89.0,50.0,Bay of Bengal,-0.10766,-0.30703,0.32535
2025-06-25T00:00:00+00:00,9.0,90.0,50.0,Bay of Bengal,-0.10741,-0.30747,0.32569
2025-06-25T00:00:00+00:00,9.0,91.0,50.0,Bay of Bengal,-0.10766,-0.30772,0.326
2025-06-25T00:00:00+00:00,9.0,92.0,50.0,Bay of Bengal,-0.10839,-0.30776,0.32629
2025-06-25T00:00:00+00:00,9.0,93.0,50.0,Bay of Bengal,-0.10959,-0.30761,0.32655
2025-06-25T00:00:00+00:00,9.0,94.0,50.0,Bay of Bengal,-0.11123,-0.30726,0.32677
2025-06-25T00:00:00+00:00,9.0,95.0,50.0,Bay of Bengal,-0.11327,-0.30671,0.32696
2025-06-25T00:00:00+00:00,9.0,96.0,50.0,Bay of Bengal,-0.11566,-0.30597,0.3271
2025-06-25T00:00:00+00:00,9.0,97.0,50.0,Bay of Bengal,-0.11833,-0.30505,0.32719
2025-06-25T00:00:00+00:00,9.0,98.0,50.0,Bay of Bengal,-0.12123,-0.30393,0.32722
2025-06-25T00:00:00+00:00,10.0,80.0,50.0,Bay of Bengal,-0.11161,-0.29464,0.31507
2025-06-25T00:00:00+00:00,10.0,81.0,50.0,Bay of Bengal,-0.1113,-0.2968,0.31698
2025-06-25T00:00:00+00:00,10.0,82.0,50.0,Bay of Bengal,-0.11161,-0.29878,0.31895
2025-06-25T00:00:00+00:00,10.0,83.0,50.0,Bay of Bengal,-0.11251,-0.30058,0.32095
2025-06-25T00:00:00+00:00,10.0,84.0,50.0,Bay of Bengal,-0.11398,-0.30219,0.32297
2025-06-25T00:00:00+00:00,10.0,85.0,50.0,Bay of Bengal,-0.11598,-0.30362,0.32502
2025-06-25T00:00:00+00:00,10.0,86.0,50.0,Bay of Bengal,-0.11845,-0.30485,0.32705
2025-06-25T00:00:00+00:00,10.0,87.0,50.0,Bay of Bengal,-0.1213,-0.30589,0.32906
2025-06-25T00:00:00+00:00,10.0,88.0,50.0,Bay of Bengal,-0.12446,-0.30673,0.33102
2025-06-25T00:00:00+00:00,10.0,89.0,50.0,Bay of Bengal,-0.12783,-0.30737,0.33289
2025-06-25T00:00:00+00:00,10.0,90.0,50.0,Bay of Bengal,-0.1313,-0.30781,0.33465
2025-06-25T00:00:00+00:00,10.0,91.0,50.0,Bay of Bengal,-0.13478,-0.30806,0.33625
2025-06-25T00:00:00+00:00,10.0,92.0,50.0,Bay of Bengal,-0.13814,-0.3081,0.33765
2025-06-25T00:00:00+00:00,10.0,93.0,50.0,Bay of Bengal,-0.1413,-0.30795,0.33882
2025-06-25T00:00:00+00:00,10.0,94.0,50.0,Bay of Bengal,-0.14416,-0.3076,0.3397
2025-06-25T00:00:00+00:00,10.0,95.0,50.0,Bay of Bengal,-0.14662,-0.30705,0.34026
2025-06-25T00:00:00+00:00,10.0,96.0,50.0,Bay of Bengal,-0.14862,-0.30631,0.34046
2025-06-25T00:00:00+00:00,10.0,97.0,50.0,Bay of Bengal,-0.1501,-0.30538,0.34027
2025-06-25T00:00:00+00:00,10.0,98.0,50.0,Bay of Bengal,-0.151,-0.30426,0.33967
2025-06-25T00:00:00+00:00,11.0,80.0,50.0,Bay of Bengal,-0.12869,-0.29499,0.32184
2025-06-25T00:00:00+00:00,11.0,81.0,50.0,Bay of Bengal,-0.1324,-0.29715,0.32531
2025-06-25T00:00:00+00:00,11.0,82.0,50.0,Bay of Bengal,-0.13623,-0.29913,0.32869
2025-06-25T00:00:00+00:00,11.0,83.0,50.0,Bay of Bengal,-0.14003,-0.30093,0.33191
2025-06-25T00:00:00+00:00,11.0,84.0,50.0,Bay of Bengal,-0.14366,-0.30254,0.33492
2025-06-25T00:00:00+00:00,11.0,85.0,50.0,Bay of Bengal,-0.147,-0.30397,0.33764
2025-06-25T00:00:00+00:00,11.0,86.0,50.0,Bay of Bengal,-0.14991,-0.3052,0.34003
2025-06-25T00:00:00+00:00,11.0,87.0,50.0,Bay of Bengal,-0.1523,-0.30623,0.34202
2025-06-25T00:00:00+00:00,11.0,88.0,50.0,Bay of Bengal,-0.15407,-0.30707,0.34356
2025-06-25T00:00:00+00:00,11.0,89.0,50.0,Bay of Bengal,-0.15516,-0.30772,0.34462
2025-06-25T00:00:00+00:00,11.0,90.0,50.0,Bay of Bengal,-0.15553,-0.30816,0.34518
2025-06-25T00:00:00+00:00,11.0,91.0,50.0,Bay of Bengal,-0.15516,-0.3084,0.34523
2025-06-25T00:00:00+00:00,11.0,92.0,50.0,Bay of Bengal,-0.15407,-0.30844,0.34478
2025-06-25T00:00:00+00:00,11.0,93.0,50.0,Bay of Bengal,-0.1523,-0.30829,0.34386
2025-06-25T00:00:00+00:00,11.0,94.0,50.0,Bay of Bengal,-0.14991,-0.30794,0.34249
2025-06-25T00:00:00+00:00,11.0,95.0,50.0,Bay of Bengal,-0.147,-0.30739,0.34073
2025-06-25T00:00:00+00:00,11.0,96.0,50.0,Bay of Bengal,-0.14366,-0.30665,0.33863
2025-06-25T00:00:00+00:00,11.0,97.0,50.0,Bay of Bengal,-0.14003,-0.30571,0.33626
2025-06-25T00:00:00+00:00,11.0,98.0,50.0,Bay of Bengal,-0.13623,-0.30459,0.33367
2025-06-25T00:00:00+00:00,12.0,80.0,50.0,Bay of Bengal,-0.15739,-0.29534,0.33466
2025-06-25T00:00:00+00:00,12.0,81.0,50.0,Bay of Bengal,-0.15909,-0.2975,0.33737
2025-06-25T00:00:00+00:00,12.0,82.0,50.0,Bay of Bengal,-0.15996,-0.29948,0.33952
2025-06-25T00:00:00+00:00,12.0,83.0,50.0,Bay of Bengal,-0.15996,-0.30128,0.34111
2025-06-25T00:00:00+00:00,12.0,84.0,50.0,Bay of Bengal,-0.15909,-0.30289,0.34213
2025-06-25T00:00:00+00:00,12.0,85.0,50.0,Bay of Bengal,-0.15739,-0.30431,0.3426
2025-06-25T00:00:00+00:00,12.0,86.0,50.0,Bay of Bengal,-0.15493,-0.30554,0.34258
2025-06-25T00:00:00+00:00,12.0,87.0,50.0,Bay of Bengal,-0.15183,-0.30658,0.34211
2025-06-25T00:00:00+00:00,12.0,88.0,50.0,Bay of Bengal,-0.14821,-0.30742,0.34128
2025-06-25T00:00:00+00:00,12.0,89.0,50.0,Bay of Bengal,-0.14423,-0.30806,0.34015
2025-06-25T00:00:00+00:00,12.0,90.0,50.0,Bay of Bengal,-0.14007,-0.3085,0.33881
2025-06-25T00:00:00+00:00,12.0,91.0,50.0,Bay of Bengal,-0.13591,-0.30874,0.33733
2025-06-25T00:00:00+00:00,12.0,92.0,50.0,Bay of Bengal,-0.13194,-0.30878,0.33579
2025-06-25T00:00:00+00:00,12.0,93.0,50.0,Bay of Bengal,-0.12832,-0.30863,0.33424
2025-06-25T00:00:00+00:00,12.0,94.0,50.0,Bay of Bengal,-0.12521,-0.30827,0.33273
2025-06-25T00:00:00+00:00,12.0,95.0,50.0,Bay of Bengal,-0.12275,-0.30772,0.3313
2025-06-25T00:00:00+00:00,12.0,96.0,50.0,Bay of Bengal,-0.12105,-0.30698,0.32998
2025-06-25T00:00:00+00:00,12.0,97.0,50.0,Bay of Bengal,-0.12018,-0.30604,0.3288
2025-06-25T00:00:00+00:00,12.0,98.0,50.0,Bay of Bengal,-0.12018,-0.30492,0.32775
2025-06-25T00:00:00+00:00,13.0,80.0,50.0,Bay of Bengal,-0.15777,-0.29569,0.33515
2025-06-25T00:00:00+00:00,13.0,81.0,50.0,Bay of Bengal,-0.15399,-0.29785,0.3353
2025-06-25T00:00:00+00:00,13.0,82.0,50.0,Bay of Bengal,-0.14975,-0.29983,0.33514
2025-06-25T00:00:00+00:00,13.0,83.0,50.0,Bay of Bengal,-0.14526,-0.30162,0.33478
2025-06-25T00:00:00+00:00,13.0,84.0,50.0,Bay of Bengal,-0.14075,-0.30324,0.33431
2025-06-25T00:00:00+00:00,13.0,85.0,50.0,Bay of Bengal,-0.13646,-0.30466,0.33382
2025-06-25T00:00:00+00:00,13.0,86.0,50.0,Bay of Bengal,-0.1326,-0.30589,0.33339
2025-06-25T00:00:00+00:00,13.0,87.0,50.0,Bay of Bengal,-0.12937,-0.30692,0.33307
2025-06-25T00:00:00+00:00,13.0,88.0,50.0,Bay of Bengal,-0.12693,-0.30776,0.33291
2025-06-25T00:00:00+00:00,13.0,89.0,50.0,Bay of Bengal,-0.12542,-0.3084,0.33293
2025-06-25T00:00:00+00:00,13.0,90.0,50.0,Bay of Bengal,-0.12491,-0.30884,0.33314
2025-06-25T00:00:00+00:00,13.0,91.0,50.0,Bay of Bengal,-0.12542,-0.30908,0.33356
2025-06-25T00:00:00+00:00,13.0,92.0,50.0,Bay of Bengal,-0.12693,-0.30912,0.33417
2025-06-25T00:00:00+00:00,13.0,93.0,50.0,Bay of Bengal,-0.12937,-0.30896,0.33495
2025-06-25T00:00:00+00:00,13.0,94.0,50.0,Bay of Bengal,-0.1326,-0.30861,0.33589
2025-06-25T00:00:00+00:00,13.0,95.0,50.0,Bay of Bengal,-0.13646,-0.30806,0.33692
2025-06-25T00:00:00+00:00,13.0,96.0,50.0,Bay of Bengal,-0.14075,-0.30731,0.33801
2025-06-25T00:00:00+00:00,13.0,97.0,50.0,Bay of Bengal,-0.14526,-0.30637,0.33906
2025-06-25T00:00:00+00:00,13.0,98.0,50.0,Bay of Bengal,-0.14975,-0.30525,0.34
2025-06-25T00:00:00+00:00,14.0,80.0,50.0,Bay of Bengal,-0.13716,-0.29604,0.32627
2025-06-25T00:00:00+00:00,14.0,81.0,50.0,Bay of Bengal,-0.13384,-0.29819,0.32685
2025-06-25T00:00:00+00:00,14.0,82.0,50.0,Bay of Bengal,-0.13148,-0.30017,0.3277
2025-06-25T00:00:00+00:00,14.0,83.0,50.0,Bay of Bengal,-0.13021,-0.30197,0.32885
2025-06-25T00:00:00+00:00,14.0,84.0,50.0,Bay of Bengal,-0.13013,-0.30358,0.3303
2025-06-25T00:00:00+00:00,14.0,85.0,50.0,Bay of Bengal,-0.13122,-0.305,0.33203
2025-06-25T00:00:00+00:00,14.0,86.0,50.0,Bay of Bengal,-0.13344,-0.30623,0.33404
2025-06-25T00:00:00+00:00,14.0,87.0,50.0,Bay of Bengal,-0.13664,-0.30727,0.33628
2025-06-25T00:00:00+00:00,14.0,88.0,50.0,Bay of Bengal,-0.14063,-0.3081,0.33868
2025-06-25T00:00:00+00:00,14.0,89.0,50.0,Bay of Bengal,-0.14518,-0.30874,0.34117
2025-06-25T00:00:00+00:00,14.0,90.0,50.0,Bay of Bengal,-0.15002,-0.30918,0.34365
2025-06-25T00:00:00+00:00,14.0,91.0,50.0,Bay of Bengal,-0.15486,-0.30942,0.34601
2025-06-25T00:00:00+00:00,14.0,92.0,50.0,Bay of Bengal,-0.15941,-0.30946,0.3481
2025-06-25T00:00:00+00:00,14.0,93.0,50.0,Bay of Bengal,-0.1634,-0.3093,0.34981
2025-06-25T00:00:00+00:00,14.0,94.0,50.0,Bay of Bengal,-0.1666,-0.30894,0.351
2025-06-25T00:00:00+00:00,14.0,95.0,50.0,Bay of Bengal,-0.16881,-0.30839,0.35157
2025-06-25T00:00:00+00:00,14.0,96.0,50.0,Bay of Bengal,-0.16991,-0.30764,0.35144
2025-06-25T00:00:00+00:00,14.0,97.0,50.0,Bay of Bengal,-0.16982,-0.3067,0.35058
2025-06-25T00:00:00+00:00,14.0,98.0,50.0,Bay of Bengal,-0.16856,-0.30558,0.34898
2025-06-25T00:00:00+00:00,15.0,80.0,50.0,Bay of Bengal,-0.13805,-0.29639,0.32696
2025-06-25T00:00:00+00:00,15.0,81.0,50.0,Bay of Bengal,-0.14123,-0.29854,0.33026
2025-06-25T00:00:00+00:00,15.0,82.0,50.0,Bay of Bengal,-0.14537,-0.30052,0.33384
2025-06-25T00:00:00+00:00,15.0,83.0,50.0,Bay of Bengal,-0.1502,-0.30232,0.33757
2025-06-25T00:00:00+00:00,15.0,84.0,50.0,Bay of Bengal,-0.15537,-0.30393,0.34134
2025-06-25T00:00:00+00:00,15.0,85.0,50.0,Bay of Bengal,-0.16055,-0.30535,0.34498
2025-06-25T00:00:00+00:00,15.0,86.0,50.0,Bay of Bengal,-0.16537,-0.30658,0.34834
2025-06-25T00:00:00+00:00,15.0,87.0,50.0,Bay of Bengal,-0.16952,-0.30761,0.35122
2025-06-25T00:00:00+00:00,15.0,88.0,50.0,Bay of Bengal,-0.1727,-0.30844,0.3535
2025-06-25T00:00:00+00:00,15.0,89.0,50.0,Bay of Bengal,-0.17469,-0.30908,0.35503
2025-06-25T00:00:00+00:00,15.0,90.0,50.0,Bay of Bengal,-0.17537,-0.30952,0.35575
2025-06-25T00:00:00+00:00,15.0,91.0,50.0,Bay of Bengal,-0.17469,-0.30975,0.35562
2025-06-25T00:00:00+00:00,15.0,92.0,50.0,Bay of Bengal,-0.1727,-0.30979,0.35468
2025-06-25T00:00:00+00:00,15.0,93.0,50.0,Bay of Bengal,-0.16952,-0.30963,0.353
2025-06-25T00:00:00+00:00,15.0,94.0,50.0,Bay of Bengal,-0.16537,-0.30927,0.35071
2025-06-25T00:00:00+00:00,15.0,95.0,50.0,Bay of Bengal,-0.16055,-0.30872,0.34797
2025-06-25T00:00:00+00:00,15.0,96.0,50.0,Bay of Bengal,-0.15537,-0.30797,0.34494
2025-06-25T00:00:00+00:00,15.0,97.0,50.0,Bay of Bengal,-0.1502,-0.30703,0.3418
2025-06-25T00:00:00+00:00,15.0,98.0,50.0,Bay of Bengal,-0.14537,-0.3059,0.33868
2025-06-25T00:00:00+00:00,16.0,80.0,50.0,Bay of Bengal,-0.16779,-0.29673,0.34089
2025-06-25T00:00:00+00:00,16.0,81.0,50.0,Bay of Bengal,-0.17271,-0.29889,0.3452
2025-06-25T00:00:00+00:00,16.0,82.0,50.0,Bay of Bengal,-0.17671,-0.30087,0.34892
2025-06-25T00:00:00+00:00,16.0,83.0,50.0,Bay of Bengal,-0.17949,-0.30266,0.35188
2025-06-25T00:00:00+00:00,16.0,84.0,50.0,Bay of Bengal,-0.18084,-0.30427,0.35396
2025-06-25T00:00:00+00:00,16.0,85.0,50.0,Bay of Bengal,-0.18065,-0.30569,0.35508
2025-06-25T00:00:00+00:00,16.0,86.0,50.0,Bay of Bengal,-0.17893,-0.30692,0.35527
2025-06-25T00:00:00+00:00,16.0,87.0,50.0,Bay of Bengal,-0.17581,-0.30795,0.3546
2025-06-25T00:00:00+00:00,16.0,88.0,50.0,Bay of Bengal,-0.17155,-0.30878,0.35324
2025-06-25T00:00:00+00:00,16.0,89.0,50.0,Bay of Bengal,-0.16646,-0.30942,0.35135
2025-06-25T00:00:00+00:00,16.0,90.0,50.0,Bay of Bengal,-0.16095,-0.30985,0.34916
2025-06-25T00:00:00+00:00,16.0,91.0,50.0,Bay of Bengal,-0.15544,-0.31009,0.34687
2025-06-25T00:00:00+00:00,16.0,92.0,50.0,Bay of Bengal,-0.15035,-0.31013,0.34465
2025-06-25T00:00:00+00:00,16.0,93.0,50.0,Bay of Bengal,-0.14609,-0.30996,0.34266
2025-06-25T00:00:00+00:00,16.0,94.0,50.0,Bay of Bengal,-0.14298,-0.3096,0.34102
2025-06-25T00:00:00+00:00,16.0,95.0,50.0,Bay of Bengal,-0.14126,-0.30904,0.33979
2025-06-25T00:00:00+00:00,16.0,96.0,50.0,Bay of Bengal,-0.14106,-0.30829,0.33903
2025-06-25T00:00:00+00:00,16.0,97.0,50.0,Bay of Bengal,-0.14241,-0.30735,0.33874
2025-06-25T00:00:00+00:00,16.0,98.0,50.0,Bay of Bengal,-0.14519,-0.30622,0.33889
2025-06-25T00:00:00+00:00,17.0,80.0,50.0,Bay of Bengal,-0.18642,-0.29708,0.35073
2025-06-25T00:00:00+00:00,17.0,81.0,50.0,Bay of Bengal,-0.18454,-0.29924,0.35156
2025-06-25T00:00:00+00:00,17.0,82.0,50.0,Bay of Bengal,-0.18111,-0.30121,0.35147
2025-06-25T00:00:00+00:00,17.0,83.0,50.0,Bay of Bengal,-0.17642,-0.30301,0.35062
2025-06-25T00:00:00+00:00,17.0,84.0,50.0,Bay of Bengal,-0.17088,-0.30461,0.34927
2025-06-25T00:00:00+00:00,17.0,85.0,50.0,Bay of Bengal,-0.16498,-0.30603,0.34767
2025-06-25T00:00:00+00:00,17.0,86.0,50.0,Bay of Bengal,-0.15923,-0.30726,0.34607
2025-06-25T00:00:00+00:00,17.0,87.0,50.0,Bay of Bengal,-0.15413,-0.30829,0.34467
2025-06-25T00:00:00+00:00,17.0,88.0,50.0,Bay of Bengal,-0.15014,-0.30912,0.34365
2025-06-25T00:00:00+00:00,17.0,89.0,50.0,Bay of Bengal,-0.14759,-0.30975,0.34312
2025-06-25T00:00:00+00:00,17.0,90.0,50.0,Bay of Bengal,-0.14672,-0.31019,0.34314
2025-06-25T00:00:00+00:00,17.0,91.0,50.0,Bay of Bengal,-0.14759,-0.31042,0.34372
2025-06-25T00:00:00+00:00,17.0,92.0,50.0,Bay of Bengal,-0.15014,-0.31046,0.34486
2025-06-25T00:00:00+00:00,17.0,93.0,50.0,Bay of Bengal,-0.15413,-0.31029,0.34646
2025-06-25T00:00:00+00:00,17.0,94.0,50.0,Bay of Bengal,-0.15923,-0.30993,0.34844
2025-06-25T00:00:00+00:00,17.0,95.0,50.0,Bay of Bengal,-0.16498,-0.30937,0.35061
2025-06-25T00:00:00+00:00,17.0,96.0,50.0,Bay of Bengal,-0.17088,-0.30861,0.35276
2025-06-25T00:00:00+00:00,17.0,97.0,50.0,Bay of Bengal,-0.17642,-0.30767,0.35466
2025-06-25T00:00:00+00:00,17.0,98.0,50.0,Bay of Bengal,-0.18111,-0.30654,0.35604
2025-06-25T00:00:00+00:00,18.0,80.0,50.0,Bay of Bengal,-0.17266,-0.29743,0.34391
2025-06-25T00:00:00+00:00,18.0,81.0,50.0,Bay of Bengal,-0.16648,-0.29958,0.34273
2025-06-25T00:00:00+00:00,18.0,82.0,50.0,Bay of Bengal,-0.1609,-0.30156,0.3418
2025-06-25T00:00:00+00:00,18.0,83.0,50.0,Bay of Bengal,-0.15648,-0.30335,0.34133
2025-06-25T00:00:00+00:00,18.0,84.0,50.0,Bay of Bengal,-0.15363,-0.30496,0.34147
2025-06-25T00:00:00+00:00,18.0,85.0,50.0,Bay of Bengal,-0.15266,-0.30637,0.3423
2025-06-25T00:00:00+00:00,18.0,86.0,50.0,Bay of Bengal,-0.15363,-0.3076,0.34383
2025-06-25T00:00:00+00:00,18.0,87.0,50.0,Bay of Bengal,-0.15648,-0.30863,0.34603
2025-06-25T00:00:00+00:00,18.0,88.0,50.0,Bay of Bengal,-0.1609,-0.30946,0.34879
2025-06-25T00:00:00+00:00,18.0,89.0,50.0,Bay of Bengal,-0.16648,-0.31009,0.35195
2025-06-25T00:00:00+00:00,18.0,90.0,50.0,Bay of Bengal,-0.17266,-0.31052,0.35529
2025-06-25T00:00:00+00:00,18.0,91.0,50.0,Bay of Bengal,-0.17884,-0.31075,0.35854
2025-06-25T00:00:00+00:00,18.0,92.0,50.0,Bay of Bengal,-0.18441,-0.31079,0.36138
2025-06-25T00:00:00+00:00,18.0,93.0,50.0,Bay of Bengal,-0.18884,-0.31062,0.36351
2025-06-25T00:00:00+00:00,18.0,94.0,50.0,Bay of Bengal,-0.19168,-0.31025,0.36469
2025-06-25T00:00:00+00:00,18.0,95.0,50.0,Bay of Bengal,-0.19266,-0.30969,0.36472
2025-06-25T00:00:00+00:00,18.0,96.0,50.0,Bay of Bengal,-0.19168,-0.30893,0.36357
2025-06-25T00:00:00+00:00,18.0,97.0,50.0,Bay of Bengal,-0.18884,-0.30799,0.36127
2025-06-25T00:00:00+00:00,18.0,98.0,50.0,Bay of Bengal,-0.18441,-0.30685,0.358
2025-06-25T00:00:00+00:00,19.0,80.0,50.0,Bay of Bengal,-0.15903,-0.29777,0.33758
2025-06-25T00:00:00+00:00,19.0,81.0,50.0,Bay of Bengal,-0.15897,-0.29992,0.33945
2025-06-25T00:00:00+00:00,19.0,82.0,50.0,Bay of Bengal,-0.16107,-0.3019,0.34218
2025-06-25T00:00:00+00:00,19.0,83.0,50.0,Bay of Bengal,-0.16509,-0.30369,0.34566
2025-06-25T00:00:00+00:00,19.0,84.0,50.0,Bay of Bengal,-0.17059,-0.3053,0.34973
2025-06-25T00:00:00+00:00,19.0,85.0,50.0,Bay of Bengal,-0.17698,-0.30671,0.35411
2025-06-25T00:00:00+00:00,19.0,86.0,50.0,Bay of Bengal,-0.18357,-0.30794,0.3585
2025-06-25T00:00:00+00:00,19.0,87.0,50.0,Bay of Bengal,-0.18962,-0.30896,0.36251
2025-06-25T00:00:00+00:00,19.0,88.0,50.0,Bay of Bengal,-0.19449,-0.30979,0.36578
2025-06-25T00:00:00+00:00,19.0,89.0,50.0,Bay of Bengal,-0.19764,-0.31042,0.368
2025-06-25T00:00:00+00:00,19.0,90.0,50.0,Bay of Bengal,-0.19873,-0.31085,0.36895
2025-06-25T00:00:00+00:00,19.0,91.0,50.0,Bay of Bengal,-0.19764,-0.31108,0.36855
2025-06-25T00:00:00+00:00,19.0,92.0,50.0,Bay of Bengal,-0.19449,-0.31111,0.3669
2025-06-25T00:00:00+00:00,19.0,93.0,50.0,Bay of Bengal,-0.18962,-0.31094,0.3642
2025-06-25T00:00:00+00:00,19.0,94.0,50.0,Bay of Bengal,-0.18357,-0.31057,0.36077
2025-06-25T00:00:00+00:00,19.0,95.0,50.0,Bay of Bengal,-0.17698,-0.31001,0.35697
2025-06-25T00:00:00+00:00,19.0,96.0,50.0,Bay of Bengal,-0.17059,-0.30925,0.35318
2025-06-25T00:00:00+00:00,19.0,97.0,50.0,Bay of Bengal,-0.16509,-0.3083,0.34972
2025-06-25T00:00:00+00:00,19.0,98.0,50.0,Bay of Bengal,-0.16107,-0.30716,0.34683
2025-06-25T00:00:00+00:00,20.0,80.0,50.0,Bay of Bengal,-0.17806,-0.29812,0.34725
2025-06-25T00:00:00+00:00,20.0,81.0,50.0,Bay of Bengal,-0.1849,-0.30027,0.35263
2025-06-25T00:00:00+00:00,20.0,82.0,50.0,Bay of Bengal,-0.19174,-0.30224,0.35793
2025-06-25T00:00:00+00:00,20.0,83.0,50.0,Bay of Bengal,-0.19776,-0.30403,0.36269
2025-06-25T00:00:00+00:00,20.0,84.0,50.0,Bay of Bengal,-0.20222,-0.30564,0.36648
2025-06-25T00:00:00+00:00,20.0,85.0,50.0,Bay of Bengal,-0.2046,-0.30705,0.36897
2025-06-25T00:00:00+00:00,20.0,86.0,50.0,Bay of Bengal,-0.2046,-0.30827,0.36999
2025-06-25T00:00:00+00:00,20.0,87.0,50.0,Bay of Bengal,-0.20222,-0.3093,0.36954
2025-06-25T00:00:00+00:00,20.0,88.0,50.0,Bay of Bengal,-0.19776,-0.31013,0.36781
2025-06-25T00:00:00+00:00,20.0,89.0,50.0,Bay of Bengal,-0.19174,-0.31075,0.36515
2025-06-25T00:00:00+00:00,20.0,90.0,50.0,Bay of Bengal,-0.1849,-0.31118,0.36197
2025-06-25T00:00:00+00:00,20.0,91.0,50.0,Bay of Bengal,-0.17806,-0.31141,0.35872
2025-06-25T00:00:00+00:00,20.0,92.0,50.0,Bay of Bengal,-0.17205,-0.31144,0.3558
2025-06-25T00:00:00+00:00,20.0,93.0,50.0,Bay of Bengal,-0.16758,-0.31126,0.35351
2025-06-25T00:00:00+00:00,20.0,94.0,50.0,Bay of Bengal,-0.16521,-0.31089,0.35206
2025-06-25T00:00:00+00:00,20.0,95.0,50.0,Bay of Bengal,-0.16521,-0.31033,0.35156
2025-06-25T00:00:00+00:00,20.0,96.0,50.0,Bay of Bengal,-0.16758,-0.30957,0.35202
2025-06-25T00:00:00+00:00,20.0,97.0,50.0,Bay of Bengal,-0.17205,-0.30861,0.35333
2025-06-25T00:00:00+00:00,20.0,98.0,50.0,Bay of Bengal,-0.17806,-0.30747,0.35531
2025-06-25T00:00:00+00:00,21.0,80.0,50.0,Bay of Bengal,-0.20848,-0.29846,0.36406
2025-06-25T00:00:00+00:00,21.0,81.0,50.0,Bay of Bengal,-0.21091,-0.30061,0.36722
2025-06-25T00:00:00+00:00,21.0,82.0,50.0,Bay of Bengal,-0.21072,-0.30258,0.36873
2025-06-25T00:00:00+00:00,21.0,83.0,50.0,Bay of Bengal,-0.20793,-0.30437,0.36862
2025-06-25T00:00:00+00:00,21.0,84.0,50.0,Bay of Bengal,-0.20291,-0.30597,0.36714
2025-06-25T00:00:00+00:00,21.0,85.0,50.0,Bay of Bengal,-0.19633,-0.30739,0.36474
2025-06-25T00:00:00+00:00,21.0,86.0,50.0,Bay of Bengal,-0.18907,-0.30861,0.36192
2025-06-25T00:00:00+00:00,21.0,87.0,50.0,Bay of Bengal,-0.18208,-0.30963,0.3592
2025-06-25T00:00:00+00:00,21.0,88.0,50.0,Bay of Bengal,-0.1763,-0.31046,0.35702
2025-06-25T00:00:00+00:00,21.0,89.0,50.0,Bay of Bengal,-0.17249,-0.31108,0.3557
2025-06-25T00:00:00+00:00,21.0,90.0,50.0,Bay of Bengal,-0.17116,-0.31151,0.35543
2025-06-25T00:00:00+00:00,21.0,91.0,50.0,Bay of Bengal,-0.17249,-0.31173,0.35627
2025-06-25T00:00:00+00:00,21.0,92.0,50.0,Bay of Bengal,-0.1763,-0.31176,0.35815
2025-06-25T00:00:00+00:00,21.0,93.0,50.0,Bay of Bengal,-0.18208,-0.31158,0.36088
2025-06-25T00:00:00+00:00,21.0,94.0,50.0,Bay of Bengal,-0.18907,-0.31121,0.36414
2025-06-25T00:00:00+00:00,21.0,95.0,50.0,Bay of Bengal,-0.19633,-0.31064,0.36749
2025-06-25T00:00:00+00:00,21.0,96.0,50.0,Bay of Bengal,-0.20291,-0.30988,0.3704
2025-06-25T00:00:00+00:00,21.0,97.0,50.0,Bay of Bengal,-0.20793,-0.30892,0.37238
2025-06-25T00:00:00+00:00,21.0,98.0,50.0,Bay of Bengal,-0.21072,-0.30778,0.373
2025-06-25T00:00:00+00:00,22.0,80.0,50.0,Bay of Bengal,-0.21031,-0.2988,0.3654
2025-06-25T00:00:00+00:00,22.0,81.0,50.0,Bay of Bengal,-0.20364,-0.30095,0.36337
2025-06-25T00:00:00+00:00,22.0,82.0,50.0,Bay of Bengal,-0.19606,-0.30292,0.36084
2025-06-25T00:00:00+00:00,22.0,83.0,50.0,Bay of Bengal,-0.18869,-0.30471,0.3584
2025-06-25T00:00:00+00:00,22.0,84.0,50.0,Bay of Bengal,-0.1826,-0.30631,0.35661
2025-06-25T00:00:00+00:00,22.0,85.0,50.0,Bay of Bengal,-0.17866,-0.30772,0.35583
2025-06-25T00:00:00+00:00,22.0,86.0,50.0,Bay of Bengal,-0.17747,-0.30894,0.35629
2025-06-25T00:00:00+00:00,22.0,87.0,50.0,Bay of Bengal,-0.17919,-0.30996,0.35803
2025-06-25T00:00:00+00:00,22.0,88.0,50.0,Bay of Bengal,-0.18357,-0.31079,0.36095
2025-06-25T00:00:00+00:00,22.0,89.0,50.0,Bay of Bengal,-0.18997,-0.31141,0.36478
2025-06-25T00:00:00+00:00,22.0,90.0,50.0,Bay of Bengal,-0.19746,-0.31183,0.36909
2025-06-25T00:00:00+00:00,22.0,91.0,50.0,Bay of Bengal,-0.20495,-0.31206,0.37334
2025-06-25T00:00:00+00:00,22.0,92.0,50.0,Bay of Bengal,-0.21135,-0.31208,0.37691
2025-06-25T00:00:00+00:00,22.0,93.0,50.0,Bay of Bengal,-0.21573,-0.3119,0.37924
2025-06-25T00:00:00+00:00,22.0,94.0,50.0,Bay of Bengal,-0.21745,-0.31153,0.37991
2025-06-25T00:00:00+00:00,22.0,95.0,50.0,Bay of Bengal,-0.21625,-0.31095,0.37876
2025-06-25T00:00:00+00:00,22.0,96.0,50.0,Bay of Bengal,-0.21232,-0.31019,0.37589
2025-06-25T00:00:00+00:00,22.0,97.0,50.0,Bay of Bengal,-0.20623,-0.30923,0.37169
2025-06-25T00:00:00+00:00,22.0,98.0,50.0,Bay of Bengal,-0.19885,-0.30808,0.36669
2025-06-25T00:00:00+00:00,6.0,80.0,100.0,Bay of Bengal,-0.08941,-0.26521,0.27988
2025-06-25T00:00:00+00:00,6.0,81.0,100.0,Bay of Bengal,-0.09055,-0.26719,0.28212
2025-06-25T00:00:00+00:00,6.0,82.0,100.0,Bay of Bengal,-0.09187,-0.26902,0.28427
2025-06-25T00:00:00+00:00,6.0,83.0,100.0,Bay of Bengal,-0.09335,-0.27068,0.28632
2025-06-25T00:00:00+00:00,6.0,84.0,100.0,Bay of Bengal,-0.09497,-0.27217,0.28827
2025-06-25T00:00:00+00:00,6.0,85.0,100.0,Bay of Bengal,-0.09673,-0.2735,0.2901
2025-06-25T00:00:00+00:00,6.0,86.0,100.0,Bay of Bengal,-0.0986,-0.27465,0.29181
2025-06-25T00:00:00+00:00,6.0,87.0,100.0,Bay of Bengal,-0.10055,-0.27562,0.29339
2025-06-25T00:00:00+00:00,6.0,88.0,100.0,Bay of Bengal,-0.10257,-0.27642,0.29483
2025-06-25T00:00:00+00:00,6.0,89.0,100.0,Bay of Bengal,-0.10464,-0.27703,0.29614
2025-06-25T00:00:00+00:00,6.0,90.0,100.0,Bay of Bengal,-0.10673,-0.27747,0.29729
2025-06-25T00:00:00+00:00,6.0,91.0,100.0,Bay of Bengal,-0.10882,-0.27773,0.29829
2025-06-25T00:00:00+00:00,6.0,92.0,100.0,Bay of Bengal,-0.11089,-0.2778,0.29912
2025-06-25T00:00:00+00:00,6.0,93.0,100.0,Bay of Bengal,-0.11291,-0.2777,0.29978
2025-06-25T00:00:00+00:00,6.0,94.0,100.0,Bay of Bengal,-0.11487,-0.27742,0.30026
2025-06-25T00:00:00+00:00,6.0,95.0,100.0,Bay of Bengal,-0.11673,-0.27696,0.30056
2025-06-25T00:00:00+00:00,6.0,96.0,100.0,Bay of Bengal,-0.11849,-0.27633,0.30066
2025-06-25T00:00:00+00:00,6.0,97.0,100.0,Bay of Bengal,-0.12011,-0.27553,0.30057
2025-06-25T00:00:00+00:00,6.0,98.0,100.0,Bay of Bengal,-0.12159,-0.27456,0.30028
2025-06-25T00:00:00+00:00,7.0,80.0,100.0,Bay of Bengal,-0.11608,-0.26556,0.28982
2025-06-25T00:00:00+00:00,7.0,81.0,100.0,Bay of Bengal,-0.11832,-0.26754,0.29254
2025-06-25T00:00:00+00:00,7.0,82.0,100.0,Bay of Bengal,-0.12042,-0.26937,0.29506
2025-06-25T00:00:00+00:00,7.0,83.0,100.0,Bay of Bengal,-0.12236,-0.27103,0.29737
2025-06-25T00:00:00+00:00,7.0,84.0,100.0,Bay of Bengal,-0.1241,-0.27252,0.29945
2025-06-25T00:00:00+00:00,7.0,85.0,100.0,Bay of Bengal,-0.12562,-0.27385,0.30128
2025-06-25T00:00:00+00:00,7.0,86.0,100.0,Bay of Bengal,-0.12689,-0.27499,0.30286
2025-06-25T00:00:00+00:00,7.0,87.0,100.0,Bay of Bengal,-0.12791,-0.27597,0.30417
2025-06-25T00:00:00+00:00,7.0,88.0,100.0,Bay of Bengal,-0.12864,-0.27676,0.3052
2025-06-25T00:00:00+00:00,7.0,89.0,100.0,Bay of Bengal,-0.12909,-0.27738,0.30595
2025-06-25T00:00:00+00:00,7.0,90.0,100.0,Bay of Bengal,-0.12924,-0.27782,0.30641
2025-06-25T00:00:00+00:00,7.0,91.0,100.0,Bay of Bengal,-0.12909,-0.27807,0.30657
2025-06-25T00:00:00+00:00,7.0,92.0,100.0,Bay of Bengal,-0.12864,-0.27815,0.30646
2025-06-25T00:00:00+00:00,7.0,93.0,100.0,Bay of Bengal,-0.12791,-0.27805,0.30606
2025-06-25T00:00:00+00:00,7.0,94.0,100.0,Bay of Bengal,-0.12689,-0.27776,0.30538
2025-06-25T00:00:00+00:00,7.0,95.0,100.0,Bay of Bengal,-0.12562,-0.27731,0.30443
2025-06-25T00:00:00+00:00,7.0,96.0,100.0,Bay of Bengal,-0.1241,-0.27667,0.30323
2025-06-25T00:00:00+00:00,7.0,97.0,100.0,Bay of Bengal,-0.12236,-0.27587,0.30178
2025-06-25T00:00:00+00:00,7.0,98.0,100.0,Bay of Bengal,-0.12042,-0.27489,0.30011
2025-06-25T00:00:00+00:00,8.0,80.0,100.0,Bay of Bengal,-0.13179,-0.26591,0.29677
2025-06-25T00:00:00+00:00,8.0,81.0,100.0,Bay of Bengal,-0.13111,-0.26789,0.29826
2025-06-25T00:00:00+00:00,8.0,82.0,100.0,Bay of Bengal,-0.13007,-0.26972,0.29944
2025-06-25T00:00:00+00:00,8.0,83.0,100.0,Bay of Bengal,-0.12867,-0.27138,0.30034
2025-06-25T00:00:00+00:00,8.0,84.0,100.0,Bay of Bengal,-0.12696,-0.27287,0.30096
2025-06-25T00:00:00+00:00,8.0,85.0,100.0,Bay of Bengal,-0.12495,-0.27419,0.30132
2025-06-25T00:00:00+00:00,8.0,86.0,100.0,Bay of Bengal,-0.12269,-0.27534,0.30144
2025-06-25T00:00:00+00:00,8.0,87.0,100.0,Bay of Bengal,-0.12023,-0.27632,0.30134
2025-06-25T00:00:00+00:00,8.0,88.0,100.0,Bay of Bengal,-0.11761,-0.27711,0.30103
2025-06-25T00:00:00+00:00,8.0,89.0,100.0,Bay of Bengal,-0.11488,-0.27773,0.30055
2025-06-25T00:00:00+00:00,8.0,90.0,100.0,Bay of Bengal,-0.11209,-0.27816,0.2999
2025-06-25T00:00:00+00:00,8.0,91.0,100.0,Bay of Bengal,-0.10931,-0.27842,0.29911
2025-06-25T00:00:00+00:00,8.0,92.0,100.0,Bay of Bengal,-0.10658,-0.27849,0.29819
2025-06-25T00:00:00+00:00,8.0,93.0,100.0,Bay of Bengal,-0.10396,-0.27839,0.29717
2025-06-25T00:00:00+00:00,8.0,94.0,100.0,Bay of Bengal,-0.10149,-0.27811,0.29605
2025-06-25T00:00:00+00:00,8.0,95.0,100.0,Bay of Bengal,-0.09924,-0.27765,0.29485
2025-06-25T00:00:00+00:00,8.0,96.0,100.0,Bay of Bengal,-0.09723,-0.27701,0.29358
2025-06-25T00:00:00+00:00,8.0,97.0,100.0,Bay of Bengal,-0.09551,-0.27621,0.29225
2025-06-25T00:00:00+00:00,8.0,98.0,100.0,Bay of Bengal,-0.09412,-0.27523,0.29088
2025-06-25T00:00:00+00:00,9.0,80.0,100.0,Bay of Bengal,-0.11529,-0.26626,0.29014
2025-06-25T00:00:00+00:00,9.0,81.0,100.0,Bay of Bengal,-0.11216,-0.26824,0.29075
2025-06-25T00:00:00+00:00,9.0,82.0,100.0,Bay of Bengal,-0.10911,-0.27007,0.29127
2025-06-25T00:00:00+00:00,9.0,83.0,100.0,Bay of Bengal,-0.10621,-0.27173,0.29175
2025-06-25T00:00:00+00:00,9.0,84.0,100.0,Bay of Bengal,-0.10353,-0.27322,0.29218
2025-06-25T00:00:00+00:00,9.0,85.0,100.0,Bay of Bengal,-0.10115,-0.27454,0.29258
2025-06-25T00:00:00+00:00,9.0,86.0,100.0,Bay of Bengal,-0.09911,-0.27569,0.29296
2025-06-25T00:00:00+00:00,9.0,87.0,100.0,Bay of Bengal,-0.09747,-0.27666,0.29333
2025-06-25T00:00:00+00:00,9.0,88.0,100.0,Bay of Bengal,-0.09627,-0.27746,0.29368
2025-06-25T00:00:00+00:00,9.0,89.0,100.0,Bay of Bengal,-0.09553,-0.27807,0.29403
2025-06-25T00:00:00+00:00,9.0,90.0,100.0,Bay of Bengal,-0.09529,-0.27851,0.29436
2025-06-25T00:00:00+00:00,9.0,91.0,100.0,Bay of Bengal,-0.09553,-0.27876,0.29468
2025-06-25T00:00:00+00:00,9.0,92.0,100.0,Bay of Bengal,-0.09627,-0.27884,0.29499
2025-06-25T00:00:00+00:00,9.0,93.0,100.0,Bay of Bengal,-0.09747,-0.27873,0.29528
2025-06-25T00:00:00+00:00,9.0,94.0,100.0,Bay of Bengal,-0.09911,-0.27845,0.29556
2025-06-25T00:00:00+00:00,9.0,95.0,100.0,Bay of Bengal,-0.10115,-0.27799,0.29582
2025-06-25T00:00:00+00:00,9.0,96.0,100.0,Bay of Bengal,-0.10353,-0.27735,0.29604
2025-06-25T00:00:00+00:00,9.0,97.0,100.0,Bay of Bengal,-0.10621,-0.27654,0.29624
2025-06-25T00:00:00+00:00,9.0,98.0,100.0,Bay of Bengal,-0.10911,-0.27556,0.29638
2025-06-25T00:00:00+00:00,10.0,80.0,100.0,Bay of Bengal,-0.09911,-0.2666,0.28443
2025-06-25T00:00:00+00:00,10.0,81.0,100.0,Bay of Bengal,-0.09881,-0.26859,0.28619
2025-06-25T00:00:00+00:00,10.0,82.0,100.0,Bay of Bengal,-0.09911,-0.27041,0.28801
2025-06-25T00:00:00+00:00,10.0,83.0,100.0,Bay of Bengal,-0.10001,-0.27208,0.28988
2025-06-25T00:00:00+00:00,10.0,84.0,100.0,Bay of Bengal,-0.10149,-0.27357,0.29179
2025-06-25T00:00:00+00:00,10.0,85.0,100.0,Bay of Bengal,-0.10349,-0.27489,0.29372
2025-06-25T00:00:00+00:00,10.0,86.0,100.0,Bay of Bengal,-0.10595,-0.27604,0.29567
2025-06-25T00:00:00+00:00,10.0,87.0,100.0,Bay of Bengal,-0.10881,-0.27701,0.29761
2025-06-25T00:00:00+00:00,10.0,88.0,100.0,Bay of Bengal,-0.11197,-0.2778,0.29952
2025-06-25T00:00:00+00:00,10.0,89.0,100.0,Bay of Bengal,-0.11533,-0.27842,0.30136
2025-06-25T00:00:00+00:00,10.0,90.0,100.0,Bay of Bengal,-0.11881,-0.27885,0.30311
2025-06-25T00:00:00+00:00,10.0,91.0,100.0,Bay of Bengal,-0.12228,-0.27911,0.30472
2025-06-25T00:00:00+00:00,10.0,92.0,100.0,Bay of Bengal,-0.12565,-0.27918,0.30615
2025-06-25T00:00:00+00:00,10.0,93.0,100.0,Bay of Bengal,-0.12881,-0.27907,0.30736
2025-06-25T00:00:00+00:00,10.0,94.0,100.0,Bay of Bengal,-0.13166,-0.27879,0.30831
2025-06-25T00:00:00+00:00,10.0,95.0,100.0,Bay of Bengal,-0.13413,-0.27832,0.30896
2025-06-25T00:00:00+00:00,10.0,96.0,100.0,Bay of Bengal,-0.13613,-0.27769,0.30926
2025-06-25T00:00:00+00:00,10.0,97.0,100.0,Bay of Bengal,-0.1376,-0.27688,0.30918
2025-06-25T00:00:00+00:00,10.0,98.0,100.0,Bay of Bengal,-0.1385,-0.2759,0.30871
2025-06-25T00:00:00+00:00,11.0,80.0,100.0,Bay of Bengal,-0.11579,-0.26695,0.29098
2025-06-25T00:00:00+00:00,11.0,81.0,100.0,Bay of Bengal,-0.1195,-0.26894,0.29429
2025-06-25T00:00:00+00:00,11.0,82.0,100.0,Bay of Bengal,-0.12333,-0.27076,0.29753
2025-06-25T00:00:00+00:00,11.0,83.0,100.0,Bay of Bengal,-0.12713,-0.27242,0.30063
2025-06-25T00:00:00+00:00,11.0,84.0,100.0,Bay of Bengal,-0.13077,-0.27392,0.30353
2025-06-25T00:00:00+00:00,11.0,85.0,100.0,Bay of Bengal,-0.1341,-0.27524,0.30617
2025-06-25T00:00:00+00:00,11.0,86.0,100.0,Bay of Bengal,-0.13702,-0.27639,0.30848
2025-06-25T00:00:00+00:00,11.0,87.0,100.0,Bay of Bengal,-0.1394,-0.27736,0.31042
2025-06-25T00:00:00+00:00,11.0,88.0,100.0,Bay of Bengal,-0.14117,-0.27815,0.31193
2025-06-25T00:00:00+00:00,11.0,89.0,100.0,Bay of Bengal,-0.14226,-0.27876,0.31297
2025-06-25T00:00:00+00:00,11.0,90.0,100.0,Bay of Bengal,-0.14263,-0.2792,0.31352
2025-06-25T00:00:00+00:00,11.0,91.0,100.0,Bay of Bengal,-0.14226,-0.27945,0.31358
2025-06-25T00:00:00+00:00,11.0,92.0,100.0,Bay of Bengal,-0.14117,-0.27952,0.31315
2025-06-25T00:00:00+00:00,11.0,93.0,100.0,Bay of Bengal,-0.1394,-0.27941,0.31226
2025-06-25T00:00:00+00:00,11.0,94.0,100.0,Bay of Bengal,-0.13702,-0.27912,0.31094
2025-06-25T00:00:00+00:00,11.0,95.0,100.0,Bay of Bengal,-0.1341,-0.27866,0.30925
2025-06-25T00:00:00+00:00,11.0,96.0,100.0,Bay of Bengal,-0.13077,-0.27802,0.30724
2025-06-25T00:00:00+00:00,11.0,97.0,100.0,Bay of Bengal,-0.12713,-0.27721,0.30497
2025-06-25T00:00:00+00:00,11.0,98.0,100.0,Bay of Bengal,-0.12333,-0.27623,0.30251
2025-06-25T00:00:00+00:00,12.0,80.0,100.0,Bay of Bengal,-0.14406,-0.2673,0.30365
2025-06-25T00:00:00+00:00,12.0,81.0,100.0,Bay of Bengal,-0.14576,-0.26929,0.30621
2025-06-25T00:00:00+00:00,12.0,82.0,100.0,Bay of Bengal,-0.14663,-0.27111,0.30822
2025-06-25T00:00:00+00:00,12.0,83.0,100.0,Bay of Bengal,-0.14663,-0.27277,0.30969
2025-06-25T00:00:00+00:00,12.0,84.0,100.0,Bay of Bengal,-0.14576,-0.27426,0.31059
2025-06-25T00:00:00+00:00,12.0,85.0,100.0,Bay of Bengal,-0.14406,-0.27558,0.31097
2025-06-25T00:00:00+00:00,12.0,86.0,100.0,Bay of Bengal,-0.1416,-0.27673,0.31086
2025-06-25T00:00:00+00:00,12.0,87.0,100.0,Bay of Bengal,-0.1385,-0.2777,0.31032
2025-06-25T00:00:00+00:00,12.0,88.0,100.0,Bay of Bengal,-0.13488,-0.27849,0.30944
2025-06-25T00:00:00+00:00,12.0,89.0,100.0,Bay of Bengal,-0.1309,-0.27911,0.30828
2025-06-25T00:00:00+00:00,12.0,90.0,100.0,Bay of Bengal,-0.12674,-0.27954,0.30693
2025-06-25T00:00:00+00:00,12.0,91.0,100.0,Bay of Bengal,-0.12258,-0.27979,0.30546
2025-06-25T00:00:00+00:00,12.0,92.0,100.0,Bay of Bengal,-0.11861,-0.27986,0.30396
2025-06-25T00:00:00+00:00,12.0,93.0,100.0,Bay of Bengal,-0.11499,-0.27975,0.30246
2025-06-25T00:00:00+00:00,12.0,94.0,100.0,Bay of Bengal,-0.11188,-0.27946,0.30102
2025-06-25T00:00:00+00:00,12.0,95.0,100.0,Bay of Bengal,-0.10942,-0.279,0.29969
2025-06-25T00:00:00+00:00,12.0,96.0,100.0,Bay of Bengal,-0.10772,-0.27835,0.29847
2025-06-25T00:00:00+00:00,12.0,97.0,100.0,Bay of Bengal,-0.10685,-0.27754,0.2974
2025-06-25T00:00:00+00:00,12.0,98.0,100.0,Bay of Bengal,-0.10685,-0.27656,0.29648
2025-06-25T00:00:00+00:00,13.0,80.0,100.0,Bay of Bengal,-0.14398,-0.26765,0.30392
2025-06-25T00:00:00+00:00,13.0,81.0,100.0,Bay of Bengal,-0.1402,-0.26964,0.30391
2025-06-25T00:00:00+00:00,13.0,82.0,100.0,Bay of Bengal,-0.13596,-0.27146,0.3036
2025-06-25T00:00:00+00:00,13.0,83.0,100.0,Bay of Bengal,-0.13147,-0.27312,0.30311
2025-06-25T00:00:00+00:00,13.0,84.0,100.0,Bay of Bengal,-0.12696,-0.27461,0.30254
2025-06-25T00:00:00+00:00,13.0,85.0,100.0,Bay of Bengal,-0.12267,-0.27593,0.30197
2025-06-25T00:00:00+00:00,13.0,86.0,100.0,Bay of Bengal,-0.11881,-0.27708,0.30147
2025-06-25T00:00:00+00:00,13.0,87.0,100.0,Bay of Bengal,-0.11558,-0.27805,0.30111
2025-06-25T00:00:00+00:00,13.0,88.0,100.0,Bay of Bengal,-0.11314,-0.27884,0.30092
2025-06-25T00:00:00+00:00,13.0,89.0,100.0,Bay of Bengal,-0.11163,-0.27945,0.30092
2025-06-25T00:00:00+00:00,13.0,90.0,100.0,Bay of Bengal,-0.11112,-0.27988,0.30113
2025-06-25T00:00:00+00:00,13.0,91.0,100.0,Bay of Bengal,-0.11163,-0.28013,0.30155
2025-06-25T00:00:00+00:00,13.0,92.0,100.0,Bay of Bengal,-0.11314,-0.2802,0.30218
2025-06-25T00:00:00+00:00,13.0,93.0,100.0,Bay of Bengal,-0.11558,-0.28009,0.30299
2025-06-25T00:00:00+00:00,13.0,94.0,100.0,Bay of Bengal,-0.11881,-0.2798,0.30397
2025-06-25T00:00:00+00:00,13.0,95.0,100.0,Bay of Bengal,-0.12267,-0.27933,0.30508
2025-06-25T00:00:00+00:00,13.0,96.0,100.0,Bay of Bengal,-0.12696,-0.27869,0.30624
2025-06-25T00:00:00+00:00,13.0,97.0,100.0,Bay of Bengal,-0.13147,-0.27787,0.3074
2025-06-25T00:00:00+00:00,13.0,98.0,100.0,Bay of Bengal,-0.13596,-0.27688,0.30846
2025-06-25T00:00:00+00:00,14.0,80.0,100.0,Bay of Bengal,-0.12289,-0.268,0.29483
2025-06-25T00:00:00+00:00,14.0,81.0,100.0,Bay of Bengal,-0.11956,-0.26998,0.29527
2025-06-25T00:00:00+00:00,14.0,82.0,100.0,Bay of Bengal,-0.1172,-0.27181,0.296
2025-06-25T00:00:00+00:00,14.0,83.0,100.0,Bay of Bengal,-0.11594,-0.27347,0.29703
2025-06-25T00:00:00+00:00,14.0,84.0,100.0,Bay of Bengal,-0.11585,-0.27496,0.29837
2025-06-25T00:00:00+00:00,14.0,85.0,100.0,Bay of Bengal,-0.11695,-0.27628,0.30001
2025-06-25T00:00:00+00:00,14.0,86.0,100.0,Bay of Bengal,-0.11916,-0.27742,0.30193
2025-06-25T00:00:00+00:00,14.0,87.0,100.0,Bay of Bengal,-0.12236,-0.27839,0.30409
2025-06-25T00:00:00+00:00,14.0,88.0,100.0,Bay of Bengal,-0.12635,-0.27918,0.30644
2025-06-25T00:00:00+00:00,14.0,89.0,100.0,Bay of Bengal,-0.1309,-0.27979,0.3089
2025-06-25T00:00:00+00:00,14.0,90.0,100.0,Bay of Bengal,-0.13574,-0.28022,0.31136
2025-06-25T00:00:00+00:00,14.0,91.0,100.0,Bay of Bengal,-0.14058,-0.28047,0.31373
2025-06-25T00:00:00+00:00,14.0,92.0,100.0,Bay of Bengal,-0.14513,-0.28053,0.31585
2025-06-25T00:00:00+00:00,14.0,93.0,100.0,Bay of Bengal,-0.14913,-0.28042,0.31761
2025-06-25T00:00:00+00:00,14.0,94.0,100.0,Bay of Bengal,-0.15232,-0.28013,0.31886
2025-06-25T00:00:00+00:00,14.0,95.0,100.0,Bay of Bengal,-0.15454,-0.27966,0.31952
2025-06-25T00:00:00+00:00,14.0,96.0,100.0,Bay of Bengal,-0.15563,-0.27901,0.31948
2025-06-25T00:00:00+00:00,14.0,97.0,100.0,Bay of Bengal,-0.15555,-0.2782,0.31873
2025-06-25T00:00:00+00:00,14.0,98.0,100.0,Bay of Bengal,-0.15429,-0.27721,0.31725
2025-06-25T00:00:00+00:00,15.0,80.0,100.0,Bay of Bengal,-0.12327,-0.26835,0.29531
2025-06-25T00:00:00+00:00,15.0,81.0,100.0,Bay of Bengal,-0.12645,-0.27033,0.29844
2025-06-25T00:00:00+00:00,15.0,82.0,100.0,Bay of Bengal,-0.13059,-0.27215,0.30186
2025-06-25T00:00:00+00:00,15.0,83.0,100.0,Bay of Bengal,-0.13541,-0.27381,0.30547
2025-06-25T00:00:00+00:00,15.0,84.0,100.0,Bay of Bengal,-0.14059,-0.2753,0.30912
2025-06-25T00:00:00+00:00,15.0,85.0,100.0,Bay of Bengal,-0.14577,-0.27662,0.31268
2025-06-25T00:00:00+00:00,15.0,86.0,100.0,Bay of Bengal,-0.15059,-0.27776,0.31596
2025-06-25T00:00:00+00:00,15.0,87.0,100.0,Bay of Bengal,-0.15473,-0.27873,0.3188
2025-06-25T00:00:00+00:00,15.0,88.0,100.0,Bay of Bengal,-0.15791,-0.27952,0.32104
2025-06-25T00:00:00+00:00,15.0,89.0,100.0,Bay of Bengal,-0.15991,-0.28013,0.32256
2025-06-25T00:00:00+00:00,15.0,90.0,100.0,Bay of Bengal,-0.16059,-0.28056,0.32327
2025-06-25T00:00:00+00:00,15.0,91.0,100.0,Bay of Bengal,-0.15991,-0.2808,0.32314
2025-06-25T00:00:00+00:00,15.0,92.0,100.0,Bay of Bengal,-0.15791,-0.28087,0.32221
2025-06-25T00:00:00+00:00,15.0,93.0,100.0,Bay of Bengal,-0.15473,-0.28075,0.32057
2025-06-25T00:00:00+00:00,15.0,94.0,100.0,Bay of Bengal,-0.15059,-0.28046,0.31833
2025-06-25T00:00:00+00:00,15.0,95.0,100.0,Bay of Bengal,-0.14577,-0.27999,0.31566
2025-06-25T00:00:00+00:00,15.0,96.0,100.0,Bay of Bengal,-0.14059,-0.27934,0.31272
2025-06-25T00:00:00+00:00,15.0,97.0,100.0,Bay of Bengal,-0.13541,-0.27852,0.30969
2025-06-25T00:00:00+00:00,15.0,98.0,100.0,Bay of Bengal,-0.13059,-0.27753,0.30672
2025-06-25T00:00:00+00:00,16.0,80.0,100.0,Bay of Bengal,-0.15248,-0.26869,0.30894
2025-06-25T00:00:00+00:00,16.0,81.0,100.0,Bay of Bengal,-0.15739,-0.27068,0.31311
2025-06-25T00:00:00+00:00,16.0,82.0,100.0,Bay of Bengal,-0.16139,-0.2725,0.31671
2025-06-25T00:00:00+00:00,16.0,83.0,100.0,Bay of Bengal,-0.16418,-0.27416,0.31956
2025-06-25T00:00:00+00:00,16.0,84.0,100.0,Bay of Bengal,-0.16553,-0.27565,0.32153
2025-06-25T00:00:00+00:00,16.0,85.0,100.0,Bay of Bengal,-0.16533,-0.27696,0.32256
2025-06-25T00:00:00+00:00,16.0,86.0,100.0,Bay of Bengal,-0.16361,-0.27811,0.32266
2025-06-25T00:00:00+00:00,16.0,87.0,100.0,Bay of Bengal,-0.1605,-0.27907,0.32193
2025-06-25T00:00:00+00:00,16.0,88.0,100.0,Bay of Bengal,-0.15623,-0.27986,0.32051
2025-06-25T00:00:00+00:00,16.0,89.0,100.0,Bay of Bengal,-0.15115,-0.28047,0.3186
2025-06-25T00:00:00+00:00,16.0,90.0,100.0,Bay of Bengal,-0.14563,-0.28089,0.3164
2025-06-25T00:00:00+00:00,16.0,91.0,100.0,Bay of Bengal,-0.14012,-0.28114,0.31412
2025-06-25T00:00:00+00:00,16.0,92.0,100.0,Bay of Bengal,-0.13504,-0.2812,0.31194
2025-06-25T00:00:00+00:00,16.0,93.0,100.0,Bay of Bengal,-0.13077,-0.28108,0.31002
2025-06-25T00:00:00+00:00,16.0,94.0,100.0,Bay of Bengal,-0.12766,-0.28079,0.30845
2025-06-25T00:00:00+00:00,16.0,95.0,100.0,Bay of Bengal,-0.12594,-0.28031,0.30731
2025-06-25T00:00:00+00:00,16.0,96.0,100.0,Bay of Bengal,-0.12574,-0.27967,0.30663
2025-06-25T00:00:00+00:00,16.0,97.0,100.0,Bay of Bengal,-0.12709,-0.27884,0.30644
2025-06-25T00:00:00+00:00,16.0,98.0,100.0,Bay of Bengal,-0.12987,-0.27785,0.30671
2025-06-25T00:00:00+00:00,17.0,80.0,100.0,Bay of Bengal,-0.17055,-0.26904,0.31855
2025-06-25T00:00:00+00:00,17.0,81.0,100.0,Bay of Bengal,-0.16868,-0.27102,0.31923
2025-06-25T00:00:00+00:00,17.0,82.0,100.0,Bay of Bengal,-0.16524,-0.27285,0.31898
2025-06-25T00:00:00+00:00,17.0,83.0,100.0,Bay of Bengal,-0.16055,-0.2745,0.31801
2025-06-25T00:00:00+00:00,17.0,84.0,100.0,Bay of Bengal,-0.15501,-0.27599,0.31654
2025-06-25T00:00:00+00:00,17.0,85.0,100.0,Bay of Bengal,-0.14911,-0.27731,0.31485
2025-06-25T00:00:00+00:00,17.0,86.0,100.0,Bay of Bengal,-0.14336,-0.27845,0.31319
2025-06-25T00:00:00+00:00,17.0,87.0,100.0,Bay of Bengal,-0.13827,-0.27941,0.31175
2025-06-25T00:00:00+00:00,17.0,88.0,100.0,Bay of Bengal,-0.13427,-0.2802,0.31071
2025-06-25T00:00:00+00:00,17.0,89.0,100.0,Bay of Bengal,-0.13173,-0.2808,0.31017
2025-06-25T00:00:00+00:00,17.0,90.0,100.0,Bay of Bengal,-0.13086,-0.28123,0.31018
2025-06-25T00:00:00+00:00,17.0,91.0,100.0,Bay of Bengal,-0.13173,-0.28147,0.31077
2025-06-25T00:00:00+00:00,17.0,92.0,100.0,Bay of Bengal,-0.13427,-0.28153,0.31191
2025-06-25T00:00:00+00:00,17.0,93.0,100.0,Bay of Bengal,-0.13827,-0.28141,0.31355
2025-06-25T00:00:00+00:00,17.0,94.0,100.0,Bay of Bengal,-0.14336,-0.28112,0.31556
2025-06-25T00:00:00+00:00,17.0,95.0,100.0,Bay of Bengal,-0.14911,-0.28064,0.31779
2025-06-25T00:00:00+00:00,17.0,96.0,100.0,Bay of Bengal,-0.15501,-0.27999,0.32004
2025-06-25T00:00:00+00:00,17.0,97.0,100.0,Bay of Bengal,-0.16055,-0.27916,0.32204
2025-06-25T00:00:00+00:00,17.0,98.0,100.0,Bay of Bengal,-0.16524,-0.27817,0.32355
2025-06-25T00:00:00+00:00,18.0,80.0,100.0,Bay of Bengal,-0.15623,-0.26939,0.31141
2025-06-25T00:00:00+00:00,18.0,81.0,100.0,Bay of Bengal,-0.15004,-0.27137,0.31009
2025-06-25T00:00:00+00:00,18.0,82.0,100.0,Bay of Bengal,-0.14447,-0.27319,0.30904
2025-06-25T00:00:00+00:00,18.0,83.0,100.0,Bay of Bengal,-0.14004,-0.27485,0.30847
2025-06-25T00:00:00+00:00,18.0,84.0,100.0,Bay of Bengal,-0.1372,-0.27633,0.30852
2025-06-25T00:00:00+00:00,18.0,85.0,100.0,Bay of Bengal,-0.13623,-0.27765,0.30927
2025-06-25T00:00:00+00:00,18.0,86.0,100.0,Bay of Bengal,-0.1372,-0.27879,0.31072
2025-06-25T00:00:00+00:00,18.0,87.0,100.0,Bay of Bengal,-0.14004,-0.27975,0.31285
2025-06-25T00:00:00+00:00,18.0,88.0,100.0,Bay of Bengal,-0.14447,-0.28053,0.31555
2025-06-25T00:00:00+00:00,18.0,89.0,100.0,Bay of Bengal,-0.15004,-0.28114,0.31867
2025-06-25T00:00:00+00:00,18.0,90.0,100.0,Bay of Bengal,-0.15623,-0.28156,0.322
2025-06-25T00:00:00+00:00,18.0,91.0,100.0,Bay of Bengal,-0.16241,-0.2818,0.32525
2025-06-25T00:00:00+00:00,18.0,92.0,100.0,Bay of Bengal,-0.16798,-0.28186,0.32812
2025-06-25T00:00:00+00:00,18.0,93.0,100.0,Bay of Bengal,-0.17241,-0.28174,0.3303
2025-06-25T00:00:00+00:00,18.0,94.0,100.0,Bay of Bengal,-0.17525,-0.28144,0.33154
2025-06-25T00:00:00+00:00,18.0,95.0,100.0,Bay of Bengal,-0.17623,-0.28096,0.33166
2025-06-25T00:00:00+00:00,18.0,96.0,100.0,Bay of Bengal,-0.17525,-0.28031,0.33058
2025-06-25T00:00:00+00:00,18.0,97.0,100.0,Bay of Bengal,-0.17241,-0.27948,0.32838
2025-06-25T00:00:00+00:00,18.0,98.0,100.0,Bay of Bengal,-0.16798,-0.27848,0.32522
2025-06-25T00:00:00+00:00,19.0,80.0,100.0,Bay of Bengal,-0.14202,-0.26973,0.30484
2025-06-25T00:00:00+00:00,19.0,81.0,100.0,Bay of Bengal,-0.14196,-0.27171,0.30657
2025-06-25T00:00:00+00:00,19.0,82.0,100.0,Bay of Bengal,-0.14406,-0.27353,0.30915
2025-06-25T00:00:00+00:00,19.0,83.0,100.0,Bay of Bengal,-0.14808,-0.27519,0.3125
2025-06-25T00:00:00+00:00,19.0,84.0,100.0,Bay of Bengal,-0.15358,-0.27667,0.31644
2025-06-25T00:00:00+00:00,19.0,85.0,100.0,Bay of Bengal,-0.15998,-0.27799,0.32073
2025-06-25T00:00:00+00:00,19.0,86.0,100.0,Bay of Bengal,-0.16656,-0.27912,0.32504
2025-06-25T00:00:00+00:00,19.0,87.0,100.0,Bay of Bengal,-0.17261,-0.28009,0.329
2025-06-25T00:00:00+00:00,19.0,88.0,100.0,Bay of Bengal,-0.17748,-0.28087,0.33224
2025-06-25T00:00:00+00:00,19.0,89.0,100.0,Bay of Bengal,-0.18063,-0.28147,0.33444
2025-06-25T00:00:00+00:00,19.0,90.0,100.0,Bay of Bengal,-0.18172,-0.28189,0.33539
2025-06-25T00:00:00+00:00,19.0,91.0,100.0,Bay of Bengal,-0.18063,-0.28213,0.335
2025-06-25T00:00:00+00:00,19.0,92.0,100.0,Bay of Bengal,-0.17748,-0.28219,0.33336
2025-06-25T00:00:00+00:00,19.0,93.0,100.0,Bay of Bengal,-0.17261,-0.28207,0.33069
2025-06-25T00:00:00+00:00,19.0,94.0,100.0,Bay of Bengal,-0.16656,-0.28176,0.32731
2025-06-25T00:00:00+00:00,19.0,95.0,100.0,Bay of Bengal,-0.15998,-0.28128,0.32359
2025-06-25T00:00:00+00:00,19.0,96.0,100.0,Bay of Bengal,-0.15358,-0.28063,0.3199
2025-06-25T00:00:00+00:00,19.0,97.0,100.0,Bay of Bengal,-0.14808,-0.2798,0.31656
2025-06-25T00:00:00+00:00,19.0,98.0,100.0,Bay of Bengal,-0.14406,-0.2788,0.31382
2025-06-25T00:00:00+00:00,20.0,80.0,100.0,Bay of Bengal,-0.16047,-0.27008,0.31415
2025-06-25T00:00:00+00:00,20.0,81.0,100.0,Bay of Bengal,-0.16731,-0.27206,0.31939
2025-06-25T00:00:00+00:00,20.0,82.0,100.0,Bay of Bengal,-0.17415,-0.27387,0.32455
2025-06-25T00:00:00+00:00,20.0,83.0,100.0,Bay of Bengal,-0.18016,-0.27553,0.3292
2025-06-25T00:00:00+00:00,20.0,84.0,100.0,Bay of Bengal,-0.18463,-0.27701,0.3329
2025-06-25T00:00:00+00:00,20.0,85.0,100.0,Bay of Bengal,-0.187,-0.27832,0.33531
2025-06-25T00:00:00+00:00,20.0,86.0,100.0,Bay of Bengal,-0.187,-0.27946,0.33626
2025-06-25T00:00:00+00:00,20.0,87.0,100.0,Bay of Bengal,-0.18463,-0.28042,0.33574
2025-06-25T00:00:00+00:00,20.0,88.0,100.0,Bay of Bengal,-0.18016,-0.2812,0.33397
2025-06-25T00:00:00+00:00,20.0,89.0,100.0,Bay of Bengal,-0.17415,-0.2818,0.33127
2025-06-25T00:00:00+00:00,20.0,90.0,100.0,Bay of Bengal,-0.16731,-0.28222,0.32809
2025-06-25T00:00:00+00:00,20.0,91.0,100.0,Bay of Bengal,-0.16047,-0.28246,0.32486
2025-06-25T00:00:00+00:00,20.0,92.0,100.0,Bay of Bengal,-0.15445,-0.28251,0.32198
2025-06-25T00:00:00+00:00,20.0,93.0,100.0,Bay of Bengal,-0.14999,-0.28239,0.31975
2025-06-25T00:00:00+00:00,20.0,94.0,100.0,Bay of Bengal,-0.14761,-0.28208,0.31837
2025-06-25T00:00:00+00:00,20.0,95.0,100.0,Bay of Bengal,-0.14761,-0.2816,0.31794
2025-06-25T00:00:00+00:00,20.0,96.0,100.0,Bay of Bengal,-0.14999,-0.28094,0.31847
2025-06-25T00:00:00+00:00,20.0,97.0,100.0,Bay of Bengal,-0.15445,-0.28011,0.31987
2025-06-25T00:00:00+00:00,20.0,98.0,100.0,Bay of Bengal,-0.16047,-0.27911,0.32195
2025-06-25T00:00:00+00:00,21.0,80.0,100.0,Bay of Bengal,-0.19029,-0.27042,0.33066
2025-06-25T00:00:00+00:00,21.0,81.0,100.0,Bay of Bengal,-0.19272,-0.2724,0.33368
2025-06-25T00:00:00+00:00,21.0,82.0,100.0,Bay of Bengal,-0.19253,-0.27422,0.33506
2025-06-25T00:00:00+00:00,21.0,83.0,100.0,Bay of Bengal,-0.18974,-0.27587,0.33482
2025-06-25T00:00:00+00:00,21.0,84.0,100.0,Bay of Bengal,-0.18472,-0.27735,0.33324
2025-06-25T00:00:00+00:00,21.0,85.0,100.0,Bay of Bengal,-0.17814,-0.27866,0.33074
2025-06-25T00:00:00+00:00,21.0,86.0,100.0,Bay of Bengal,-0.17088,-0.2798,0.32785
2025-06-25T00:00:00+00:00,21.0,87.0,100.0,Bay of Bengal,-0.16389,-0.28075,0.32509
2025-06-25T00:00:00+00:00,21.0,88.0,100.0,Bay of Bengal,-0.1581,-0.28153,0.32289
2025-06-25T00:00:00+00:00,21.0,89.0,100.0,Bay of Bengal,-0.1543,-0.28213,0.32157
2025-06-25T00:00:00+00:00,21.0,90.0,100.0,Bay of Bengal,-0.15297,-0.28255,0.3213
2025-06-25T00:00:00+00:00,21.0,91.0,100.0,Bay of Bengal,-0.1543,-0.28278,0.32214
2025-06-25T00:00:00+00:00,21.0,92.0,100.0,Bay of Bengal,-0.1581,-0.28284,0.32403
2025-06-25T00:00:00+00:00,21.0,93.0,100.0,Bay of Bengal,-0.16389,-0.28271,0.32678
2025-06-25T00:00:00+00:00,21.0,94.0,100.0,Bay of Bengal,-0.17088,-0.2824,0.33007
2025-06-25T00:00:00+00:00,21.0,95.0,100.0,Bay of Bengal,-0.17814,-0.28192,0.33348
2025-06-25T00:00:00+00:00,21.0,96.0,100.0,Bay of Bengal,-0.18472,-0.28125,0.33649
2025-06-25T00:00:00+00:00,21.0,97.0,100.0,Bay of Bengal,-0.18974,-0.28042,0.33858
2025-06-25T00:00:00+00:00,21.0,98.0,100.0,Bay of Bengal,-0.19253,-0.27941,0.33932
2025-06-25T00:00:00+00:00,22.0,80.0,100.0,Bay of Bengal,-0.19152,-0.27076,0.33165
2025-06-25T00:00:00+00:00,22.0,81.0,100.0,Bay of Bengal,-0.18485,-0.27274,0.32948
2025-06-25T00:00:00+00:00,22.0,82.0,100.0,Bay of Bengal,-0.17727,-0.27456,0.32681
2025-06-25T00:00:00+00:00,22.0,83.0,100.0,Bay of Bengal,-0.1699,-0.27621,0.32428
2025-06-25T00:00:00+00:00,22.0,84.0,100.0,Bay of Bengal,-0.16381,-0.27769,0.3224
2025-06-25T00:00:00+00:00,22.0,85.0,100.0,Bay of Bengal,-0.15987,-0.279,0.32156
2025-06-25T00:00:00+00:00,22.0,86.0,100.0,Bay of Bengal,-0.15868,-0.28013,0.32195
2025-06-25T00:00:00+00:00,22.0,87.0,100.0,Bay of Bengal,-0.1604,-0.28108,0.32363
2025-06-25T00:00:00+00:00,22.0,88.0,100.0,Bay of Bengal,-0.16477,-0.28186,0.32649
2025-06-25T00:00:00+00:00,22.0,89.0,100.0,Bay of Bengal,-0.17118,-0.28246,0.33028
2025-06-25T00:00:00+00:00,22.0,90.0,100.0,Bay of Bengal,-0.17867,-0.28287,0.33457
2025-06-25T00:00:00+00:00,22.0,91.0,100.0,Bay of Bengal,-0.18616,-0.2831,0.33883
2025-06-25T00:00:00+00:00,22.0,92.0,100.0,Bay of Bengal,-0.19256,-0.28316,0.34243
2025-06-25T00:00:00+00:00,22.0,93.0,100.0,Bay of Bengal,-0.19694,-0.28303,0.3448
2025-06-25T00:00:00+00:00,22.0,94.0,100.0,Bay of Bengal,-0.19866,-0.28272,0.34553
2025-06-25T00:00:00+00:00,22.0,95.0,100.0,Bay of Bengal,-0.19746,-0.28223,0.34445
2025-06-25T00:00:00+00:00,22.0,96.0,100.0,Bay of Bengal,-0.19353,-0.28156,0.34166
2025-06-25T00:00:00+00:00,22.0,97.0,100.0,Bay of Bengal,-0.18744,-0.28073,0.33755
2025-06-25T00:00:00+00:00,22.0,98.0,100.0,Bay of Bengal,-0.18006,-0.27972,0.33266
2025-06-28T00:00:00+00:00,6.0,80.0,0.0,Bay of Bengal,-0.12672,-0.3297,0.35322
2025-06-28T00:00:00+00:00,6.0,81.0,0.0,Bay of Bengal,-0.12786,-0.33205,0.35582
2025-06-28T00:00:00+00:00,6.0,82.0,0.0,Bay of Bengal,-0.12917,-0.3342,0.3583
2025-06-28T00:00:00+00:00,6.0,83.0,0.0,Bay of Bengal,-0.13065,-0.33616,0.36065
2025-06-28T00:00:00+00:00,6.0,84.0,0.0,Bay of Bengal,-0.13228,-0.3379,0.36287
2025-06-28T00:00:00+00:00,6.0,85.0,0.0,Bay of Bengal,-0.13404,-0.33944,0.36495
2025-06-28T00:00:00+00:00,6.0,86.0,0.0,Bay of Bengal,-0.1359,-0.34077,0.36687
2025-06-28T00:00:00+00:00,6.0,87.0,0.0,Bay of Bengal,-0.13786,-0.34188,0.36863
2025-06-28T00:00:00+00:00,6.0,88.0,0.0,Bay of Bengal,-0.13988,-0.34277,0.37022
2025-06-28T00:00:00+00:00,6.0,89.0,0.0,Bay of Bengal,-0.14195,-0.34345,0.37163
2025-06-28T00:00:00+00:00,6.0,90.0,0.0,Bay of Bengal,-0.14404,-0.34391,0.37285
2025-06-28T00:00:00+00:00,6.0,91.0,0.0,Bay of Bengal,-0.14613,-0.34415,0.37388
2025-06-28T00:00:00+00:00,6.0,92.0,0.0,Bay of Bengal,-0.14819,-0.34416,0.37471
2025-06-28T00:00:00+00:00,6.0,93.0,0.0,Bay of Bengal,-0.15022,-0.34396,0.37533
2025-06-28T00:00:00+00:00,6.0,94.0,0.0,Bay of Bengal,-0.15217,-0.34354,0.37574
2025-06-28T00:00:00+00:00,6.0,95.0,0.0,Bay of Bengal,-0.15404,-0.34291,0.37592
2025-06-28T00:00:00+00:00,6.0,96.0,0.0,Bay of Bengal,-0.15579,-0.34206,0.37587
2025-06-28T00:00:00+00:00,6.0,97.0,0.0,Bay of Bengal,-0.15742,-0.341,0.37558
2025-06-28T00:00:00+00:00,6.0,98.0,0.0,Bay of Bengal,-0.1589,-0.33974,0.37506
2025-06-28T00:00:00+00:00,7.0,80.0,0.0,Bay of Bengal,-0.15394,-0.33005,0.36419
2025-06-28T00:00:00+00:00,7.0,81.0,0.0,Bay of Bengal,-0.15618,-0.3324,0.36726
2025-06-28T00:00:00+00:00,7.0,82.0,0.0,Bay of Bengal,-0.15828,-0.33455,0.3701
2025-06-28T00:00:00+00:00,7.0,83.0,0.0,Bay of Bengal,-0.16022,-0.3365,0.3727
2025-06-28T00:00:00+00:00,7.0,84.0,0.0,Bay of Bengal,-0.16196,-0.33825,0.37503
2025-06-28T00:00:00+00:00,7.0,85.0,0.0,Bay of Bengal,-0.16348,-0.33979,0.37707
2025-06-28T00:00:00+00:00,7.0,86.0,0.0,Bay of Bengal,-0.16475,-0.34112,0.37882
2025-06-28T00:00:00+00:00,7.0,87.0,0.0,Bay of Bengal,-0.16577,-0.34223,0.38026
2025-06-28T00:00:00+00:00,7.0,88.0,0.0,Bay of Bengal,-0.1665,-0.34312,0.38139
2025-06-28T00:00:00+00:00,7.0,89.0,0.0,Bay of Bengal,-0.16695,-0.3438,0.38219
2025-06-28T00:00:00+00:00,7.0,90.0,0.0,Bay of Bengal,-0.1671,-0.34426,0.38267
2025-06-28T00:00:00+00:00,7.0,91.0,0.0,Bay of Bengal,-0.16695,-0.34449,0.38281
2025-06-28T00:00:00+00:00,7.0,92.0,0.0,Bay of Bengal,-0.1665,-0.34451,0.38263
2025-06-28T00:00:00+00:00,7.0,93.0,0.0,Bay of Bengal,-0.16577,-0.34431,0.38213
2025-06-28T00:00:00+00:00,7.0,94.0,0.0,Bay of Bengal,-0.16475,-0.34389,0.38132
2025-06-28T00:00:00+00:00,7.0,95.0,0.0,Bay of Bengal,-0.16348,-0.34325,0.38019
2025-06-28T00:00:00+00:00,7.0,96.0,0.0,Bay of Bengal,-0.16196,-0.3424,0.37877
2025-06-28T00:00:00+00:00,7.0,97.0,0.0,Bay of Bengal,-0.16022,-0.34134,0.37707
2025-06-28T00:00:00+00:00,7.0,98.0,0.0,Bay of Bengal,-0.15828,-0.34008,0.37511
2025-06-28T00:00:00+00:00,8.0,80.0,0.0,Bay of Bengal,-0.17028,-0.3304,0.3717
2025-06-28T00:00:00+00:00,8.0,81.0,0.0,Bay of Bengal,-0.16961,-0.33275,0.37348
2025-06-28T00:00:00+00:00,8.0,82.0,0.0,Bay of Bengal,-0.16856,-0.3349,0.37493
2025-06-28T00:00:00+00:00,8.0,83.0,0.0,Bay of Bengal,-0.16717,-0.33685,0.37605
2025-06-28T00:00:00+00:00,8.0,84.0,0.0,Bay of Bengal,-0.16545,-0.3386,0.37686
2025-06-28T00:00:00+00:00,8.0,85.0,0.0,Bay of Bengal,-0.16344,-0.34014,0.37737
2025-06-28T00:00:00+00:00,8.0,86.0,0.0,Bay of Bengal,-0.16118,-0.34146,0.3776
2025-06-28T00:00:00+00:00,8.0,87.0,0.0,Bay of Bengal,-0.15872,-0.34258,0.37756
2025-06-28T00:00:00+00:00,8.0,88.0,0.0,Bay of Bengal,-0.1561,-0.34347,0.37728
2025-06-28T00:00:00+00:00,8.0,89.0,0.0,Bay of Bengal,-0.15337,-0.34415,0.37677
2025-06-28T00:00:00+00:00,8.0,90.0,0.0,Bay of Bengal,-0.15059,-0.3446,0.37607
2025-06-28T00:00:00+00:00,8.0,91.0,0.0,Bay of Bengal,-0.1478,-0.34484,0.37518
2025-06-28T00:00:00+00:00,8.0,92.0,0.0,Bay of Bengal,-0.14507,-0.34485,0.37412
2025-06-28T00:00:00+00:00,8.0,93.0,0.0,Bay of Bengal,-0.14245,-0.34465,0.37293
2025-06-28T00:00:00+00:00,8.0,94.0,0.0,Bay of Bengal,-0.13999,-0.34423,0.3716
2025-06-28T00:00:00+00:00,8.0,95.0,0.0,Bay of Bengal,-0.13773,-0.34359,0.37017
2025-06-28T00:00:00+00:00,8.0,96.0,0.0,Bay of Bengal,-0.13572,-0.34274,0.36864
2025-06-28T00:00:00+00:00,8.0,97.0,0.0,Bay of Bengal,-0.134,-0.34168,0.36702
2025-06-28T00:00:00+00:00,8.0,98.0,0.0,Bay of Bengal,-0.13261,-0.34041,0.36533
2025-06-28T00:00:00+00:00,9.0,80.0,0.0,Bay of Bengal,-0.15449,-0.33075,0.36505
2025-06-28T00:00:00+00:00,9.0,81.0,0.0,Bay of Bengal,-0.15136,-0.3331,0.36587
2025-06-28T00:00:00+00:00,9.0,82.0,0.0,Bay of Bengal,-0.14831,-0.33525,0.36659
2025-06-28T00:00:00+00:00,9.0,83.0,0.0,Bay of Bengal,-0.14541,-0.3372,0.36722
2025-06-28T00:00:00+00:00,9.0,84.0,0.0,Bay of Bengal,-0.14273,-0.33895,0.36778
2025-06-28T00:00:00+00:00,9.0,85.0,0.0,Bay of Bengal,-0.14035,-0.34049,0.36828
2025-06-28T00:00:00+00:00,9.0,86.0,0.0,Bay of Bengal,-0.13831,-0.34181,0.36873
2025-06-28T00:00:00+00:00,9.0,87.0,0.0,Bay of Bengal,-0.13667,-0.34292,0.36915
2025-06-28T00:00:00+00:00,9.0,88.0,0.0,Bay of Bengal,-0.13547,-0.34382,0.36954
2025-06-28T00:00:00+00:00,9.0,89.0,0.0,Bay of Bengal,-0.13473,-0.34449,0.3699
2025-06-28T00:00:00+00:00,9.0,90.0,0.0,Bay of Bengal,-0.13449,-0.34495,0.37024
2025-06-28T00:00:00+00:00,9.0,91.0,0.0,Bay of Bengal,-0.13473,-0.34518,0.37054
2025-06-28T00:00:00+00:00,9.0,92.0,0.0,Bay of Bengal,-0.13547,-0.3452,0.37083
2025-06-28T00:00:00+00:00,9.0,93.0,0.0,Bay of Bengal,-0.13667,-0.34499,0.37108
2025-06-28T00:00:00+00:00,9.0,94.0,0.0,Bay of Bengal,-0.13831,-0.34457,0.37129
2025-06-28T00:00:00+00:00,9.0,95.0,0.0,Bay of Bengal,-0.14035,-0.34393,0.37146
2025-06-28T00:00:00+00:00,9.0,96.0,0.0,Bay of Bengal,-0.14273,-0.34308,0.37159
2025-06-28T00:00:00+00:00,9.0,97.0,0.0,Bay of Bengal,-0.14541,-0.34202,0.37164
2025-06-28T00:00:00+00:00,9.0,98.0,0.0,Bay of Bengal,-0.14831,-0.34075,0.37162
2025-06-28T00:00:00+00:00,10.0,80.0,0.0,Bay of Bengal,-0.13909,-0.3311,0.35913
2025-06-28T00:00:00+00:00,10.0,81.0,0.0,Bay of Bengal,-0.13879,-0.33345,0.36118
2025-06-28T00:00:00+00:00,10.0,82.0,0.0,Bay of Bengal,-0.13909,-0.3356,0.36328
2025-06-28T00:00:00+00:00,10.0,83.0,0.0,Bay of Bengal,-0.13999,-0.33755,0.36543
2025-06-28T00:00:00+00:00,10.0,84.0,0.0,Bay of Bengal,-0.14147,-0.3393,0.36761
2025-06-28T00:00:00+00:00,10.0,85.0,0.0,Bay of Bengal,-0.14347,-0.34083,0.3698
2025-06-28T00:00:00+00:00,10.0,86.0,0.0,Bay of Bengal,-0.14593,-0.34216,0.37198
2025-06-28T00:00:00+00:00,10.0,87.0,0.0,Bay of Bengal,-0.14879,-0.34327,0.37413
2025-06-28T00:00:00+00:00,10.0,88.0,0.0,Bay of Bengal,-0.15195,-0.34416,0.37621
2025-06-28T00:00:00+00:00,10.0,89.0,0.0,Bay of Bengal,-0.15531,-0.34484,0.3782
2025-06-28T00:00:00+00:00,10.0,90.0,0.0,Bay of Bengal,-0.15879,-0.34529,0.38005
2025-06-28T00:00:00+00:00,10.0,91.0,0.0,Bay of Bengal,-0.16226,-0.34552,0.38173
2025-06-28T00:00:00+00:00,10.0,92.0,0.0,Bay of Bengal,-0.16563,-0.34554,0.38318
2025-06-28T00:00:00+00:00,10.0,93.0,0.0,Bay of Bengal,-0.16879,-0.34533,0.38437
2025-06-28T00:00:00+00:00,10.0,94.0,0.0,Bay of Bengal,-0.17164,-0.34491,0.38526
2025-06-28T00:00:00+00:00,10.0,95.0,0.0,Bay of Bengal,-0.17411,-0.34427,0.38579
2025-06-28T00:00:00+00:00,10.0,96.0,0.0,Bay of Bengal,-0.17611,-0.34341,0.38594
2025-06-28T00:00:00+00:00,10.0,97.0,0.0,Bay of Bengal,-0.17758,-0.34235,0.38567
2025-06-28T00:00:00+00:00,10.0,98.0,0.0,Bay of Bengal,-0.17848,-0.34108,0.38496
2025-06-28T00:00:00+00:00,11.0,80.0,0.0,Bay of Bengal,-0.15662,-0.33145,0.36659
2025-06-28T00:00:00+00:00,11.0,81.0,0.0,Bay of Bengal,-0.16033,-0.3338,0.3703
2025-06-28T00:00:00+00:00,11.0,82.0,0.0,Bay of Bengal,-0.16415,-0.33595,0.37391
2025-06-28T00:00:00+00:00,11.0,83.0,0.0,Bay of Bengal,-0.16796,-0.3379,0.37734
2025-06-28T00:00:00+00:00,11.0,84.0,0.0,Bay of Bengal,-0.17159,-0.33965,0.38053
2025-06-28T00:00:00+00:00,11.0,85.0,0.0,Bay of Bengal,-0.17493,-0.34118,0.38341
2025-06-28T00:00:00+00:00,11.0,86.0,0.0,Bay of Bengal,-0.17784,-0.34251,0.38593
2025-06-28T00:00:00+00:00,11.0,87.0,0.0,Bay of Bengal,-0.18023,-0.34362,0.38801
2025-06-28T00:00:00+00:00,11.0,88.0,0.0,Bay of Bengal,-0.182,-0.34451,0.38963
2025-06-28T00:00:00+00:00,11.0,89.0,0.0,Bay of Bengal,-0.18309,-0.34518,0.39073
2025-06-28T00:00:00+00:00,11.0,90.0,0.0,Bay of Bengal,-0.18346,-0.34563,0.3913
2025-06-28T00:00:00+00:00,11.0,91.0,0.0,Bay of Bengal,-0.18309,-0.34587,0.39134
2025-06-28T00:00:00+00:00,11.0,92.0,0.0,Bay of Bengal,-0.182,-0.34588,0.39084
2025-06-28T00:00:00+00:00,11.0,93.0,0.0,Bay of Bengal,-0.18023,-0.34567,0.38984
2025-06-28T00:00:00+00:00,11.0,94.0,0.0,Bay of Bengal,-0.17784,-0.34525,0.38836
2025-06-28T00:00:00+00:00,11.0,95.0,0.0,Bay of Bengal,-0.17493,-0.3446,0.38646
2025-06-28T00:00:00+00:00,11.0,96.0,0.0,Bay of Bengal,-0.17159,-0.34375,0.3842
2025-06-28T00:00:00+00:00,11.0,97.0,0.0,Bay of Bengal,-0.16796,-0.34268,0.38163
2025-06-28T00:00:00+00:00,11.0,98.0,0.0,Bay of Bengal,-0.16415,-0.34141,0.37883
2025-06-28T00:00:00+00:00,12.0,80.0,0.0,Bay of Bengal,-0.1858,-0.3318,0.38028
2025-06-28T00:00:00+00:00,12.0,81.0,0.0,Bay of Bengal,-0.1875,-0.33414,0.38316
2025-06-28T00:00:00+00:00,12.0,82.0,0.0,Bay of Bengal,-0.18837,-0.3363,0.38546
2025-06-28T00:00:00+00:00,12.0,83.0,0.0,Bay of Bengal,-0.18837,-0.33825,0.38716
2025-06-28T00:00:00+00:00,12.0,84.0,0.0,Bay of Bengal,-0.1875,-0.33999,0.38827
2025-06-28T00:00:00+00:00,12.0,85.0,0.0,Bay of Bengal,-0.1858,-0.34153,0.3888
2025-06-28T00:00:00+00:00,12.0,86.0,0.0,Bay of Bengal,-0.18334,-0.34285,0.3888
2025-06-28T00:00:00+00:00,12.0,87.0,0.0,Bay of Bengal,-0.18023,-0.34396,0.38832
2025-06-28T00:00:00+00:00,12.0,88.0,0.0,Bay of Bengal,-0.17661,-0.34485,0.38745
2025-06-28T00:00:00+00:00,12.0,89.0,0.0,Bay of Bengal,-0.17264,-0.34552,0.38625
2025-06-28T00:00:00+00:00,12.0,90.0,0.0,Bay of Bengal,-0.16848,-0.34598,0.38482
2025-06-28T00:00:00+00:00,12.0,91.0,0.0,Bay of Bengal,-0.16432,-0.34621,0.38322
2025-06-28T00:00:00+00:00,12.0,92.0,0.0,Bay of Bengal,-0.16034,-0.34622,0.38155
2025-06-28T00:00:00+00:00,12.0,93.0,0.0,Bay of Bengal,-0.15672,-0.34601,0.37985
2025-06-28T00:00:00+00:00,12.0,94.0,0.0,Bay of Bengal,-0.15361,-0.34558,0.37819
2025-06-28T00:00:00+00:00,12.0,95.0,0.0,Bay of Bengal,-0.15116,-0.34494,0.37661
2025-06-28T00:00:00+00:00,12.0,96.0,0.0,Bay of Bengal,-0.14946,-0.34408,0.37514
2025-06-28T00:00:00+00:00,12.0,97.0,0.0,Bay of Bengal,-0.14859,-0.34302,0.37382
2025-06-28T00:00:00+00:00,12.0,98.0,0.0,Bay of Bengal,-0.14859,-0.34174,0.37265
2025-06-28T00:00:00+00:00,13.0,80.0,0.0,Bay of Bengal,-0.18668,-0.33215,0.38101
2025-06-28T00:00:00+00:00,13.0,81.0,0.0,Bay of Bengal,-0.1829,-0.33449,0.38123
2025-06-28T00:00:00+00:00,13.0,82.0,0.0,Bay of Bengal,-0.17866,-0.33664,0.38112
2025-06-28T00:00:00+00:00,13.0,83.0,0.0,Bay of Bengal,-0.17417,-0.33859,0.38077
2025-06-28T00:00:00+00:00,13.0,84.0,0.0,Bay of Bengal,-0.16967,-0.34034,0.38029
2025-06-28T00:00:00+00:00,13.0,85.0,0.0,Bay of Bengal,-0.16537,-0.34188,0.37977
2025-06-28T00:00:00+00:00,13.0,86.0,0.0,Bay of Bengal,-0.16151,-0.3432,0.3793
2025-06-28T00:00:00+00:00,13.0,87.0,0.0,Bay of Bengal,-0.15828,-0.34431,0.37895
2025-06-28T00:00:00+00:00,13.0,88.0,0.0,Bay of Bengal,-0.15585,-0.3452,0.37875
2025-06-28T00:00:00+00:00,13.0,89.0,0.0,Bay of Bengal,-0.15434,-0.34587,0.37874
2025-06-28T00:00:00+00:00,13.0,90.0,0.0,Bay of Bengal,-0.15382,-0.34632,0.37894
2025-06-28T00:00:00+00:00,13.0,91.0,0.0,Bay of Bengal,-0.15434,-0.34655,0.37936
2025-06-28T00:00:00+00:00,13.0,92.0,0.0,Bay of Bengal,-0.15585,-0.34656,0.37999
2025-06-28T00:00:00+00:00,13.0,93.0,0.0,Bay of Bengal,-0.15828,-0.34635,0.3808
2025-06-28T00:00:00+00:00,13.0,94.0,0.0,Bay of Bengal,-0.16151,-0.34592,0.38176
2025-06-28T00:00:00+00:00,13.0,95.0,0.0,Bay of Bengal,-0.16537,-0.34527,0.38283
2025-06-28T00:00:00+00:00,13.0,96.0,0.0,Bay of Bengal,-0.16967,-0.34441,0.38394
2025-06-28T00:00:00+00:00,13.0,97.0,0.0,Bay of Bengal,-0.17417,-0.34334,0.385
2025-06-28T00:00:00+00:00,13.0,98.0,0.0,Bay of Bengal,-0.17866,-0.34207,0.38592
2025-06-28T00:00:00+00:00,14.0,80.0,0.0,Bay of Bengal,-0.16662,-0.33249,0.37191
2025-06-28T00:00:00+00:00,14.0,81.0,0.0,Bay of Bengal,-0.16329,-0.33484,0.37254
2025-06-28T00:00:00+00:00,14.0,82.0,0.0,Bay of Bengal,-0.16093,-0.33699,0.37345
2025-06-28T00:00:00+00:00,14.0,83.0,0.0,Bay of Bengal,-0.15967,-0.33894,0.37467
2025-06-28T00:00:00+00:00,14.0,84.0,0.0,Bay of Bengal,-0.15958,-0.34069,0.37621
2025-06-28T00:00:00+00:00,14.0,85.0,0.0,Bay of Bengal,-0.16068,-0.34222,0.37806
2025-06-28T00:00:00+00:00,14.0,86.0,0.0,Bay of Bengal,-0.16289,-0.34354,0.3802
2025-06-28T00:00:00+00:00,14.0,87.0,0.0,Bay of Bengal,-0.16609,-0.34465,0.38258
2025-06-28T00:00:00+00:00,14.0,88.0,0.0,Bay of Bengal,-0.17008,-0.34554,0.38513
2025-06-28T00:00:00+00:00,14.0,89.0,0.0,Bay of Bengal,-0.17463,-0.34621,0.38776
2025-06-28T00:00:00+00:00,14.0,90.0,0.0,Bay of Bengal,-0.17947,-0.34666,0.39036
2025-06-28T00:00:00+00:00,14.0,91.0,0.0,Bay of Bengal,-0.18431,-0.34688,0.39281
2025-06-28T00:00:00+00:00,14.0,92.0,0.0,Bay of Bengal,-0.18886,-0.34689,0.39497
2025-06-28T00:00:00+00:00,14.0,93.0,0.0,Bay of Bengal,-0.19285,-0.34668,0.39671
2025-06-28T00:00:00+00:00,14.0,94.0,0.0,Bay of Bengal,-0.19605,-0.34625,0.3979
2025-06-28T00:00:00+00:00,14.0,95.0,0.0,Bay of Bengal,-0.19827,-0.3456,0.39844
2025-06-28T00:00:00+00:00,14.0,96.0,0.0,Bay of Bengal,-0.19936,-0.34474,0.39824
2025-06-28T00:00:00+00:00,14.0,97.0,0.0,Bay of Bengal,-0.19928,-0.34367,0.39727
2025-06-28T00:00:00+00:00,14.0,98.0,0.0,Bay of Bengal,-0.19801,-0.34239,0.39553
2025-06-28T00:00:00+00:00,15.0,80.0,0.0,Bay of Bengal,-0.16807,-0.33284,0.37287
2025-06-28T00:00:00+00:00,15.0,81.0,0.0,Bay of Bengal,-0.17125,-0.33519,0.3764
2025-06-28T00:00:00+00:00,15.0,82.0,0.0,Bay of Bengal,-0.17539,-0.33734,0.38021
2025-06-28T00:00:00+00:00,15.0,83.0,0.0,Bay of Bengal,-0.18021,-0.33929,0.38418
2025-06-28T00:00:00+00:00,15.0,84.0,0.0,Bay of Bengal,-0.18539,-0.34103,0.38816
2025-06-28T00:00:00+00:00,15.0,85.0,0.0,Bay of Bengal,-0.19057,-0.34256,0.392
2025-06-28T00:00:00+00:00,15.0,86.0,0.0,Bay of Bengal,-0.19539,-0.34389,0.39552
2025-06-28T00:00:00+00:00,15.0,87.0,0.0,Bay of Bengal,-0.19953,-0.34499,0.39854
2025-06-28T00:00:00+00:00,15.0,88.0,0.0,Bay of Bengal,-0.20271,-0.34588,0.4009
2025-06-28T00:00:00+00:00,15.0,89.0,0.0,Bay of Bengal,-0.20471,-0.34655,0.40249
2025-06-28T00:00:00+00:00,15.0,90.0,0.0,Bay of Bengal,-0.20539,-0.34699,0.40322
2025-06-28T00:00:00+00:00,15.0,91.0,0.0,Bay of Bengal,-0.20471,-0.34722,0.40307
2025-06-28T00:00:00+00:00,15.0,92.0,0.0,Bay of Bengal,-0.20271,-0.34723,0.40207
2025-06-28T00:00:00+00:00,15.0,93.0,0.0,Bay of Bengal,-0.19953,-0.34701,0.40029
2025-06-28T00:00:00+00:00,15.0,94.0,0.0,Bay of Bengal,-0.19539,-0.34658,0.39786
2025-06-28T00:00:00+00:00,15.0,95.0,0.0,Bay of Bengal,-0.19057,-0.34593,0.39495
2025-06-28T00:00:00+00:00,15.0,96.0,0.0,Bay of Bengal,-0.18539,-0.34507,0.39172
2025-06-28T00:00:00+00:00,15.0,97.0,0.0,Bay of Bengal,-0.18021,-0.344,0.38834
2025-06-28T00:00:00+00:00,15.0,98.0,0.0,Bay of Bengal,-0.17539,-0.34272,0.38499
2025-06-28T00:00:00+00:00,16.0,80.0,0.0,Bay of Bengal,-0.19839,-0.33319,0.38778
2025-06-28T00:00:00+00:00,16.0,81.0,0.0,Bay of Bengal,-0.20331,-0.33554,0.39232
2025-06-28T00:00:00+00:00,16.0,82.0,0.0,Bay of Bengal,-0.20731,-0.33768,0.39624
2025-06-28T00:00:00+00:00,16.0,83.0,0.0,Bay of Bengal,-0.2101,-0.33963,0.39936
2025-06-28T00:00:00+00:00,16.0,84.0,0.0,Bay of Bengal,-0.21144,-0.34138,0.40155
2025-06-28T00:00:00+00:00,16.0,85.0,0.0,Bay of Bengal,-0.21125,-0.34291,0.40276
2025-06-28T00:00:00+00:00,16.0,86.0,0.0,Bay of Bengal,-0.20953,-0.34423,0.40298
2025-06-28T00:00:00+00:00,16.0,87.0,0.0,Bay of Bengal,-0.20642,-0.34533,0.40232
2025-06-28T00:00:00+00:00,16.0,88.0,0.0,Bay of Bengal,-0.20215,-0.34622,0.40091
2025-06-28T00:00:00+00:00,16.0,89.0,0.0,Bay of Bengal,-0.19707,-0.34688,0.39895
2025-06-28T00:00:00+00:00,16.0,90.0,0.0,Bay of Bengal,-0.19155,-0.34733,0.39665
2025-06-28T00:00:00+00:00,16.0,91.0,0.0,Bay of Bengal,-0.18604,-0.34756,0.39422
2025-06-28T00:00:00+00:00,16.0,92.0,0.0,Bay of Bengal,-0.18095,-0.34756,0.39185
2025-06-28T00:00:00+00:00,16.0,93.0,0.0,Bay of Bengal,-0.17669,-0.34734,0.3897
2025-06-28T00:00:00+00:00,16.0,94.0,0.0,Bay of Bengal,-0.17358,-0.34691,0.38791
2025-06-28T00:00:00+00:00,16.0,95.0,0.0,Bay of Bengal,-0.17186,-0.34626,0.38656
2025-06-28T00:00:00+00:00,16.0,96.0,0.0,Bay of Bengal,-0.17166,-0.34539,0.3857
2025-06-28T00:00:00+00:00,16.0,97.0,0.0,Bay of Bengal,-0.17301,-0.34432,0.38534
2025-06-28T00:00:00+00:00,16.0,98.0,0.0,Bay of Bengal,-0.17579,-0.34304,0.38546
2025-06-28T00:00:00+00:00,17.0,80.0,0.0,Bay of Bengal,-0.21763,-0.33354,0.39826
2025-06-28T00:00:00+00:00,17.0,81.0,0.0,Bay of Bengal,-0.21575,-0.33588,0.3992
2025-06-28T00:00:00+00:00,17.0,82.0,0.0,Bay of Bengal,-0.21232,-0.33803,0.39918
2025-06-28T00:00:00+00:00,17.0,83.0,0.0,Bay of Bengal,-0.20763,-0.33998,0.39836
2025-06-28T00:00:00+00:00,17.0,84.0,0.0,Bay of Bengal,-0.20209,-0.34172,0.397
2025-06-28T00:00:00+00:00,17.0,85.0,0.0,Bay of Bengal,-0.19619,-0.34325,0.39536
2025-06-28T00:00:00+00:00,17.0,86.0,0.0,Bay of Bengal,-0.19044,-0.34457,0.39369
2025-06-28T00:00:00+00:00,17.0,87.0,0.0,Bay of Bengal,-0.18534,-0.34567,0.39223
2025-06-28T00:00:00+00:00,17.0,88.0,0.0,Bay of Bengal,-0.18135,-0.34656,0.39114
2025-06-28T00:00:00+00:00,17.0,89.0,0.0,Bay of Bengal,-0.1788,-0.34722,0.39055
2025-06-28T00:00:00+00:00,17.0,90.0,0.0,Bay of Bengal,-0.17793,-0.34767,0.39055
2025-06-28T00:00:00+00:00,17.0,91.0,0.0,Bay of Bengal,-0.1788,-0.34789,0.39115
2025-06-28T00:00:00+00:00,17.0,92.0,0.0,Bay of Bengal,-0.18135,-0.34789,0.39232
2025-06-28T00:00:00+00:00,17.0,93.0,0.0,Bay of Bengal,-0.18534,-0.34767,0.39399
2025-06-28T00:00:00+00:00,17.0,94.0,0.0,Bay of Bengal,-0.19044,-0.34724,0.39603
2025-06-28T00:00:00+00:00,17.0,95.0,0.0,Bay of Bengal,-0.19619,-0.34658,0.39826
2025-06-28T00:00:00+00:00,17.0,96.0,0.0,Bay of Bengal,-0.20209,-0.34572,0.40045
2025-06-28T00:00:00+00:00,17.0,97.0,0.0,Bay of Bengal,-0.20763,-0.34464,0.40235
2025-06-28T00:00:00+00:00,17.0,98.0,0.0,Bay of Bengal,-0.21232,-0.34335,0.4037
2025-06-28T00:00:00+00:00,18.0,80.0,0.0,Bay of Bengal,-0.20449,-0.33388,0.39153
2025-06-28T00:00:00+00:00,18.0,81.0,0.0,Bay of Bengal,-0.19831,-0.33623,0.39035
2025-06-28T00:00:00+00:00,18.0,82.0,0.0,Bay of Bengal,-0.19273,-0.33837,0.38941
2025-06-28T00:00:00+00:00,18.0,83.0,0.0,Bay of Bengal,-0.18831,-0.34032,0.38894
2025-06-28T00:00:00+00:00,18.0,84.0,0.0,Bay of Bengal,-0.18547,-0.34206,0.38911
2025-06-28T00:00:00+00:00,18.0,85.0,0.0,Bay of Bengal,-0.18449,-0.34359,0.38999
2025-06-28T00:00:00+00:00,18.0,86.0,0.0,Bay of Bengal,-0.18547,-0.34491,0.39161
2025-06-28T00:00:00+00:00,18.0,87.0,0.0,Bay of Bengal,-0.18831,-0.34601,0.39393
2025-06-28T00:00:00+00:00,18.0,88.0,0.0,Bay of Bengal,-0.19273,-0.34689,0.39684
2025-06-28T00:00:00+00:00,18.0,89.0,0.0,Bay of Bengal,-0.19831,-0.34756,0.40015
2025-06-28T00:00:00+00:00,18.0,90.0,0.0,Bay of Bengal,-0.20449,-0.348,0.40363
2025-06-28T00:00:00+00:00,18.0,91.0,0.0,Bay of Bengal,-0.21067,-0.34822,0.40699
2025-06-28T00:00:00+00:00,18.0,92.0,0.0,Bay of Bengal,-0.21624,-0.34822,0.4099
2025-06-28T00:00:00+00:00,18.0,93.0,0.0,Bay of Bengal,-0.22067,-0.348,0.41207
2025-06-28T00:00:00+00:00,18.0,94.0,0.0,Bay of Bengal,-0.22351,-0.34756,0.41323
2025-06-28T00:00:00+00:00,18.0,95.0,0.0,Bay of Bengal,-0.22449,-0.34691,0.41321
2025-06-28T00:00:00+00:00,18.0,96.0,0.0,Bay of Bengal,-0.22351,-0.34604,0.41194
2025-06-28T00:00:00+00:00,18.0,97.0,0.0,Bay of Bengal,-0.22067,-0.34496,0.4095
2025-06-28T00:00:00+00:00,18.0,98.0,0.0,Bay of Bengal,-0.21624,-0.34367,0.40604
2025-06-28T00:00:00+00:00,19.0,80.0,0.0,Bay of Bengal,-0.1915,-0.33423,0.3852
2025-06-28T00:00:00+00:00,19.0,81.0,0.0,Bay of Bengal,-0.19144,-0.33657,0.38721
2025-06-28T00:00:00+00:00,19.0,82.0,0.0,Bay of Bengal,-0.19354,-0.33872,0.39011
2025-06-28T00:00:00+00:00,19.0,83.0,0.0,Bay of Bengal,-0.19756,-0.34066,0.3938
2025-06-28T00:00:00+00:00,19.0,84.0,0.0,Bay of Bengal,-0.20306,-0.3424,0.39809
2025-06-28T00:00:00+00:00,19.0,85.0,0.0,Bay of Bengal,-0.20946,-0.34393,0.40269
2025-06-28T00:00:00+00:00,19.0,86.0,0.0,Bay of Bengal,-0.21604,-0.34525,0.40727
2025-06-28T00:00:00+00:00,19.0,87.0,0.0,Bay of Bengal,-0.22209,-0.34635,0.41144
2025-06-28T00:00:00+00:00,19.0,88.0,0.0,Bay of Bengal,-0.22696,-0.34723,0.41482
2025-06-28T00:00:00+00:00,19.0,89.0,0.0,Bay of Bengal,-0.23011,-0.34789,0.4171
2025-06-28T00:00:00+00:00,19.0,90.0,0.0,Bay of Bengal,-0.2312,-0.34833,0.41807
2025-06-28T00:00:00+00:00,19.0,91.0,0.0,Bay of Bengal,-0.23011,-0.34855,0.41766
2025-06-28T00:00:00+00:00,19.0,92.0,0.0,Bay of Bengal,-0.22696,-0.34855,0.41593
2025-06-28T00:00:00+00:00,19.0,93.0,0.0,Bay of Bengal,-0.22209,-0.34832,0.4131
2025-06-28T00:00:00+00:00,19.0,94.0,0.0,Bay of Bengal,-0.21604,-0.34788,0.40951
2025-06-28T00:00:00+00:00,19.0,95.0,0.0,Bay of Bengal,-0.20946,-0.34723,0.40551
2025-06-28T00:00:00+00:00,19.0,96.0,0.0,Bay of Bengal,-0.20306,-0.34635,0.40149
2025-06-28T00:00:00+00:00,19.0,97.0,0.0,Bay of Bengal,-0.19756,-0.34527,0.3978
2025-06-28T00:00:00+00:00,19.0,98.0,0.0,Bay of Bengal,-0.19354,-0.34398,0.39469
2025-06-28T00:00:00+00:00,20.0,80.0,0.0,Bay of Bengal,-0.21119,-0.33457,0.39565
2025-06-28T00:00:00+00:00,20.0,81.0,0.0,Bay of Bengal,-0.21803,-0.33691,0.40131
2025-06-28T00:00:00+00:00,20.0,82.0,0.0,Bay of Bengal,-0.22487,-0.33906,0.40685
2025-06-28T00:00:00+00:00,20.0,83.0,0.0,Bay of Bengal,-0.23088,-0.341,0.41181
2025-06-28T00:00:00+00:00,20.0,84.0,0.0,Bay of Bengal,-0.23535,-0.34274,0.41576
2025-06-28T00:00:00+00:00,20.0,85.0,0.0,Bay of Bengal,-0.23772,-0.34427,0.41837
2025-06-28T00:00:00+00:00,20.0,86.0,0.0,Bay of Bengal,-0.23772,-0.34558,0.41945
2025-06-28T00:00:00+00:00,20.0,87.0,0.0,Bay of Bengal,-0.23535,-0.34668,0.41902
2025-06-28T00:00:00+00:00,20.0,88.0,0.0,Bay of Bengal,-0.23088,-0.34756,0.41726
2025-06-28T00:00:00+00:00,20.0,89.0,0.0,Bay of Bengal,-0.22487,-0.34822,0.41451
2025-06-28T00:00:00+00:00,20.0,90.0,0.0,Bay of Bengal,-0.21803,-0.34866,0.41121
2025-06-28T00:00:00+00:00,20.0,91.0,0.0,Bay of Bengal,-0.21119,-0.34888,0.40782
2025-06-28T00:00:00+00:00,20.0,92.0,0.0,Bay of Bengal,-0.20517,-0.34887,0.40473
2025-06-28T00:00:00+00:00,20.0,93.0,0.0,Bay of Bengal,-0.20071,-0.34865,0.40229
2025-06-28T00:00:00+00:00,20.0,94.0,0.0,Bay of Bengal,-0.19833,-0.3482,0.40073
2025-06-28T00:00:00+00:00,20.0,95.0,0.0,Bay of Bengal,-0.19833,-0.34754,0.40015
2025-06-28T00:00:00+00:00,20.0,96.0,0.0,Bay of Bengal,-0.20071,-0.34667,0.40058
2025-06-28T00:00:00+00:00,20.0,97.0,0.0,Bay of Bengal,-0.20517,-0.34558,0.4019
2025-06-28T00:00:00+00:00,20.0,98.0,0.0,Bay of Bengal,-0.21119,-0.34429,0.4039
2025-06-28T00:00:00+00:00,21.0,80.0,0.0,Bay of Bengal,-0.24226,-0.33492,0.41335
2025-06-28T00:00:00+00:00,21.0,81.0,0.0,Bay of Bengal,-0.24469,-0.33726,0.41667
2025-06-28T00:00:00+00:00,21.0,82.0,0.0,Bay of Bengal,-0.2445,-0.3394,0.4183
2025-06-28T00:00:00+00:00,21.0,83.0,0.0,Bay of Bengal,-0.24171,-0.34134,0.41826
2025-06-28T00:00:00+00:00,21.0,84.0,0.0,Bay of Bengal,-0.23669,-0.34308,0.41681
2025-06-28T00:00:00+00:00,21.0,85.0,0.0,Bay of Bengal,-0.23011,-0.3446,0.41437
2025-06-28T00:00:00+00:00,21.0,86.0,0.0,Bay of Bengal,-0.22285,-0.34592,0.41148
2025-06-28T00:00:00+00:00,21.0,87.0,0.0,Bay of Bengal,-0.21586,-0.34701,0.40867
2025-06-28T00:00:00+00:00,21.0,88.0,0.0,Bay of Bengal,-0.21007,-0.34789,0.4064
2025-06-28T00:00:00+00:00,21.0,89.0,0.0,Bay of Bengal,-0.20627,-0.34855,0.40501
2025-06-28T00:00:00+00:00,21.0,90.0,0.0,Bay of Bengal,-0.20494,-0.34899,0.40471
2025-06-28T00:00:00+00:00,21.0,91.0,0.0,Bay of Bengal,-0.20627,-0.3492,0.40557
2025-06-28T00:00:00+00:00,21.0,92.0,0.0,Bay of Bengal,-0.21007,-0.34919,0.40751
2025-06-28T00:00:00+00:00,21.0,93.0,0.0,Bay of Bengal,-0.21586,-0.34897,0.41033
2025-06-28T00:00:00+00:00,21.0,94.0,0.0,Bay of Bengal,-0.22285,-0.34852,0.41368
2025-06-28T00:00:00+00:00,21.0,95.0,0.0,Bay of Bengal,-0.23011,-0.34786,0.41708
2025-06-28T00:00:00+00:00,21.0,96.0,0.0,Bay of Bengal,-0.23669,-0.34698,0.42002
2025-06-28T00:00:00+00:00,21.0,97.0,0.0,Bay of Bengal,-0.24171,-0.34589,0.42198
2025-06-28T00:00:00+00:00,21.0,98.0,0.0,Bay of Bengal,-0.2445,-0.3446,0.42253
2025-06-28T00:00:00+00:00,22.0,80.0,0.0,Bay of Bengal,-0.24476,-0.33526,0.41509
2025-06-28T00:00:00+00:00,22.0,81.0,0.0,Bay of Bengal,-0.23808,-0.3376,0.4131
2025-06-28T00:00:00+00:00,22.0,82.0,0.0,Bay of Bengal,-0.23051,-0.33974,0.41056
2025-06-28T00:00:00+00:00,22.0,83.0,0.0,Bay of Bengal,-0.22313,-0.34168,0.40809
2025-06-28T00:00:00+00:00,22.0,84.0,0.0,Bay of Bengal,-0.21704,-0.34341,0.40625
2025-06-28T00:00:00+00:00,22.0,85.0,0.0,Bay of Bengal,-0.21311,-0.34494,0.40546
2025-06-28T00:00:00+00:00,22.0,86.0,0.0,Bay of Bengal,-0.21191,-0.34625,0.40595
2025-06-28T00:00:00+00:00,22.0,87.0,0.0,Bay of Bengal,-0.21363,-0.34734,0.40778
2025-06-28T00:00:00+00:00,22.0,88.0,0.0,Bay of Bengal,-0.21801,-0.34822,0.41083
2025-06-28T00:00:00+00:00,22.0,89.0,0.0,Bay of Bengal,-0.22441,-0.34888,0.41482
2025-06-28T00:00:00+00:00,22.0,90.0,0.0,Bay of Bengal,-0.2319,-0.34931,0.41928
2025-06-28T00:00:00+00:00,22.0,91.0,0.0,Bay of Bengal,-0.23939,-0.34952,0.42364
2025-06-28T00:00:00+00:00,22.0,92.0,0.0,Bay of Bengal,-0.24579,-0.34951,0.42729
2025-06-28T00:00:00+00:00,22.0,93.0,0.0,Bay of Bengal,-0.25017,-0.34929,0.42963
2025-06-28T00:00:00+00:00,22.0,94.0,0.0,Bay of Bengal,-0.25189,-0.34884,0.43027
2025-06-28T00:00:00+00:00,22.0,95.0,0.0,Bay of Bengal,-0.25069,-0.34817,0.42904
2025-06-28T00:00:00+00:00,22.0,96.0,0.0,Bay of Bengal,-0.24676,-0.34729,0.42603
2025-06-28T00:00:00+00:00,22.0,97.0,0.0,Bay of Bengal,-0.24067,-0.3462,0.42163
2025-06-28T00:00:00+00:00,22.0,98.0,0.0,Bay of Bengal,-0.2333,-0.3449,0.41639
2025-06-28T00:00:00+00:00,6.0,80.0,50.0,Bay of Bengal,-0.11301,-0.2982,0.31889
2025-06-28T00:00:00+00:00,6.0,81.0,50.0,Bay of Bengal,-0.11415,-0.30035,0.32131
2025-06-28T00:00:00+00:00,6.0,82.0,50.0,Bay of Bengal,-0.11547,-0.30233,0.32363
2025-06-28T00:00:00+00:00,6.0,83.0,50.0,Bay of Bengal,-0.11695,-0.30413,0.32584
2025-06-28T00:00:00+00:00,6.0,84.0,50.0,Bay of Bengal,-0.11857,-0.30575,0.32793
2025-06-28T00:00:00+00:00,6.0,85.0,50.0,Bay of Bengal,-0.12033,-0.30717,0.3299
2025-06-28T00:00:00+00:00,6.0,86.0,50.0,Bay of Bengal,-0.12219,-0.30841,0.33173
2025-06-28T00:00:00+00:00,6.0,87.0,50.0,Bay of Bengal,-0.12415,-0.30944,0.33342
2025-06-28T00:00:00+00:00,6.0,88.0,50.0,Bay of Bengal,-0.12617,-0.31029,0.33496
2025-06-28T00:00:00+00:00,6.0,89.0,50.0,Bay of Bengal,-0.12824,-0.31093,0.33634
2025-06-28T00:00:00+00:00,6.0,90.0,50.0,Bay of Bengal,-0.13033,-0.31138,0.33755
2025-06-28T00:00:00+00:00,6.0,91.0,50.0,Bay of Bengal,-0.13242,-0.31163,0.3386
2025-06-28T00:00:00+00:00,6.0,92.0,50.0,Bay of Bengal,-0.13449,-0.31168,0.33945
2025-06-28T00:00:00+00:00,6.0,93.0,50.0,Bay of Bengal,-0.13651,-0.31153,0.34012
2025-06-28T00:00:00+00:00,6.0,94.0,50.0,Bay of Bengal,-0.13846,-0.31118,0.3406
2025-06-28T00:00:00+00:00,6.0,95.0,50.0,Bay of Bengal,-0.14033,-0.31064,0.34086
2025-06-28T00:00:00+00:00,6.0,96.0,50.0,Bay of Bengal,-0.14208,-0.3099,0.34092
2025-06-28T00:00:00+00:00,6.0,97.0,50.0,Bay of Bengal,-0.14371,-0.30898,0.34077
2025-06-28T00:00:00+00:00,6.0,98.0,50.0,Bay of Bengal,-0.14519,-0.30787,0.34039
2025-06-28T00:00:00+00:00,7.0,80.0,50.0,Bay of Bengal,-0.13994,-0.29854,0.32971
2025-06-28T00:00:00+00:00,7.0,81.0,50.0,Bay of Bengal,-0.14218,-0.3007,0.33262
2025-06-28T00:00:00+00:00,7.0,82.0,50.0,Bay of Bengal,-0.14428,-0.30268,0.33531
2025-06-28T00:00:00+00:00,7.0,83.0,50.0,Bay of Bengal,-0.14622,-0.30448,0.33777
2025-06-28T00:00:00+00:00,7.0,84.0,50.0,Bay of Bengal,-0.14796,-0.3061,0.33998
2025-06-28T00:00:00+00:00,7.0,85.0,50.0,Bay of Bengal,-0.14948,-0.30752,0.34193
2025-06-28T00:00:00+00:00,7.0,86.0,50.0,Bay of Bengal,-0.15076,-0.30875,0.34359
2025-06-28T00:00:00+00:00,7.0,87.0,50.0,Bay of Bengal,-0.15177,-0.30979,0.34497
2025-06-28T00:00:00+00:00,7.0,88.0,50.0,Bay of Bengal,-0.1525,-0.31064,0.34605
2025-06-28T00:00:00+00:00,7.0,89.0,50.0,Bay of Bengal,-0.15295,-0.31128,0.34683
2025-06-28T00:00:00+00:00,7.0,90.0,50.0,Bay of Bengal,-0.1531,-0.31173,0.34729
2025-06-28T00:00:00+00:00,7.0,91.0,50.0,Bay of Bengal,-0.15295,-0.31197,0.34745
2025-06-28T00:00:00+00:00,7.0,92.0,50.0,Bay of Bengal,-0.1525,-0.31202,0.3473
2025-06-28T00:00:00+00:00,7.0,93.0,50.0,Bay of Bengal,-0.15177,-0.31187,0.34684
2025-06-28T00:00:00+00:00,7.0,94.0,50.0,Bay of Bengal,-0.15076,-0.31152,0.34608
2025-06-28T00:00:00+00:00,7.0,95.0,50.0,Bay of Bengal,-0.14948,-0.31098,0.34504
2025-06-28T00:00:00+00:00,7.0,96.0,50.0,Bay of Bengal,-0.14796,-0.31025,0.34372
2025-06-28T00:00:00+00:00,7.0,97.0,50.0,Bay of Bengal,-0.14622,-0.30932,0.34214
2025-06-28T00:00:00+00:00,7.0,98.0,50.0,Bay of Bengal,-0.14428,-0.30821,0.34031
2025-06-28T00:00:00+00:00,8.0,80.0,50.0,Bay of Bengal,-0.15595,-0.29889,0.33713
2025-06-28T00:00:00+00:00,8.0,81.0,50.0,Bay of Bengal,-0.15528,-0.30105,0.33874
2025-06-28T00:00:00+00:00,8.0,82.0,50.0,Bay of Bengal,-0.15423,-0.30303,0.34002
2025-06-28T00:00:00+00:00,8.0,83.0,50.0,Bay of Bengal,-0.15284,-0.30483,0.341
2025-06-28T00:00:00+00:00,8.0,84.0,50.0,Bay of Bengal,-0.15112,-0.30644,0.34168
2025-06-28T00:00:00+00:00,8.0,85.0,50.0,Bay of Bengal,-0.14911,-0.30787,0.34208
2025-06-28T00:00:00+00:00,8.0,86.0,50.0,Bay of Bengal,-0.14685,-0.3091,0.34221
2025-06-28T00:00:00+00:00,8.0,87.0,50.0,Bay of Bengal,-0.14439,-0.31014,0.34211
2025-06-28T00:00:00+00:00,8.0,88.0,50.0,Bay of Bengal,-0.14177,-0.31098,0.34177
2025-06-28T00:00:00+00:00,8.0,89.0,50.0,Bay of Bengal,-0.13904,-0.31163,0.34124
2025-06-28T00:00:00+00:00,8.0,90.0,50.0,Bay of Bengal,-0.13626,-0.31207,0.34052
2025-06-28T00:00:00+00:00,8.0,91.0,50.0,Bay of Bengal,-0.13347,-0.31232,0.33964
2025-06-28T00:00:00+00:00,8.0,92.0,50.0,Bay of Bengal,-0.13074,-0.31237,0.33862
2025-06-28T00:00:00+00:00,8.0,93.0,50.0,Bay of Bengal,-0.12812,-0.31221,0.33748
2025-06-28T00:00:00+00:00,8.0,94.0,50.0,Bay of Bengal,-0.12566,-0.31187,0.33623
2025-06-28T00:00:00+00:00,8.0,95.0,50.0,Bay of Bengal,-0.1234,-0.31132,0.33489
2025-06-28T00:00:00+00:00,8.0,96.0,50.0,Bay of Bengal,-0.12139,-0.31059,0.33347
2025-06-28T00:00:00+00:00,8.0,97.0,50.0,Bay of Bengal,-0.11967,-0.30966,0.33198
2025-06-28T00:00:00+00:00,8.0,98.0,50.0,Bay of Bengal,-0.11828,-0.30854,0.33044
2025-06-28T00:00:00+00:00,9.0,80.0,50.0,Bay of Bengal,-0.13979,-0.29924,0.33028
2025-06-28T00:00:00+00:00,9.0,81.0,50.0,Bay of Bengal,-0.13666,-0.3014,0.33093
2025-06-28T00:00:00+00:00,9.0,82.0,50.0,Bay of Bengal,-0.13361,-0.30338,0.3315
2025-06-28T00:00:00+00:00,9.0,83.0,50.0,Bay of Bengal,-0.13071,-0.30518,0.33199
2025-06-28T00:00:00+00:00,9.0,84.0,50.0,Bay of Bengal,-0.12803,-0.30679,0.33244
2025-06-28T00:00:00+00:00,9.0,85.0,50.0,Bay of Bengal,-0.12565,-0.30822,0.33284
2025-06-28T00:00:00+00:00,9.0,86.0,50.0,Bay of Bengal,-0.12361,-0.30945,0.33322
2025-06-28T00:00:00+00:00,9.0,87.0,50.0,Bay of Bengal,-0.12197,-0.31049,0.33359
2025-06-28T00:00:00+00:00,9.0,88.0,50.0,Bay of Bengal,-0.12077,-0.31133,0.33393
2025-06-28T00:00:00+00:00,9.0,89.0,50.0,Bay of Bengal,-0.12003,-0.31197,0.33427
2025-06-28T00:00:00+00:00,9.0,90.0,50.0,Bay of Bengal,-0.11979,-0.31242,0.3346
2025-06-28T00:00:00+00:00,9.0,91.0,50.0,Bay of Bengal,-0.12003,-0.31266,0.33491
2025-06-28T00:00:00+00:00,9.0,92.0,50.0,Bay of Bengal,-0.12077,-0.31271,0.33522
2025-06-28T00:00:00+00:00,9.0,93.0,50.0,Bay of Bengal,-0.12197,-0.31256,0.33551
2025-06-28T00:00:00+00:00,9.0,94.0,50.0,Bay of Bengal,-0.12361,-0.31221,0.33579
2025-06-28T00:00:00+00:00,9.0,95.0,50.0,Bay of Bengal,-0.12565,-0.31166,0.33603
2025-06-28T00:00:00+00:00,9.0,96.0,50.0,Bay of Bengal,-0.12803,-0.31092,0.33625
2025-06-28T00:00:00+00:00,9.0,97.0,50.0,Bay of Bengal,-0.13071,-0.30999,0.33642
2025-06-28T00:00:00+00:00,9.0,98.0,50.0,Bay of Bengal,-0.13361,-0.30888,0.33654
2025-06-28T00:00:00+00:00,10.0,80.0,50.0,Bay of Bengal,-0.12398,-0.29959,0.32423
2025-06-28T00:00:00+00:00,10.0,81.0,50.0,Bay of Bengal,-0.12368,-0.30175,0.32611
2025-06-28T00:00:00+00:00,10.0,82.0,50.0,Bay of Bengal,-0.12398,-0.30373,0.32806
2025-06-28T00:00:00+00:00,10.0,83.0,50.0,Bay of Bengal,-0.12488,-0.30553,0.33007
2025-06-28T00:00:00+00:00,10.0,84.0,50.0,Bay of Bengal,-0.12636,-0.30714,0.33212
2025-06-28T00:00:00+00:00,10.0,85.0,50.0,Bay of Bengal,-0.12835,-0.30857,0.3342
2025-06-28T00:00:00+00:00,10.0,86.0,50.0,Bay of Bengal,-0.13082,-0.3098,0.33629
2025-06-28T00:00:00+00:00,10.0,87.0,50.0,Bay of Bengal,-0.13368,-0.31084,0.33836
2025-06-28T00:00:00+00:00,10.0,88.0,50.0,Bay of Bengal,-0.13684,-0.31168,0.34039
2025-06-28T00:00:00+00:00,10.0,89.0,50.0,Bay of Bengal,-0.1402,-0.31232,0.34234
2025-06-28T00:00:00+00:00,10.0,90.0,50.0,Bay of Bengal,-0.14368,-0.31276,0.34418
2025-06-28T00:00:00+00:00,10.0,91.0,50.0,Bay of Bengal,-0.14715,-0.31301,0.34587
2025-06-28T00:00:00+00:00,10.0,92.0,50.0,Bay of Bengal,-0.15052,-0.31305,0.34736
2025-06-28T00:00:00+00:00,10.0,93.0,50.0,Bay of Bengal,-0.15368,-0.3129,0.3486
2025-06-28T00:00:00+00:00,10.0,94.0,50.0,Bay of Bengal,-0.15653,-0.31255,0.34955
2025-06-28T00:00:00+00:00,10.0,95.0,50.0,Bay of Bengal,-0.159,-0.312,0.35018
2025-06-28T00:00:00+00:00,10.0,96.0,50.0,Bay of Bengal,-0.161,-0.31126,0.35043
2025-06-28T00:00:00+00:00,10.0,97.0,50.0,Bay of Bengal,-0.16247,-0.31033,0.35029
2025-06-28T00:00:00+00:00,10.0,98.0,50.0,Bay of Bengal,-0.16337,-0.30921,0.34972
2025-06-28T00:00:00+00:00,11.0,80.0,50.0,Bay of Bengal,-0.14106,-0.29994,0.33146
2025-06-28T00:00:00+00:00,11.0,81.0,50.0,Bay of Bengal,-0.14477,-0.3021,0.335
2025-06-28T00:00:00+00:00,11.0,82.0,50.0,Bay of Bengal,-0.1486,-0.30408,0.33845
2025-06-28T00:00:00+00:00,11.0,83.0,50.0,Bay of Bengal,-0.1524,-0.30588,0.34174
2025-06-28T00:00:00+00:00,11.0,84.0,50.0,Bay of Bengal,-0.15604,-0.30749,0.34481
2025-06-28T00:00:00+00:00,11.0,85.0,50.0,Bay of Bengal,-0.15937,-0.30891,0.3476
2025-06-28T00:00:00+00:00,11.0,86.0,50.0,Bay of Bengal,-0.16229,-0.31015,0.35004
2025-06-28T00:00:00+00:00,11.0,87.0,50.0,Bay of Bengal,-0.16467,-0.31118,0.35207
2025-06-28T00:00:00+00:00,11.0,88.0,50.0,Bay of Bengal,-0.16645,-0.31202,0.35364
2025-06-28T00:00:00+00:00,11.0,89.0,50.0,Bay of Bengal,-0.16753,-0.31266,0.35472
2025-06-28T00:00:00+00:00,11.0,90.0,50.0,Bay of Bengal,-0.1679,-0.31311,0.35528
2025-06-28T00:00:00+00:00,11.0,91.0,50.0,Bay of Bengal,-0.16753,-0.31335,0.35532
2025-06-28T00:00:00+00:00,11.0,92.0,50.0,Bay of Bengal,-0.16645,-0.31339,0.35485
2025-06-28T00:00:00+00:00,11.0,93.0,50.0,Bay of Bengal,-0.16467,-0.31324,0.35389
2025-06-28T00:00:00+00:00,11.0,94.0,50.0,Bay of Bengal,-0.16229,-0.31288,0.35247
2025-06-28T00:00:00+00:00,11.0,95.0,50.0,Bay of Bengal,-0.15937,-0.31234,0.35065
2025-06-28T00:00:00+00:00,11.0,96.0,50.0,Bay of Bengal,-0.15604,-0.31159,0.34848
2025-06-28T00:00:00+00:00,11.0,97.0,50.0,Bay of Bengal,-0.1524,-0.31066,0.34603
2025-06-28T00:00:00+00:00,11.0,98.0,50.0,Bay of Bengal,-0.1486,-0.30954,0.34336
2025-06-28T00:00:00+00:00,12.0,80.0,50.0,Bay of Bengal,-0.16977,-0.30029,0.34496
2025-06-28T00:00:00+00:00,12.0,81.0,50.0,Bay of Bengal,-0.17147,-0.30245,0.34767
2025-06-28T00:00:00+00:00,12.0,82.0,50.0,Bay of Bengal,-0.17234,-0.30443,0.34982
2025-06-28T00:00:00+00:00,12.0,83.0,50.0,Bay of Bengal,-0.17234,-0.30622,0.35139
2025-06-28T00:00:00+00:00,12.0,84.0,50.0,Bay of Bengal,-0.17147,-0.30784,0.35237
2025-06-28T00:00:00+00:00,12.0,85.0,50.0,Bay of Bengal,-0.16977,-0.30926,0.35279
2025-06-28T00:00:00+00:00,12.0,86.0,50.0,Bay of Bengal,-0.16731,-0.31049,0.3527
2025-06-28T00:00:00+00:00,12.0,87.0,50.0,Bay of Bengal,-0.1642,-0.31153,0.35215
2025-06-28T00:00:00+00:00,12.0,88.0,50.0,Bay of Bengal,-0.16058,-0.31237,0.35122
2025-06-28T00:00:00+00:00,12.0,89.0,50.0,Bay of Bengal,-0.1566,-0.31301,0.35
2025-06-28T00:00:00+00:00,12.0,90.0,50.0,Bay of Bengal,-0.15244,-0.31345,0.34855
2025-06-28T00:00:00+00:00,12.0,91.0,50.0,Bay of Bengal,-0.14829,-0.31369,0.34697
2025-06-28T00:00:00+00:00,12.0,92.0,50.0,Bay of Bengal,-0.14431,-0.31373,0.34533
2025-06-28T00:00:00+00:00,12.0,93.0,50.0,Bay of Bengal,-0.14069,-0.31357,0.34369
2025-06-28T00:00:00+00:00,12.0,94.0,50.0,Bay of Bengal,-0.13758,-0.31322,0.3421
2025-06-28T00:00:00+00:00,12.0,95.0,50.0,Bay of Bengal,-0.13512,-0.31267,0.34062
2025-06-28T00:00:00+00:00,12.0,96.0,50.0,Bay of Bengal,-0.13342,-0.31193,0.33926
2025-06-28T00:00:00+00:00,12.0,97.0,50.0,Bay of Bengal,-0.13255,-0.31099,0.33806
2025-06-28T00:00:00+00:00,12.0,98.0,50.0,Bay of Bengal,-0.13255,-0.30987,0.33703
2025-06-28T00:00:00+00:00,13.0,80.0,50.0,Bay of Bengal,-0.17014,-0.30064,0.34544
2025-06-28T00:00:00+00:00,13.0,81.0,50.0,Bay of Bengal,-0.16636,-0.30279,0.34549
2025-06-28T00:00:00+00:00,13.0,82.0,50.0,Bay of Bengal,-0.16212,-0.30477,0.34521
2025-06-28T00:00:00+00:00,13.0,83.0,50.0,Bay of Bengal,-0.15763,-0.30657,0.34472
2025-06-28T00:00:00+00:00,13.0,84.0,50.0,Bay of Bengal,-0.15312,-0.30818,0.34413
2025-06-28T00:00:00+00:00,13.0,85.0,50.0,Bay of Bengal,-0.14883,-0.30961,0.34352
2025-06-28T00:00:00+00:00,13.0,86.0,50.0,Bay of Bengal,-0.14497,-0.31084,0.34298
2025-06-28T00:00:00+00:00,13.0,87.0,50.0,Bay of Bengal,-0.14174,-0.31187,0.34257
2025-06-28T00:00:00+00:00,13.0,88.0,50.0,Bay of Bengal,-0.13931,-0.31271,0.34234
2025-06-28T00:00:00+00:00,13.0,89.0,50.0,Bay of Bengal,-0.1378,-0.31335,0.34231
2025-06-28T00:00:00+00:00,13.0,90.0,50.0,Bay of Bengal,-0.13728,-0.31379,0.34251
2025-06-28T00:00:00+00:00,13.0,91.0,50.0,Bay of Bengal,-0.1378,-0.31403,0.34293
2025-06-28T00:00:00+00:00,13.0,92.0,50.0,Bay of Bengal,-0.13931,-0.31407,0.34358
2025-06-28T00:00:00+00:00,13.0,93.0,50.0,Bay of Bengal,-0.14174,-0.31391,0.34443
2025-06-28T00:00:00+00:00,13.0,94.0,50.0,Bay of Bengal,-0.14497,-0.31356,0.34545
2025-06-28T00:00:00+00:00,13.0,95.0,50.0,Bay of Bengal,-0.14883,-0.313,0.34659
2025-06-28T00:00:00+00:00,13.0,96.0,50.0,Bay of Bengal,-0.15312,-0.31226,0.34778
2025-06-28T00:00:00+00:00,13.0,97.0,50.0,Bay of Bengal,-0.15763,-0.31132,0.34895
2025-06-28T00:00:00+00:00,13.0,98.0,50.0,Bay of Bengal,-0.16212,-0.3102,0.35001
2025-06-28T00:00:00+00:00,14.0,80.0,50.0,Bay of Bengal,-0.14954,-0.30099,0.33609
2025-06-28T00:00:00+00:00,14.0,81.0,50.0,Bay of Bengal,-0.14621,-0.30314,0.33656
2025-06-28T00:00:00+00:00,14.0,82.0,50.0,Bay of Bengal,-0.14385,-0.30512,0.33733
2025-06-28T00:00:00+00:00,14.0,83.0,50.0,Bay of Bengal,-0.14259,-0.30692,0.33842
2025-06-28T00:00:00+00:00,14.0,84.0,50.0,Bay of Bengal,-0.1425,-0.30853,0.33985
2025-06-28T00:00:00+00:00,14.0,85.0,50.0,Bay of Bengal,-0.1436,-0.30995,0.3416
2025-06-28T00:00:00+00:00,14.0,86.0,50.0,Bay of Bengal,-0.14581,-0.31118,0.34365
2025-06-28T00:00:00+00:00,14.0,87.0,50.0,Bay of Bengal,-0.14901,-0.31221,0.34595
2025-06-28T00:00:00+00:00,14.0,88.0,50.0,Bay of Bengal,-0.153,-0.31305,0.34844
2025-06-28T00:00:00+00:00,14.0,89.0,50.0,Bay of Bengal,-0.15755,-0.31369,0.35103
2025-06-28T00:00:00+00:00,14.0,90.0,50.0,Bay of Bengal,-0.16239,-0.31413,0.35362
2025-06-28T00:00:00+00:00,14.0,91.0,50.0,Bay of Bengal,-0.16723,-0.31437,0.35608
2025-06-28T00:00:00+00:00,14.0,92.0,50.0,Bay of Bengal,-0.17178,-0.31441,0.35827
2025-06-28T00:00:00+00:00,14.0,93.0,50.0,Bay of Bengal,-0.17577,-0.31425,0.36007
2025-06-28T00:00:00+00:00,14.0,94.0,50.0,Bay of Bengal,-0.17897,-0.31389,0.36133
2025-06-28T00:00:00+00:00,14.0,95.0,50.0,Bay of Bengal,-0.18119,-0.31333,0.36195
2025-06-28T00:00:00+00:00,14.0,96.0,50.0,Bay of Bengal,-0.18228,-0.31259,0.36185
2025-06-28T00:00:00+00:00,14.0,97.0,50.0,Bay of Bengal,-0.1822,-0.31165,0.361
2025-06-28T00:00:00+00:00,14.0,98.0,50.0,Bay of Bengal,-0.18094,-0.31052,0.35939
2025-06-28T00:00:00+00:00,15.0,80.0,50.0,Bay of Bengal,-0.15043,-0.30133,0.3368
2025-06-28T00:00:00+00:00,15.0,81.0,50.0,Bay of Bengal,-0.15361,-0.30349,0.34015
2025-06-28T00:00:00+00:00,15.0,82.0,50.0,Bay of Bengal,-0.15775,-0.30547,0.3438
2025-06-28T00:00:00+00:00,15.0,83.0,50.0,Bay of Bengal,-0.16257,-0.30727,0.34762
2025-06-28T00:00:00+00:00,15.0,84.0,50.0,Bay of Bengal,-0.16775,-0.30888,0.35149
2025-06-28T00:00:00+00:00,15.0,85.0,50.0,Bay of Bengal,-0.17292,-0.3103,0.35523
2025-06-28T00:00:00+00:00,15.0,86.0,50.0,Bay of Bengal,-0.17775,-0.31152,0.35867
2025-06-28T00:00:00+00:00,15.0,87.0,50.0,Bay of Bengal,-0.18189,-0.31256,0.36163
2025-06-28T00:00:00+00:00,15.0,88.0,50.0,Bay of Bengal,-0.18507,-0.31339,0.36396
2025-06-28T00:00:00+00:00,15.0,89.0,50.0,Bay of Bengal,-0.18707,-0.31403,0.36552
2025-06-28T00:00:00+00:00,15.0,90.0,50.0,Bay of Bengal,-0.18775,-0.31447,0.36625
2025-06-28T00:00:00+00:00,15.0,91.0,50.0,Bay of Bengal,-0.18707,-0.3147,0.3661
2025-06-28T00:00:00+00:00,15.0,92.0,50.0,Bay of Bengal,-0.18507,-0.31474,0.36512
2025-06-28T00:00:00+00:00,15.0,93.0,50.0,Bay of Bengal,-0.18189,-0.31458,0.36338
2025-06-28T00:00:00+00:00,15.0,94.0,50.0,Bay of Bengal,-0.17775,-0.31422,0.36101
2025-06-28T00:00:00+00:00,15.0,95.0,50.0,Bay of Bengal,-0.17292,-0.31366,0.35817
2025-06-28T00:00:00+00:00,15.0,96.0,50.0,Bay of Bengal,-0.16775,-0.31291,0.35504
2025-06-28T00:00:00+00:00,15.0,97.0,50.0,Bay of Bengal,-0.16257,-0.31197,0.35179
2025-06-28T00:00:00+00:00,15.0,98.0,50.0,Bay of Bengal,-0.15775,-0.31085,0.34858
2025-06-28T00:00:00+00:00,16.0,80.0,50.0,Bay of Bengal,-0.18017,-0.30168,0.35139
2025-06-28T00:00:00+00:00,16.0,81.0,50.0,Bay of Bengal,-0.18508,-0.30384,0.35577
2025-06-28T00:00:00+00:00,16.0,82.0,50.0,Bay of Bengal,-0.18908,-0.30581,0.35955
2025-06-28T00:00:00+00:00,16.0,83.0,50.0,Bay of Bengal,-0.19187,-0.30761,0.36254
2025-06-28T00:00:00+00:00,16.0,84.0,50.0,Bay of Bengal,-0.19322,-0.30922,0.36462
2025-06-28T00:00:00+00:00,16.0,85.0,50.0,Bay of Bengal,-0.19302,-0.31064,0.36572
2025-06-28T00:00:00+00:00,16.0,86.0,50.0,Bay of Bengal,-0.1913,-0.31187,0.36586
2025-06-28T00:00:00+00:00,16.0,87.0,50.0,Bay of Bengal,-0.18819,-0.3129,0.36513
2025-06-28T00:00:00+00:00,16.0,88.0,50.0,Bay of Bengal,-0.18392,-0.31373,0.36367
2025-06-28T00:00:00+00:00,16.0,89.0,50.0,Bay of Bengal,-0.17884,-0.31437,0.36168
2025-06-28T00:00:00+00:00,16.0,90.0,50.0,Bay of Bengal,-0.17332,-0.3148,0.35936
2025-06-28T00:00:00+00:00,16.0,91.0,50.0,Bay of Bengal,-0.16781,-0.31504,0.35694
2025-06-28T00:00:00+00:00,16.0,92.0,50.0,Bay of Bengal,-0.16273,-0.31507,0.35461
2025-06-28T00:00:00+00:00,16.0,93.0,50.0,Bay of Bengal,-0.15846,-0.31491,0.35253
2025-06-28T00:00:00+00:00,16.0,94.0,50.0,Bay of Bengal,-0.15535,-0.31455,0.35082
2025-06-28T00:00:00+00:00,16.0,95.0,50.0,Bay of Bengal,-0.15363,-0.31399,0.34956
2025-06-28T00:00:00+00:00,16.0,96.0,50.0,Bay of Bengal,-0.15343,-0.31324,0.3488
2025-06-28T00:00:00+00:00,16.0,97.0,50.0,Bay of Bengal,-0.15478,-0.3123,0.34855
2025-06-28T00:00:00+00:00,16.0,98.0,50.0,Bay of Bengal,-0.15756,-0.31117,0.34878
2025-06-28T00:00:00+00:00,17.0,80.0,50.0,Bay of Bengal,-0.19879,-0.30203,0.36158
2025-06-28T00:00:00+00:00,17.0,81.0,50.0,Bay of Bengal,-0.19691,-0.30418,0.36236
2025-06-28T00:00:00+00:00,17.0,82.0,50.0,Bay of Bengal,-0.19348,-0.30616,0.36217
2025-06-28T00:00:00+00:00,17.0,83.0,50.0,Bay of Bengal,-0.18879,-0.30795,0.36122
2025-06-28T00:00:00+00:00,17.0,84.0,50.0,Bay of Bengal,-0.18325,-0.30956,0.35974
2025-06-28T00:00:00+00:00,17.0,85.0,50.0,Bay of Bengal,-0.17735,-0.31098,0.358
2025-06-28T00:00:00+00:00,17.0,86.0,50.0,Bay of Bengal,-0.1716,-0.31221,0.35626
2025-06-28T00:00:00+00:00,17.0,87.0,50.0,Bay of Bengal,-0.16651,-0.31324,0.35474
2025-06-28T00:00:00+00:00,17.0,88.0,50.0,Bay of Bengal,-0.16251,-0.31407,0.35362
2025-06-28T00:00:00+00:00,17.0,89.0,50.0,Bay of Bengal,-0.15997,-0.3147,0.35303
2025-06-28T00:00:00+00:00,17.0,90.0,50.0,Bay of Bengal,-0.15909,-0.31514,0.35302
2025-06-28T00:00:00+00:00,17.0,91.0,50.0,Bay of Bengal,-0.15997,-0.31537,0.35362
2025-06-28T00:00:00+00:00,17.0,92.0,50.0,Bay of Bengal,-0.16251,-0.3154,0.35481
2025-06-28T00:00:00+00:00,17.0,93.0,50.0,Bay of Bengal,-0.16651,-0.31524,0.35651
2025-06-28T00:00:00+00:00,17.0,94.0,50.0,Bay of Bengal,-0.1716,-0.31487,0.3586
2025-06-28T00:00:00+00:00,17.0,95.0,50.0,Bay of Bengal,-0.17735,-0.31432,0.3609
2025-06-28T00:00:00+00:00,17.0,96.0,50.0,Bay of Bengal,-0.18325,-0.31356,0.36318
2025-06-28T00:00:00+00:00,17.0,97.0,50.0,Bay of Bengal,-0.18879,-0.31262,0.3652
2025-06-28T00:00:00+00:00,17.0,98.0,50.0,Bay of Bengal,-0.19348,-0.31148,0.36668
2025-06-28T00:00:00+00:00,18.0,80.0,50.0,Bay of Bengal,-0.18503,-0.30237,0.35449
2025-06-28T00:00:00+00:00,18.0,81.0,50.0,Bay of Bengal,-0.17885,-0.30453,0.35316
2025-06-28T00:00:00+00:00,18.0,82.0,50.0,Bay of Bengal,-0.17327,-0.3065,0.35209
2025-06-28T00:00:00+00:00,18.0,83.0,50.0,Bay of Bengal,-0.16885,-0.3083,0.35151
2025-06-28T00:00:00+00:00,18.0,84.0,50.0,Bay of Bengal,-0.16601,-0.3099,0.35157
2025-06-28T00:00:00+00:00,18.0,85.0,50.0,Bay of Bengal,-0.16503,-0.31132,0.35236
2025-06-28T00:00:00+00:00,18.0,86.0,50.0,Bay of Bengal,-0.16601,-0.31255,0.3539
2025-06-28T00:00:00+00:00,18.0,87.0,50.0,Bay of Bengal,-0.16885,-0.31357,0.35614
2025-06-28T00:00:00+00:00,18.0,88.0,50.0,Bay of Bengal,-0.17327,-0.31441,0.35899
2025-06-28T00:00:00+00:00,18.0,89.0,50.0,Bay of Bengal,-0.17885,-0.31504,0.36226
2025-06-28T00:00:00+00:00,18.0,90.0,50.0,Bay of Bengal,-0.18503,-0.31547,0.36573
2025-06-28T00:00:00+00:00,18.0,91.0,50.0,Bay of Bengal,-0.19121,-0.3157,0.36909
2025-06-28T00:00:00+00:00,18.0,92.0,50.0,Bay of Bengal,-0.19678,-0.31573,0.37204
2025-06-28T00:00:00+00:00,18.0,93.0,50.0,Bay of Bengal,-0.20121,-0.31557,0.37426
2025-06-28T00:00:00+00:00,18.0,94.0,50.0,Bay of Bengal,-0.20405,-0.3152,0.37548
2025-06-28T00:00:00+00:00,18.0,95.0,50.0,Bay of Bengal,-0.20503,-0.31464,0.37554
2025-06-28T00:00:00+00:00,18.0,96.0,50.0,Bay of Bengal,-0.20405,-0.31388,0.37438
2025-06-28T00:00:00+00:00,18.0,97.0,50.0,Bay of Bengal,-0.20121,-0.31293,0.37204
2025-06-28T00:00:00+00:00,18.0,98.0,50.0,Bay of Bengal,-0.19678,-0.3118,0.3687
2025-06-28T00:00:00+00:00,19.0,80.0,50.0,Bay of Bengal,-0.1714,-0.30272,0.34788
2025-06-28T00:00:00+00:00,19.0,81.0,50.0,Bay of Bengal,-0.17135,-0.30487,0.34972
2025-06-28T00:00:00+00:00,19.0,82.0,50.0,Bay of Bengal,-0.17344,-0.30685,0.35247
2025-06-28T00:00:00+00:00,19.0,83.0,50.0,Bay of Bengal,-0.17746,-0.30864,0.35602
2025-06-28T00:00:00+00:00,19.0,84.0,50.0,Bay of Bengal,-0.18297,-0.31025,0.36018
2025-06-28T00:00:00+00:00,19.0,85.0,50.0,Bay of Bengal,-0.18936,-0.31166,0.36468
2025-06-28T00:00:00+00:00,19.0,86.0,50.0,Bay of Bengal,-0.19594,-0.31288,0.36917
2025-06-28T00:00:00+00:00,19.0,87.0,50.0,Bay of Bengal,-0.20199,-0.31391,0.37328
2025-06-28T00:00:00+00:00,19.0,88.0,50.0,Bay of Bengal,-0.20686,-0.31474,0.37663
2025-06-28T00:00:00+00:00,19.0,89.0,50.0,Bay of Bengal,-0.21001,-0.31537,0.3789
2025-06-28T00:00:00+00:00,19.0,90.0,50.0,Bay of Bengal,-0.2111,-0.3158,0.37986
2025-06-28T00:00:00+00:00,19.0,91.0,50.0,Bay of Bengal,-0.21001,-0.31603,0.37945
2025-06-28T00:00:00+00:00,19.0,92.0,50.0,Bay of Bengal,-0.20686,-0.31606,0.37774
2025-06-28T00:00:00+00:00,19.0,93.0,50.0,Bay of Bengal,-0.20199,-0.31589,0.37495
2025-06-28T00:00:00+00:00,19.0,94.0,50.0,Bay of Bengal,-0.19594,-0.31552,0.37141
2025-06-28T00:00:00+00:00,19.0,95.0,50.0,Bay of Bengal,-0.18936,-0.31496,0.3675
2025-06-28T00:00:00+00:00,19.0,96.0,50.0,Bay of Bengal,-0.18297,-0.3142,0.36359
2025-06-28T00:00:00+00:00,19.0,97.0,50.0,Bay of Bengal,-0.17746,-0.31325,0.36002
2025-06-28T00:00:00+00:00,19.0,98.0,50.0,Bay of Bengal,-0.17344,-0.31211,0.35706
2025-06-28T00:00:00+00:00,20.0,80.0,50.0,Bay of Bengal,-0.19044,-0.30306,0.35793
2025-06-28T00:00:00+00:00,20.0,81.0,50.0,Bay of Bengal,-0.19728,-0.30522,0.36342
2025-06-28T00:00:00+00:00,20.0,82.0,50.0,Bay of Bengal,-0.20412,-0.30719,0.36882
2025-06-28T00:00:00+00:00,20.0,83.0,50.0,Bay of Bengal,-0.21013,-0.30898,0.37366
2025-06-28T00:00:00+00:00,20.0,84.0,50.0,Bay of Bengal,-0.2146,-0.31059,0.37751
2025-06-28T00:00:00+00:00,20.0,85.0,50.0,Bay of Bengal,-0.21697,-0.312,0.38003
2025-06-28T00:00:00+00:00,20.0,86.0,50.0,Bay of Bengal,-0.21697,-0.31322,0.38103
2025-06-28T00:00:00+00:00,20.0,87.0,50.0,Bay of Bengal,-0.2146,-0.31425,0.38053
2025-06-28T00:00:00+00:00,20.0,88.0,50.0,Bay of Bengal,-0.21013,-0.31507,0.37872
2025-06-28T00:00:00+00:00,20.0,89.0,50.0,Bay of Bengal,-0.20412,-0.3157,0.37594
2025-06-28T00:00:00+00:00,20.0,90.0,50.0,Bay of Bengal,-0.19728,-0.31613,0.37263
2025-06-28T00:00:00+00:00,20.0,91.0,50.0,Bay of Bengal,-0.19044,-0.31636,0.36925
2025-06-28T00:00:00+00:00,20.0,92.0,50.0,Bay of Bengal,-0.18442,-0.31639,0.36621
2025-06-28T00:00:00+00:00,20.0,93.0,50.0,Bay of Bengal,-0.17996,-0.31621,0.36383
2025-06-28T00:00:00+00:00,20.0,94.0,50.0,Bay of Bengal,-0.17758,-0.31584,0.36234
2025-06-28T00:00:00+00:00,20.0,95.0,50.0,Bay of Bengal,-0.17758,-0.31528,0.36185
2025-06-28T00:00:00+00:00,20.0,96.0,50.0,Bay of Bengal,-0.17996,-0.31451,0.36236
2025-06-28T00:00:00+00:00,20.0,97.0,50.0,Bay of Bengal,-0.18442,-0.31356,0.36377
2025-06-28T00:00:00+00:00,20.0,98.0,50.0,Bay of Bengal,-0.19044,-0.31242,0.36589
2025-06-28T00:00:00+00:00,21.0,80.0,50.0,Bay of Bengal,-0.22085,-0.30341,0.37528
2025-06-28T00:00:00+00:00,21.0,81.0,50.0,Bay of Bengal,-0.22329,-0.30556,0.37845
2025-06-28T00:00:00+00:00,21.0,82.0,50.0,Bay of Bengal,-0.22309,-0.30753,0.37993
2025-06-28T00:00:00+00:00,21.0,83.0,50.0,Bay of Bengal,-0.22031,-0.30932,0.37975
2025-06-28T00:00:00+00:00,21.0,84.0,50.0,Bay of Bengal,-0.21529,-0.31092,0.37818
2025-06-28T00:00:00+00:00,21.0,85.0,50.0,Bay of Bengal,-0.20871,-0.31234,0.37565
2025-06-28T00:00:00+00:00,21.0,86.0,50.0,Bay of Bengal,-0.20144,-0.31356,0.37269
2025-06-28T00:00:00+00:00,21.0,87.0,50.0,Bay of Bengal,-0.19445,-0.31458,0.36983
2025-06-28T00:00:00+00:00,21.0,88.0,50.0,Bay of Bengal,-0.18867,-0.3154,0.36753
2025-06-28T00:00:00+00:00,21.0,89.0,50.0,Bay of Bengal,-0.18486,-0.31603,0.36613
2025-06-28T00:00:00+00:00,21.0,90.0,50.0,Bay of Bengal,-0.18353,-0.31646,0.36583
2025-06-28T00:00:00+00:00,21.0,91.0,50.0,Bay of Bengal,-0.18486,-0.31668,0.36669
2025-06-28T00:00:00+00:00,21.0,92.0,50.0,Bay of Bengal,-0.18867,-0.31671,0.36865
2025-06-28T00:00:00+00:00,21.0,93.0,50.0,Bay of Bengal,-0.19445,-0.31653,0.37149
2025-06-28T00:00:00+00:00,21.0,94.0,50.0,Bay of Bengal,-0.20144,-0.31616,0.37488
2025-06-28T00:00:00+00:00,21.0,95.0,50.0,Bay of Bengal,-0.20871,-0.31559,0.37836
2025-06-28T00:00:00+00:00,21.0,96.0,50.0,Bay of Bengal,-0.21529,-0.31483,0.3814
2025-06-28T00:00:00+00:00,21.0,97.0,50.0,Bay of Bengal,-0.22031,-0.31387,0.38347
2025-06-28T00:00:00+00:00,21.0,98.0,50.0,Bay of Bengal,-0.22309,-0.31273,0.38415
2025-06-28T00:00:00+00:00,22.0,80.0,50.0,Bay of Bengal,-0.22269,-0.30375,0.37663
2025-06-28T00:00:00+00:00,22.0,81.0,50.0,Bay of Bengal,-0.21601,-0.3059,0.37448
2025-06-28T00:00:00+00:00,22.0,82.0,50.0,Bay of Bengal,-0.20844,-0.30787,0.37179
2025-06-28T00:00:00+00:00,22.0,83.0,50.0,Bay of Bengal,-0.20106,-0.30966,0.36921
2025-06-28T00:00:00+00:00,22.0,84.0,50.0,Bay of Bengal,-0.19497,-0.31126,0.36728
2025-06-28T00:00:00+00:00,22.0,85.0,50.0,Bay of Bengal,-0.19104,-0.31267,0.36641
2025-06-28T00:00:00+00:00,22.0,86.0,50.0,Bay of Bengal,-0.18984,-0.31389,0.36683
2025-06-28T00:00:00+00:00,22.0,87.0,50.0,Bay of Bengal,-0.19156,-0.31491,0.3686
2025-06-28T00:00:00+00:00,22.0,88.0,50.0,Bay of Bengal,-0.19594,-0.31573,0.37159
2025-06-28T00:00:00+00:00,22.0,89.0,50.0,Bay of Bengal,-0.20234,-0.31636,0.37553
2025-06-28T00:00:00+00:00,22.0,90.0,50.0,Bay of Bengal,-0.20983,-0.31678,0.37997
2025-06-28T00:00:00+00:00,22.0,91.0,50.0,Bay of Bengal,-0.21732,-0.317,0.38435
2025-06-28T00:00:00+00:00,22.0,92.0,50.0,Bay of Bengal,-0.22373,-0.31703,0.38802
2025-06-28T00:00:00+00:00,22.0,93.0,50.0,Bay of Bengal,-0.2281,-0.31685,0.39042
2025-06-28T00:00:00+00:00,22.0,94.0,50.0,Bay of Bengal,-0.22982,-0.31648,0.39112
2025-06-28T00:00:00+00:00,22.0,95.0,50.0,Bay of Bengal,-0.22863,-0.3159,0.38995
2025-06-28T00:00:00+00:00,22.0,96.0,50.0,Bay of Bengal,-0.2247,-0.31514,0.38704
2025-06-28T00:00:00+00:00,22.0,97.0,50.0,Bay of Bengal,-0.2186,-0.31418,0.38274
2025-06-28T00:00:00+00:00,22.0,98.0,50.0,Bay of Bengal,-0.21123,-0.31303,0.37763
2025-06-28T00:00:00+00:00,6.0,80.0,100.0,Bay of Bengal,-0.10061,-0.26969,0.28784
2025-06-28T00:00:00+00:00,6.0,81.0,100.0,Bay of Bengal,-0.10175,-0.27167,0.2901
2025-06-28T00:00:00+00:00,6.0,82.0,100.0,Bay of Bengal,-0.10306,-0.2735,0.29227
2025-06-28T00:00:00+00:00,6.0,83.0,100.0,Bay of Bengal,-0.10454,-0.27516,0.29435
2025-06-28T00:00:00+00:00,6.0,84.0,100.0,Bay of Bengal,-0.10617,-0.27665,0.29632
2025-06-28T00:00:00+00:00,6.0,85.0,100.0,Bay of Bengal,-0.10793,-0.27797,0.29819
2025-06-28T00:00:00+00:00,6.0,86.0,100.0,Bay of Bengal,-0.10979,-0.27912,0.29994
2025-06-28T00:00:00+00:00,6.0,87.0,100.0,Bay of Bengal,-0.11175,-0.2801,0.30157
2025-06-28T00:00:00+00:00,6.0,88.0,100.0,Bay of Bengal,-0.11377,-0.28089,0.30306
2025-06-28T00:00:00+00:00,6.0,89.0,100.0,Bay of Bengal,-0.11584,-0.28151,0.30441
2025-06-28T00:00:00+00:00,6.0,90.0,100.0,Bay of Bengal,-0.11793,-0.28195,0.30562
2025-06-28T00:00:00+00:00,6.0,91.0,100.0,Bay of Bengal,-0.12002,-0.2822,0.30666
2025-06-28T00:00:00+00:00,6.0,92.0,100.0,Bay of Bengal,-0.12208,-0.28228,0.30755
2025-06-28T00:00:00+00:00,6.0,93.0,100.0,Bay of Bengal,-0.12411,-0.28218,0.30827
2025-06-28T00:00:00+00:00,6.0,94.0,100.0,Bay of Bengal,-0.12606,-0.2819,0.3088
2025-06-28T00:00:00+00:00,6.0,95.0,100.0,Bay of Bengal,-0.12793,-0.28144,0.30915
2025-06-28T00:00:00+00:00,6.0,96.0,100.0,Bay of Bengal,-0.12968,-0.28081,0.30931
2025-06-28T00:00:00+00:00,6.0,97.0,100.0,Bay of Bengal,-0.13131,-0.28001,0.30927
2025-06-28T00:00:00+00:00,6.0,98.0,100.0,Bay of Bengal,-0.13279,-0.27903,0.30902
2025-06-28T00:00:00+00:00,7.0,80.0,100.0,Bay of Bengal,-0.12727,-0.27003,0.29852
2025-06-28T00:00:00+00:00,7.0,81.0,100.0,Bay of Bengal,-0.12951,-0.27202,0.30128
2025-06-28T00:00:00+00:00,7.0,82.0,100.0,Bay of Bengal,-0.13162,-0.27384,0.30383
2025-06-28T00:00:00+00:00,7.0,83.0,100.0,Bay of Bengal,-0.13355,-0.27551,0.30617
2025-06-28T00:00:00+00:00,7.0,84.0,100.0,Bay of Bengal,-0.13529,-0.277,0.30828
2025-06-28T00:00:00+00:00,7.0,85.0,100.0,Bay of Bengal,-0.13681,-0.27832,0.31013
2025-06-28T00:00:00+00:00,7.0,86.0,100.0,Bay of Bengal,-0.13809,-0.27947,0.31173
2025-06-28T00:00:00+00:00,7.0,87.0,100.0,Bay of Bengal,-0.1391,-0.28045,0.31305
2025-06-28T00:00:00+00:00,7.0,88.0,100.0,Bay of Bengal,-0.13984,-0.28124,0.31409
2025-06-28T00:00:00+00:00,7.0,89.0,100.0,Bay of Bengal,-0.14028,-0.28186,0.31484
2025-06-28T00:00:00+00:00,7.0,90.0,100.0,Bay of Bengal,-0.14043,-0.28229,0.3153
2025-06-28T00:00:00+00:00,7.0,91.0,100.0,Bay of Bengal,-0.14028,-0.28255,0.31546
2025-06-28T00:00:00+00:00,7.0,92.0,100.0,Bay of Bengal,-0.13984,-0.28263,0.31533
2025-06-28T00:00:00+00:00,7.0,93.0,100.0,Bay of Bengal,-0.1391,-0.28252,0.31491
2025-06-28T00:00:00+00:00,7.0,94.0,100.0,Bay of Bengal,-0.13809,-0.28224,0.31421
2025-06-28T00:00:00+00:00,7.0,95.0,100.0,Bay of Bengal,-0.13681,-0.28178,0.31324
2025-06-28T00:00:00+00:00,7.0,96.0,100.0,Bay of Bengal,-0.13529,-0.28115,0.31201
2025-06-28T00:00:00+00:00,7.0,97.0,100.0,Bay of Bengal,-0.13355,-0.28034,0.31053
2025-06-28T00:00:00+00:00,7.0,98.0,100.0,Bay of Bengal,-0.13162,-0.27937,0.30882
2025-06-28T00:00:00+00:00,8.0,80.0,100.0,Bay of Bengal,-0.14299,-0.27038,0.30586
2025-06-28T00:00:00+00:00,8.0,81.0,100.0,Bay of Bengal,-0.14231,-0.27237,0.30731
2025-06-28T00:00:00+00:00,8.0,82.0,100.0,Bay of Bengal,-0.14126,-0.27419,0.30844
2025-06-28T00:00:00+00:00,8.0,83.0,100.0,Bay of Bengal,-0.13987,-0.27586,0.30929
2025-06-28T00:00:00+00:00,8.0,84.0,100.0,Bay of Bengal,-0.13815,-0.27735,0.30985
2025-06-28T00:00:00+00:00,8.0,85.0,100.0,Bay of Bengal,-0.13614,-0.27867,0.31015
2025-06-28T00:00:00+00:00,8.0,86.0,100.0,Bay of Bengal,-0.13389,-0.27982,0.3102
2025-06-28T00:00:00+00:00,8.0,87.0,100.0,Bay of Bengal,-0.13142,-0.28079,0.31003
2025-06-28T00:00:00+00:00,8.0,88.0,100.0,Bay of Bengal,-0.1288,-0.28159,0.30965
2025-06-28T00:00:00+00:00,8.0,89.0,100.0,Bay of Bengal,-0.12607,-0.2822,0.30909
2025-06-28T00:00:00+00:00,8.0,90.0,100.0,Bay of Bengal,-0.12329,-0.28264,0.30836
2025-06-28T00:00:00+00:00,8.0,91.0,100.0,Bay of Bengal,-0.12051,-0.2829,0.30749
2025-06-28T00:00:00+00:00,8.0,92.0,100.0,Bay of Bengal,-0.11778,-0.28297,0.3065
2025-06-28T00:00:00+00:00,8.0,93.0,100.0,Bay of Bengal,-0.11515,-0.28287,0.30541
2025-06-28T00:00:00+00:00,8.0,94.0,100.0,Bay of Bengal,-0.11269,-0.28258,0.30422
2025-06-28T00:00:00+00:00,8.0,95.0,100.0,Bay of Bengal,-0.11043,-0.28212,0.30297
2025-06-28T00:00:00+00:00,8.0,96.0,100.0,Bay of Bengal,-0.10843,-0.28149,0.30165
2025-06-28T00:00:00+00:00,8.0,97.0,100.0,Bay of Bengal,-0.10671,-0.28068,0.30028
2025-06-28T00:00:00+00:00,8.0,98.0,100.0,Bay of Bengal,-0.10531,-0.27971,0.29888
2025-06-28T00:00:00+00:00,9.0,80.0,100.0,Bay of Bengal,-0.12648,-0.27073,0.29882
2025-06-28T00:00:00+00:00,9.0,81.0,100.0,Bay of Bengal,-0.12336,-0.27272,0.29932
2025-06-28T00:00:00+00:00,9.0,82.0,100.0,Bay of Bengal,-0.1203,-0.27454,0.29974
2025-06-28T00:00:00+00:00,9.0,83.0,100.0,Bay of Bengal,-0.1174,-0.2762,0.30012
2025-06-28T00:00:00+00:00,9.0,84.0,100.0,Bay of Bengal,-0.11473,-0.2777,0.30046
2025-06-28T00:00:00+00:00,9.0,85.0,100.0,Bay of Bengal,-0.11234,-0.27902,0.30079
2025-06-28T00:00:00+00:00,9.0,86.0,100.0,Bay of Bengal,-0.1103,-0.28017,0.3011
2025-06-28T00:00:00+00:00,9.0,87.0,100.0,Bay of Bengal,-0.10866,-0.28114,0.30141
2025-06-28T00:00:00+00:00,9.0,88.0,100.0,Bay of Bengal,-0.10746,-0.28194,0.30172
2025-06-28T00:00:00+00:00,9.0,89.0,100.0,Bay of Bengal,-0.10673,-0.28255,0.30204
2025-06-28T00:00:00+00:00,9.0,90.0,100.0,Bay of Bengal,-0.10648,-0.28299,0.30236
2025-06-28T00:00:00+00:00,9.0,91.0,100.0,Bay of Bengal,-0.10673,-0.28324,0.30268
2025-06-28T00:00:00+00:00,9.0,92.0,100.0,Bay of Bengal,-0.10746,-0.28331,0.30301
2025-06-28T00:00:00+00:00,9.0,93.0,100.0,Bay of Bengal,-0.10866,-0.28321,0.30334
2025-06-28T00:00:00+00:00,9.0,94.0,100.0,Bay of Bengal,-0.1103,-0.28292,0.30367
2025-06-28T00:00:00+00:00,9.0,95.0,100.0,Bay of Bengal,-0.11234,-0.28246,0.30398
2025-06-28T00:00:00+00:00,9.0,96.0,100.0,Bay of Bengal,-0.11473,-0.28183,0.30429
2025-06-28T00:00:00+00:00,9.0,97.0,100.0,Bay of Bengal,-0.1174,-0.28102,0.30456
2025-06-28T00:00:00+00:00,9.0,98.0,100.0,Bay of Bengal,-0.1203,-0.28004,0.30479
2025-06-28T00:00:00+00:00,10.0,80.0,100.0,Bay of Bengal,-0.11031,-0.27108,0.29267
2025-06-28T00:00:00+00:00,10.0,81.0,100.0,Bay of Bengal,-0.11,-0.27307,0.29439
2025-06-28T00:00:00+00:00,10.0,82.0,100.0,Bay of Bengal,-0.11031,-0.27489,0.2962
2025-06-28T00:00:00+00:00,10.0,83.0,100.0,Bay of Bengal,-0.11121,-0.27655,0.29808
2025-06-28T00:00:00+00:00,10.0,84.0,100.0,Bay of Bengal,-0.11268,-0.27805,0.30001
2025-06-28T00:00:00+00:00,10.0,85.0,100.0,Bay of Bengal,-0.11468,-0.27937,0.30199
2025-06-28T00:00:00+00:00,10.0,86.0,100.0,Bay of Bengal,-0.11715,-0.28052,0.30399
2025-06-28T00:00:00+00:00,10.0,87.0,100.0,Bay of Bengal,-0.12,-0.28149,0.306
2025-06-28T00:00:00+00:00,10.0,88.0,100.0,Bay of Bengal,-0.12316,-0.28228,0.30798
2025-06-28T00:00:00+00:00,10.0,89.0,100.0,Bay of Bengal,-0.12653,-0.2829,0.3099
2025-06-28T00:00:00+00:00,10.0,90.0,100.0,Bay of Bengal,-0.13,-0.28333,0.31173
2025-06-28T00:00:00+00:00,10.0,91.0,100.0,Bay of Bengal,-0.13348,-0.28358,0.31342
2025-06-28T00:00:00+00:00,10.0,92.0,100.0,Bay of Bengal,-0.13684,-0.28366,0.31494
2025-06-28T00:00:00+00:00,10.0,93.0,100.0,Bay of Bengal,-0.14,-0.28355,0.31623
2025-06-28T00:00:00+00:00,10.0,94.0,100.0,Bay of Bengal,-0.14286,-0.28326,0.31725
2025-06-28T00:00:00+00:00,10.0,95.0,100.0,Bay of Bengal,-0.14532,-0.2828,0.31796
2025-06-28T00:00:00+00:00,10.0,96.0,100.0,Bay of Bengal,-0.14732,-0.28216,0.31831
2025-06-28T00:00:00+00:00,10.0,97.0,100.0,Bay of Bengal,-0.1488,-0.28135,0.31828
2025-06-28T00:00:00+00:00,10.0,98.0,100.0,Bay of Bengal,-0.1497,-0.28037,0.31784
2025-06-28T00:00:00+00:00,11.0,80.0,100.0,Bay of Bengal,-0.12699,-0.27143,0.29967
2025-06-28T00:00:00+00:00,11.0,81.0,100.0,Bay of Bengal,-0.1307,-0.27342,0.30305
2025-06-28T00:00:00+00:00,11.0,82.0,100.0,Bay of Bengal,-0.13452,-0.27524,0.30636
2025-06-28T00:00:00+00:00,11.0,83.0,100.0,Bay of Bengal,-0.13833,-0.2769,0.30953
2025-06-28T00:00:00+00:00,11.0,84.0,100.0,Bay of Bengal,-0.14196,-0.27839,0.3125
2025-06-28T00:00:00+00:00,11.0,85.0,100.0,Bay of Bengal,-0.1453,-0.27972,0.3152
2025-06-28T00:00:00+00:00,11.0,86.0,100.0,Bay of Bengal,-0.14821,-0.28086,0.31757
2025-06-28T00:00:00+00:00,11.0,87.0,100.0,Bay of Bengal,-0.1506,-0.28183,0.31955
2025-06-28T00:00:00+00:00,11.0,88.0,100.0,Bay of Bengal,-0.15237,-0.28263,0.32108
2025-06-28T00:00:00+00:00,11.0,89.0,100.0,Bay of Bengal,-0.15346,-0.28324,0.32214
2025-06-28T00:00:00+00:00,11.0,90.0,100.0,Bay of Bengal,-0.15383,-0.28367,0.3227
2025-06-28T00:00:00+00:00,11.0,91.0,100.0,Bay of Bengal,-0.15346,-0.28393,0.32274
2025-06-28T00:00:00+00:00,11.0,92.0,100.0,Bay of Bengal,-0.15237,-0.284,0.32229
2025-06-28T00:00:00+00:00,11.0,93.0,100.0,Bay of Bengal,-0.1506,-0.28389,0.32136
2025-06-28T00:00:00+00:00,11.0,94.0,100.0,Bay of Bengal,-0.14821,-0.2836,0.32
2025-06-28T00:00:00+00:00,11.0,95.0,100.0,Bay of Bengal,-0.1453,-0.28314,0.31824
2025-06-28T00:00:00+00:00,11.0,96.0,100.0,Bay of Bengal,-0.14196,-0.2825,0.31616
2025-06-28T00:00:00+00:00,11.0,97.0,100.0,Bay of Bengal,-0.13833,-0.28169,0.31382
2025-06-28T00:00:00+00:00,11.0,98.0,100.0,Bay of Bengal,-0.13452,-0.28071,0.31128
2025-06-28T00:00:00+00:00,12.0,80.0,100.0,Bay of Bengal,-0.15526,-0.27178,0.313
2025-06-28T00:00:00+00:00,12.0,81.0,100.0,Bay of Bengal,-0.15696,-0.27376,0.31557
2025-06-28T00:00:00+00:00,12.0,82.0,100.0,Bay of Bengal,-0.15783,-0.27559,0.31758
2025-06-28T00:00:00+00:00,12.0,83.0,100.0,Bay of Bengal,-0.15783,-0.27725,0.31902
2025-06-28T00:00:00+00:00,12.0,84.0,100.0,Bay of Bengal,-0.15696,-0.27874,0.3199
2025-06-28T00:00:00+00:00,12.0,85.0,100.0,Bay of Bengal,-0.15526,-0.28006,0.32022
2025-06-28T00:00:00+00:00,12.0,86.0,100.0,Bay of Bengal,-0.1528,-0.28121,0.32004
2025-06-28T00:00:00+00:00,12.0,87.0,100.0,Bay of Bengal,-0.14969,-0.28218,0.31943
2025-06-28T00:00:00+00:00,12.0,88.0,100.0,Bay of Bengal,-0.14607,-0.28297,0.31845
2025-06-28T00:00:00+00:00,12.0,89.0,100.0,Bay of Bengal,-0.1421,-0.28358,0.31719
2025-06-28T00:00:00+00:00,12.0,90.0,100.0,Bay of Bengal,-0.13794,-0.28401,0.31574
2025-06-28T00:00:00+00:00,12.0,91.0,100.0,Bay of Bengal,-0.13378,-0.28427,0.31417
2025-06-28T00:00:00+00:00,12.0,92.0,100.0,Bay of Bengal,-0.1298,-0.28434,0.31256
2025-06-28T00:00:00+00:00,12.0,93.0,100.0,Bay of Bengal,-0.12618,-0.28423,0.31098
2025-06-28T00:00:00+00:00,12.0,94.0,100.0,Bay of Bengal,-0.12307,-0.28394,0.30946
2025-06-28T00:00:00+00:00,12.0,95.0,100.0,Bay of Bengal,-0.12062,-0.28347,0.30807
2025-06-28T00:00:00+00:00,12.0,96.0,100.0,Bay of Bengal,-0.11892,-0.28283,0.30681
2025-06-28T00:00:00+00:00,12.0,97.0,100.0,Bay of Bengal,-0.11805,-0.28202,0.30573
2025-06-28T00:00:00+00:00,12.0,98.0,100.0,Bay of Bengal,-0.11805,-0.28103,0.30482
2025-06-28T00:00:00+00:00,13.0,80.0,100.0,Bay of Bengal,-0.15517,-0.27213,0.31326
2025-06-28T00:00:00+00:00,13.0,81.0,100.0,Bay of Bengal,-0.1514,-0.27411,0.31314
2025-06-28T00:00:00+00:00,13.0,82.0,100.0,Bay of Bengal,-0.14715,-0.27594,0.31272
2025-06-28T00:00:00+00:00,13.0,83.0,100.0,Bay of Bengal,-0.14266,-0.2776,0.31211
2025-06-28T00:00:00+00:00,13.0,84.0,100.0,Bay of Bengal,-0.13816,-0.27909,0.31141
2025-06-28T00:00:00+00:00,13.0,85.0,100.0,Bay of Bengal,-0.13386,-0.28041,0.31072
2025-06-28T00:00:00+00:00,13.0,86.0,100.0,Bay of Bengal,-0.13,-0.28155,0.31012
2025-06-28T00:00:00+00:00,13.0,87.0,100.0,Bay of Bengal,-0.12677,-0.28252,0.30966
2025-06-28T00:00:00+00:00,13.0,88.0,100.0,Bay of Bengal,-0.12434,-0.28331,0.3094
2025-06-28T00:00:00+00:00,13.0,89.0,100.0,Bay of Bengal,-0.12283,-0.28393,0.30935
2025-06-28T00:00:00+00:00,13.0,90.0,100.0,Bay of Bengal,-0.12232,-0.28436,0.30955
2025-06-28T00:00:00+00:00,13.0,91.0,100.0,Bay of Bengal,-0.12283,-0.28461,0.30998
2025-06-28T00:00:00+00:00,13.0,92.0,100.0,Bay of Bengal,-0.12434,-0.28467,0.31064
2025-06-28T00:00:00+00:00,13.0,93.0,100.0,Bay of Bengal,-0.12677,-0.28456,0.31152
2025-06-28T00:00:00+00:00,13.0,94.0,100.0,Bay of Bengal,-0.13,-0.28427,0.31259
2025-06-28T00:00:00+00:00,13.0,95.0,100.0,Bay of Bengal,-0.13386,-0.28381,0.31379
2025-06-28T00:00:00+00:00,13.0,96.0,100.0,Bay of Bengal,-0.13816,-0.28316,0.31507
2025-06-28T00:00:00+00:00,13.0,97.0,100.0,Bay of Bengal,-0.14266,-0.28235,0.31634
2025-06-28T00:00:00+00:00,13.0,98.0,100.0,Bay of Bengal,-0.14715,-0.28136,0.31752
2025-06-28T00:00:00+00:00,14.0,80.0,100.0,Bay of Bengal,-0.13408,-0.27248,0.30368
2025-06-28T00:00:00+00:00,14.0,81.0,100.0,Bay of Bengal,-0.13076,-0.27446,0.30402
2025-06-28T00:00:00+00:00,14.0,82.0,100.0,Bay of Bengal,-0.12839,-0.27628,0.30466
2025-06-28T00:00:00+00:00,14.0,83.0,100.0,Bay of Bengal,-0.12713,-0.27794,0.30564
2025-06-28T00:00:00+00:00,14.0,84.0,100.0,Bay of Bengal,-0.12705,-0.27943,0.30696
2025-06-28T00:00:00+00:00,14.0,85.0,100.0,Bay of Bengal,-0.12814,-0.28075,0.30862
2025-06-28T00:00:00+00:00,14.0,86.0,100.0,Bay of Bengal,-0.13036,-0.2819,0.31058
2025-06-28T00:00:00+00:00,14.0,87.0,100.0,Bay of Bengal,-0.13356,-0.28287,0.31281
2025-06-28T00:00:00+00:00,14.0,88.0,100.0,Bay of Bengal,-0.13755,-0.28366,0.31525
2025-06-28T00:00:00+00:00,14.0,89.0,100.0,Bay of Bengal,-0.1421,-0.28427,0.3178
2025-06-28T00:00:00+00:00,14.0,90.0,100.0,Bay of Bengal,-0.14694,-0.2847,0.32038
2025-06-28T00:00:00+00:00,14.0,91.0,100.0,Bay of Bengal,-0.15178,-0.28494,0.32285
2025-06-28T00:00:00+00:00,14.0,92.0,100.0,Bay of Bengal,-0.15633,-0.28501,0.32507
2025-06-28T00:00:00+00:00,14.0,93.0,100.0,Bay of Bengal,-0.16032,-0.2849,0.32691
2025-06-28T00:00:00+00:00,14.0,94.0,100.0,Bay of Bengal,-0.16352,-0.28461,0.32824
2025-06-28T00:00:00+00:00,14.0,95.0,100.0,Bay of Bengal,-0.16573,-0.28414,0.32894
2025-06-28T00:00:00+00:00,14.0,96.0,100.0,Bay of Bengal,-0.16683,-0.28349,0.32894
2025-06-28T00:00:00+00:00,14.0,97.0,100.0,Bay of Bengal,-0.16674,-0.28267,0.32819
2025-06-28T00:00:00+00:00,14.0,98.0,100.0,Bay of Bengal,-0.16548,-0.28169,0.3267
2025-06-28T00:00:00+00:00,15.0,80.0,100.0,Bay of Bengal,-0.13446,-0.27282,0.30416
2025-06-28T00:00:00+00:00,15.0,81.0,100.0,Bay of Bengal,-0.13764,-0.27481,0.30735
2025-06-28T00:00:00+00:00,15.0,82.0,100.0,Bay of Bengal,-0.14178,-0.27663,0.31085
2025-06-28T00:00:00+00:00,15.0,83.0,100.0,Bay of Bengal,-0.14661,-0.27829,0.31455
2025-06-28T00:00:00+00:00,15.0,84.0,100.0,Bay of Bengal,-0.15178,-0.27978,0.3183
2025-06-28T00:00:00+00:00,15.0,85.0,100.0,Bay of Bengal,-0.15696,-0.2811,0.32195
2025-06-28T00:00:00+00:00,15.0,86.0,100.0,Bay of Bengal,-0.16178,-0.28224,0.32532
2025-06-28T00:00:00+00:00,15.0,87.0,100.0,Bay of Bengal,-0.16593,-0.28321,0.32824
2025-06-28T00:00:00+00:00,15.0,88.0,100.0,Bay of Bengal,-0.16911,-0.284,0.33053
2025-06-28T00:00:00+00:00,15.0,89.0,100.0,Bay of Bengal,-0.1711,-0.28461,0.33208
2025-06-28T00:00:00+00:00,15.0,90.0,100.0,Bay of Bengal,-0.17178,-0.28503,0.3328
2025-06-28T00:00:00+00:00,15.0,91.0,100.0,Bay of Bengal,-0.1711,-0.28528,0.33266
2025-06-28T00:00:00+00:00,15.0,92.0,100.0,Bay of Bengal,-0.16911,-0.28535,0.33169
2025-06-28T00:00:00+00:00,15.0,93.0,100.0,Bay of Bengal,-0.16593,-0.28523,0.32998
2025-06-28T00:00:00+00:00,15.0,94.0,100.0,Bay of Bengal,-0.16178,-0.28494,0.32766
2025-06-28T00:00:00+00:00,15.0,95.0,100.0,Bay of Bengal,-0.15696,-0.28447,0.3249
2025-06-28T00:00:00+00:00,15.0,96.0,100.0,Bay of Bengal,-0.15178,-0.28382,0.32186
2025-06-28T00:00:00+00:00,15.0,97.0,100.0,Bay of Bengal,-0.14661,-0.283,0.31872
2025-06-28T00:00:00+00:00,15.0,98.0,100.0,Bay of Bengal,-0.14178,-0.28201,0.31565
2025-06-28T00:00:00+00:00,16.0,80.0,100.0,Bay of Bengal,-0.16367,-0.27317,0.31845
2025-06-28T00:00:00+00:00,16.0,81.0,100.0,Bay of Bengal,-0.16859,-0.27516,0.32269
2025-06-28T00:00:00+00:00,16.0,82.0,100.0,Bay of Bengal,-0.17259,-0.27698,0.32635
2025-06-28T00:00:00+00:00,16.0,83.0,100.0,Bay of Bengal,-0.17537,-0.27863,0.32923
2025-06-28T00:00:00+00:00,16.0,84.0,100.0,Bay of Bengal,-0.17672,-0.28012,0.33121
2025-06-28T00:00:00+00:00,16.0,85.0,100.0,Bay of Bengal,-0.17653,-0.28144,0.33222
2025-06-28T00:00:00+00:00,16.0,86.0,100.0,Bay of Bengal,-0.17481,-0.28258,0.33228
2025-06-28T00:00:00+00:00,16.0,87.0,100.0,Bay of Bengal,-0.17169,-0.28355,0.33148
2025-06-28T00:00:00+00:00,16.0,88.0,100.0,Bay of Bengal,-0.16743,-0.28434,0.32997
2025-06-28T00:00:00+00:00,16.0,89.0,100.0,Bay of Bengal,-0.16234,-0.28494,0.32795
2025-06-28T00:00:00+00:00,16.0,90.0,100.0,Bay of Bengal,-0.15683,-0.28537,0.32562
2025-06-28T00:00:00+00:00,16.0,91.0,100.0,Bay of Bengal,-0.15132,-0.28561,0.32322
2025-06-28T00:00:00+00:00,16.0,92.0,100.0,Bay of Bengal,-0.14623,-0.28568,0.32093
2025-06-28T00:00:00+00:00,16.0,93.0,100.0,Bay of Bengal,-0.14197,-0.28556,0.3189
2025-06-28T00:00:00+00:00,16.0,94.0,100.0,Bay of Bengal,-0.13885,-0.28527,0.31727
2025-06-28T00:00:00+00:00,16.0,95.0,100.0,Bay of Bengal,-0.13713,-0.28479,0.31609
2025-06-28T00:00:00+00:00,16.0,96.0,100.0,Bay of Bengal,-0.13694,-0.28414,0.31542
2025-06-28T00:00:00+00:00,16.0,97.0,100.0,Bay of Bengal,-0.13829,-0.28332,0.31527
2025-06-28T00:00:00+00:00,16.0,98.0,100.0,Bay of Bengal,-0.14107,-0.28233,0.31561
2025-06-28T00:00:00+00:00,17.0,80.0,100.0,Bay of Bengal,-0.18175,-0.27352,0.3284
2025-06-28T00:00:00+00:00,17.0,81.0,100.0,Bay of Bengal,-0.17987,-0.2755,0.32902
2025-06-28T00:00:00+00:00,17.0,82.0,100.0,Bay of Bengal,-0.17644,-0.27732,0.32869
2025-06-28T00:00:00+00:00,17.0,83.0,100.0,Bay of Bengal,-0.17175,-0.27898,0.32761
2025-06-28T00:00:00+00:00,17.0,84.0,100.0,Bay of Bengal,-0.16621,-0.28047,0.32602
2025-06-28T00:00:00+00:00,17.0,85.0,100.0,Bay of Bengal,-0.16031,-0.28178,0.32419
2025-06-28T00:00:00+00:00,17.0,86.0,100.0,Bay of Bengal,-0.15456,-0.28292,0.32239
2025-06-28T00:00:00+00:00,17.0,87.0,100.0,Bay of Bengal,-0.14946,-0.28389,0.32083
2025-06-28T00:00:00+00:00,17.0,88.0,100.0,Bay of Bengal,-0.14547,-0.28467,0.31969
2025-06-28T00:00:00+00:00,17.0,89.0,100.0,Bay of Bengal,-0.14293,-0.28528,0.31908
2025-06-28T00:00:00+00:00,17.0,90.0,100.0,Bay of Bengal,-0.14205,-0.2857,0.31907
2025-06-28T00:00:00+00:00,17.0,91.0,100.0,Bay of Bengal,-0.14293,-0.28595,0.31968
2025-06-28T00:00:00+00:00,17.0,92.0,100.0,Bay of Bengal,-0.14547,-0.28601,0.32088
2025-06-28T00:00:00+00:00,17.0,93.0,100.0,Bay of Bengal,-0.14946,-0.28589,0.3226
2025-06-28T00:00:00+00:00,17.0,94.0,100.0,Bay of Bengal,-0.15456,-0.28559,0.32473
2025-06-28T00:00:00+00:00,17.0,95.0,100.0,Bay of Bengal,-0.16031,-0.28512,0.32709
2025-06-28T00:00:00+00:00,17.0,96.0,100.0,Bay of Bengal,-0.16621,-0.28447,0.32946
2025-06-28T00:00:00+00:00,17.0,97.0,100.0,Bay of Bengal,-0.17175,-0.28364,0.33159
2025-06-28T00:00:00+00:00,17.0,98.0,100.0,Bay of Bengal,-0.17644,-0.28265,0.3332
2025-06-28T00:00:00+00:00,18.0,80.0,100.0,Bay of Bengal,-0.16742,-0.27387,0.32099
2025-06-28T00:00:00+00:00,18.0,81.0,100.0,Bay of Bengal,-0.16124,-0.27585,0.31952
2025-06-28T00:00:00+00:00,18.0,82.0,100.0,Bay of Bengal,-0.15567,-0.27767,0.31832
2025-06-28T00:00:00+00:00,18.0,83.0,100.0,Bay of Bengal,-0.15124,-0.27932,0.31764
2025-06-28T00:00:00+00:00,18.0,84.0,100.0,Bay of Bengal,-0.1484,-0.28081,0.31761
2025-06-28T00:00:00+00:00,18.0,85.0,100.0,Bay of Bengal,-0.14742,-0.28212,0.31832
2025-06-28T00:00:00+00:00,18.0,86.0,100.0,Bay of Bengal,-0.1484,-0.28326,0.31978
2025-06-28T00:00:00+00:00,18.0,87.0,100.0,Bay of Bengal,-0.15124,-0.28423,0.32196
2025-06-28T00:00:00+00:00,18.0,88.0,100.0,Bay of Bengal,-0.15567,-0.28501,0.32475
2025-06-28T00:00:00+00:00,18.0,89.0,100.0,Bay of Bengal,-0.16124,-0.28561,0.32799
2025-06-28T00:00:00+00:00,18.0,90.0,100.0,Bay of Bengal,-0.16742,-0.28604,0.33143
2025-06-28T00:00:00+00:00,18.0,91.0,100.0,Bay of Bengal,-0.1736,-0.28628,0.3348
2025-06-28T00:00:00+00:00,18.0,92.0,100.0,Bay of Bengal,-0.17918,-0.28634,0.33778
2025-06-28T00:00:00+00:00,18.0,93.0,100.0,Bay of Bengal,-0.1836,-0.28622,0.34004
2025-06-28T00:00:00+00:00,18.0,94.0,100.0,Bay of Bengal,-0.18644,-0.28592,0.34133
2025-06-28T00:00:00+00:00,18.0,95.0,100.0,Bay of Bengal,-0.18742,-0.28544,0.34147
2025-06-28T00:00:00+00:00,18.0,96.0,100.0,Bay of Bengal,-0.18644,-0.28479,0.34039
2025-06-28T00:00:00+00:00,18.0,97.0,100.0,Bay of Bengal,-0.1836,-0.28396,0.33815
2025-06-28T00:00:00+00:00,18.0,98.0,100.0,Bay of Bengal,-0.17918,-0.28296,0.33492
2025-06-28T00:00:00+00:00,19.0,80.0,100.0,Bay of Bengal,-0.15322,-0.27421,0.31411
2025-06-28T00:00:00+00:00,19.0,81.0,100.0,Bay of Bengal,-0.15316,-0.27619,0.31582
2025-06-28T00:00:00+00:00,19.0,82.0,100.0,Bay of Bengal,-0.15526,-0.27801,0.31842
2025-06-28T00:00:00+00:00,19.0,83.0,100.0,Bay of Bengal,-0.15927,-0.27966,0.32184
2025-06-28T00:00:00+00:00,19.0,84.0,100.0,Bay of Bengal,-0.16478,-0.28115,0.32588
2025-06-28T00:00:00+00:00,19.0,85.0,100.0,Bay of Bengal,-0.17117,-0.28246,0.33028
2025-06-28T00:00:00+00:00,19.0,86.0,100.0,Bay of Bengal,-0.17775,-0.2836,0.3347
2025-06-28T00:00:00+00:00,19.0,87.0,100.0,Bay of Bengal,-0.18381,-0.28456,0.33876
2025-06-28T00:00:00+00:00,19.0,88.0,100.0,Bay of Bengal,-0.18867,-0.28535,0.34208
2025-06-28T00:00:00+00:00,19.0,89.0,100.0,Bay of Bengal,-0.19182,-0.28595,0.34433
2025-06-28T00:00:00+00:00,19.0,90.0,100.0,Bay of Bengal,-0.19291,-0.28637,0.34529
2025-06-28T00:00:00+00:00,19.0,91.0,100.0,Bay of Bengal,-0.19182,-0.28661,0.34488
2025-06-28T00:00:00+00:00,19.0,92.0,100.0,Bay of Bengal,-0.18867,-0.28667,0.34318
2025-06-28T00:00:00+00:00,19.0,93.0,100.0,Bay of Bengal,-0.18381,-0.28654,0.34043
2025-06-28T00:00:00+00:00,19.0,94.0,100.0,Bay of Bengal,-0.17775,-0.28624,0.33694
2025-06-28T00:00:00+00:00,19.0,95.0,100.0,Bay of Bengal,-0.17117,-0.28576,0.3331
2025-06-28T00:00:00+00:00,19.0,96.0,100.0,Bay of Bengal,-0.16478,-0.2851,0.3293
2025-06-28T00:00:00+00:00,19.0,97.0,100.0,Bay of Bengal,-0.15927,-0.28427,0.32585
2025-06-28T00:00:00+00:00,19.0,98.0,100.0,Bay of Bengal,-0.15526,-0.28327,0.32303
2025-06-28T00:00:00+00:00,20.0,80.0,100.0,Bay of Bengal,-0.17166,-0.27455,0.3238
2025-06-28T00:00:00+00:00,20.0,81.0,100.0,Bay of Bengal,-0.1785,-0.27653,0.32914
2025-06-28T00:00:00+00:00,20.0,82.0,100.0,Bay of Bengal,-0.18534,-0.27835,0.33441
2025-06-28T00:00:00+00:00,20.0,83.0,100.0,Bay of Bengal,-0.19136,-0.28001,0.33915
2025-06-28T00:00:00+00:00,20.0,84.0,100.0,Bay of Bengal,-0.19582,-0.28149,0.3429
2025-06-28T00:00:00+00:00,20.0,85.0,100.0,Bay of Bengal,-0.1982,-0.2828,0.34534
2025-06-28T00:00:00+00:00,20.0,86.0,100.0,Bay of Bengal,-0.1982,-0.28394,0.34627
2025-06-28T00:00:00+00:00,20.0,87.0,100.0,Bay of Bengal,-0.19582,-0.2849,0.34571
2025-06-28T00:00:00+00:00,20.0,88.0,100.0,Bay of Bengal,-0.19136,-0.28568,0.34385
2025-06-28T00:00:00+00:00,20.0,89.0,100.0,Bay of Bengal,-0.18534,-0.28628,0.34104
2025-06-28T00:00:00+00:00,20.0,90.0,100.0,Bay of Bengal,-0.1785,-0.2867,0.33773
2025-06-28T00:00:00+00:00,20.0,91.0,100.0,Bay of Bengal,-0.17166,-0.28693,0.33436
2025-06-28T00:00:00+00:00,20.0,92.0,100.0,Bay of Bengal,-0.16565,-0.28699,0.33136
2025-06-28T00:00:00+00:00,20.0,93.0,100.0,Bay of Bengal,-0.16118,-0.28686,0.32905
2025-06-28T00:00:00+00:00,20.0,94.0,100.0,Bay of Bengal,-0.15881,-0.28656,0.32762
2025-06-28T00:00:00+00:00,20.0,95.0,100.0,Bay of Bengal,-0.15881,-0.28608,0.3272
2025-06-28T00:00:00+00:00,20.0,96.0,100.0,Bay of Bengal,-0.16118,-0.28542,0.32779
2025-06-28T00:00:00+00:00,20.0,97.0,100.0,Bay of Bengal,-0.16565,-0.28459,0.32929
2025-06-28T00:00:00+00:00,20.0,98.0,100.0,Bay of Bengal,-0.17166,-0.28358,0.33149
2025-06-28T00:00:00+00:00,21.0,80.0,100.0,Bay of Bengal,-0.20148,-0.2749,0.34083
2025-06-28T00:00:00+00:00,21.0,81.0,100.0,Bay of Bengal,-0.20392,-0.27688,0.34386
2025-06-28T00:00:00+00:00,21.0,82.0,100.0,Bay of Bengal,-0.20373,-0.27869,0.34522
2025-06-28T00:00:00+00:00,21.0,83.0,100.0,Bay of Bengal,-0.20094,-0.28034,0.34492
2025-06-28T00:00:00+00:00,21.0,84.0,100.0,Bay of Bengal,-0.19592,-0.28183,0.34324
2025-06-28T00:00:00+00:00,21.0,85.0,100.0,Bay of Bengal,-0.18934,-0.28314,0.34061
2025-06-28T00:00:00+00:00,21.0,86.0,100.0,Bay of Bengal,-0.18207,-0.28427,0.33758
2025-06-28T00:00:00+00:00,21.0,87.0,100.0,Bay of Bengal,-0.17508,-0.28523,0.33468
2025-06-28T00:00:00+00:00,21.0,88.0,100.0,Bay of Bengal,-0.1693,-0.28601,0.33236
2025-06-28T00:00:00+00:00,21.0,89.0,100.0,Bay of Bengal,-0.16549,-0.28661,0.33096
2025-06-28T00:00:00+00:00,21.0,90.0,100.0,Bay of Bengal,-0.16416,-0.28702,0.33065
2025-06-28T00:00:00+00:00,21.0,91.0,100.0,Bay of Bengal,-0.16549,-0.28726,0.33152
2025-06-28T00:00:00+00:00,21.0,92.0,100.0,Bay of Bengal,-0.1693,-0.28731,0.33348
2025-06-28T00:00:00+00:00,21.0,93.0,100.0,Bay of Bengal,-0.17508,-0.28719,0.33635
2025-06-28T00:00:00+00:00,21.0,94.0,100.0,Bay of Bengal,-0.18207,-0.28688,0.33978
2025-06-28T00:00:00+00:00,21.0,95.0,100.0,Bay of Bengal,-0.18934,-0.28639,0.34332
2025-06-28T00:00:00+00:00,21.0,96.0,100.0,Bay of Bengal,-0.19592,-0.28573,0.34645
2025-06-28T00:00:00+00:00,21.0,97.0,100.0,Bay of Bengal,-0.20094,-0.2849,0.34863
2025-06-28T00:00:00+00:00,21.0,98.0,100.0,Bay of Bengal,-0.20373,-0.28389,0.34943
2025-06-28T00:00:00+00:00,22.0,80.0,100.0,Bay of Bengal,-0.20272,-0.27524,0.34184
2025-06-28T00:00:00+00:00,22.0,81.0,100.0,Bay of Bengal,-0.19604,-0.27722,0.33953
2025-06-28T00:00:00+00:00,22.0,82.0,100.0,Bay of Bengal,-0.18847,-0.27903,0.33672
2025-06-28T00:00:00+00:00,22.0,83.0,100.0,Bay of Bengal,-0.1811,-0.28068,0.33403
2025-06-28T00:00:00+00:00,22.0,84.0,100.0,Bay of Bengal,-0.175,-0.28216,0.33203
2025-06-28T00:00:00+00:00,22.0,85.0,100.0,Bay of Bengal,-0.17107,-0.28347,0.33109
2025-06-28T00:00:00+00:00,22.0,86.0,100.0,Bay of Bengal,-0.16988,-0.28461,0.33145
2025-06-28T00:00:00+00:00,22.0,87.0,100.0,Bay of Bengal,-0.17159,-0.28556,0.33315
2025-06-28T00:00:00+00:00,22.0,88.0,100.0,Bay of Bengal,-0.17597,-0.28634,0.33609
2025-06-28T00:00:00+00:00,22.0,89.0,100.0,Bay of Bengal,-0.18237,-0.28693,0.33999
2025-06-28T00:00:00+00:00,22.0,90.0,100.0,Bay of Bengal,-0.18986,-0.28735,0.34441
2025-06-28T00:00:00+00:00,22.0,91.0,100.0,Bay of Bengal,-0.19736,-0.28758,0.34879
2025-06-28T00:00:00+00:00,22.0,92.0,100.0,Bay of Bengal,-0.20376,-0.28763,0.35249
2025-06-28T00:00:00+00:00,22.0,93.0,100.0,Bay of Bengal,-0.20813,-0.2875,0.35493
2025-06-28T00:00:00+00:00,22.0,94.0,100.0,Bay of Bengal,-0.20985,-0.28719,0.35569
2025-06-28T00:00:00+00:00,22.0,95.0,100.0,Bay of Bengal,-0.20866,-0.2867,0.3546
2025-06-28T00:00:00+00:00,22.0,96.0,100.0,Bay of Bengal,-0.20473,-0.28604,0.35176
2025-06-28T00:00:00+00:00,22.0,97.0,100.0,Bay of Bengal,-0.19863,-0.2852,0.34756
2025-06-28T00:00:00+00:00,22.0,98.0,100.0,Bay of Bengal,-0.19126,-0.28419,0.34256
2025-07-01T00:00:00+00:00,6.0,80.0,0.0,Bay of Bengal,-0.13976,-0.33448,0.3625
2025-07-01T00:00:00+00:00,6.0,81.0,0.0,Bay of Bengal,-0.1409,-0.33682,0.36511
2025-07-01T00:00:00+00:00,6.0,82.0,0.0,Bay of Bengal,-0.14222,-0.33897,0.3676
2025-07-01T00:00:00+00:00,6.0,83.0,0.0,Bay of Bengal,-0.1437,-0.34093,0.36997
2025-07-01T00:00:00+00:00,6.0,84.0,0.0,Bay of Bengal,-0.14533,-0.34267,0.37222
2025-07-01T00:00:00+00:00,6.0,85.0,0.0,Bay of Bengal,-0.14708,-0.34421,0.37432
2025-07-01T00:00:00+00:00,6.0,86.0,0.0,Bay of Bengal,-0.14895,-0.34554,0.37628
2025-07-01T00:00:00+00:00,6.0,87.0,0.0,Bay of Bengal,-0.1509,-0.34665,0.37807
2025-07-01T00:00:00+00:00,6.0,88.0,0.0,Bay of Bengal,-0.15293,-0.34755,0.3797
2025-07-01T00:00:00+00:00,6.0,89.0,0.0,Bay of Bengal,-0.15499,-0.34822,0.38116
2025-07-01T00:00:00+00:00,6.0,90.0,0.0,Bay of Bengal,-0.15708,-0.34868,0.38243
2025-07-01T00:00:00+00:00,6.0,91.0,0.0,Bay of Bengal,-0.15917,-0.34892,0.38351
2025-07-01T00:00:00+00:00,6.0,92.0,0.0,Bay of Bengal,-0.16124,-0.34893,0.38439
2025-07-01T00:00:00+00:00,6.0,93.0,0.0,Bay of Bengal,-0.16326,-0.34873,0.38506
2025-07-01T00:00:00+00:00,6.0,94.0,0.0,Bay of Bengal,-0.16522,-0.34831,0.38551
2025-07-01T00:00:00+00:00,6.0,95.0,0.0,Bay of Bengal,-0.16708,-0.34768,0.38574
2025-07-01T00:00:00+00:00,6.0,96.0,0.0,Bay of Bengal,-0.16884,-0.34683,0.38574
2025-07-01T00:00:00+00:00,6.0,97.0,0.0,Bay of Bengal,-0.17047,-0.34577,0.38551
2025-07-01T00:00:00+00:00,6.0,98.0,0.0,Bay of Bengal,-0.17195,-0.34451,0.38504
2025-07-01T00:00:00+00:00,7.0,80.0,0.0,Bay of Bengal,-0.16698,-0.33482,0.37415
2025-07-01T00:00:00+00:00,7.0,81.0,0.0,Bay of Bengal,-0.16922,-0.33717,0.37725
2025-07-01T00:00:00+00:00,7.0,82.0,0.0,Bay of Bengal,-0.17133,-0.33932,0.38012
2025-07-01T00:00:00+00:00,7.0,83.0,0.0,Bay of Bengal,-0.17326,-0.34128,0.38274
2025-07-01T00:00:00+00:00,7.0,84.0,0.0,Bay of Bengal,-0.17501,-0.34302,0.38509
2025-07-01T00:00:00+00:00,7.0,85.0,0.0,Bay of Bengal,-0.17653,-0.34456,0.38715
2025-07-01T00:00:00+00:00,7.0,86.0,0.0,Bay of Bengal,-0.1778,-0.34589,0.38891
2025-07-01T00:00:00+00:00,7.0,87.0,0.0,Bay of Bengal,-0.17882,-0.347,0.39036
2025-07-01T00:00:00+00:00,7.0,88.0,0.0,Bay of Bengal,-0.17955,-0.34789,0.39149
2025-07-01T00:00:00+00:00,7.0,89.0,0.0,Bay of Bengal,-0.17999,-0.34857,0.3923
2025-07-01T00:00:00+00:00,7.0,90.0,0.0,Bay of Bengal,-0.18014,-0.34903,0.39277
2025-07-01T00:00:00+00:00,7.0,91.0,0.0,Bay of Bengal,-0.17999,-0.34926,0.39292
2025-07-01T00:00:00+00:00,7.0,92.0,0.0,Bay of Bengal,-0.17955,-0.34928,0.39273
2025-07-01T00:00:00+00:00,7.0,93.0,0.0,Bay of Bengal,-0.17882,-0.34908,0.39221
2025-07-01T00:00:00+00:00,7.0,94.0,0.0,Bay of Bengal,-0.1778,-0.34866,0.39138
2025-07-01T00:00:00+00:00,7.0,95.0,0.0,Bay of Bengal,-0.17653,-0.34802,0.39023
2025-07-01T00:00:00+00:00,7.0,96.0,0.0,Bay of Bengal,-0.17501,-0.34717,0.38879
2025-07-01T00:00:00+00:00,7.0,97.0,0.0,Bay of Bengal,-0.17326,-0.34611,0.38706
2025-07-01T00:00:00+00:00,7.0,98.0,0.0,Bay of Bengal,-0.17133,-0.34485,0.38506
2025-07-01T00:00:00+00:00,8.0,80.0,0.0,Bay of Bengal,-0.18333,-0.33517,0.38204
2025-07-01T00:00:00+00:00,8.0,81.0,0.0,Bay of Bengal,-0.18265,-0.33752,0.38377
2025-07-01T00:00:00+00:00,8.0,82.0,0.0,Bay of Bengal,-0.18161,-0.33967,0.38517
2025-07-01T00:00:00+00:00,8.0,83.0,0.0,Bay of Bengal,-0.18021,-0.34162,0.38624
2025-07-01T00:00:00+00:00,8.0,84.0,0.0,Bay of Bengal,-0.1785,-0.34337,0.38699
2025-07-01T00:00:00+00:00,8.0,85.0,0.0,Bay of Bengal,-0.17649,-0.34491,0.38744
2025-07-01T00:00:00+00:00,8.0,86.0,0.0,Bay of Bengal,-0.17423,-0.34624,0.3876
2025-07-01T00:00:00+00:00,8.0,87.0,0.0,Bay of Bengal,-0.17177,-0.34735,0.3875
2025-07-01T00:00:00+00:00,8.0,88.0,0.0,Bay of Bengal,-0.16915,-0.34824,0.38715
2025-07-01T00:00:00+00:00,8.0,89.0,0.0,Bay of Bengal,-0.16642,-0.34892,0.38657
2025-07-01T00:00:00+00:00,8.0,90.0,0.0,Bay of Bengal,-0.16363,-0.34937,0.38579
2025-07-01T00:00:00+00:00,8.0,91.0,0.0,Bay of Bengal,-0.16085,-0.34961,0.38484
2025-07-01T00:00:00+00:00,8.0,92.0,0.0,Bay of Bengal,-0.15812,-0.34962,0.38372
2025-07-01T00:00:00+00:00,8.0,93.0,0.0,Bay of Bengal,-0.1555,-0.34942,0.38246
2025-07-01T00:00:00+00:00,8.0,94.0,0.0,Bay of Bengal,-0.15304,-0.349,0.38108
2025-07-01T00:00:00+00:00,8.0,95.0,0.0,Bay of Bengal,-0.15078,-0.34836,0.37959
2025-07-01T00:00:00+00:00,8.0,96.0,0.0,Bay of Bengal,-0.14877,-0.34751,0.37802
2025-07-01T00:00:00+00:00,8.0,97.0,0.0,Bay of Bengal,-0.14705,-0.34645,0.37637
2025-07-01T00:00:00+00:00,8.0,98.0,0.0,Bay of Bengal,-0.14566,-0.34519,0.37466
2025-07-01T00:00:00+00:00,9.0,80.0,0.0,Bay of Bengal,-0.16754,-0.33552,0.37502
2025-07-01T00:00:00+00:00,9.0,81.0,0.0,Bay of Bengal,-0.16441,-0.33787,0.37575
2025-07-01T00:00:00+00:00,9.0,82.0,0.0,Bay of Bengal,-0.16136,-0.34002,0.37637
2025-07-01T00:00:00+00:00,9.0,83.0,0.0,Bay of Bengal,-0.15846,-0.34197,0.3769
2025-07-01T00:00:00+00:00,9.0,84.0,0.0,Bay of Bengal,-0.15578,-0.34372,0.37737
2025-07-01T00:00:00+00:00,9.0,85.0,0.0,Bay of Bengal,-0.15339,-0.34526,0.3778
2025-07-01T00:00:00+00:00,9.0,86.0,0.0,Bay of Bengal,-0.15136,-0.34658,0.37819
2025-07-01T00:00:00+00:00,9.0,87.0,0.0,Bay of Bengal,-0.14972,-0.34769,0.37856
2025-07-01T00:00:00+00:00,9.0,88.0,0.0,Bay of Bengal,-0.14852,-0.34859,0.37891
2025-07-01T00:00:00+00:00,9.0,89.0,0.0,Bay of Bengal,-0.14778,-0.34926,0.37924
2025-07-01T00:00:00+00:00,9.0,90.0,0.0,Bay of Bengal,-0.14754,-0.34972,0.37957
2025-07-01T00:00:00+00:00,9.0,91.0,0.0,Bay of Bengal,-0.14778,-0.34995,0.37988
2025-07-01T00:00:00+00:00,9.0,92.0,0.0,Bay of Bengal,-0.14852,-0.34997,0.38018
2025-07-01T00:00:00+00:00,9.0,93.0,0.0,Bay of Bengal,-0.14972,-0.34976,0.38046
2025-07-01T00:00:00+00:00,9.0,94.0,0.0,Bay of Bengal,-0.15136,-0.34934,0.38072
2025-07-01T00:00:00+00:00,9.0,95.0,0.0,Bay of Bengal,-0.15339,-0.3487,0.38095
2025-07-01T00:00:00+00:00,9.0,96.0,0.0,Bay of Bengal,-0.15578,-0.34785,0.38114
2025-07-01T00:00:00+00:00,9.0,97.0,0.0,Bay of Bengal,-0.15846,-0.34679,0.38128
2025-07-01T00:00:00+00:00,9.0,98.0,0.0,Bay of Bengal,-0.16136,-0.34552,0.38134
2025-07-01T00:00:00+00:00,10.0,80.0,0.0,Bay of Bengal,-0.15214,-0.33587,0.36872
2025-07-01T00:00:00+00:00,10.0,81.0,0.0,Bay of Bengal,-0.15183,-0.33822,0.37074
2025-07-01T00:00:00+00:00,10.0,82.0,0.0,Bay of Bengal,-0.15214,-0.34037,0.37282
2025-07-01T00:00:00+00:00,10.0,83.0,0.0,Bay of Bengal,-0.15304,-0.34232,0.37497
2025-07-01T00:00:00+00:00,10.0,84.0,0.0,Bay of Bengal,-0.15451,-0.34407,0.37717
2025-07-01T00:00:00+00:00,10.0,85.0,0.0,Bay of Bengal,-0.15651,-0.34561,0.37939
2025-07-01T00:00:00+00:00,10.0,86.0,0.0,Bay of Bengal,-0.15898,-0.34693,0.38162
2025-07-01T00:00:00+00:00,10.0,87.0,0.0,Bay of Bengal,-0.16183,-0.34804,0.38383
2025-07-01T00:00:00+00:00,10.0,88.0,0.0,Bay of Bengal,-0.16499,-0.34893,0.38598
2025-07-01T00:00:00+00:00,10.0,89.0,0.0,Bay of Bengal,-0.16836,-0.34961,0.38804
2025-07-01T00:00:00+00:00,10.0,90.0,0.0,Bay of Bengal,-0.17183,-0.35006,0.38996
2025-07-01T00:00:00+00:00,10.0,91.0,0.0,Bay of Bengal,-0.17531,-0.3503,0.39171
2025-07-01T00:00:00+00:00,10.0,92.0,0.0,Bay of Bengal,-0.17867,-0.35031,0.39324
2025-07-01T00:00:00+00:00,10.0,93.0,0.0,Bay of Bengal,-0.18183,-0.3501,0.39451
2025-07-01T00:00:00+00:00,10.0,94.0,0.0,Bay of Bengal,-0.18469,-0.34968,0.39546
2025-07-01T00:00:00+00:00,10.0,95.0,0.0,Bay of Bengal,-0.18715,-0.34904,0.39605
2025-07-01T00:00:00+00:00,10.0,96.0,0.0,Bay of Bengal,-0.18915,-0.34819,0.39625
2025-07-01T00:00:00+00:00,10.0,97.0,0.0,Bay of Bengal,-0.19063,-0.34712,0.39602
2025-07-01T00:00:00+00:00,10.0,98.0,0.0,Bay of Bengal,-0.19153,-0.34585,0.39535
2025-07-01T00:00:00+00:00,11.0,80.0,0.0,Bay of Bengal,-0.16966,-0.33622,0.3766
2025-07-01T00:00:00+00:00,11.0,81.0,0.0,Bay of Bengal,-0.17338,-0.33857,0.38038
2025-07-01T00:00:00+00:00,11.0,82.0,0.0,Bay of Bengal,-0.1772,-0.34072,0.38404
2025-07-01T00:00:00+00:00,11.0,83.0,0.0,Bay of Bengal,-0.181,-0.34267,0.38754
2025-07-01T00:00:00+00:00,11.0,84.0,0.0,Bay of Bengal,-0.18464,-0.34442,0.39079
2025-07-01T00:00:00+00:00,11.0,85.0,0.0,Bay of Bengal,-0.18798,-0.34595,0.39372
2025-07-01T00:00:00+00:00,11.0,86.0,0.0,Bay of Bengal,-0.19089,-0.34728,0.39628
2025-07-01T00:00:00+00:00,11.0,87.0,0.0,Bay of Bengal,-0.19328,-0.34839,0.39841
2025-07-01T00:00:00+00:00,11.0,88.0,0.0,Bay of Bengal,-0.19505,-0.34928,0.40005
2025-07-01T00:00:00+00:00,11.0,89.0,0.0,Bay of Bengal,-0.19614,-0.34995,0.40117
2025-07-01T00:00:00+00:00,11.0,90.0,0.0,Bay of Bengal,-0.1965,-0.35041,0.40174
2025-07-01T00:00:00+00:00,11.0,91.0,0.0,Bay of Bengal,-0.19614,-0.35064,0.40177
2025-07-01T00:00:00+00:00,11.0,92.0,0.0,Bay of Bengal,-0.19505,-0.35065,0.40125
2025-07-01T00:00:00+00:00,11.0,93.0,0.0,Bay of Bengal,-0.19328,-0.35044,0.40021
2025-07-01T00:00:00+00:00,11.0,94.0,0.0,Bay of Bengal,-0.19089,-0.35002,0.39869
2025-07-01T00:00:00+00:00,11.0,95.0,0.0,Bay of Bengal,-0.18798,-0.34938,0.39673
2025-07-01T00:00:00+00:00,11.0,96.0,0.0,Bay of Bengal,-0.18464,-0.34852,0.39441
2025-07-01T00:00:00+00:00,11.0,97.0,0.0,Bay of Bengal,-0.181,-0.34746,0.39178
2025-07-01T00:00:00+00:00,11.0,98.0,0.0,Bay of Bengal,-0.1772,-0.34618,0.3889
2025-07-01T00:00:00+00:00,12.0,80.0,0.0,Bay of Bengal,-0.19885,-0.33657,0.39092
2025-07-01T00:00:00+00:00,12.0,81.0,0.0,Bay of Bengal,-0.20055,-0.33892,0.39381
2025-07-01T00:00:00+00:00,12.0,82.0,0.0,Bay of Bengal,-0.20142,-0.34107,0.3961
2025-07-01T00:00:00+00:00,12.0,83.0,0.0,Bay of Bengal,-0.20142,-0.34302,0.39778
2025-07-01T00:00:00+00:00,12.0,84.0,0.0,Bay of Bengal,-0.20055,-0.34476,0.39885
2025-07-01T00:00:00+00:00,12.0,85.0,0.0,Bay of Bengal,-0.19885,-0.3463,0.39933
2025-07-01T00:00:00+00:00,12.0,86.0,0.0,Bay of Bengal,-0.19639,-0.34762,0.39926
2025-07-01T00:00:00+00:00,12.0,87.0,0.0,Bay of Bengal,-0.19328,-0.34873,0.39871
2025-07-01T00:00:00+00:00,12.0,88.0,0.0,Bay of Bengal,-0.18966,-0.34962,0.39775
2025-07-01T00:00:00+00:00,12.0,89.0,0.0,Bay of Bengal,-0.18568,-0.3503,0.39647
2025-07-01T00:00:00+00:00,12.0,90.0,0.0,Bay of Bengal,-0.18153,-0.35075,0.39494
2025-07-01T00:00:00+00:00,12.0,91.0,0.0,Bay of Bengal,-0.17737,-0.35098,0.39325
2025-07-01T00:00:00+00:00,12.0,92.0,0.0,Bay of Bengal,-0.17339,-0.35099,0.39148
2025-07-01T00:00:00+00:00,12.0,93.0,0.0,Bay of Bengal,-0.16977,-0.35078,0.3897
2025-07-01T00:00:00+00:00,12.0,94.0,0.0,Bay of Bengal,-0.16666,-0.35035,0.38797
2025-07-01T00:00:00+00:00,12.0,95.0,0.0,Bay of Bengal,-0.1642,-0.34971,0.38634
2025-07-01T00:00:00+00:00,12.0,96.0,0.0,Bay of Bengal,-0.1625,-0.34885,0.38485
2025-07-01T00:00:00+00:00,12.0,97.0,0.0,Bay of Bengal,-0.16163,-0.34779,0.38351
2025-07-01T00:00:00+00:00,12.0,98.0,0.0,Bay of Bengal,-0.16163,-0.34651,0.38236
2025-07-01T00:00:00+00:00,13.0,80.0,0.0,Bay of Bengal,-0.19973,-0.33692,0.39167
2025-07-01T00:00:00+00:00,13.0,81.0,0.0,Bay of Bengal,-0.19595,-0.33926,0.39179
2025-07-01T00:00:00+00:00,13.0,82.0,0.0,Bay of Bengal,-0.19171,-0.34142,0.39156
2025-07-01T00:00:00+00:00,13.0,83.0,0.0,Bay of Bengal,-0.18722,-0.34337,0.39109
2025-07-01T00:00:00+00:00,13.0,84.0,0.0,Bay of Bengal,-0.18271,-0.34511,0.39049
2025-07-01T00:00:00+00:00,13.0,85.0,0.0,Bay of Bengal,-0.17842,-0.34665,0.38987
2025-07-01T00:00:00+00:00,13.0,86.0,0.0,Bay of Bengal,-0.17456,-0.34797,0.3893
2025-07-01T00:00:00+00:00,13.0,87.0,0.0,Bay of Bengal,-0.17133,-0.34908,0.38886
2025-07-01T00:00:00+00:00,13.0,88.0,0.0,Bay of Bengal,-0.1689,-0.34997,0.38859
2025-07-01T00:00:00+00:00,13.0,89.0,0.0,Bay of Bengal,-0.16738,-0.35064,0.38854
2025-07-01T00:00:00+00:00,13.0,90.0,0.0,Bay of Bengal,-0.16687,-0.35109,0.38873
2025-07-01T00:00:00+00:00,13.0,91.0,0.0,Bay of Bengal,-0.16738,-0.35132,0.38916
2025-07-01T00:00:00+00:00,13.0,92.0,0.0,Bay of Bengal,-0.1689,-0.35133,0.38982
2025-07-01T00:00:00+00:00,13.0,93.0,0.0,Bay of Bengal,-0.17133,-0.35112,0.39069
2025-07-01T00:00:00+00:00,13.0,94.0,0.0,Bay of Bengal,-0.17456,-0.35069,0.39173
2025-07-01T00:00:00+00:00,13.0,95.0,0.0,Bay of Bengal,-0.17842,-0.35004,0.39289
2025-07-01T00:00:00+00:00,13.0,96.0,0.0,Bay of Bengal,-0.18271,-0.34919,0.3941
2025-07-01T00:00:00+00:00,13.0,97.0,0.0,Bay of Bengal,-0.18722,-0.34812,0.39527
2025-07-01T00:00:00+00:00,13.0,98.0,0.0,Bay of Bengal,-0.19171,-0.34684,0.3963
2025-07-01T00:00:00+00:00,14.0,80.0,0.0,Bay of Bengal,-0.17966,-0.33727,0.38214
2025-07-01T00:00:00+00:00,14.0,81.0,0.0,Bay of Bengal,-0.17634,-0.33961,0.38266
2025-07-01T00:00:00+00:00,14.0,82.0,0.0,Bay of Bengal,-0.17398,-0.34176,0.3835
2025-07-01T00:00:00+00:00,14.0,83.0,0.0,Bay of Bengal,-0.17271,-0.34371,0.38467
2025-07-01T00:00:00+00:00,14.0,84.0,0.0,Bay of Bengal,-0.17263,-0.34546,0.38619
2025-07-01T00:00:00+00:00,14.0,85.0,0.0,Bay of Bengal,-0.17373,-0.34699,0.38805
2025-07-01T00:00:00+00:00,14.0,86.0,0.0,Bay of Bengal,-0.17594,-0.34831,0.39023
2025-07-01T00:00:00+00:00,14.0,87.0,0.0,Bay of Bengal,-0.17914,-0.34942,0.39266
2025-07-01T00:00:00+00:00,14.0,88.0,0.0,Bay of Bengal,-0.18313,-0.35031,0.39529
2025-07-01T00:00:00+00:00,14.0,89.0,0.0,Bay of Bengal,-0.18768,-0.35098,0.39801
2025-07-01T00:00:00+00:00,14.0,90.0,0.0,Bay of Bengal,-0.19252,-0.35143,0.40071
2025-07-01T00:00:00+00:00,14.0,91.0,0.0,Bay of Bengal,-0.19736,-0.35166,0.40325
2025-07-01T00:00:00+00:00,14.0,92.0,0.0,Bay of Bengal,-0.20191,-0.35166,0.40551
2025-07-01T00:00:00+00:00,14.0,93.0,0.0,Bay of Bengal,-0.2059,-0.35145,0.40733
2025-07-01T00:00:00+00:00,14.0,94.0,0.0,Bay of Bengal,-0.2091,-0.35102,0.40858
2025-07-01T00:00:00+00:00,14.0,95.0,0.0,Bay of Bengal,-0.21131,-0.35037,0.40916
2025-07-01T00:00:00+00:00,14.0,96.0,0.0,Bay of Bengal,-0.21241,-0.34951,0.409
2025-07-01T00:00:00+00:00,14.0,97.0,0.0,Bay of Bengal,-0.21232,-0.34844,0.40804
2025-07-01T00:00:00+00:00,14.0,98.0,0.0,Bay of Bengal,-0.21106,-0.34716,0.40629
2025-07-01T00:00:00+00:00,15.0,80.0,0.0,Bay of Bengal,-0.18112,-0.33761,0.38313
2025-07-01T00:00:00+00:00,15.0,81.0,0.0,Bay of Bengal,-0.1843,-0.33996,0.3867
2025-07-01T00:00:00+00:00,15.0,82.0,0.0,Bay of Bengal,-0.18844,-0.34211,0.39057
2025-07-01T00:00:00+00:00,15.0,83.0,0.0,Bay of Bengal,-0.19326,-0.34406,0.39462
2025-07-01T00:00:00+00:00,15.0,84.0,0.0,Bay of Bengal,-0.19844,-0.3458,0.39869
2025-07-01T00:00:00+00:00,15.0,85.0,0.0,Bay of Bengal,-0.20361,-0.34734,0.40262
2025-07-01T00:00:00+00:00,15.0,86.0,0.0,Bay of Bengal,-0.20844,-0.34866,0.40621
2025-07-01T00:00:00+00:00,15.0,87.0,0.0,Bay of Bengal,-0.21258,-0.34976,0.4093
2025-07-01T00:00:00+00:00,15.0,88.0,0.0,Bay of Bengal,-0.21576,-0.35065,0.41171
2025-07-01T00:00:00+00:00,15.0,89.0,0.0,Bay of Bengal,-0.21776,-0.35132,0.41333
2025-07-01T00:00:00+00:00,15.0,90.0,0.0,Bay of Bengal,-0.21844,-0.35177,0.41407
2025-07-01T00:00:00+00:00,15.0,91.0,0.0,Bay of Bengal,-0.21776,-0.35199,0.4139
2025-07-01T00:00:00+00:00,15.0,92.0,0.0,Bay of Bengal,-0.21576,-0.352,0.41286
2025-07-01T00:00:00+00:00,15.0,93.0,0.0,Bay of Bengal,-0.21258,-0.35178,0.41103
2025-07-01T00:00:00+00:00,15.0,94.0,0.0,Bay of Bengal,-0.20844,-0.35135,0.40853
2025-07-01T00:00:00+00:00,15.0,95.0,0.0,Bay of Bengal,-0.20361,-0.3507,0.40553
2025-07-01T00:00:00+00:00,15.0,96.0,0.0,Bay of Bengal,-0.19844,-0.34984,0.4022
2025-07-01T00:00:00+00:00,15.0,97.0,0.0,Bay of Bengal,-0.19326,-0.34877,0.39873
2025-07-01T00:00:00+00:00,15.0,98.0,0.0,Bay of Bengal,-0.18844,-0.34749,0.39529
2025-07-01T00:00:00+00:00,16.0,80.0,0.0,Bay of Bengal,-0.21144,-0.33796,0.39865
2025-07-01T00:00:00+00:00,16.0,81.0,0.0,Bay of Bengal,-0.21636,-0.34031,0.40326
2025-07-01T00:00:00+00:00,16.0,82.0,0.0,Bay of Bengal,-0.22036,-0.34246,0.40723
2025-07-01T00:00:00+00:00,16.0,83.0,0.0,Bay of Bengal,-0.22315,-0.3444,0.41038
2025-07-01T00:00:00+00:00,16.0,84.0,0.0,Bay of Bengal,-0.22449,-0.34615,0.41257
2025-07-01T00:00:00+00:00,16.0,85.0,0.0,Bay of Bengal,-0.2243,-0.34768,0.41375
2025-07-01T00:00:00+00:00,16.0,86.0,0.0,Bay of Bengal,-0.22258,-0.349,0.41393
2025-07-01T00:00:00+00:00,16.0,87.0,0.0,Bay of Bengal,-0.21946,-0.3501,0.4132
2025-07-01T00:00:00+00:00,16.0,88.0,0.0,Bay of Bengal,-0.2152,-0.35099,0.41171
2025-07-01T00:00:00+00:00,16.0,89.0,0.0,Bay of Bengal,-0.21011,-0.35166,0.40965
2025-07-01T00:00:00+00:00,16.0,90.0,0.0,Bay of Bengal,-0.2046,-0.3521,0.40723
2025-07-01T00:00:00+00:00,16.0,91.0,0.0,Bay of Bengal,-0.19909,-0.35233,0.40469
2025-07-01T00:00:00+00:00,16.0,92.0,0.0,Bay of Bengal,-0.194,-0.35233,0.40221
2025-07-01T00:00:00+00:00,16.0,93.0,0.0,Bay of Bengal,-0.18974,-0.35212,0.39998
2025-07-01T00:00:00+00:00,16.0,94.0,0.0,Bay of Bengal,-0.18663,-0.35168,0.39813
2025-07-01T00:00:00+00:00,16.0,95.0,0.0,Bay of Bengal,-0.18491,-0.35103,0.39675
2025-07-01T00:00:00+00:00,16.0,96.0,0.0,Bay of Bengal,-0.18471,-0.35017,0.3959
2025-07-01T00:00:00+00:00,16.0,97.0,0.0,Bay of Bengal,-0.18606,-0.34909,0.39558
2025-07-01T00:00:00+00:00,16.0,98.0,0.0,Bay of Bengal,-0.18884,-0.34781,0.39577
2025-07-01T00:00:00+00:00,17.0,80.0,0.0,Bay of Bengal,-0.23067,-0.33831,0.40947
2025-07-01T00:00:00+00:00,17.0,81.0,0.0,Bay of Bengal,-0.2288,-0.34065,0.41036
2025-07-01T00:00:00+00:00,17.0,82.0,0.0,Bay of Bengal,-0.22536,-0.3428,0.41025
2025-07-01T00:00:00+00:00,17.0,83.0,0.0,Bay of Bengal,-0.22067,-0.34475,0.40933
2025-07-01T00:00:00+00:00,17.0,84.0,0.0,Bay of Bengal,-0.21514,-0.34649,0.40785
2025-07-01T00:00:00+00:00,17.0,85.0,0.0,Bay of Bengal,-0.20923,-0.34802,0.40608
2025-07-01T00:00:00+00:00,17.0,86.0,0.0,Bay of Bengal,-0.20349,-0.34934,0.40428
2025-07-01T00:00:00+00:00,17.0,87.0,0.0,Bay of Bengal,-0.19839,-0.35044,0.4027
2025-07-01T00:00:00+00:00,17.0,88.0,0.0,Bay of Bengal,-0.1944,-0.35133,0.40152
2025-07-01T00:00:00+00:00,17.0,89.0,0.0,Bay of Bengal,-0.19185,-0.35199,0.40088
2025-07-01T00:00:00+00:00,17.0,90.0,0.0,Bay of Bengal,-0.19098,-0.35244,0.40085
2025-07-01T00:00:00+00:00,17.0,91.0,0.0,Bay of Bengal,-0.19185,-0.35266,0.40147
2025-07-01T00:00:00+00:00,17.0,92.0,0.0,Bay of Bengal,-0.1944,-0.35266,0.40269
2025-07-01T00:00:00+00:00,17.0,93.0,0.0,Bay of Bengal,-0.19839,-0.35244,0.40445
2025-07-01T00:00:00+00:00,17.0,94.0,0.0,Bay of Bengal,-0.20349,-0.35201,0.40659
2025-07-01T00:00:00+00:00,17.0,95.0,0.0,Bay of Bengal,-0.20923,-0.35136,0.40894
2025-07-01T00:00:00+00:00,17.0,96.0,0.0,Bay of Bengal,-0.21514,-0.35049,0.41125
2025-07-01T00:00:00+00:00,17.0,97.0,0.0,Bay of Bengal,-0.22067,-0.34941,0.41326
2025-07-01T00:00:00+00:00,17.0,98.0,0.0,Bay of Bengal,-0.22536,-0.34813,0.41471
2025-07-01T00:00:00+00:00,18.0,80.0,0.0,Bay of Bengal,-0.21754,-0.33865,0.4025
2025-07-01T00:00:00+00:00,18.0,81.0,0.0,Bay of Bengal,-0.21136,-0.341,0.40119
2025-07-01T00:00:00+00:00,18.0,82.0,0.0,Bay of Bengal,-0.20578,-0.34315,0.40012
2025-07-01T00:00:00+00:00,18.0,83.0,0.0,Bay of Bengal,-0.20136,-0.34509,0.39954
2025-07-01T00:00:00+00:00,18.0,84.0,0.0,Bay of Bengal,-0.19852,-0.34683,0.39963
2025-07-01T00:00:00+00:00,18.0,85.0,0.0,Bay of Bengal,-0.19754,-0.34836,0.40047
2025-07-01T00:00:00+00:00,18.0,86.0,0.0,Bay of Bengal,-0.19852,-0.34968,0.4021
2025-07-01T00:00:00+00:00,18.0,87.0,0.0,Bay of Bengal,-0.20136,-0.35078,0.40446
2025-07-01T00:00:00+00:00,18.0,88.0,0.0,Bay of Bengal,-0.20578,-0.35166,0.40745
2025-07-01T00:00:00+00:00,18.0,89.0,0.0,Bay of Bengal,-0.21136,-0.35233,0.41086
2025-07-01T00:00:00+00:00,18.0,90.0,0.0,Bay of Bengal,-0.21754,-0.35277,0.41445
2025-07-01T00:00:00+00:00,18.0,91.0,0.0,Bay of Bengal,-0.22372,-0.35299,0.41791
2025-07-01T00:00:00+00:00,18.0,92.0,0.0,Bay of Bengal,-0.22929,-0.35299,0.42093
2025-07-01T00:00:00+00:00,18.0,93.0,0.0,Bay of Bengal,-0.23372,-0.35277,0.42317
2025-07-01T00:00:00+00:00,18.0,94.0,0.0,Bay of Bengal,-0.23656,-0.35233,0.42438
2025-07-01T00:00:00+00:00,18.0,95.0,0.0,Bay of Bengal,-0.23754,-0.35168,0.42438
2025-07-01T00:00:00+00:00,18.0,96.0,0.0,Bay of Bengal,-0.23656,-0.35081,0.42311
2025-07-01T00:00:00+00:00,18.0,97.0,0.0,Bay of Bengal,-0.23372,-0.34973,0.42063
2025-07-01T00:00:00+00:00,18.0,98.0,0.0,Bay of Bengal,-0.22929,-0.34844,0.41712
2025-07-01T00:00:00+00:00,19.0,80.0,0.0,Bay of Bengal,-0.20455,-0.339,0.39593
2025-07-01T00:00:00+00:00,19.0,81.0,0.0,Bay of Bengal,-0.20449,-0.34134,0.39791
2025-07-01T00:00:00+00:00,19.0,82.0,0.0,Bay of Bengal,-0.20659,-0.34349,0.40083
2025-07-01T00:00:00+00:00,19.0,83.0,0.0,Bay of Bengal,-0.21061,-0.34543,0.40457
2025-07-01T00:00:00+00:00,19.0,84.0,0.0,Bay of Bengal,-0.21611,-0.34717,0.40894
2025-07-01T00:00:00+00:00,19.0,85.0,0.0,Bay of Bengal,-0.2225,-0.3487,0.41364
2025-07-01T00:00:00+00:00,19.0,86.0,0.0,Bay of Bengal,-0.22908,-0.35002,0.41832
2025-07-01T00:00:00+00:00,19.0,87.0,0.0,Bay of Bengal,-0.23514,-0.35112,0.42258
2025-07-01T00:00:00+00:00,19.0,88.0,0.0,Bay of Bengal,-0.24001,-0.352,0.42604
2025-07-01T00:00:00+00:00,19.0,89.0,0.0,Bay of Bengal,-0.24316,-0.35266,0.42836
2025-07-01T00:00:00+00:00,19.0,90.0,0.0,Bay of Bengal,-0.24425,-0.3531,0.42934
2025-07-01T00:00:00+00:00,19.0,91.0,0.0,Bay of Bengal,-0.24316,-0.35332,0.42891
2025-07-01T00:00:00+00:00,19.0,92.0,0.0,Bay of Bengal,-0.24001,-0.35332,0.42713
2025-07-01T00:00:00+00:00,19.0,93.0,0.0,Bay of Bengal,-0.23514,-0.3531,0.42423
2025-07-01T00:00:00+00:00,19.0,94.0,0.0,Bay of Bengal,-0.22908,-0.35266,0.42053
2025-07-01T00:00:00+00:00,19.0,95.0,0.0,Bay of Bengal,-0.2225,-0.352,0.41643
2025-07-01T00:00:00+00:00,19.0,96.0,0.0,Bay of Bengal,-0.21611,-0.35113,0.4123
2025-07-01T00:00:00+00:00,19.0,97.0,0.0,Bay of Bengal,-0.21061,-0.35004,0.40852
2025-07-01T00:00:00+00:00,19.0,98.0,0.0,Bay of Bengal,-0.20659,-0.34875,0.40535
2025-07-01T00:00:00+00:00,20.0,80.0,0.0,Bay of Bengal,-0.22423,-0.33934,0.40674
2025-07-01T00:00:00+00:00,20.0,81.0,0.0,Bay of Bengal,-0.23107,-0.34169,0.41249
2025-07-01T00:00:00+00:00,20.0,82.0,0.0,Bay of Bengal,-0.23791,-0.34383,0.41812
2025-07-01T00:00:00+00:00,20.0,83.0,0.0,Bay of Bengal,-0.24393,-0.34577,0.42316
2025-07-01T00:00:00+00:00,20.0,84.0,0.0,Bay of Bengal,-0.24839,-0.34751,0.42716
2025-07-01T00:00:00+00:00,20.0,85.0,0.0,Bay of Bengal,-0.25077,-0.34904,0.42978
2025-07-01T00:00:00+00:00,20.0,86.0,0.0,Bay of Bengal,-0.25077,-0.35035,0.43085
2025-07-01T00:00:00+00:00,20.0,87.0,0.0,Bay of Bengal,-0.24839,-0.35145,0.43037
2025-07-01T00:00:00+00:00,20.0,88.0,0.0,Bay of Bengal,-0.24393,-0.35233,0.42853
2025-07-01T00:00:00+00:00,20.0,89.0,0.0,Bay of Bengal,-0.23791,-0.35299,0.42568
2025-07-01T00:00:00+00:00,20.0,90.0,0.0,Bay of Bengal,-0.23107,-0.35343,0.42226
2025-07-01T00:00:00+00:00,20.0,91.0,0.0,Bay of Bengal,-0.22423,-0.35365,0.41874
2025-07-01T00:00:00+00:00,20.0,92.0,0.0,Bay of Bengal,-0.21822,-0.35364,0.41555
2025-07-01T00:00:00+00:00,20.0,93.0,0.0,Bay of Bengal,-0.21375,-0.35342,0.41303
2025-07-01T00:00:00+00:00,20.0,94.0,0.0,Bay of Bengal,-0.21138,-0.35298,0.41143
2025-07-01T00:00:00+00:00,20.0,95.0,0.0,Bay of Bengal,-0.21138,-0.35232,0.41086
2025-07-01T00:00:00+00:00,20.0,96.0,0.0,Bay of Bengal,-0.21375,-0.35144,0.41134
2025-07-01T00:00:00+00:00,20.0,97.0,0.0,Bay of Bengal,-0.21822,-0.35036,0.41276
2025-07-01T00:00:00+00:00,20.0,98.0,0.0,Bay of Bengal,-0.22423,-0.34906,0.41488
2025-07-01T00:00:00+00:00,21.0,80.0,0.0,Bay of Bengal,-0.25531,-0.33969,0.42493
2025-07-01T00:00:00+00:00,21.0,81.0,0.0,Bay of Bengal,-0.25774,-0.34203,0.42827
2025-07-01T00:00:00+00:00,21.0,82.0,0.0,Bay of Bengal,-0.25755,-0.34417,0.42987
2025-07-01T00:00:00+00:00,21.0,83.0,0.0,Bay of Bengal,-0.25476,-0.34611,0.42976
2025-07-01T00:00:00+00:00,21.0,84.0,0.0,Bay of Bengal,-0.24974,-0.34785,0.42822
2025-07-01T00:00:00+00:00,21.0,85.0,0.0,Bay of Bengal,-0.24316,-0.34938,0.42567
2025-07-01T00:00:00+00:00,21.0,86.0,0.0,Bay of Bengal,-0.2359,-0.35069,0.42265
2025-07-01T00:00:00+00:00,21.0,87.0,0.0,Bay of Bengal,-0.22891,-0.35178,0.4197
2025-07-01T00:00:00+00:00,21.0,88.0,0.0,Bay of Bengal,-0.22312,-0.35266,0.41732
2025-07-01T00:00:00+00:00,21.0,89.0,0.0,Bay of Bengal,-0.21931,-0.35332,0.41585
2025-07-01T00:00:00+00:00,21.0,90.0,0.0,Bay of Bengal,-0.21799,-0.35376,0.41553
2025-07-01T00:00:00+00:00,21.0,91.0,0.0,Bay of Bengal,-0.21931,-0.35397,0.41641
2025-07-01T00:00:00+00:00,21.0,92.0,0.0,Bay of Bengal,-0.22312,-0.35397,0.41842
2025-07-01T00:00:00+00:00,21.0,93.0,0.0,Bay of Bengal,-0.22891,-0.35374,0.42134
2025-07-01T00:00:00+00:00,21.0,94.0,0.0,Bay of Bengal,-0.2359,-0.35329,0.42481
2025-07-01T00:00:00+00:00,21.0,95.0,0.0,Bay of Bengal,-0.24316,-0.35263,0.42834
2025-07-01T00:00:00+00:00,21.0,96.0,0.0,Bay of Bengal,-0.24974,-0.35175,0.43139
2025-07-01T00:00:00+00:00,21.0,97.0,0.0,Bay of Bengal,-0.25476,-0.35066,0.43344
2025-07-01T00:00:00+00:00,21.0,98.0,0.0,Bay of Bengal,-0.25755,-0.34937,0.43404
2025-07-01T00:00:00+00:00,22.0,80.0,0.0,Bay of Bengal,-0.2578,-0.34003,0.42671
2025-07-01T00:00:00+00:00,22.0,81.0,0.0,Bay of Bengal,-0.25113,-0.34237,0.4246
2025-07-01T00:00:00+00:00,22.0,82.0,0.0,Bay of Bengal,-0.24355,-0.34451,0.42191
2025-07-01T00:00:00+00:00,22.0,83.0,0.0,Bay of Bengal,-0.23618,-0.34645,0.4193
2025-07-01T00:00:00+00:00,22.0,84.0,0.0,Bay of Bengal,-0.23009,-0.34819,0.41734
2025-07-01T00:00:00+00:00,22.0,85.0,0.0,Bay of Bengal,-0.22615,-0.34971,0.41647
2025-07-01T00:00:00+00:00,22.0,86.0,0.0,Bay of Bengal,-0.22496,-0.35102,0.41692
2025-07-01T00:00:00+00:00,22.0,87.0,0.0,Bay of Bengal,-0.22668,-0.35212,0.41877
2025-07-01T00:00:00+00:00,22.0,88.0,0.0,Bay of Bengal,-0.23106,-0.35299,0.42189
2025-07-01T00:00:00+00:00,22.0,89.0,0.0,Bay of Bengal,-0.23746,-0.35365,0.42597
2025-07-01T00:00:00+00:00,22.0,90.0,0.0,Bay of Bengal,-0.24495,-0.35408,0.43055
2025-07-01T00:00:00+00:00,22.0,91.0,0.0,Bay of Bengal,-0.25244,-0.35429,0.43503
2025-07-01T00:00:00+00:00,22.0,92.0,0.0,Bay of Bengal,-0.25884,-0.35429,0.43877
2025-07-01T00:00:00+00:00,22.0,93.0,0.0,Bay of Bengal,-0.26322,-0.35406,0.44118
2025-07-01T00:00:00+00:00,22.0,94.0,0.0,Bay of Bengal,-0.26494,-0.35361,0.44185
2025-07-01T00:00:00+00:00,22.0,95.0,0.0,Bay of Bengal,-0.26374,-0.35294,0.4406
2025-07-01T00:00:00+00:00,22.0,96.0,0.0,Bay of Bengal,-0.25981,-0.35206,0.43755
2025-07-01T00:00:00+00:00,22.0,97.0,0.0,Bay of Bengal,-0.25372,-0.35097,0.43307
2025-07-01T00:00:00+00:00,22.0,98.0,0.0,Bay of Bengal,-0.24634,-0.34967,0.42773
2025-07-01T00:00:00+00:00,6.0,80.0,50.0,Bay of Bengal,-0.12481,-0.30251,0.32725
2025-07-01T00:00:00+00:00,6.0,81.0,50.0,Bay of Bengal,-0.12596,-0.30467,0.32968
2025-07-01T00:00:00+00:00,6.0,82.0,50.0,Bay of Bengal,-0.12727,-0.30665,0.33201
2025-07-01T00:00:00+00:00,6.0,83.0,50.0,Bay of Bengal,-0.12875,-0.30845,0.33424
2025-07-01T00:00:00+00:00,6.0,84.0,50.0,Bay of Bengal,-0.13038,-0.31006,0.33636
2025-07-01T00:00:00+00:00,6.0,85.0,50.0,Bay of Bengal,-0.13214,-0.31149,0.33836
2025-07-01T00:00:00+00:00,6.0,86.0,50.0,Bay of Bengal,-0.134,-0.31272,0.34022
2025-07-01T00:00:00+00:00,6.0,87.0,50.0,Bay of Bengal,-0.13596,-0.31376,0.34195
2025-07-01T00:00:00+00:00,6.0,88.0,50.0,Bay of Bengal,-0.13798,-0.31461,0.34353
2025-07-01T00:00:00+00:00,6.0,89.0,50.0,Bay of Bengal,-0.14004,-0.31525,0.34496
2025-07-01T00:00:00+00:00,6.0,90.0,50.0,Bay of Bengal,-0.14214,-0.3157,0.34622
2025-07-01T00:00:00+00:00,6.0,91.0,50.0,Bay of Bengal,-0.14423,-0.31594,0.34731
2025-07-01T00:00:00+00:00,6.0,92.0,50.0,Bay of Bengal,-0.14629,-0.31599,0.34822
2025-07-01T00:00:00+00:00,6.0,93.0,50.0,Bay of Bengal,-0.14832,-0.31584,0.34893
2025-07-01T00:00:00+00:00,6.0,94.0,50.0,Bay of Bengal,-0.15027,-0.3155,0.34946
2025-07-01T00:00:00+00:00,6.0,95.0,50.0,Bay of Bengal,-0.15214,-0.31496,0.34978
2025-07-01T00:00:00+00:00,6.0,96.0,50.0,Bay of Bengal,-0.15389,-0.31422,0.34988
2025-07-01T00:00:00+00:00,6.0,97.0,50.0,Bay of Bengal,-0.15552,-0.3133,0.34977
2025-07-01T00:00:00+00:00,6.0,98.0,50.0,Bay of Bengal,-0.157,-0.31219,0.34944
2025-07-01T00:00:00+00:00,7.0,80.0,50.0,Bay of Bengal,-0.15174,-0.30286,0.33875
2025-07-01T00:00:00+00:00,7.0,81.0,50.0,Bay of Bengal,-0.15398,-0.30502,0.34168
2025-07-01T00:00:00+00:00,7.0,82.0,50.0,Bay of Bengal,-0.15609,-0.307,0.3444
2025-07-01T00:00:00+00:00,7.0,83.0,50.0,Bay of Bengal,-0.15803,-0.3088,0.34688
2025-07-01T00:00:00+00:00,7.0,84.0,50.0,Bay of Bengal,-0.15977,-0.31041,0.34912
2025-07-01T00:00:00+00:00,7.0,85.0,50.0,Bay of Bengal,-0.16129,-0.31184,0.35108
2025-07-01T00:00:00+00:00,7.0,86.0,50.0,Bay of Bengal,-0.16256,-0.31307,0.35276
2025-07-01T00:00:00+00:00,7.0,87.0,50.0,Bay of Bengal,-0.16358,-0.31411,0.35415
2025-07-01T00:00:00+00:00,7.0,88.0,50.0,Bay of Bengal,-0.16431,-0.31495,0.35524
2025-07-01T00:00:00+00:00,7.0,89.0,50.0,Bay of Bengal,-0.16475,-0.3156,0.35601
2025-07-01T00:00:00+00:00,7.0,90.0,50.0,Bay of Bengal,-0.1649,-0.31604,0.35648
2025-07-01T00:00:00+00:00,7.0,91.0,50.0,Bay of Bengal,-0.16475,-0.31629,0.35663
2025-07-01T00:00:00+00:00,7.0,92.0,50.0,Bay of Bengal,-0.16431,-0.31634,0.35647
2025-07-01T00:00:00+00:00,7.0,93.0,50.0,Bay of Bengal,-0.16358,-0.31619,0.35599
2025-07-01T00:00:00+00:00,7.0,94.0,50.0,Bay of Bengal,-0.16256,-0.31584,0.35522
2025-07-01T00:00:00+00:00,7.0,95.0,50.0,Bay of Bengal,-0.16129,-0.3153,0.35416
2025-07-01T00:00:00+00:00,7.0,96.0,50.0,Bay of Bengal,-0.15977,-0.31456,0.35281
2025-07-01T00:00:00+00:00,7.0,97.0,50.0,Bay of Bengal,-0.15803,-0.31364,0.3512
2025-07-01T00:00:00+00:00,7.0,98.0,50.0,Bay of Bengal,-0.15609,-0.31253,0.34934
2025-07-01T00:00:00+00:00,8.0,80.0,50.0,Bay of Bengal,-0.16776,-0.30321,0.34652
2025-07-01T00:00:00+00:00,8.0,81.0,50.0,Bay of Bengal,-0.16708,-0.30537,0.34809
2025-07-01T00:00:00+00:00,8.0,82.0,50.0,Bay of Bengal,-0.16604,-0.30735,0.34933
2025-07-01T00:00:00+00:00,8.0,83.0,50.0,Bay of Bengal,-0.16464,-0.30915,0.35026
2025-07-01T00:00:00+00:00,8.0,84.0,50.0,Bay of Bengal,-0.16292,-0.31076,0.35088
2025-07-01T00:00:00+00:00,8.0,85.0,50.0,Bay of Bengal,-0.16092,-0.31219,0.35122
2025-07-01T00:00:00+00:00,8.0,86.0,50.0,Bay of Bengal,-0.15866,-0.31342,0.35129
2025-07-01T00:00:00+00:00,8.0,87.0,50.0,Bay of Bengal,-0.1562,-0.31446,0.35111
2025-07-01T00:00:00+00:00,8.0,88.0,50.0,Bay of Bengal,-0.15357,-0.3153,0.35071
2025-07-01T00:00:00+00:00,8.0,89.0,50.0,Bay of Bengal,-0.15085,-0.31594,0.35011
2025-07-01T00:00:00+00:00,8.0,90.0,50.0,Bay of Bengal,-0.14806,-0.31639,0.34932
2025-07-01T00:00:00+00:00,8.0,91.0,50.0,Bay of Bengal,-0.14528,-0.31664,0.34837
2025-07-01T00:00:00+00:00,8.0,92.0,50.0,Bay of Bengal,-0.14255,-0.31668,0.34729
2025-07-01T00:00:00+00:00,8.0,93.0,50.0,Bay of Bengal,-0.13993,-0.31653,0.34608
2025-07-01T00:00:00+00:00,8.0,94.0,50.0,Bay of Bengal,-0.13746,-0.31618,0.34477
2025-07-01T00:00:00+00:00,8.0,95.0,50.0,Bay of Bengal,-0.13521,-0.31564,0.34338
2025-07-01T00:00:00+00:00,8.0,96.0,50.0,Bay of Bengal,-0.1332,-0.3149,0.34191
2025-07-01T00:00:00+00:00,8.0,97.0,50.0,Bay of Bengal,-0.13148,-0.31398,0.34039
2025-07-01T00:00:00+00:00,8.0,98.0,50.0,Bay of Bengal,-0.13009,-0.31286,0.33883
2025-07-01T00:00:00+00:00,9.0,80.0,50.0,Bay of Bengal,-0.15159,-0.30356,0.33931
2025-07-01T00:00:00+00:00,9.0,81.0,50.0,Bay of Bengal,-0.14846,-0.30572,0.33986
2025-07-01T00:00:00+00:00,9.0,82.0,50.0,Bay of Bengal,-0.14541,-0.3077,0.34033
2025-07-01T00:00:00+00:00,9.0,83.0,50.0,Bay of Bengal,-0.14251,-0.3095,0.34073
2025-07-01T00:00:00+00:00,9.0,84.0,50.0,Bay of Bengal,-0.13984,-0.31111,0.34109
2025-07-01T00:00:00+00:00,9.0,85.0,50.0,Bay of Bengal,-0.13745,-0.31254,0.34143
2025-07-01T00:00:00+00:00,9.0,86.0,50.0,Bay of Bengal,-0.13541,-0.31377,0.34174
2025-07-01T00:00:00+00:00,9.0,87.0,50.0,Bay of Bengal,-0.13377,-0.31481,0.34205
2025-07-01T00:00:00+00:00,9.0,88.0,50.0,Bay of Bengal,-0.13257,-0.31565,0.34236
2025-07-01T00:00:00+00:00,9.0,89.0,50.0,Bay of Bengal,-0.13184,-0.31629,0.34267
2025-07-01T00:00:00+00:00,9.0,90.0,50.0,Bay of Bengal,-0.13159,-0.31674,0.34298
2025-07-01T00:00:00+00:00,9.0,91.0,50.0,Bay of Bengal,-0.13184,-0.31698,0.34331
2025-07-01T00:00:00+00:00,9.0,92.0,50.0,Bay of Bengal,-0.13257,-0.31703,0.34363
2025-07-01T00:00:00+00:00,9.0,93.0,50.0,Bay of Bengal,-0.13377,-0.31687,0.34395
2025-07-01T00:00:00+00:00,9.0,94.0,50.0,Bay of Bengal,-0.13541,-0.31652,0.34427
2025-07-01T00:00:00+00:00,9.0,95.0,50.0,Bay of Bengal,-0.13745,-0.31598,0.34458
2025-07-01T00:00:00+00:00,9.0,96.0,50.0,Bay of Bengal,-0.13984,-0.31524,0.34486
2025-07-01T00:00:00+00:00,9.0,97.0,50.0,Bay of Bengal,-0.14251,-0.31431,0.34511
2025-07-01T00:00:00+00:00,9.0,98.0,50.0,Bay of Bengal,-0.14541,-0.3132,0.34531
2025-07-01T00:00:00+00:00,10.0,80.0,50.0,Bay of Bengal,-0.13579,-0.30391,0.33286
2025-07-01T00:00:00+00:00,10.0,81.0,50.0,Bay of Bengal,-0.13548,-0.30607,0.33471
2025-07-01T00:00:00+00:00,10.0,82.0,50.0,Bay of Bengal,-0.13579,-0.30805,0.33665
2025-07-01T00:00:00+00:00,10.0,83.0,50.0,Bay of Bengal,-0.13669,-0.30985,0.33866
2025-07-01T00:00:00+00:00,10.0,84.0,50.0,Bay of Bengal,-0.13816,-0.31146,0.34073
2025-07-01T00:00:00+00:00,10.0,85.0,50.0,Bay of Bengal,-0.14016,-0.31288,0.34284
2025-07-01T00:00:00+00:00,10.0,86.0,50.0,Bay of Bengal,-0.14263,-0.31412,0.34498
2025-07-01T00:00:00+00:00,10.0,87.0,50.0,Bay of Bengal,-0.14548,-0.31515,0.34711
2025-07-01T00:00:00+00:00,10.0,88.0,50.0,Bay of Bengal,-0.14864,-0.31599,0.34921
2025-07-01T00:00:00+00:00,10.0,89.0,50.0,Bay of Bengal,-0.15201,-0.31664,0.35123
2025-07-01T00:00:00+00:00,10.0,90.0,50.0,Bay of Bengal,-0.15548,-0.31708,0.35315
2025-07-01T00:00:00+00:00,10.0,91.0,50.0,Bay of Bengal,-0.15895,-0.31732,0.35491
2025-07-01T00:00:00+00:00,10.0,92.0,50.0,Bay of Bengal,-0.16232,-0.31737,0.35647
2025-07-01T00:00:00+00:00,10.0,93.0,50.0,Bay of Bengal,-0.16548,-0.31721,0.35778
2025-07-01T00:00:00+00:00,10.0,94.0,50.0,Bay of Bengal,-0.16834,-0.31686,0.3588
2025-07-01T00:00:00+00:00,10.0,95.0,50.0,Bay of Bengal,-0.1708,-0.31632,0.35949
2025-07-01T00:00:00+00:00,10.0,96.0,50.0,Bay of Bengal,-0.1728,-0.31558,0.35979
2025-07-01T00:00:00+00:00,10.0,97.0,50.0,Bay of Bengal,-0.17428,-0.31465,0.35969
2025-07-01T00:00:00+00:00,10.0,98.0,50.0,Bay of Bengal,-0.17518,-0.31353,0.35915
2025-07-01T00:00:00+00:00,11.0,80.0,50.0,Bay of Bengal,-0.15287,-0.30426,0.3405
2025-07-01T00:00:00+00:00,11.0,81.0,50.0,Bay of Bengal,-0.15658,-0.30642,0.3441
2025-07-01T00:00:00+00:00,11.0,82.0,50.0,Bay of Bengal,-0.16041,-0.3084,0.34762
2025-07-01T00:00:00+00:00,11.0,83.0,50.0,Bay of Bengal,-0.16421,-0.31019,0.35098
2025-07-01T00:00:00+00:00,11.0,84.0,50.0,Bay of Bengal,-0.16784,-0.31181,0.35411
2025-07-01T00:00:00+00:00,11.0,85.0,50.0,Bay of Bengal,-0.17118,-0.31323,0.35695
2025-07-01T00:00:00+00:00,11.0,86.0,50.0,Bay of Bengal,-0.17409,-0.31446,0.35944
2025-07-01T00:00:00+00:00,11.0,87.0,50.0,Bay of Bengal,-0.17648,-0.3155,0.3615
2025-07-01T00:00:00+00:00,11.0,88.0,50.0,Bay of Bengal,-0.17825,-0.31634,0.3631
2025-07-01T00:00:00+00:00,11.0,89.0,50.0,Bay of Bengal,-0.17934,-0.31698,0.3642
2025-07-01T00:00:00+00:00,11.0,90.0,50.0,Bay of Bengal,-0.17971,-0.31742,0.36476
2025-07-01T00:00:00+00:00,11.0,91.0,50.0,Bay of Bengal,-0.17934,-0.31767,0.36479
2025-07-01T00:00:00+00:00,11.0,92.0,50.0,Bay of Bengal,-0.17825,-0.31771,0.3643
2025-07-01T00:00:00+00:00,11.0,93.0,50.0,Bay of Bengal,-0.17648,-0.31755,0.3633
2025-07-01T00:00:00+00:00,11.0,94.0,50.0,Bay of Bengal,-0.17409,-0.3172,0.36184
2025-07-01T00:00:00+00:00,11.0,95.0,50.0,Bay of Bengal,-0.17118,-0.31665,0.35996
2025-07-01T00:00:00+00:00,11.0,96.0,50.0,Bay of Bengal,-0.16784,-0.31591,0.35773
2025-07-01T00:00:00+00:00,11.0,97.0,50.0,Bay of Bengal,-0.16421,-0.31498,0.35521
2025-07-01T00:00:00+00:00,11.0,98.0,50.0,Bay of Bengal,-0.16041,-0.31386,0.35247
2025-07-01T00:00:00+00:00,12.0,80.0,50.0,Bay of Bengal,-0.18157,-0.30461,0.35462
2025-07-01T00:00:00+00:00,12.0,81.0,50.0,Bay of Bengal,-0.18327,-0.30676,0.35734
2025-07-01T00:00:00+00:00,12.0,82.0,50.0,Bay of Bengal,-0.18414,-0.30874,0.35949
2025-07-01T00:00:00+00:00,12.0,83.0,50.0,Bay of Bengal,-0.18414,-0.31054,0.36103
2025-07-01T00:00:00+00:00,12.0,84.0,50.0,Bay of Bengal,-0.18327,-0.31215,0.36198
2025-07-01T00:00:00+00:00,12.0,85.0,50.0,Bay of Bengal,-0.18157,-0.31358,0.36235
2025-07-01T00:00:00+00:00,12.0,86.0,50.0,Bay of Bengal,-0.17911,-0.31481,0.3622
2025-07-01T00:00:00+00:00,12.0,87.0,50.0,Bay of Bengal,-0.17601,-0.31584,0.36157
2025-07-01T00:00:00+00:00,12.0,88.0,50.0,Bay of Bengal,-0.17239,-0.31668,0.36056
2025-07-01T00:00:00+00:00,12.0,89.0,50.0,Bay of Bengal,-0.16841,-0.31732,0.35924
2025-07-01T00:00:00+00:00,12.0,90.0,50.0,Bay of Bengal,-0.16425,-0.31777,0.35771
2025-07-01T00:00:00+00:00,12.0,91.0,50.0,Bay of Bengal,-0.16009,-0.31801,0.35603
2025-07-01T00:00:00+00:00,12.0,92.0,50.0,Bay of Bengal,-0.15612,-0.31805,0.3543
2025-07-01T00:00:00+00:00,12.0,93.0,50.0,Bay of Bengal,-0.1525,-0.31789,0.35258
2025-07-01T00:00:00+00:00,12.0,94.0,50.0,Bay of Bengal,-0.14939,-0.31754,0.35092
2025-07-01T00:00:00+00:00,12.0,95.0,50.0,Bay of Bengal,-0.14693,-0.31699,0.34938
2025-07-01T00:00:00+00:00,12.0,96.0,50.0,Bay of Bengal,-0.14523,-0.31624,0.348
2025-07-01T00:00:00+00:00,12.0,97.0,50.0,Bay of Bengal,-0.14436,-0.31531,0.34679
2025-07-01T00:00:00+00:00,12.0,98.0,50.0,Bay of Bengal,-0.14436,-0.31419,0.34577
2025-07-01T00:00:00+00:00,13.0,80.0,50.0,Bay of Bengal,-0.18194,-0.30496,0.35511
2025-07-01T00:00:00+00:00,13.0,81.0,50.0,Bay of Bengal,-0.17817,-0.30711,0.35505
2025-07-01T00:00:00+00:00,13.0,82.0,50.0,Bay of Bengal,-0.17393,-0.30909,0.35467
2025-07-01T00:00:00+00:00,13.0,83.0,50.0,Bay of Bengal,-0.16944,-0.31089,0.35406
2025-07-01T00:00:00+00:00,13.0,84.0,50.0,Bay of Bengal,-0.16493,-0.3125,0.35335
2025-07-01T00:00:00+00:00,13.0,85.0,50.0,Bay of Bengal,-0.16064,-0.31392,0.35264
2025-07-01T00:00:00+00:00,13.0,86.0,50.0,Bay of Bengal,-0.15678,-0.31515,0.352
2025-07-01T00:00:00+00:00,13.0,87.0,50.0,Bay of Bengal,-0.15355,-0.31619,0.3515
2025-07-01T00:00:00+00:00,13.0,88.0,50.0,Bay of Bengal,-0.15111,-0.31703,0.3512
2025-07-01T00:00:00+00:00,13.0,89.0,50.0,Bay of Bengal,-0.1496,-0.31767,0.35113
2025-07-01T00:00:00+00:00,13.0,90.0,50.0,Bay of Bengal,-0.14909,-0.31811,0.35131
2025-07-01T00:00:00+00:00,13.0,91.0,50.0,Bay of Bengal,-0.1496,-0.31835,0.35175
2025-07-01T00:00:00+00:00,13.0,92.0,50.0,Bay of Bengal,-0.15111,-0.31839,0.35243
2025-07-01T00:00:00+00:00,13.0,93.0,50.0,Bay of Bengal,-0.15355,-0.31823,0.35334
2025-07-01T00:00:00+00:00,13.0,94.0,50.0,Bay of Bengal,-0.15678,-0.31787,0.35443
2025-07-01T00:00:00+00:00,13.0,95.0,50.0,Bay of Bengal,-0.16064,-0.31732,0.35566
2025-07-01T00:00:00+00:00,13.0,96.0,50.0,Bay of Bengal,-0.16493,-0.31658,0.35696
2025-07-01T00:00:00+00:00,13.0,97.0,50.0,Bay of Bengal,-0.16944,-0.31564,0.35824
2025-07-01T00:00:00+00:00,13.0,98.0,50.0,Bay of Bengal,-0.17393,-0.31452,0.3594
2025-07-01T00:00:00+00:00,14.0,80.0,50.0,Bay of Bengal,-0.16134,-0.3053,0.34531
2025-07-01T00:00:00+00:00,14.0,81.0,50.0,Bay of Bengal,-0.15802,-0.30746,0.34569
2025-07-01T00:00:00+00:00,14.0,82.0,50.0,Bay of Bengal,-0.15565,-0.30944,0.34638
2025-07-01T00:00:00+00:00,14.0,83.0,50.0,Bay of Bengal,-0.15439,-0.31124,0.34743
2025-07-01T00:00:00+00:00,14.0,84.0,50.0,Bay of Bengal,-0.15431,-0.31285,0.34883
2025-07-01T00:00:00+00:00,14.0,85.0,50.0,Bay of Bengal,-0.1554,-0.31427,0.35059
2025-07-01T00:00:00+00:00,14.0,86.0,50.0,Bay of Bengal,-0.15762,-0.3155,0.35268
2025-07-01T00:00:00+00:00,14.0,87.0,50.0,Bay of Bengal,-0.16082,-0.31653,0.35504
2025-07-01T00:00:00+00:00,14.0,88.0,50.0,Bay of Bengal,-0.16481,-0.31737,0.35761
2025-07-01T00:00:00+00:00,14.0,89.0,50.0,Bay of Bengal,-0.16936,-0.31801,0.36029
2025-07-01T00:00:00+00:00,14.0,90.0,50.0,Bay of Bengal,-0.1742,-0.31845,0.36298
2025-07-01T00:00:00+00:00,14.0,91.0,50.0,Bay of Bengal,-0.17904,-0.31868,0.36553
2025-07-01T00:00:00+00:00,14.0,92.0,50.0,Bay of Bengal,-0.18359,-0.31872,0.36782
2025-07-01T00:00:00+00:00,14.0,93.0,50.0,Bay of Bengal,-0.18758,-0.31856,0.36969
2025-07-01T00:00:00+00:00,14.0,94.0,50.0,Bay of Bengal,-0.19078,-0.31821,0.37101
2025-07-01T00:00:00+00:00,14.0,95.0,50.0,Bay of Bengal,-0.19299,-0.31765,0.37168
2025-07-01T00:00:00+00:00,14.0,96.0,50.0,Bay of Bengal,-0.19409,-0.3169,0.37162
2025-07-01T00:00:00+00:00,14.0,97.0,50.0,Bay of Bengal,-0.194,-0.31597,0.37077
2025-07-01T00:00:00+00:00,14.0,98.0,50.0,Bay of Bengal,-0.19274,-0.31484,0.36915
2025-07-01T00:00:00+00:00,15.0,80.0,50.0,Bay of Bengal,-0.16223,-0.30565,0.34604
2025-07-01T00:00:00+00:00,15.0,81.0,50.0,Bay of Bengal,-0.16541,-0.30781,0.34944
2025-07-01T00:00:00+00:00,15.0,82.0,50.0,Bay of Bengal,-0.16955,-0.30979,0.35315
2025-07-01T00:00:00+00:00,15.0,83.0,50.0,Bay of Bengal,-0.17438,-0.31158,0.35706
2025-07-01T00:00:00+00:00,15.0,84.0,50.0,Bay of Bengal,-0.17955,-0.31319,0.36101
2025-07-01T00:00:00+00:00,15.0,85.0,50.0,Bay of Bengal,-0.18473,-0.31461,0.36484
2025-07-01T00:00:00+00:00,15.0,86.0,50.0,Bay of Bengal,-0.18955,-0.31584,0.36836
2025-07-01T00:00:00+00:00,15.0,87.0,50.0,Bay of Bengal,-0.1937,-0.31687,0.37139
2025-07-01T00:00:00+00:00,15.0,88.0,50.0,Bay of Bengal,-0.19688,-0.31771,0.37376
2025-07-01T00:00:00+00:00,15.0,89.0,50.0,Bay of Bengal,-0.19887,-0.31835,0.37536
2025-07-01T00:00:00+00:00,15.0,90.0,50.0,Bay of Bengal,-0.19955,-0.31878,0.37609
2025-07-01T00:00:00+00:00,15.0,91.0,50.0,Bay of Bengal,-0.19887,-0.31902,0.37593
2025-07-01T00:00:00+00:00,15.0,92.0,50.0,Bay of Bengal,-0.19688,-0.31906,0.37491
2025-07-01T00:00:00+00:00,15.0,93.0,50.0,Bay of Bengal,-0.1937,-0.3189,0.37311
2025-07-01T00:00:00+00:00,15.0,94.0,50.0,Bay of Bengal,-0.18955,-0.31854,0.37067
2025-07-01T00:00:00+00:00,15.0,95.0,50.0,Bay of Bengal,-0.18473,-0.31798,0.36775
2025-07-01T00:00:00+00:00,15.0,96.0,50.0,Bay of Bengal,-0.17955,-0.31723,0.36452
2025-07-01T00:00:00+00:00,15.0,97.0,50.0,Bay of Bengal,-0.17438,-0.31629,0.36118
2025-07-01T00:00:00+00:00,15.0,98.0,50.0,Bay of Bengal,-0.16955,-0.31516,0.35788
2025-07-01T00:00:00+00:00,16.0,80.0,50.0,Bay of Bengal,-0.19197,-0.306,0.36123
2025-07-01T00:00:00+00:00,16.0,81.0,50.0,Bay of Bengal,-0.19689,-0.30815,0.36568
2025-07-01T00:00:00+00:00,16.0,82.0,50.0,Bay of Bengal,-0.20089,-0.31013,0.36951
2025-07-01T00:00:00+00:00,16.0,83.0,50.0,Bay of Bengal,-0.20367,-0.31193,0.37253
2025-07-01T00:00:00+00:00,16.0,84.0,50.0,Bay of Bengal,-0.20502,-0.31354,0.37462
2025-07-01T00:00:00+00:00,16.0,85.0,50.0,Bay of Bengal,-0.20483,-0.31496,0.3757
2025-07-01T00:00:00+00:00,16.0,86.0,50.0,Bay of Bengal,-0.20311,-0.31618,0.3758
2025-07-01T00:00:00+00:00,16.0,87.0,50.0,Bay of Bengal,-0.19999,-0.31721,0.375
2025-07-01T00:00:00+00:00,16.0,88.0,50.0,Bay of Bengal,-0.19573,-0.31805,0.37345
2025-07-01T00:00:00+00:00,16.0,89.0,50.0,Bay of Bengal,-0.19064,-0.31868,0.37135
2025-07-01T00:00:00+00:00,16.0,90.0,50.0,Bay of Bengal,-0.18513,-0.31912,0.36893
2025-07-01T00:00:00+00:00,16.0,91.0,50.0,Bay of Bengal,-0.17962,-0.31936,0.3664
2025-07-01T00:00:00+00:00,16.0,92.0,50.0,Bay of Bengal,-0.17453,-0.31939,0.36397
2025-07-01T00:00:00+00:00,16.0,93.0,50.0,Bay of Bengal,-0.17027,-0.31923,0.3618
2025-07-01T00:00:00+00:00,16.0,94.0,50.0,Bay of Bengal,-0.16716,-0.31887,0.36002
2025-07-01T00:00:00+00:00,16.0,95.0,50.0,Bay of Bengal,-0.16543,-0.31831,0.35873
2025-07-01T00:00:00+00:00,16.0,96.0,50.0,Bay of Bengal,-0.16524,-0.31756,0.35798
2025-07-01T00:00:00+00:00,16.0,97.0,50.0,Bay of Bengal,-0.16659,-0.31661,0.35776
2025-07-01T00:00:00+00:00,16.0,98.0,50.0,Bay of Bengal,-0.16937,-0.31548,0.35807
2025-07-01T00:00:00+00:00,17.0,80.0,50.0,Bay of Bengal,-0.2106,-0.30635,0.37175
2025-07-01T00:00:00+00:00,17.0,81.0,50.0,Bay of Bengal,-0.20872,-0.3085,0.37247
2025-07-01T00:00:00+00:00,17.0,82.0,50.0,Bay of Bengal,-0.20529,-0.31048,0.37221
2025-07-01T00:00:00+00:00,17.0,83.0,50.0,Bay of Bengal,-0.2006,-0.31227,0.37115
2025-07-01T00:00:00+00:00,17.0,84.0,50.0,Bay of Bengal,-0.19506,-0.31388,0.36955
2025-07-01T00:00:00+00:00,17.0,85.0,50.0,Bay of Bengal,-0.18916,-0.3153,0.36769
2025-07-01T00:00:00+00:00,17.0,86.0,50.0,Bay of Bengal,-0.18341,-0.31652,0.36582
2025-07-01T00:00:00+00:00,17.0,87.0,50.0,Bay of Bengal,-0.17831,-0.31755,0.36419
2025-07-01T00:00:00+00:00,17.0,88.0,50.0,Bay of Bengal,-0.17432,-0.31839,0.36298
2025-07-01T00:00:00+00:00,17.0,89.0,50.0,Bay of Bengal,-0.17177,-0.31902,0.36233
2025-07-01T00:00:00+00:00,17.0,90.0,50.0,Bay of Bengal,-0.1709,-0.31945,0.3623
2025-07-01T00:00:00+00:00,17.0,91.0,50.0,Bay of Bengal,-0.17177,-0.31969,0.36291
2025-07-01T00:00:00+00:00,17.0,92.0,50.0,Bay of Bengal,-0.17432,-0.31972,0.36416
2025-07-01T00:00:00+00:00,17.0,93.0,50.0,Bay of Bengal,-0.17831,-0.31956,0.36594
2025-07-01T00:00:00+00:00,17.0,94.0,50.0,Bay of Bengal,-0.18341,-0.31919,0.36813
2025-07-01T00:00:00+00:00,17.0,95.0,50.0,Bay of Bengal,-0.18916,-0.31863,0.37055
2025-07-01T00:00:00+00:00,17.0,96.0,50.0,Bay of Bengal,-0.19506,-0.31788,0.37295
2025-07-01T00:00:00+00:00,17.0,97.0,50.0,Bay of Bengal,-0.2006,-0.31693,0.37508
2025-07-01T00:00:00+00:00,17.0,98.0,50.0,Bay of Bengal,-0.20529,-0.3158,0.37666
2025-07-01T00:00:00+00:00,18.0,80.0,50.0,Bay of Bengal,-0.19684,-0.30669,0.36442
2025-07-01T00:00:00+00:00,18.0,81.0,50.0,Bay of Bengal,-0.19066,-0.30885,0.36295
2025-07-01T00:00:00+00:00,18.0,82.0,50.0,Bay of Bengal,-0.18508,-0.31082,0.36175
2025-07-01T00:00:00+00:00,18.0,83.0,50.0,Bay of Bengal,-0.18066,-0.31262,0.36106
2025-07-01T00:00:00+00:00,18.0,84.0,50.0,Bay of Bengal,-0.17781,-0.31422,0.36104
2025-07-01T00:00:00+00:00,18.0,85.0,50.0,Bay of Bengal,-0.17684,-0.31564,0.3618
2025-07-01T00:00:00+00:00,18.0,86.0,50.0,Bay of Bengal,-0.17781,-0.31686,0.36335
2025-07-01T00:00:00+00:00,18.0,87.0,50.0,Bay of Bengal,-0.18066,-0.31789,0.36564
2025-07-01T00:00:00+00:00,18.0,88.0,50.0,Bay of Bengal,-0.18508,-0.31872,0.36856
2025-07-01T00:00:00+00:00,18.0,89.0,50.0,Bay of Bengal,-0.19066,-0.31936,0.37194
2025-07-01T00:00:00+00:00,18.0,90.0,50.0,Bay of Bengal,-0.19684,-0.31979,0.37551
2025-07-01T00:00:00+00:00,18.0,91.0,50.0,Bay of Bengal,-0.20302,-0.32002,0.37898
2025-07-01T00:00:00+00:00,18.0,92.0,50.0,Bay of Bengal,-0.20859,-0.32005,0.38202
2025-07-01T00:00:00+00:00,18.0,93.0,50.0,Bay of Bengal,-0.21302,-0.31988,0.38432
2025-07-01T00:00:00+00:00,18.0,94.0,50.0,Bay of Bengal,-0.21586,-0.31952,0.3856
2025-07-01T00:00:00+00:00,18.0,95.0,50.0,Bay of Bengal,-0.21684,-0.31895,0.38568
2025-07-01T00:00:00+00:00,18.0,96.0,50.0,Bay of Bengal,-0.21586,-0.3182,0.38451
2025-07-01T00:00:00+00:00,18.0,97.0,50.0,Bay of Bengal,-0.21302,-0.31725,0.38213
2025-07-01T00:00:00+00:00,18.0,98.0,50.0,Bay of Bengal,-0.20859,-0.31612,0.37873
2025-07-01T00:00:00+00:00,19.0,80.0,50.0,Bay of Bengal,-0.18321,-0.30704,0.35754
2025-07-01T00:00:00+00:00,19.0,81.0,50.0,Bay of Bengal,-0.18315,-0.30919,0.35937
2025-07-01T00:00:00+00:00,19.0,82.0,50.0,Bay of Bengal,-0.18525,-0.31116,0.36213
2025-07-01T00:00:00+00:00,19.0,83.0,50.0,Bay of Bengal,-0.18927,-0.31296,0.36574
2025-07-01T00:00:00+00:00,19.0,84.0,50.0,Bay of Bengal,-0.19477,-0.31456,0.36998
2025-07-01T00:00:00+00:00,19.0,85.0,50.0,Bay of Bengal,-0.20116,-0.31598,0.37458
2025-07-01T00:00:00+00:00,19.0,86.0,50.0,Bay of Bengal,-0.20774,-0.3172,0.37918
2025-07-01T00:00:00+00:00,19.0,87.0,50.0,Bay of Bengal,-0.2138,-0.31823,0.38338
2025-07-01T00:00:00+00:00,19.0,88.0,50.0,Bay of Bengal,-0.21867,-0.31906,0.3868
2025-07-01T00:00:00+00:00,19.0,89.0,50.0,Bay of Bengal,-0.22182,-0.31969,0.38911
2025-07-01T00:00:00+00:00,19.0,90.0,50.0,Bay of Bengal,-0.22291,-0.32012,0.39008
2025-07-01T00:00:00+00:00,19.0,91.0,50.0,Bay of Bengal,-0.22182,-0.32035,0.38965
2025-07-01T00:00:00+00:00,19.0,92.0,50.0,Bay of Bengal,-0.21867,-0.32038,0.38789
2025-07-01T00:00:00+00:00,19.0,93.0,50.0,Bay of Bengal,-0.2138,-0.32021,0.38502
2025-07-01T00:00:00+00:00,19.0,94.0,50.0,Bay of Bengal,-0.20774,-0.31984,0.38139
2025-07-01T00:00:00+00:00,19.0,95.0,50.0,Bay of Bengal,-0.20116,-0.31928,0.37736
2025-07-01T00:00:00+00:00,19.0,96.0,50.0,Bay of Bengal,-0.19477,-0.31852,0.37335
2025-07-01T00:00:00+00:00,19.0,97.0,50.0,Bay of Bengal,-0.18927,-0.31757,0.36969
2025-07-01T00:00:00+00:00,19.0,98.0,50.0,Bay of Bengal,-0.18525,-0.31643,0.36667
2025-07-01T00:00:00+00:00,20.0,80.0,50.0,Bay of Bengal,-0.20224,-0.30738,0.36795
2025-07-01T00:00:00+00:00,20.0,81.0,50.0,Bay of Bengal,-0.20908,-0.30953,0.37353
2025-07-01T00:00:00+00:00,20.0,82.0,50.0,Bay of Bengal,-0.21592,-0.31151,0.37902
2025-07-01T00:00:00+00:00,20.0,83.0,50.0,Bay of Bengal,-0.22194,-0.3133,0.38394
2025-07-01T00:00:00+00:00,20.0,84.0,50.0,Bay of Bengal,-0.2264,-0.3149,0.38784
2025-07-01T00:00:00+00:00,20.0,85.0,50.0,Bay of Bengal,-0.22878,-0.31632,0.39038
2025-07-01T00:00:00+00:00,20.0,86.0,50.0,Bay of Bengal,-0.22878,-0.31754,0.39137
2025-07-01T00:00:00+00:00,20.0,87.0,50.0,Bay of Bengal,-0.2264,-0.31856,0.39082
2025-07-01T00:00:00+00:00,20.0,88.0,50.0,Bay of Bengal,-0.22194,-0.31939,0.38893
2025-07-01T00:00:00+00:00,20.0,89.0,50.0,Bay of Bengal,-0.21592,-0.32002,0.38605
2025-07-01T00:00:00+00:00,20.0,90.0,50.0,Bay of Bengal,-0.20908,-0.32045,0.38263
2025-07-01T00:00:00+00:00,20.0,91.0,50.0,Bay of Bengal,-0.20224,-0.32067,0.37912
2025-07-01T00:00:00+00:00,20.0,92.0,50.0,Bay of Bengal,-0.19623,-0.3207,0.37597
2025-07-01T00:00:00+00:00,20.0,93.0,50.0,Bay of Bengal,-0.19176,-0.32053,0.37351
2025-07-01T00:00:00+00:00,20.0,94.0,50.0,Bay of Bengal,-0.18939,-0.32016,0.37198
2025-07-01T00:00:00+00:00,20.0,95.0,50.0,Bay of Bengal,-0.18939,-0.31959,0.37149
2025-07-01T00:00:00+00:00,20.0,96.0,50.0,Bay of Bengal,-0.19176,-0.31883,0.37206
2025-07-01T00:00:00+00:00,20.0,97.0,50.0,Bay of Bengal,-0.19623,-0.31788,0.37357
2025-07-01T00:00:00+00:00,20.0,98.0,50.0,Bay of Bengal,-0.20224,-0.31674,0.3758
2025-07-01T00:00:00+00:00,21.0,80.0,50.0,Bay of Bengal,-0.23266,-0.30772,0.38578
2025-07-01T00:00:00+00:00,21.0,81.0,50.0,Bay of Bengal,-0.23509,-0.30988,0.38896
2025-07-01T00:00:00+00:00,21.0,82.0,50.0,Bay of Bengal,-0.2349,-0.31185,0.39042
2025-07-01T00:00:00+00:00,21.0,83.0,50.0,Bay of Bengal,-0.23211,-0.31364,0.39018
2025-07-01T00:00:00+00:00,21.0,84.0,50.0,Bay of Bengal,-0.22709,-0.31524,0.38852
2025-07-01T00:00:00+00:00,21.0,85.0,50.0,Bay of Bengal,-0.22051,-0.31665,0.38587
2025-07-01T00:00:00+00:00,21.0,86.0,50.0,Bay of Bengal,-0.21325,-0.31787,0.38278
2025-07-01T00:00:00+00:00,21.0,87.0,50.0,Bay of Bengal,-0.20626,-0.3189,0.37979
2025-07-01T00:00:00+00:00,21.0,88.0,50.0,Bay of Bengal,-0.20048,-0.31972,0.37738
2025-07-01T00:00:00+00:00,21.0,89.0,50.0,Bay of Bengal,-0.19667,-0.32035,0.3759
2025-07-01T00:00:00+00:00,21.0,90.0,50.0,Bay of Bengal,-0.19534,-0.32077,0.37557
2025-07-01T00:00:00+00:00,21.0,91.0,50.0,Bay of Bengal,-0.19667,-0.321,0.37646
2025-07-01T00:00:00+00:00,21.0,92.0,50.0,Bay of Bengal,-0.20048,-0.32102,0.37848
2025-07-01T00:00:00+00:00,21.0,93.0,50.0,Bay of Bengal,-0.20626,-0.32085,0.38143
2025-07-01T00:00:00+00:00,21.0,94.0,50.0,Bay of Bengal,-0.21325,-0.32048,0.38494
2025-07-01T00:00:00+00:00,21.0,95.0,50.0,Bay of Bengal,-0.22051,-0.31991,0.38855
2025-07-01T00:00:00+00:00,21.0,96.0,50.0,Bay of Bengal,-0.22709,-0.31914,0.39169
2025-07-01T00:00:00+00:00,21.0,97.0,50.0,Bay of Bengal,-0.23211,-0.31819,0.39385
2025-07-01T00:00:00+00:00,21.0,98.0,50.0,Bay of Bengal,-0.2349,-0.31704,0.39458
2025-07-01T00:00:00+00:00,22.0,80.0,50.0,Bay of Bengal,-0.23449,-0.30807,0.38716
2025-07-01T00:00:00+00:00,22.0,81.0,50.0,Bay of Bengal,-0.22782,-0.31022,0.38488
2025-07-01T00:00:00+00:00,22.0,82.0,50.0,Bay of Bengal,-0.22024,-0.31219,0.38206
2025-07-01T00:00:00+00:00,22.0,83.0,50.0,Bay of Bengal,-0.21287,-0.31398,0.37933
2025-07-01T00:00:00+00:00,22.0,84.0,50.0,Bay of Bengal,-0.20678,-0.31558,0.37729
2025-07-01T00:00:00+00:00,22.0,85.0,50.0,Bay of Bengal,-0.20284,-0.31699,0.37633
2025-07-01T00:00:00+00:00,22.0,86.0,50.0,Bay of Bengal,-0.20165,-0.31821,0.37672
2025-07-01T00:00:00+00:00,22.0,87.0,50.0,Bay of Bengal,-0.20337,-0.31923,0.3785
2025-07-01T00:00:00+00:00,22.0,88.0,50.0,Bay of Bengal,-0.20775,-0.32005,0.38156
2025-07-01T00:00:00+00:00,22.0,89.0,50.0,Bay of Bengal,-0.21415,-0.32067,0.3856
2025-07-01T00:00:00+00:00,22.0,90.0,50.0,Bay of Bengal,-0.22164,-0.3211,0.39016
2025-07-01T00:00:00+00:00,22.0,91.0,50.0,Bay of Bengal,-0.22913,-0.32132,0.39465
2025-07-01T00:00:00+00:00,22.0,92.0,50.0,Bay of Bengal,-0.23553,-0.32135,0.39842
2025-07-01T00:00:00+00:00,22.0,93.0,50.0,Bay of Bengal,-0.23991,-0.32117,0.40088
2025-07-01T00:00:00+00:00,22.0,94.0,50.0,Bay of Bengal,-0.24163,-0.32079,0.40161
2025-07-01T00:00:00+00:00,22.0,95.0,50.0,Bay of Bengal,-0.24043,-0.32022,0.40044
2025-07-01T00:00:00+00:00,22.0,96.0,50.0,Bay of Bengal,-0.2365,-0.31945,0.39747
2025-07-01T00:00:00+00:00,22.0,97.0,50.0,Bay of Bengal,-0.23041,-0.3185,0.3931
2025-07-01T00:00:00+00:00,22.0,98.0,50.0,Bay of Bengal,-0.22303,-0.31735,0.38788
2025-07-01T00:00:00+00:00,6.0,80.0,100.0,Bay of Bengal,-0.11129,-0.27359,0.29536
2025-07-01T00:00:00+00:00,6.0,81.0,100.0,Bay of Bengal,-0.11243,-0.27558,0.29763
2025-07-01T00:00:00+00:00,6.0,82.0,100.0,Bay of Bengal,-0.11375,-0.2774,0.29982
2025-07-01T00:00:00+00:00,6.0,83.0,100.0,Bay of Bengal,-0.11523,-0.27906,0.30192
2025-07-01T00:00:00+00:00,6.0,84.0,100.0,Bay of Bengal,-0.11685,-0.28056,0.30392
2025-07-01T00:00:00+00:00,6.0,85.0,100.0,Bay of Bengal,-0.11861,-0.28188,0.30582
2025-07-01T00:00:00+00:00,6.0,86.0,100.0,Bay of Bengal,-0.12047,-0.28303,0.3076
2025-07-01T00:00:00+00:00,6.0,87.0,100.0,Bay of Bengal,-0.12243,-0.284,0.30927
2025-07-01T00:00:00+00:00,6.0,88.0,100.0,Bay of Bengal,-0.12445,-0.2848,0.3108
2025-07-01T00:00:00+00:00,6.0,89.0,100.0,Bay of Bengal,-0.12652,-0.28542,0.3122
2025-07-01T00:00:00+00:00,6.0,90.0,100.0,Bay of Bengal,-0.12861,-0.28585,0.31345
2025-07-01T00:00:00+00:00,6.0,91.0,100.0,Bay of Bengal,-0.1307,-0.28611,0.31455
2025-07-01T00:00:00+00:00,6.0,92.0,100.0,Bay of Bengal,-0.13277,-0.28619,0.31548
2025-07-01T00:00:00+00:00,6.0,93.0,100.0,Bay of Bengal,-0.13479,-0.28609,0.31625
2025-07-01T00:00:00+00:00,6.0,94.0,100.0,Bay of Bengal,-0.13674,-0.2858,0.31683
2025-07-01T00:00:00+00:00,6.0,95.0,100.0,Bay of Bengal,-0.13861,-0.28535,0.31723
2025-07-01T00:00:00+00:00,6.0,96.0,100.0,Bay of Bengal,-0.14037,-0.28472,0.31744
2025-07-01T00:00:00+00:00,6.0,97.0,100.0,Bay of Bengal,-0.14199,-0.28391,0.31744
2025-07-01T00:00:00+00:00,6.0,98.0,100.0,Bay of Bengal,-0.14347,-0.28294,0.31724
2025-07-01T00:00:00+00:00,7.0,80.0,100.0,Bay of Bengal,-0.13795,-0.27394,0.30672
2025-07-01T00:00:00+00:00,7.0,81.0,100.0,Bay of Bengal,-0.14019,-0.27593,0.3095
2025-07-01T00:00:00+00:00,7.0,82.0,100.0,Bay of Bengal,-0.1423,-0.27775,0.31208
2025-07-01T00:00:00+00:00,7.0,83.0,100.0,Bay of Bengal,-0.14424,-0.27941,0.31444
2025-07-01T00:00:00+00:00,7.0,84.0,100.0,Bay of Bengal,-0.14598,-0.28091,0.31657
2025-07-01T00:00:00+00:00,7.0,85.0,100.0,Bay of Bengal,-0.1475,-0.28223,0.31845
2025-07-01T00:00:00+00:00,7.0,86.0,100.0,Bay of Bengal,-0.14877,-0.28338,0.32006
2025-07-01T00:00:00+00:00,7.0,87.0,100.0,Bay of Bengal,-0.14979,-0.28435,0.32139
2025-07-01T00:00:00+00:00,7.0,88.0,100.0,Bay of Bengal,-0.15052,-0.28515,0.32244
2025-07-01T00:00:00+00:00,7.0,89.0,100.0,Bay of Bengal,-0.15097,-0.28576,0.32319
2025-07-01T00:00:00+00:00,7.0,90.0,100.0,Bay of Bengal,-0.15111,-0.2862,0.32365
2025-07-01T00:00:00+00:00,7.0,91.0,100.0,Bay of Bengal,-0.15097,-0.28646,0.3238
2025-07-01T00:00:00+00:00,7.0,92.0,100.0,Bay of Bengal,-0.15052,-0.28653,0.32366
2025-07-01T00:00:00+00:00,7.0,93.0,100.0,Bay of Bengal,-0.14979,-0.28643,0.32323
2025-07-01T00:00:00+00:00,7.0,94.0,100.0,Bay of Bengal,-0.14877,-0.28615,0.32251
2025-07-01T00:00:00+00:00,7.0,95.0,100.0,Bay of Bengal,-0.1475,-0.28569,0.32152
2025-07-01T00:00:00+00:00,7.0,96.0,100.0,Bay of Bengal,-0.14598,-0.28506,0.32026
2025-07-01T00:00:00+00:00,7.0,97.0,100.0,Bay of Bengal,-0.14424,-0.28425,0.31875
2025-07-01T00:00:00+00:00,7.0,98.0,100.0,Bay of Bengal,-0.1423,-0.28328,0.31701
2025-07-01T00:00:00+00:00,8.0,80.0,100.0,Bay of Bengal,-0.15367,-0.27429,0.3144
2025-07-01T00:00:00+00:00,8.0,81.0,100.0,Bay of Bengal,-0.15299,-0.27628,0.31581
2025-07-01T00:00:00+00:00,8.0,82.0,100.0,Bay of Bengal,-0.15195,-0.2781,0.3169
2025-07-01T00:00:00+00:00,8.0,83.0,100.0,Bay of Bengal,-0.15055,-0.27976,0.3177
2025-07-01T00:00:00+00:00,8.0,84.0,100.0,Bay of Bengal,-0.14883,-0.28126,0.31821
2025-07-01T00:00:00+00:00,8.0,85.0,100.0,Bay of Bengal,-0.14683,-0.28258,0.31845
2025-07-01T00:00:00+00:00,8.0,86.0,100.0,Bay of Bengal,-0.14457,-0.28373,0.31844
2025-07-01T00:00:00+00:00,8.0,87.0,100.0,Bay of Bengal,-0.14211,-0.2847,0.3182
2025-07-01T00:00:00+00:00,8.0,88.0,100.0,Bay of Bengal,-0.13948,-0.28549,0.31775
2025-07-01T00:00:00+00:00,8.0,89.0,100.0,Bay of Bengal,-0.13676,-0.28611,0.31711
2025-07-01T00:00:00+00:00,8.0,90.0,100.0,Bay of Bengal,-0.13397,-0.28655,0.31632
2025-07-01T00:00:00+00:00,8.0,91.0,100.0,Bay of Bengal,-0.13119,-0.2868,0.31538
2025-07-01T00:00:00+00:00,8.0,92.0,100.0,Bay of Bengal,-0.12846,-0.28688,0.31433
2025-07-01T00:00:00+00:00,8.0,93.0,100.0,Bay of Bengal,-0.12584,-0.28677,0.31317
2025-07-01T00:00:00+00:00,8.0,94.0,100.0,Bay of Bengal,-0.12337,-0.28649,0.31193
2025-07-01T00:00:00+00:00,8.0,95.0,100.0,Bay of Bengal,-0.12112,-0.28603,0.31062
2025-07-01T00:00:00+00:00,8.0,96.0,100.0,Bay of Bengal,-0.11911,-0.2854,0.30925
2025-07-01T00:00:00+00:00,8.0,97.0,100.0,Bay of Bengal,-0.11739,-0.28459,0.30785
2025-07-01T00:00:00+00:00,8.0,98.0,100.0,Bay of Bengal,-0.116,-0.28361,0.30642
2025-07-01T00:00:00+00:00,9.0,80.0,100.0,Bay of Bengal,-0.13717,-0.27464,0.30699
2025-07-01T00:00:00+00:00,9.0,81.0,100.0,Bay of Bengal,-0.13404,-0.27662,0.30739
2025-07-01T00:00:00+00:00,9.0,82.0,100.0,Bay of Bengal,-0.13099,-0.27845,0.30772
2025-07-01T00:00:00+00:00,9.0,83.0,100.0,Bay of Bengal,-0.12809,-0.28011,0.30801
2025-07-01T00:00:00+00:00,9.0,84.0,100.0,Bay of Bengal,-0.12541,-0.2816,0.30827
2025-07-01T00:00:00+00:00,9.0,85.0,100.0,Bay of Bengal,-0.12303,-0.28293,0.30852
2025-07-01T00:00:00+00:00,9.0,86.0,100.0,Bay of Bengal,-0.12099,-0.28407,0.30877
2025-07-01T00:00:00+00:00,9.0,87.0,100.0,Bay of Bengal,-0.11935,-0.28505,0.30902
2025-07-01T00:00:00+00:00,9.0,88.0,100.0,Bay of Bengal,-0.11815,-0.28584,0.3093
2025-07-01T00:00:00+00:00,9.0,89.0,100.0,Bay of Bengal,-0.11741,-0.28646,0.30959
2025-07-01T00:00:00+00:00,9.0,90.0,100.0,Bay of Bengal,-0.11717,-0.28689,0.3099
2025-07-01T00:00:00+00:00,9.0,91.0,100.0,Bay of Bengal,-0.11741,-0.28715,0.31022
2025-07-01T00:00:00+00:00,9.0,92.0,100.0,Bay of Bengal,-0.11815,-0.28722,0.31057
2025-07-01T00:00:00+00:00,9.0,93.0,100.0,Bay of Bengal,-0.11935,-0.28712,0.31093
2025-07-01T00:00:00+00:00,9.0,94.0,100.0,Bay of Bengal,-0.12099,-0.28683,0.3113
2025-07-01T00:00:00+00:00,9.0,95.0,100.0,Bay of Bengal,-0.12303,-0.28637,0.31168
2025-07-01T00:00:00+00:00,9.0,96.0,100.0,Bay of Bengal,-0.12541,-0.28573,0.31204
2025-07-01T00:00:00+00:00,9.0,97.0,100.0,Bay of Bengal,-0.12809,-0.28493,0.31239
2025-07-01T00:00:00+00:00,9.0,98.0,100.0,Bay of Bengal,-0.13099,-0.28395,0.3127
2025-07-01T00:00:00+00:00,10.0,80.0,100.0,Bay of Bengal,-0.12099,-0.27499,0.30043
2025-07-01T00:00:00+00:00,10.0,81.0,100.0,Bay of Bengal,-0.12069,-0.27697,0.30212
2025-07-01T00:00:00+00:00,10.0,82.0,100.0,Bay of Bengal,-0.12099,-0.2788,0.30392
2025-07-01T00:00:00+00:00,10.0,83.0,100.0,Bay of Bengal,-0.12189,-0.28046,0.3058
2025-07-01T00:00:00+00:00,10.0,84.0,100.0,Bay of Bengal,-0.12337,-0.28195,0.30776
2025-07-01T00:00:00+00:00,10.0,85.0,100.0,Bay of Bengal,-0.12536,-0.28327,0.30978
2025-07-01T00:00:00+00:00,10.0,86.0,100.0,Bay of Bengal,-0.12783,-0.28442,0.31183
2025-07-01T00:00:00+00:00,10.0,87.0,100.0,Bay of Bengal,-0.13069,-0.28539,0.31389
2025-07-01T00:00:00+00:00,10.0,88.0,100.0,Bay of Bengal,-0.13385,-0.28619,0.31594
2025-07-01T00:00:00+00:00,10.0,89.0,100.0,Bay of Bengal,-0.13721,-0.2868,0.31794
2025-07-01T00:00:00+00:00,10.0,90.0,100.0,Bay of Bengal,-0.14069,-0.28724,0.31984
2025-07-01T00:00:00+00:00,10.0,91.0,100.0,Bay of Bengal,-0.14416,-0.28749,0.32161
2025-07-01T00:00:00+00:00,10.0,92.0,100.0,Bay of Bengal,-0.14753,-0.28756,0.3232
2025-07-01T00:00:00+00:00,10.0,93.0,100.0,Bay of Bengal,-0.15069,-0.28746,0.32456
2025-07-01T00:00:00+00:00,10.0,94.0,100.0,Bay of Bengal,-0.15354,-0.28717,0.32564
2025-07-01T00:00:00+00:00,10.0,95.0,100.0,Bay of Bengal,-0.15601,-0.28671,0.3264
2025-07-01T00:00:00+00:00,10.0,96.0,100.0,Bay of Bengal,-0.15801,-0.28607,0.32681
2025-07-01T00:00:00+00:00,10.0,97.0,100.0,Bay of Bengal,-0.15948,-0.28526,0.32681
2025-07-01T00:00:00+00:00,10.0,98.0,100.0,Bay of Bengal,-0.16038,-0.28428,0.3264
2025-07-01T00:00:00+00:00,11.0,80.0,100.0,Bay of Bengal,-0.13767,-0.27534,0.30784
2025-07-01T00:00:00+00:00,11.0,81.0,100.0,Bay of Bengal,-0.14138,-0.27732,0.31128
2025-07-01T00:00:00+00:00,11.0,82.0,100.0,Bay of Bengal,-0.14521,-0.27915,0.31466
2025-07-01T00:00:00+00:00,11.0,83.0,100.0,Bay of Bengal,-0.14901,-0.28081,0.31789
2025-07-01T00:00:00+00:00,11.0,84.0,100.0,Bay of Bengal,-0.15264,-0.2823,0.32093
2025-07-01T00:00:00+00:00,11.0,85.0,100.0,Bay of Bengal,-0.15598,-0.28362,0.32368
2025-07-01T00:00:00+00:00,11.0,86.0,100.0,Bay of Bengal,-0.1589,-0.28477,0.3261
2025-07-01T00:00:00+00:00,11.0,87.0,100.0,Bay of Bengal,-0.16128,-0.28574,0.32812
2025-07-01T00:00:00+00:00,11.0,88.0,100.0,Bay of Bengal,-0.16305,-0.28653,0.32968
2025-07-01T00:00:00+00:00,11.0,89.0,100.0,Bay of Bengal,-0.16414,-0.28715,0.33075
2025-07-01T00:00:00+00:00,11.0,90.0,100.0,Bay of Bengal,-0.16451,-0.28758,0.33131
2025-07-01T00:00:00+00:00,11.0,91.0,100.0,Bay of Bengal,-0.16414,-0.28783,0.33135
2025-07-01T00:00:00+00:00,11.0,92.0,100.0,Bay of Bengal,-0.16305,-0.2879,0.33087
2025-07-01T00:00:00+00:00,11.0,93.0,100.0,Bay of Bengal,-0.16128,-0.2878,0.32991
2025-07-01T00:00:00+00:00,11.0,94.0,100.0,Bay of Bengal,-0.1589,-0.28751,0.3285
2025-07-01T00:00:00+00:00,11.0,95.0,100.0,Bay of Bengal,-0.15598,-0.28704,0.32669
2025-07-01T00:00:00+00:00,11.0,96.0,100.0,Bay of Bengal,-0.15264,-0.2864,0.32454
2025-07-01T00:00:00+00:00,11.0,97.0,100.0,Bay of Bengal,-0.14901,-0.28559,0.32213
2025-07-01T00:00:00+00:00,11.0,98.0,100.0,Bay of Bengal,-0.14521,-0.28461,0.31951
2025-07-01T00:00:00+00:00,12.0,80.0,100.0,Bay of Bengal,-0.16594,-0.27569,0.32178
2025-07-01T00:00:00+00:00,12.0,81.0,100.0,Bay of Bengal,-0.16764,-0.27767,0.32435
2025-07-01T00:00:00+00:00,12.0,82.0,100.0,Bay of Bengal,-0.16851,-0.2795,0.32636
2025-07-01T00:00:00+00:00,12.0,83.0,100.0,Bay of Bengal,-0.16851,-0.28116,0.32779
2025-07-01T00:00:00+00:00,12.0,84.0,100.0,Bay of Bengal,-0.16764,-0.28265,0.32862
2025-07-01T00:00:00+00:00,12.0,85.0,100.0,Bay of Bengal,-0.16594,-0.28397,0.3289
2025-07-01T00:00:00+00:00,12.0,86.0,100.0,Bay of Bengal,-0.16348,-0.28512,0.32866
2025-07-01T00:00:00+00:00,12.0,87.0,100.0,Bay of Bengal,-0.16038,-0.28609,0.32797
2025-07-01T00:00:00+00:00,12.0,88.0,100.0,Bay of Bengal,-0.15676,-0.28688,0.32691
2025-07-01T00:00:00+00:00,12.0,89.0,100.0,Bay of Bengal,-0.15278,-0.28749,0.32556
2025-07-01T00:00:00+00:00,12.0,90.0,100.0,Bay of Bengal,-0.14862,-0.28792,0.32402
2025-07-01T00:00:00+00:00,12.0,91.0,100.0,Bay of Bengal,-0.14446,-0.28817,0.32235
2025-07-01T00:00:00+00:00,12.0,92.0,100.0,Bay of Bengal,-0.14049,-0.28824,0.32066
2025-07-01T00:00:00+00:00,12.0,93.0,100.0,Bay of Bengal,-0.13686,-0.28813,0.31899
2025-07-01T00:00:00+00:00,12.0,94.0,100.0,Bay of Bengal,-0.13376,-0.28784,0.3174
2025-07-01T00:00:00+00:00,12.0,95.0,100.0,Bay of Bengal,-0.1313,-0.28738,0.31595
2025-07-01T00:00:00+00:00,12.0,96.0,100.0,Bay of Bengal,-0.1296,-0.28674,0.31467
2025-07-01T00:00:00+00:00,12.0,97.0,100.0,Bay of Bengal,-0.12873,-0.28592,0.31357
2025-07-01T00:00:00+00:00,12.0,98.0,100.0,Bay of Bengal,-0.12873,-0.28494,0.31267
2025-07-01T00:00:00+00:00,13.0,80.0,100.0,Bay of Bengal,-0.16585,-0.27603,0.32203
2025-07-01T00:00:00+00:00,13.0,81.0,100.0,Bay of Bengal,-0.16208,-0.27802,0.32181
2025-07-01T00:00:00+00:00,13.0,82.0,100.0,Bay of Bengal,-0.15784,-0.27984,0.32129
2025-07-01T00:00:00+00:00,13.0,83.0,100.0,Bay of Bengal,-0.15335,-0.2815,0.32056
2025-07-01T00:00:00+00:00,13.0,84.0,100.0,Bay of Bengal,-0.14884,-0.28299,0.31975
2025-07-01T00:00:00+00:00,13.0,85.0,100.0,Bay of Bengal,-0.14455,-0.28431,0.31895
2025-07-01T00:00:00+00:00,13.0,86.0,100.0,Bay of Bengal,-0.14068,-0.28546,0.31825
2025-07-01T00:00:00+00:00,13.0,87.0,100.0,Bay of Bengal,-0.13746,-0.28643,0.3177
2025-07-01T00:00:00+00:00,13.0,88.0,100.0,Bay of Bengal,-0.13502,-0.28722,0.31737
2025-07-01T00:00:00+00:00,13.0,89.0,100.0,Bay of Bengal,-0.13351,-0.28783,0.31729
2025-07-01T00:00:00+00:00,13.0,90.0,100.0,Bay of Bengal,-0.133,-0.28826,0.31746
2025-07-01T00:00:00+00:00,13.0,91.0,100.0,Bay of Bengal,-0.13351,-0.28851,0.31791
2025-07-01T00:00:00+00:00,13.0,92.0,100.0,Bay of Bengal,-0.13502,-0.28858,0.31861
2025-07-01T00:00:00+00:00,13.0,93.0,100.0,Bay of Bengal,-0.13746,-0.28847,0.31954
2025-07-01T00:00:00+00:00,13.0,94.0,100.0,Bay of Bengal,-0.14068,-0.28818,0.32069
2025-07-01T00:00:00+00:00,13.0,95.0,100.0,Bay of Bengal,-0.14455,-0.28771,0.32198
2025-07-01T00:00:00+00:00,13.0,96.0,100.0,Bay of Bengal,-0.14884,-0.28707,0.32336
2025-07-01T00:00:00+00:00,13.0,97.0,100.0,Bay of Bengal,-0.15335,-0.28625,0.32474
2025-07-01T00:00:00+00:00,13.0,98.0,100.0,Bay of Bengal,-0.15784,-0.28527,0.32602
2025-07-01T00:00:00+00:00,14.0,80.0,100.0,Bay of Bengal,-0.14477,-0.27638,0.312
2025-07-01T00:00:00+00:00,14.0,81.0,100.0,Bay of Bengal,-0.14144,-0.27837,0.31224
2025-07-01T00:00:00+00:00,14.0,82.0,100.0,Bay of Bengal,-0.13908,-0.28019,0.31281
2025-07-01T00:00:00+00:00,14.0,83.0,100.0,Bay of Bengal,-0.13782,-0.28185,0.31374
2025-07-01T00:00:00+00:00,14.0,84.0,100.0,Bay of Bengal,-0.13773,-0.28334,0.31504
2025-07-01T00:00:00+00:00,14.0,85.0,100.0,Bay of Bengal,-0.13883,-0.28466,0.31671
2025-07-01T00:00:00+00:00,14.0,86.0,100.0,Bay of Bengal,-0.14104,-0.2858,0.31871
2025-07-01T00:00:00+00:00,14.0,87.0,100.0,Bay of Bengal,-0.14424,-0.28677,0.321
2025-07-01T00:00:00+00:00,14.0,88.0,100.0,Bay of Bengal,-0.14823,-0.28756,0.32352
2025-07-01T00:00:00+00:00,14.0,89.0,100.0,Bay of Bengal,-0.15278,-0.28817,0.32617
2025-07-01T00:00:00+00:00,14.0,90.0,100.0,Bay of Bengal,-0.15762,-0.2886,0.32884
2025-07-01T00:00:00+00:00,14.0,91.0,100.0,Bay of Bengal,-0.16246,-0.28885,0.3314
2025-07-01T00:00:00+00:00,14.0,92.0,100.0,Bay of Bengal,-0.16701,-0.28892,0.33372
2025-07-01T00:00:00+00:00,14.0,93.0,100.0,Bay of Bengal,-0.171,-0.2888,0.33563
2025-07-01T00:00:00+00:00,14.0,94.0,100.0,Bay of Bengal,-0.1742,-0.28851,0.33702
2025-07-01T00:00:00+00:00,14.0,95.0,100.0,Bay of Bengal,-0.17642,-0.28804,0.33777
2025-07-01T00:00:00+00:00,14.0,96.0,100.0,Bay of Bengal,-0.17751,-0.2874,0.3378
2025-07-01T00:00:00+00:00,14.0,97.0,100.0,Bay of Bengal,-0.17743,-0.28658,0.33706
2025-07-01T00:00:00+00:00,14.0,98.0,100.0,Bay of Bengal,-0.17617,-0.28559,0.33556
2025-07-01T00:00:00+00:00,15.0,80.0,100.0,Bay of Bengal,-0.14515,-0.27673,0.31249
2025-07-01T00:00:00+00:00,15.0,81.0,100.0,Bay of Bengal,-0.14833,-0.27871,0.31573
2025-07-01T00:00:00+00:00,15.0,82.0,100.0,Bay of Bengal,-0.15247,-0.28054,0.31929
2025-07-01T00:00:00+00:00,15.0,83.0,100.0,Bay of Bengal,-0.15729,-0.2822,0.32307
2025-07-01T00:00:00+00:00,15.0,84.0,100.0,Bay of Bengal,-0.16247,-0.28369,0.32692
2025-07-01T00:00:00+00:00,15.0,85.0,100.0,Bay of Bengal,-0.16764,-0.285,0.33065
2025-07-01T00:00:00+00:00,15.0,86.0,100.0,Bay of Bengal,-0.17247,-0.28615,0.3341
2025-07-01T00:00:00+00:00,15.0,87.0,100.0,Bay of Bengal,-0.17661,-0.28712,0.33708
2025-07-01T00:00:00+00:00,15.0,88.0,100.0,Bay of Bengal,-0.17979,-0.2879,0.33943
2025-07-01T00:00:00+00:00,15.0,89.0,100.0,Bay of Bengal,-0.18179,-0.28851,0.34101
2025-07-01T00:00:00+00:00,15.0,90.0,100.0,Bay of Bengal,-0.18247,-0.28894,0.34173
2025-07-01T00:00:00+00:00,15.0,91.0,100.0,Bay of Bengal,-0.18179,-0.28919,0.34158
2025-07-01T00:00:00+00:00,15.0,92.0,100.0,Bay of Bengal,-0.17979,-0.28925,0.34057
2025-07-01T00:00:00+00:00,15.0,93.0,100.0,Bay of Bengal,-0.17661,-0.28914,0.33881
2025-07-01T00:00:00+00:00,15.0,94.0,100.0,Bay of Bengal,-0.17247,-0.28884,0.33642
2025-07-01T00:00:00+00:00,15.0,95.0,100.0,Bay of Bengal,-0.16764,-0.28837,0.33356
2025-07-01T00:00:00+00:00,15.0,96.0,100.0,Bay of Bengal,-0.16247,-0.28772,0.33043
2025-07-01T00:00:00+00:00,15.0,97.0,100.0,Bay of Bengal,-0.15729,-0.2869,0.32719
2025-07-01T00:00:00+00:00,15.0,98.0,100.0,Bay of Bengal,-0.15247,-0.28592,0.32403
2025-07-01T00:00:00+00:00,16.0,80.0,100.0,Bay of Bengal,-0.17435,-0.27708,0.32737
2025-07-01T00:00:00+00:00,16.0,81.0,100.0,Bay of Bengal,-0.17927,-0.27906,0.33168
2025-07-01T00:00:00+00:00,16.0,82.0,100.0,Bay of Bengal,-0.18327,-0.28088,0.33539
2025-07-01T00:00:00+00:00,16.0,83.0,100.0,Bay of Bengal,-0.18606,-0.28254,0.3383
2025-07-01T00:00:00+00:00,16.0,84.0,100.0,Bay of Bengal,-0.1874,-0.28403,0.34028
2025-07-01T00:00:00+00:00,16.0,85.0,100.0,Bay of Bengal,-0.18721,-0.28535,0.34128
2025-07-01T00:00:00+00:00,16.0,86.0,100.0,Bay of Bengal,-0.18549,-0.28649,0.3413
2025-07-01T00:00:00+00:00,16.0,87.0,100.0,Bay of Bengal,-0.18238,-0.28746,0.34043
2025-07-01T00:00:00+00:00,16.0,88.0,100.0,Bay of Bengal,-0.17811,-0.28824,0.33883
2025-07-01T00:00:00+00:00,16.0,89.0,100.0,Bay of Bengal,-0.17303,-0.28885,0.33671
2025-07-01T00:00:00+00:00,16.0,90.0,100.0,Bay of Bengal,-0.16751,-0.28928,0.33428
2025-07-01T00:00:00+00:00,16.0,91.0,100.0,Bay of Bengal,-0.162,-0.28952,0.33176
2025-07-01T00:00:00+00:00,16.0,92.0,100.0,Bay of Bengal,-0.15692,-0.28958,0.32937
2025-07-01T00:00:00+00:00,16.0,93.0,100.0,Bay of Bengal,-0.15265,-0.28947,0.32725
2025-07-01T00:00:00+00:00,16.0,94.0,100.0,Bay of Bengal,-0.14954,-0.28917,0.32555
2025-07-01T00:00:00+00:00,16.0,95.0,100.0,Bay of Bengal,-0.14782,-0.2887,0.32434
2025-07-01T00:00:00+00:00,16.0,96.0,100.0,Bay of Bengal,-0.14762,-0.28805,0.32367
2025-07-01T00:00:00+00:00,16.0,97.0,100.0,Bay of Bengal,-0.14897,-0.28723,0.32356
2025-07-01T00:00:00+00:00,16.0,98.0,100.0,Bay of Bengal,-0.15175,-0.28624,0.32397
2025-07-01T00:00:00+00:00,17.0,80.0,100.0,Bay of Bengal,-0.19243,-0.27743,0.33763
2025-07-01T00:00:00+00:00,17.0,81.0,100.0,Bay of Bengal,-0.19055,-0.27941,0.3382
2025-07-01T00:00:00+00:00,17.0,82.0,100.0,Bay of Bengal,-0.18712,-0.28123,0.33779
2025-07-01T00:00:00+00:00,17.0,83.0,100.0,Bay of Bengal,-0.18243,-0.28289,0.33661
2025-07-01T00:00:00+00:00,17.0,84.0,100.0,Bay of Bengal,-0.17689,-0.28437,0.3349
2025-07-01T00:00:00+00:00,17.0,85.0,100.0,Bay of Bengal,-0.17099,-0.28569,0.33295
2025-07-01T00:00:00+00:00,17.0,86.0,100.0,Bay of Bengal,-0.16524,-0.28683,0.33102
2025-07-01T00:00:00+00:00,17.0,87.0,100.0,Bay of Bengal,-0.16015,-0.2878,0.32935
2025-07-01T00:00:00+00:00,17.0,88.0,100.0,Bay of Bengal,-0.15615,-0.28858,0.32812
2025-07-01T00:00:00+00:00,17.0,89.0,100.0,Bay of Bengal,-0.15361,-0.28919,0.32745
2025-07-01T00:00:00+00:00,17.0,90.0,100.0,Bay of Bengal,-0.15273,-0.28961,0.32742
2025-07-01T00:00:00+00:00,17.0,91.0,100.0,Bay of Bengal,-0.15361,-0.28985,0.32804
2025-07-01T00:00:00+00:00,17.0,92.0,100.0,Bay of Bengal,-0.15615,-0.28992,0.32929
2025-07-01T00:00:00+00:00,17.0,93.0,100.0,Bay of Bengal,-0.16015,-0.2898,0.3311
2025-07-01T00:00:00+00:00,17.0,94.0,100.0,Bay of Bengal,-0.16524,-0.2895,0.33334
2025-07-01T00:00:00+00:00,17.0,95.0,100.0,Bay of Bengal,-0.17099,-0.28902,0.33582
2025-07-01T00:00:00+00:00,17.0,96.0,100.0,Bay of Bengal,-0.17689,-0.28837,0.3383
2025-07-01T00:00:00+00:00,17.0,97.0,100.0,Bay of Bengal,-0.18243,-0.28755,0.34054
2025-07-01T00:00:00+00:00,17.0,98.0,100.0,Bay of Bengal,-0.18712,-0.28655,0.34224
2025-07-01T00:00:00+00:00,18.0,80.0,100.0,Bay of Bengal,-0.1781,-0.27777,0.32997
2025-07-01T00:00:00+00:00,18.0,81.0,100.0,Bay of Bengal,-0.17192,-0.27975,0.32836
2025-07-01T00:00:00+00:00,18.0,82.0,100.0,Bay of Bengal,-0.16635,-0.28157,0.32704
2025-07-01T00:00:00+00:00,18.0,83.0,100.0,Bay of Bengal,-0.16192,-0.28323,0.32625
2025-07-01T00:00:00+00:00,18.0,84.0,100.0,Bay of Bengal,-0.15908,-0.28472,0.32614
2025-07-01T00:00:00+00:00,18.0,85.0,100.0,Bay of Bengal,-0.1581,-0.28603,0.32682
2025-07-01T00:00:00+00:00,18.0,86.0,100.0,Bay of Bengal,-0.15908,-0.28717,0.32829
2025-07-01T00:00:00+00:00,18.0,87.0,100.0,Bay of Bengal,-0.16192,-0.28813,0.33051
2025-07-01T00:00:00+00:00,18.0,88.0,100.0,Bay of Bengal,-0.16635,-0.28892,0.33338
2025-07-01T00:00:00+00:00,18.0,89.0,100.0,Bay of Bengal,-0.17192,-0.28952,0.33672
2025-07-01T00:00:00+00:00,18.0,90.0,100.0,Bay of Bengal,-0.1781,-0.28994,0.34028
2025-07-01T00:00:00+00:00,18.0,91.0,100.0,Bay of Bengal,-0.18428,-0.29018,0.34376
2025-07-01T00:00:00+00:00,18.0,92.0,100.0,Bay of Bengal,-0.18986,-0.29024,0.34683
2025-07-01T00:00:00+00:00,18.0,93.0,100.0,Bay of Bengal,-0.19428,-0.29012,0.34917
2025-07-01T00:00:00+00:00,18.0,94.0,100.0,Bay of Bengal,-0.19713,-0.28982,0.35051
2025-07-01T00:00:00+00:00,18.0,95.0,100.0,Bay of Bengal,-0.1981,-0.28935,0.35067
2025-07-01T00:00:00+00:00,18.0,96.0,100.0,Bay of Bengal,-0.19713,-0.28869,0.34957
2025-07-01T00:00:00+00:00,18.0,97.0,100.0,Bay of Bengal,-0.19428,-0.28787,0.34729
2025-07-01T00:00:00+00:00,18.0,98.0,100.0,Bay of Bengal,-0.18986,-0.28687,0.34401
2025-07-01T00:00:00+00:00,19.0,80.0,100.0,Bay of Bengal,-0.1639,-0.27812,0.32282
2025-07-01T00:00:00+00:00,19.0,81.0,100.0,Bay of Bengal,-0.16384,-0.2801,0.3245
2025-07-01T00:00:00+00:00,19.0,82.0,100.0,Bay of Bengal,-0.16594,-0.28192,0.32713
2025-07-01T00:00:00+00:00,19.0,83.0,100.0,Bay of Bengal,-0.16996,-0.28357,0.3306
2025-07-01T00:00:00+00:00,19.0,84.0,100.0,Bay of Bengal,-0.17546,-0.28506,0.33473
2025-07-01T00:00:00+00:00,19.0,85.0,100.0,Bay of Bengal,-0.18185,-0.28637,0.33923
2025-07-01T00:00:00+00:00,19.0,86.0,100.0,Bay of Bengal,-0.18844,-0.28751,0.34376
2025-07-01T00:00:00+00:00,19.0,87.0,100.0,Bay of Bengal,-0.19449,-0.28847,0.34791
2025-07-01T00:00:00+00:00,19.0,88.0,100.0,Bay of Bengal,-0.19936,-0.28925,0.3513
2025-07-01T00:00:00+00:00,19.0,89.0,100.0,Bay of Bengal,-0.20251,-0.28985,0.35359
2025-07-01T00:00:00+00:00,19.0,90.0,100.0,Bay of Bengal,-0.2036,-0.29027,0.35456
2025-07-01T00:00:00+00:00,19.0,91.0,100.0,Bay of Bengal,-0.20251,-0.29051,0.35413
2025-07-01T00:00:00+00:00,19.0,92.0,100.0,Bay of Bengal,-0.19936,-0.29057,0.35239
2025-07-01T00:00:00+00:00,19.0,93.0,100.0,Bay of Bengal,-0.19449,-0.29045,0.34955
2025-07-01T00:00:00+00:00,19.0,94.0,100.0,Bay of Bengal,-0.18844,-0.29015,0.34597
2025-07-01T00:00:00+00:00,19.0,95.0,100.0,Bay of Bengal,-0.18185,-0.28967,0.34202
2025-07-01T00:00:00+00:00,19.0,96.0,100.0,Bay of Bengal,-0.17546,-0.28901,0.3381
2025-07-01T00:00:00+00:00,19.0,97.0,100.0,Bay of Bengal,-0.16996,-0.28818,0.33456
2025-07-01T00:00:00+00:00,19.0,98.0,100.0,Bay of Bengal,-0.16594,-0.28718,0.33167
2025-07-01T00:00:00+00:00,20.0,80.0,100.0,Bay of Bengal,-0.18235,-0.27846,0.33285
2025-07-01T00:00:00+00:00,20.0,81.0,100.0,Bay of Bengal,-0.18919,-0.28044,0.33829
2025-07-01T00:00:00+00:00,20.0,82.0,100.0,Bay of Bengal,-0.19603,-0.28226,0.34365
2025-07-01T00:00:00+00:00,20.0,83.0,100.0,Bay of Bengal,-0.20204,-0.28391,0.34846
2025-07-01T00:00:00+00:00,20.0,84.0,100.0,Bay of Bengal,-0.20651,-0.2854,0.35227
2025-07-01T00:00:00+00:00,20.0,85.0,100.0,Bay of Bengal,-0.20888,-0.28671,0.35473
2025-07-01T00:00:00+00:00,20.0,86.0,100.0,Bay of Bengal,-0.20888,-0.28784,0.35565
2025-07-01T00:00:00+00:00,20.0,87.0,100.0,Bay of Bengal,-0.20651,-0.2888,0.35504
2025-07-01T00:00:00+00:00,20.0,88.0,100.0,Bay of Bengal,-0.20204,-0.28958,0.3531
2025-07-01T00:00:00+00:00,20.0,89.0,100.0,Bay of Bengal,-0.19603,-0.29018,0.35019
2025-07-01T00:00:00+00:00,20.0,90.0,100.0,Bay of Bengal,-0.18919,-0.2906,0.34676
2025-07-01T00:00:00+00:00,20.0,91.0,100.0,Bay of Bengal,-0.18235,-0.29084,0.34328
2025-07-01T00:00:00+00:00,20.0,92.0,100.0,Bay of Bengal,-0.17633,-0.2909,0.34017
2025-07-01T00:00:00+00:00,20.0,93.0,100.0,Bay of Bengal,-0.17187,-0.29077,0.33777
2025-07-01T00:00:00+00:00,20.0,94.0,100.0,Bay of Bengal,-0.16949,-0.29047,0.3363
2025-07-01T00:00:00+00:00,20.0,95.0,100.0,Bay of Bengal,-0.16949,-0.28998,0.33588
2025-07-01T00:00:00+00:00,20.0,96.0,100.0,Bay of Bengal,-0.17187,-0.28932,0.33652
2025-07-01T00:00:00+00:00,20.0,97.0,100.0,Bay of Bengal,-0.17633,-0.28849,0.33811
2025-07-01T00:00:00+00:00,20.0,98.0,100.0,Bay of Bengal,-0.18235,-0.28749,0.34044
2025-07-01T00:00:00+00:00,21.0,80.0,100.0,Bay of Bengal,-0.21217,-0.2788,0.35035
2025-07-01T00:00:00+00:00,21.0,81.0,100.0,Bay of Bengal,-0.2146,-0.28078,0.3534
2025-07-01T00:00:00+00:00,21.0,82.0,100.0,Bay of Bengal,-0.21441,-0.2826,0.35473
2025-07-01T00:00:00+00:00,21.0,83.0,100.0,Bay of Bengal,-0.21162,-0.28425,0.35437
2025-07-01T00:00:00+00:00,21.0,84.0,100.0,Bay of Bengal,-0.2066,-0.28573,0.3526
2025-07-01T00:00:00+00:00,21.0,85.0,100.0,Bay of Bengal,-0.20002,-0.28704,0.34986
2025-07-01T00:00:00+00:00,21.0,86.0,100.0,Bay of Bengal,-0.19276,-0.28818,0.3467
2025-07-01T00:00:00+00:00,21.0,87.0,100.0,Bay of Bengal,-0.18577,-0.28914,0.34367
2025-07-01T00:00:00+00:00,21.0,88.0,100.0,Bay of Bengal,-0.17998,-0.28992,0.34124
2025-07-01T00:00:00+00:00,21.0,89.0,100.0,Bay of Bengal,-0.17617,-0.29051,0.33976
2025-07-01T00:00:00+00:00,21.0,90.0,100.0,Bay of Bengal,-0.17485,-0.29093,0.33943
2025-07-01T00:00:00+00:00,21.0,91.0,100.0,Bay of Bengal,-0.17617,-0.29117,0.34032
2025-07-01T00:00:00+00:00,21.0,92.0,100.0,Bay of Bengal,-0.17998,-0.29122,0.34235
2025-07-01T00:00:00+00:00,21.0,93.0,100.0,Bay of Bengal,-0.18577,-0.29109,0.34532
2025-07-01T00:00:00+00:00,21.0,94.0,100.0,Bay of Bengal,-0.19276,-0.29078,0.34887
2025-07-01T00:00:00+00:00,21.0,95.0,100.0,Bay of Bengal,-0.20002,-0.2903,0.35254
2025-07-01T00:00:00+00:00,21.0,96.0,100.0,Bay of Bengal,-0.2066,-0.28964,0.35577
2025-07-01T00:00:00+00:00,21.0,97.0,100.0,Bay of Bengal,-0.21162,-0.2888,0.35804
2025-07-01T00:00:00+00:00,21.0,98.0,100.0,Bay of Bengal,-0.21441,-0.2878,0.35888
2025-07-01T00:00:00+00:00,22.0,80.0,100.0,Bay of Bengal,-0.2134,-0.27915,0.35137
2025-07-01T00:00:00+00:00,22.0,81.0,100.0,Bay of Bengal,-0.20673,-0.28112,0.34895
2025-07-01T00:00:00+00:00,22.0,82.0,100.0,Bay of Bengal,-0.19915,-0.28294,0.346
2025-07-01T00:00:00+00:00,22.0,83.0,100.0,Bay of Bengal,-0.19178,-0.28459,0.34318
2025-07-01T00:00:00+00:00,22.0,84.0,100.0,Bay of Bengal,-0.18568,-0.28607,0.34105
2025-07-01T00:00:00+00:00,22.0,85.0,100.0,Bay of Bengal,-0.18175,-0.28738,0.34003
2025-07-01T00:00:00+00:00,22.0,86.0,100.0,Bay of Bengal,-0.18056,-0.28851,0.34035
2025-07-01T00:00:00+00:00,22.0,87.0,100.0,Bay of Bengal,-0.18228,-0.28947,0.34208
2025-07-01T00:00:00+00:00,22.0,88.0,100.0,Bay of Bengal,-0.18665,-0.29024,0.34508
2025-07-01T00:00:00+00:00,22.0,89.0,100.0,Bay of Bengal,-0.19305,-0.29084,0.34908
2025-07-01T00:00:00+00:00,22.0,90.0,100.0,Bay of Bengal,-0.20055,-0.29126,0.35362
2025-07-01T00:00:00+00:00,22.0,91.0,100.0,Bay of Bengal,-0.20804,-0.29149,0.35811
2025-07-01T00:00:00+00:00,22.0,92.0,100.0,Bay of Bengal,-0.21444,-0.29154,0.36191
2025-07-01T00:00:00+00:00,22.0,93.0,100.0,Bay of Bengal,-0.21882,-0.29141,0.36442
2025-07-01T00:00:00+00:00,22.0,94.0,100.0,Bay of Bengal,-0.22053,-0.2911,0.3652
2025-07-01T00:00:00+00:00,22.0,95.0,100.0,Bay of Bengal,-0.21934,-0.29061,0.3641
2025-07-01T00:00:00+00:00,22.0,96.0,100.0,Bay of Bengal,-0.21541,-0.28995,0.36121
2025-07-01T00:00:00+00:00,22.0,97.0,100.0,Bay of Bengal,-0.20931,-0.28911,0.35693
2025-07-01T00:00:00+00:00,22.0,98.0,100.0,Bay of Bengal,-0.20194,-0.2881,0.35183
