timestamp_utc,lat,lon,region,significant_wave_height_m,peak_period_s,mean_wave_direction_deg
2023-09-22T16:46:43.686949+00:00,5.92708,64.43065,Arabian Sea,2.6515,9.7325,263.97
2023-02-09T12:06:24.476855+00:00,-2.98411,61.80011,Indian Ocean,2.0743,10.598,231.95
2024-09-11T17:59:16.416062+00:00,5.21687,77.4818,Arabian Sea,1.7889,8.6018,278.74
2025-09-26T15:46:03.173216+00:00,-3.34879,84.00411,Indian Ocean,2.1032,8.7531,280.97
2024-11-18T15:31:41.750436+00:00,22.4384,80.43129,Indian Ocean,1.8423,9.8701,230.81
2025-11-11T04:32:53.873638+00:00,4.92474,62.038,Indian Ocean,1.8367,8.2081,259.73
2023-12-19T14:06:00.584065+00:00,2.7937,68.99059,Indian Ocean,1.2059,7.8401,254.92
2023-11-17T15:22:23.528286+00:00,4.19826,95.69644,Andaman Sea,1.4926,8.3048,206.68
2023-08-15T21:56:08.414109+00:00,-3.30416,86.8798,Indian Ocean,1.9782,10.3055,248.89
2025-07-26T16:30:17.752447+00:00,22.93779,70.39208,Arabian Sea,1.4937,8.5281,226.05
2023-10-07T10:35:32.569111+00:00,7.40854,81.36938,Bay of Bengal,2.3141,9.5516,285.32
2023-09-26T02:07:19.201426+00:00,0.42011,87.77383,Indian Ocean,1.8556,8.6729,282.01
2024-07-17T22:48:09.422969+00:00,22.62626,88.58916,Indian Ocean,1.645,7.5927,226.21
2025-02-09T01:51:31.873905+00:00,11.85143,80.73629,Bay of Bengal,1.862,9.1665,181.15
2024-04-18T16:10:08.790665+00:00,-2.64552,79.42201,Indian Ocean,2.0507,9.5237,170.04
2023-05-30T15:46:43.024972+00:00,5.24318,69.36308,Arabian Sea,2.1546,8.3546,155.27
2025-08-03T22:12:54.109876+00:00,19.94808,77.29718,Arabian Sea,2.3667,10.5331,237.65
2023-10-05T04:59:01.061280+00:00,23.29189,91.56166,Indian Ocean,1.9535,9.8747,245.19
2024-10-13T21:04:48.575546+00:00,10.90635,87.47321,Bay of Bengal,2.2954,6.8984,255.52
2023-08-12T16:55:59.670116+00:00,5.83428,96.94463,Bay of Bengal,1.5029,8.1031,271.14
2025-06-13T14:57:36.495161+00:00,4.2688,91.93527,Andaman Sea,1.9758,8.3398,235.33
2024-12-23T21:04:44.770786+00:00,3.96533,94.04312,Andaman Sea,1.7784,10.8099,158.91
2024-03-31T15:50:23.340789+00:00,22.62993,69.54167,Arabian Sea,2.3863,9.0047,172.29
2024-01-05T17:05:19.342641+00:00,17.95038,63.89355,Arabian Sea,1.5362,7.9907,269.59
2024-08-04T12:31:37.209937+00:00,18.52003,98.15618,Bay of Bengal,1.5638,9.2499,273.93
2025-03-01T07:53:47.918536+00:00,1.5683,79.34777,Indian Ocean,1.5948,8.4168,167.22
2024-02-15T15:23:41.676404+00:00,2.37231,93.34487,Andaman Sea,1.8015,8.0304,201.59
2025-10-19T06:51:42.567539+00:00,10.60865,76.62483,Arabian Sea,2.3778,8.5505,259.72
2025-12-20T02:29:21.228852+00:00,6.12052,74.59422,Arabian Sea,1.7988,8.18,240.59
2023-05-26T10:52:39.803493+00:00,18.69781,60.51965,Arabian Sea,1.9646,9.5841,176.93
2023-01-22T22:35:08.906576+00:00,6.52375,79.83332,Bay of Bengal,1.7085,8.5645,195.93
2024-01-19T06:14:17.859948+00:00,12.01484,98.17926,Bay of Bengal,2.0178,9.6377,157.26
2023-10-22T14:52:30.119494+00:00,6.60682,66.15374,Arabian Sea,2.1728,7.635,249.98
2025-03-12T07:33:09.697480+00:00,-4.10676,79.08407,Indian Ocean,2.0979,8.8493,156.45
2025-07-05T16:46:36.138297+00:00,9.92114,86.04448,Bay of Bengal,1.4787,7.9673,222.31
2025-03-13T13:06:57.111203+00:00,6.67658,96.36061,Bay of Bengal,2.3714,10.0154,173.21
2023-04-07T14:22:14.422200+00:00,11.07748,94.21875,Bay of Bengal,1.6686,8.2584,165.24
2024-06-13T12:12:53.188029+00:00,15.45265,71.24551,Arabian Sea,2.4165,8.4109,192.61
2024-05-08T09:08:48.789684+00:00,-4.38402,97.76387,Indian Ocean,2.0738,9.1207,185.58
2024-11-25T05:09:37.796828+00:00,3.5738,91.3939,Andaman Sea,1.9482,8.9549,234.18
2024-04-21T13:47:54.101974+00:00,22.94376,98.41055,Indian Ocean,1.9029,8.4643,180.02
2024-07-25T18:39:33.143414+00:00,-1.62924,82.62642,Indian Ocean,1.8607,6.9719,229.38
2025-03-01T06:31:24.724682+00:00,5.64861,63.19454,Arabian Sea,2.3398,7.946,207.57
2024-08-18T03:22:21.927284+00:00,2.53226,94.45487,Andaman Sea,2.1279,11.1637,306.14
2024-06-23T18:43:59.590752+00:00,11.78648,60.8579,Arabian Sea,1.7626,8.7368,212.14
2023-10-25T03:30:47.746837+00:00,16.6038,96.65684,Bay of Bengal,1.7988,8.9724,267.21
2024-04-23T18:44:32.035665+00:00,5.35989,72.28192,Arabian Sea,1.9862,8.7107,157.31
2023-12-24T14:55:38.448918+00:00,-3.31587,91.22528,Indian Ocean,1.498,8.9836,195.56
2023-12-04T11:01:44.376173+00:00,9.73973,79.65533,Bay of Bengal,1.658,9.4456,242.06
2025-10-16T04:30:09.441928+00:00,0.76634,85.14554,Indian Ocean,2.178,9.2391,287.37
2023-08-02T16:15:50.543180+00:00,19.70795,77.70962,Arabian Sea,2.1818,9.6724,237.75
2025-02-26T13:42:33.759556+00:00,-3.64672,70.5153,Indian Ocean,2.1912,9.0309,212.74
2023-10-16T08:48:48.688984+00:00,0.89501,78.00968,Indian Ocean,2.0934,9.7595,248.05
2025-03-06T05:40:09.714305+00:00,21.31028,89.03515,Bay of Bengal,2.4347,7.6488,160.01
2024-01-30T01:52:23.112006+00:00,-2.11418,81.19263,Indian Ocean,2.1686,10.4967,190.88
2024-10-14T09:21:24.363481+00:00,14.41983,73.27371,Arabian Sea,2.344,9.1507,267.51
2024-02-20T08:32:00.919134+00:00,7.99896,87.16502,Bay of Bengal,1.632,8.7505,153.28
2024-05-07T02:50:35.275652+00:00,12.97234,64.08594,Arabian Sea,2.6662,8.0028,157.96
2025-12-11T18:01:01.603593+00:00,5.93802,97.51418,Bay of Bengal,1.8167,8.7907,162.39
2025-07-18T22:29:34.534855+00:00,23.06106,86.20869,Indian Ocean,1.9691,9.9214,241.96
2023-04-12T09:06:15.814514+00:00,1.1781,89.19687,Indian Ocean,2.8074,10.9073,190.7
2023-03-09T04:20:42.762893+00:00,-1.91125,80.24335,Indian Ocean,2.177,9.1549,170.17
2023-01-04T19:40:09.453974+00:00,16.71195,93.69239,Bay of Bengal,1.5579,8.9579,187.04
2025-12-09T12:19:22.547052+00:00,1.5725,72.70707,Indian Ocean,1.9652,9.6528,232.71
2024-02-09T13:24:43.506578+00:00,17.7471,93.93158,Bay of Bengal,1.8582,10.1085,181.34
2025-08-28T22:12:02.143306+00:00,16.54221,90.13529,Bay of Bengal,2.2633,9.0275,289.69
2025-07-24T21:20:45.311967+00:00,21.19652,94.05653,Bay of Bengal,1.8389,8.3739,253.71
2024-08-13T13:12:36.263942+00:00,21.58818,68.12905,Arabian Sea,2.2193,7.9904,217.68
2024-03-29T02:39:00.398400+00:00,7.49926,87.72867,Bay of Bengal,1.2213,7.9764,157.63
2024-07-26T23:14:05.766015+00:00,13.25945,77.79812,Arabian Sea,2.4122,9.8508,235.57
2023-12-19T09:57:29.372729+00:00,-0.04468,90.82736,Andaman Sea,1.6505,9.0468,198.04
2023-09-17T16:33:01.848700+00:00,21.61652,79.97599,Bay of Bengal,2.0143,10.2779,272.7
2023-11-05T17:53:30.223393+00:00,-0.43578,82.48096,Indian Ocean,2.1458,7.9849,306.93
2025-03-17T17:20:21.347524+00:00,20.00258,84.34414,Bay of Bengal,2.2822,10.7147,186.52
2024-09-22T17:14:07.690065+00:00,-3.49367,63.48802,Indian Ocean,2.1856,9.3283,271.38
2024-02-12T06:29:52.904157+00:00,-3.87299,73.20158,Indian Ocean,1.7376,7.7468,182.87
2023-10-24T17:15:04.855339+00:00,3.53935,76.38568,Indian Ocean,2.1219,7.3547,273.2
2024-10-19T07:57:10.437265+00:00,0.05824,87.34583,Indian Ocean,1.7412,7.7192,250.67
2023-04-06T03:35:59.283885+00:00,1.73164,65.2875,Indian Ocean,1.8363,10.2806,174.49
2025-07-31T13:35:54.955008+00:00,-2.04759,92.2296,Indian Ocean,1.734,6.6186,259.54
2023-04-15T07:49:28.834960+00:00,21.57221,80.18708,Bay of Bengal,2.2236,9.3772,174.07
2024-02-02T08:53:04.367780+00:00,-3.30964,91.2931,Indian Ocean,1.6103,7.6812,189.78
2023-12-03T11:14:06.796436+00:00,11.86451,83.99366,Bay of Bengal,2.0833,8.0341,217.11
2023-06-12T02:57:37.076994+00:00,18.8279,84.20131,Bay of Bengal,1.3527,8.6014,229.02
2025-10-18T18:58:18.655141+00:00,15.9782,75.52208,Arabian Sea,2.4456,9.4458,276.04
2025-03-30T05:46:48.921653+00:00,11.61964,88.10737,Bay of Bengal,2.1159,9.5868,178.6
2024-04-10T19:55:07.799318+00:00,20.50494,81.11685,Bay of Bengal,2.5461,9.0725,144.54
2023-02-04T08:08:46.594145+00:00,16.7378,68.87793,Arabian Sea,1.7711,9.2467,194.15
2023-02-09T03:17:49.653297+00:00,9.73664,75.80023,Arabian Sea,1.692,7.8007,194.61
2025-01-11T16:42:08.765178+00:00,23.13289,78.90685,Indian Ocean,1.439,8.9404,206.82
2025-06-08T18:28:41.539941+00:00,22.74575,83.59611,Indian Ocean,1.9721,9.4428,231.66
2023-09-23T15:19:57.925609+00:00,-4.32281,99.33785,Indian Ocean,2.2092,8.7874,262.37
2024-08-05T01:20:22.869154+00:00,-3.61859,96.98456,Indian Ocean,1.7058,8.6405,272.2
2023-08-07T09:33:09.139689+00:00,7.10732,84.46483,Bay of Bengal,1.9419,10.4364,272.07
2023-06-20T21:06:04.861833+00:00,22.75637,77.91989,Arabian Sea,0.9931,7.4928,201.08
2023-06-21T10:08:29.854346+00:00,5.7988,96.16493,Bay of Bengal,2.0994,9.9429,246.95
2024-07-22T06:14:46.630467+00:00,17.43079,87.13524,Bay of Bengal,2.0829,8.7261,241.82
2025-03-12T00:31:41.953260+00:00,4.93983,77.01099,Indian Ocean,1.9165,8.661,185.95
2023-09-07T11:07:29.059234+00:00,-2.79115,83.12201,Indian Ocean,2.2184,9.5119,294.1
2025-04-25T16:35:44.263550+00:00,-3.8436,82.2857,Indian Ocean,1.8816,7.7905,169.97
2024-08-24T03:00:02.192425+00:00,16.50911,79.57186,Bay of Bengal,1.9814,9.9872,252.87
2023-06-29T19:24:14.702266+00:00,-0.45194,68.60587,Indian Ocean,1.7182,8.5498,206.4
2023-12-30T20:37:43.947541+00:00,23.79633,79.31865,Indian Ocean,1.6245,7.7334,222.58
2024-05-14T14:24:54.320073+00:00,16.1298,77.82719,Arabian Sea,2.2202,8.0818,203.76
2024-07-09T10:18:26.158644+00:00,17.83198,62.56723,Arabian Sea,1.5752,7.4441,207.43
2024-07-09T22:38:13.857970+00:00,10.12536,74.91475,Arabian Sea,1.4809,7.8886,211.21
2024-12-05T04:01:59.110052+00:00,9.1453,95.07168,Bay of Bengal,1.7043,8.4111,194.12
2023-01-27T20:53:21.849904+00:00,6.34221,68.49496,Arabian Sea,1.8295,7.6529,200.03
2024-02-10T05:03:05.414762+00:00,1.15935,82.22793,Indian Ocean,2.3008,9.0193,162.66
2024-06-20T03:00:22.340240+00:00,2.22009,65.63818,Indian Ocean,1.2052,7.8014,179.03
2024-06-18T19:38:41.492191+00:00,3.00922,62.22162,Indian Ocean,1.4927,9.2444,181.29
2025-03-04T00:38:38.766144+00:00,-2.57611,81.32232,Indian Ocean,2.0243,7.6672,182.83
2024-12-22T22:14:41.091175+00:00,18.93229,79.69556,Bay of Bengal,1.4441,7.3154,220.13
2024-04-14T02:04:50.315295+00:00,-3.85378,60.55183,Indian Ocean,2.0242,8.8542,179.25
2024-05-30T13:57:29.809598+00:00,5.66785,96.21981,Bay of Bengal,1.7156,8.2815,209.23
2025-08-13T05:36:48.465747+00:00,-4.02723,76.84404,Indian Ocean,2.4303,8.24,254.44
2024-10-17T22:54:21.111699+00:00,5.40344,98.98721,Bay of Bengal,1.9642,9.056,271.55
2023-07-04T08:09:17.414357+00:00,3.49727,92.47118,Andaman Sea,1.0342,7.5615,263.7
2025-09-16T08:47:43.427988+00:00,10.92383,66.77715,Arabian Sea,2.5772,10.8601,276.2
2023-11-20T23:15:53.646024+00:00,21.16193,96.02096,Bay of Bengal,2.403,8.8512,209.28
2023-11-21T15:07:29.137213+00:00,21.69744,86.62515,Bay of Bengal,2.163,9.2786,252.13
2024-12-26T12:26:08.898973+00:00,15.69919,73.63144,Arabian Sea,1.6522,9.8566,266.37
2025-01-26T15:26:58.086945+00:00,23.20127,92.07969,Indian Ocean,1.7135,9.5564,171.15
2024-06-17T18:51:46.457480+00:00,14.47346,98.92696,Bay of Bengal,1.6957,8.6394,239.09
2024-12-28T23:43:36.614571+00:00,1.60232,75.0043,Indian Ocean,1.1717,8.6428,251.17
2023-08-24T22:44:54.343033+00:00,7.08976,77.29815,Arabian Sea,1.6745,9.2727,305.32
2023-10-29T03:22:55.706664+00:00,17.96521,61.30275,Arabian Sea,1.8352,7.5768,284.74
2025-09-24T08:55:48.046376+00:00,14.21631,74.12289,Arabian Sea,2.3862,8.2091,277.73
2024-10-02T08:07:27.882567+00:00,15.06989,80.84482,Bay of Bengal,2.1626,9.0194,257.44
2024-10-30T10:50:50.013887+00:00,17.39156,99.83745,Bay of Bengal,2.5607,7.9245,268.63
2025-06-30T14:21:10.987183+00:00,16.13656,79.03736,Bay of Bengal,1.7,7.2556,222.73
2023-12-16T12:02:41.015555+00:00,3.2881,71.94448,Indian Ocean,1.2199,7.9444,260.76
2024-09-25T05:09:24.859052+00:00,20.68536,87.54795,Bay of Bengal,2.3671,8.5266,290.36
2025-03-21T13:42:47.029639+00:00,5.37082,95.02462,Bay of Bengal,2.4579,9.2859,145.03
2024-11-02T12:38:06.102708+00:00,10.08202,66.43304,Arabian Sea,1.7018,8.9763,279.5
2025-02-24T18:55:11.256680+00:00,-1.03194,67.88838,Indian Ocean,2.4481,10.122,191.38
2025-07-22T06:21:14.254794+00:00,1.13993,74.38915,Indian Ocean,1.8252,7.2961,228.48
2025-12-24T06:42:16.746269+00:00,-2.28396,74.85348,Indian Ocean,1.4064,8.0321,259.77
2025-01-15T10:12:31.687797+00:00,12.91003,63.41167,Arabian Sea,1.4583,8.5998,226.89
2025-01-08T22:47:40.983784+00:00,-0.27486,87.28994,Indian Ocean,1.204,8.275,192.3
2024-01-10T17:54:17.140246+00:00,19.45311,87.94066,Bay of Bengal,1.5738,9.6087,193.5
2023-06-28T14:14:05.521234+00:00,13.46143,81.11513,Bay of Bengal,1.7272,8.6451,194.37
2024-08-25T09:03:07.262563+00:00,1.31207,93.54598,Andaman Sea,2.238,8.785,268.7
2023-11-08T05:44:04.887749+00:00,5.00333,76.07997,Arabian Sea,2.2232,8.7058,243.66
2025-11-28T01:00:35.024454+00:00,-3.12305,71.17846,Indian Ocean,1.8697,8.9141,260.65
2023-12-26T00:07:24.767131+00:00,4.66533,74.82186,Indian Ocean,0.9071,7.6388,226.32
2025-02-15T22:17:48.542289+00:00,-3.87121,78.65912,Indian Ocean,2.0154,9.761,201.35
2023-11-07T10:57:57.183549+00:00,3.76468,93.06967,Andaman Sea,1.9738,9.3531,242.99
2024-12-03T16:06:16.535497+00:00,4.15259,87.62429,Indian Ocean,1.7749,7.1628,208.56
2025-10-26T21:06:48.970848+00:00,6.59283,85.53803,Bay of Bengal,1.6585,9.8098,295.65
2023-02-08T13:55:25.269901+00:00,13.76408,85.89199,Bay of Bengal,1.8059,10.6231,187.15
2023-09-02T19:11:07.793757+00:00,3.32412,81.23789,Indian Ocean,2.2296,9.8125,260.02
2024-07-22T18:31:56.225379+00:00,13.41371,72.97848,Arabian Sea,1.7779,8.6856,206.81
2024-12-15T03:35:22.218792+00:00,6.75155,65.68607,Arabian Sea,2.0903,8.251,237.91
2025-12-02T03:59:42.616810+00:00,20.19112,96.92384,Bay of Bengal,1.7418,8.8764,235.64
2024-07-15T07:11:03.574303+00:00,3.30372,83.60547,Indian Ocean,1.7339,9.1604,266.11
2025-08-13T08:17:50.166201+00:00,11.02183,72.29367,Arabian Sea,2.0608,8.5996,207.12
2024-12-14T08:35:29.387171+00:00,16.66698,60.18131,Arabian Sea,1.7075,7.6615,279.09
2024-01-09T23:54:11.107324+00:00,-4.14865,72.56872,Indian Ocean,1.2665,7.4718,220.52
2024-11-03T10:34:13.781278+00:00,17.08945,74.05391,Arabian Sea,2.7836,9.2539,259.87
2024-01-07T09:08:56.983752+00:00,-0.23822,87.69356,Indian Ocean,0.9289,7.4182,200.85
2023-09-24T03:22:49.465989+00:00,19.30001,92.49403,Bay of Bengal,2.7507,8.9754,263.27
2025-12-01T08:33:10.830558+00:00,6.04419,91.37042,Bay of Bengal,1.7765,8.4991,210.35
2023-02-15T16:01:33.116446+00:00,13.91205,93.25079,Bay of Bengal,1.847,9.1104,153.54
2025-08-26T14:50:21.334295+00:00,23.26811,98.79272,Indian Ocean,2.0648,9.0068,272.1
2023-03-11T00:10:06.013931+00:00,8.56844,68.2068,Arabian Sea,2.4448,10.6567,181.67
2025-02-20T23:44:42.216674+00:00,18.1423,61.78208,Arabian Sea,2.4107,10.3518,246.69
2025-08-07T07:06:22.568186+00:00,-4.79777,65.0341,Indian Ocean,1.0698,7.5701,211.36
2025-05-14T02:55:24.984901+00:00,-0.36667,81.05904,Indian Ocean,1.9494,9.4223,180.95
2025-09-05T00:26:26.254525+00:00,19.76921,88.68443,Bay of Bengal,1.8451,9.0495,271.42
2024-05-28T10:54:01.705464+00:00,16.26369,87.52586,Bay of Bengal,2.0686,7.8546,206.86
2023-08-12T16:04:04.293363+00:00,-0.06514,79.81946,Indian Ocean,1.7435,7.7738,250.8
2024-06-18T04:40:13.487250+00:00,-0.92257,94.88054,Andaman Sea,1.4913,7.7651,215.46
2025-12-04T19:04:32.142485+00:00,20.8384,64.49688,Arabian Sea,2.1451,8.8081,282.13
2025-12-05T12:31:36.447840+00:00,7.31867,64.36463,Arabian Sea,1.778,7.759,294.8
2025-07-26T15:42:46.770775+00:00,20.03341,77.55922,Arabian Sea,2.0803,9.3523,227.94
2024-04-24T23:46:42.487601+00:00,-0.60425,82.02504,Indian Ocean,2.5173,9.2097,162.08
2025-10-10T04:49:04.125776+00:00,15.68428,97.59339,Bay of Bengal,2.1351,8.2489,250.39
2024-03-31T13:04:55.690846+00:00,1.96233,65.60548,Indian Ocean,2.4962,9.0682,180.53
2023-08-23T14:46:02.080867+00:00,1.59624,78.07939,Indian Ocean,1.8191,10.5321,256.62
2025-04-17T14:44:51.512125+00:00,22.40138,71.20611,Arabian Sea,2.599,9.6938,138.06
2023-12-29T21:32:41.593989+00:00,0.64795,62.73712,Indian Ocean,1.1866,7.0756,261.17
2025-12-22T13:25:20.721474+00:00,9.10745,81.84565,Bay of Bengal,1.4826,8.7259,223.8
2023-04-12T00:38:59.354805+00:00,17.83921,87.84369,Bay of Bengal,2.0039,7.4683,166.96
2024-01-22T07:58:40.716597+00:00,12.48913,96.44941,Bay of Bengal,2.0132,8.7499,156.01
2025-11-17T13:40:42.053271+00:00,-4.17754,99.56728,Indian Ocean,1.541,8.063,191.94
2023-06-02T21:16:13.084154+00:00,-3.70487,76.91561,Indian Ocean,1.5393,8.1777,191.75
2023-05-23T19:50:34.906479+00:00,14.69407,98.94814,Bay of Bengal,1.9612,8.0387,225.25
2023-08-11T19:31:12.217057+00:00,13.7469,88.01586,Bay of Bengal,1.9934,8.1872,233.37
2023-03-18T04:24:53.500095+00:00,22.09572,87.87672,Indian Ocean,2.2085,9.2861,182.42
2024-06-27T09:51:08.457110+00:00,21.05535,70.88564,Arabian Sea,2.0136,9.2183,207.85
2024-12-21T01:59:08.215730+00:00,16.75573,97.77296,Bay of Bengal,1.7198,8.9972,169.45
2025-06-12T12:39:05.146241+00:00,-0.08112,67.05622,Indian Ocean,1.3451,7.5332,183.07
2024-08-01T04:13:15.647869+00:00,15.40426,93.15084,Bay of Bengal,1.8867,9.317,298.94
2023-02-23T17:54:29.170210+00:00,1.18988,91.86512,Andaman Sea,1.5313,9.3103,158.21
2025-08-26T14:29:16.063184+00:00,10.0561,90.89369,Bay of Bengal,2.1735,9.2036,281.78
2025-04-12T21:35:21.991908+00:00,9.83493,69.09471,Arabian Sea,2.2422,9.0105,204.12
2024-08-15T11:20:22.838967+00:00,3.92837,90.85992,Andaman Sea,1.93,8.4848,275.51
2024-06-16T08:13:46.833194+00:00,8.08105,64.96526,Arabian Sea,1.642,8.8675,175.82
2023-09-17T17:01:10.378746+00:00,19.63011,63.92173,Arabian Sea,2.547,9.7092,281.66
2023-03-06T22:48:46.874942+00:00,2.90561,94.79276,Andaman Sea,1.9617,7.932,172.71
2024-07-22T21:45:42.889686+00:00,2.88341,64.03595,Indian Ocean,1.6936,7.6366,211.76
2025-09-06T18:13:29.451145+00:00,-3.44212,73.78079,Indian Ocean,2.3827,9.1743,271.62
2023-11-12T16:30:07.496962+00:00,12.72219,71.17175,Arabian Sea,1.8688,9.3158,273.65
2024-01-16T09:19:24.116687+00:00,8.78962,71.06657,Arabian Sea,1.9525,9.2061,202.07
2023-06-09T23:47:32.719865+00:00,18.62471,70.66701,Arabian Sea,1.8781,8.3168,188.37
2024-02-19T12:07:54.372569+00:00,-0.66193,90.59277,Andaman Sea,2.3401,8.8111,164.54
2024-12-02T19:36:35.397822+00:00,22.61008,62.06855,Arabian Sea,2.2316,9.5638,254.55
2023-10-09T21:14:23.119023+00:00,21.20524,89.26752,Bay of Bengal,2.3725,10.199,273.21
2024-06-20T01:42:26.030147+00:00,-2.01736,62.61093,Indian Ocean,1.8946,8.0072,197.27
2023-06-20T19:47:56.803969+00:00,14.56276,88.56411,Bay of Bengal,1.888,8.6152,262.16
2024-06-26T08:43:53.356775+00:00,4.10361,65.34855,Indian Ocean,1.3984,9.3935,164.78
2024-12-28T18:25:25.611148+00:00,0.05217,83.74442,Indian Ocean,1.4112,8.6879,194.9
2023-03-16T22:12:49.011202+00:00,13.85514,62.05944,Arabian Sea,2.2823,10.0639,179.68
2024-03-02T00:46:28.814006+00:00,18.17871,66.4089,Arabian Sea,2.1619,10.0759,204.64
2023-12-10T02:15:19.063808+00:00,21.52675,75.88585,Arabian Sea,1.9704,7.9004,258.88
2025-05-25T23:18:33.549008+00:00,16.25721,93.20271,Bay of Bengal,1.6202,8.6412,200.98
2024-08-29T15:07:58.387485+00:00,16.76367,85.56184,Bay of Bengal,1.8956,8.9481,256.22
2025-12-16T00:41:34.997952+00:00,2.00539,95.8216,Andaman Sea,1.4518,7.202,203.39
2023-08-25T01:20:13.720865+00:00,8.29507,73.58209,Arabian Sea,2.5114,8.8277,267.57
2025-07-04T07:47:29.089111+00:00,3.84847,69.23644,Indian Ocean,1.47,7.9892,203.96
2025-04-28T08:56:33.561134+00:00,11.80649,67.76594,Arabian Sea,2.2535,9.1515,162.51
2023-11-10T02:11:32.362558+00:00,3.56203,92.32227,Andaman Sea,1.8975,8.5149,220.57
2024-10-20T20:35:43.108100+00:00,18.85885,66.81419,Arabian Sea,2.2732,7.6762,256.8
2025-06-02T21:57:19.269766+00:00,10.75157,64.88107,Arabian Sea,1.6145,8.1184,142.26
2025-05-05T12:13:01.223208+00:00,14.1229,86.82698,Bay of Bengal,2.3686,11.1067,167.74
2025-03-14T21:49:26.100394+00:00,14.15335,66.23259,Arabian Sea,2.4216,8.851,192.8
2024-11-01T07:07:26.004274+00:00,3.25253,87.17203,Indian Ocean,2.0908,8.2168,260.37
2025-10-20T07:57:29.817337+00:00,10.55301,75.93384,Arabian Sea,2.2347,9.0815,236.94
2025-02-25T19:07:53.416139+00:00,15.1034,92.25571,Bay of Bengal,1.7213,9.143,161.8
2025-10-23T02:07:39.792423+00:00,18.20819,80.19396,Bay of Bengal,2.5454,10.1973,283.65
2025-08-15T13:52:34.330075+00:00,20.79266,85.22788,Bay of Bengal,1.8328,6.993,234.77
2023-05-21T00:31:44.175111+00:00,23.85139,88.93173,Indian Ocean,1.7965,8.5478,217.96
2023-09-03T17:06:18.842553+00:00,8.39745,64.76314,Arabian Sea,1.8683,8.3457,266.09
2023-11-05T13:20:43.376007+00:00,13.15688,66.66047,Arabian Sea,2.4078,8.4319,256.65
2024-04-02T10:03:41.962038+00:00,20.07367,65.92259,Arabian Sea,2.0552,8.8124,163.42
2024-02-10T12:07:47.135968+00:00,11.416,73.64467,Arabian Sea,1.8983,8.697,182.62
2024-05-04T23:02:11.755597+00:00,20.76245,61.34982,Arabian Sea,2.0053,10.2538,181.68
2023-12-12T18:41:41.673470+00:00,-3.48019,87.01765,Indian Ocean,1.9359,8.0411,230.45
2023-08-28T07:57:25.457122+00:00,2.48291,71.72537,Indian Ocean,2.0638,8.4539,235.9
2023-10-22T14:39:01.054679+00:00,19.3345,95.6473,Bay of Bengal,1.9608,9.8516,261.36
2025-04-12T06:41:11.803794+00:00,12.14754,66.60253,Arabian Sea,2.1119,8.8326,142.99
2024-08-10T23:17:05.189058+00:00,-3.79001,86.57163,Indian Ocean,1.8028,9.9221,269.3
2024-07-08T20:22:58.466052+00:00,17.08286,65.238,Arabian Sea,1.3026,7.1396,198.02
2023-09-22T05:10:53.521223+00:00,12.28592,94.12489,Bay of Bengal,2.3316,8.4424,269.23
2025-10-30T22:53:20.433424+00:00,18.89143,90.0601,Bay of Bengal,2.2433,7.6304,263.17
2025-12-09T22:23:21.078457+00:00,4.82727,74.00505,Indian Ocean,2.259,8.8214,232.67
2024-01-20T08:30:36.459802+00:00,18.26333,90.49687,Bay of Bengal,1.9265,8.9506,172.14
2023-05-03T18:39:16.603537+00:00,3.35181,74.10996,Indian Ocean,1.8848,8.6223,206.32
2025-05-13T11:27:55.847830+00:00,16.76797,69.36033,Arabian Sea,2.022,7.8749,155.92
2025-03-14T01:39:07.117304+00:00,11.03054,66.20845,Arabian Sea,2.1034,8.9727,184.56
2023-03-09T23:46:00.098003+00:00,12.97377,73.05758,Arabian Sea,2.0936,8.1024,212.71
2025-01-02T07:01:56.917519+00:00,6.75884,79.02842,Bay of Bengal,1.2208,8.7756,212.35
2025-12-08T07:08:10.935969+00:00,10.64829,67.26532,Arabian Sea,2.0732,8.0893,270.42
2024-07-15T09:31:08.464269+00:00,6.57062,99.18142,Bay of Bengal,1.5725,10.2122,278.63
2023-01-03T01:39:17.609481+00:00,21.8033,82.81203,Bay of Bengal,1.4419,8.6182,192.96
2024-03-14T22:23:53.185693+00:00,11.82205,61.13122,Arabian Sea,2.3425,10.2193,188.58
2023-11-15T08:27:36.400278+00:00,11.49691,64.92509,Arabian Sea,1.7473,8.2243,254.13
2024-07-12T22:05:16.073899+00:00,1.80416,92.53483,Andaman Sea,1.1226,7.2786,278.4
2023-01-17T15:18:51.437172+00:00,-2.51855,96.6487,Indian Ocean,1.289,10.2154,177.51
2025-09-16T20:17:55.248925+00:00,21.53449,84.60771,Bay of Bengal,2.2894,9.1145,252.94
2024-03-04T03:43:16.534267+00:00,-2.37476,74.2611,Indian Ocean,2.5985,9.8865,168.82
2024-07-14T03:15:37.521778+00:00,6.97774,89.89801,Bay of Bengal,1.6865,8.1727,259.22
2024-09-01T01:37:32.197042+00:00,-2.90265,97.30111,Indian Ocean,2.0191,8.5266,278.45
2024-05-07T19:37:53.247487+00:00,-4.48266,99.57516,Indian Ocean,1.5897,7.0675,244.51
2023-03-31T02:15:30.866920+00:00,-2.95022,93.28892,Indian Ocean,2.424,8.3935,178.63
2023-04-18T03:55:53.056585+00:00,9.53642,97.71086,Bay of Bengal,2.1485,9.1341,213.91
2025-08-07T01:48:47.958533+00:00,11.60423,92.81362,Bay of Bengal,2.4884,8.7366,266.24
2023-05-23T20:20:48.483132+00:00,-2.04726,73.02004,Indian Ocean,1.4463,10.1037,151.75
2023-07-26T10:02:31.349329+00:00,1.00374,75.26005,Indian Ocean,1.736,8.1591,230.96
2025-09-02T04:39:33.220391+00:00,-3.48839,68.89105,Indian Ocean,1.9483,8.3588,240.36
2025-08-14T11:55:58.383966+00:00,20.83588,80.47672,Bay of Bengal,2.2702,8.4804,213.09
2024-07-03T10:25:23.666833+00:00,19.06843,71.25142,Arabian Sea,1.6486,11.6568,228.01
2023-05-01T19:20:24.212726+00:00,16.04004,74.00271,Arabian Sea,2.293,9.4133,162.26
2023-05-20T19:48:35.538106+00:00,10.7817,76.66291,Arabian Sea,2.5022,10.3843,183.41
2024-04-05T20:04:44.678264+00:00,3.99976,79.73539,Indian Ocean,2.2615,9.4724,150.04
2025-07-20T14:32:58.713918+00:00,12.4521,88.55357,Bay of Bengal,1.9041,9.2068,253.91
2025-02-27T20:19:26.088293+00:00,23.11096,68.75348,Arabian Sea,2.1215,8.2757,178.2
2025-06-06T11:46:20.943369+00:00,-3.44698,74.19229,Indian Ocean,1.5095,7.5589,184.51
2025-06-08T10:11:40.084850+00:00,19.22234,92.91612,Bay of Bengal,1.5862,8.028,230.87
2023-02-18T23:34:45.734690+00:00,-3.453,73.22892,Indian Ocean,1.9172,7.6079,204.95
2025-12-29T08:33:19.741385+00:00,12.83808,63.68583,Arabian Sea,1.7469,8.7047,241.25
2024-12-17T21:53:28.492868+00:00,15.58808,84.87155,Bay of Bengal,1.4536,7.0934,197.26
2023-11-26T08:12:33.264280+00:00,19.18971,96.48188,Bay of Bengal,2.2092,7.3088,265.58
2025-06-16T02:29:30.463734+00:00,16.03142,76.45368,Arabian Sea,1.846,7.9686,194.74
2025-09-26T11:23:06.513233+00:00,7.51369,86.28237,Bay of Bengal,1.971,9.3072,251.92
2023-11-03T19:38:31.064088+00:00,20.13442,68.92996,Arabian Sea,2.1682,8.3831,229.1
2024-08-28T17:21:59.433542+00:00,23.82453,60.90305,Arabian Sea,2.0923,9.0034,240.6
2023-11-30T15:10:34.101895+00:00,-3.88182,74.0104,Indian Ocean,1.6749,8.3139,255.86
2023-05-31T10:46:58.883931+00:00,11.89123,80.14919,Bay of Bengal,1.8028,9.213,172.49
2025-01-06T23:17:38.883365+00:00,0.44883,71.47241,Indian Ocean,1.0108,6.8829,219.79
2024-10-11T21:01:10.459533+00:00,-1.1724,96.25193,Andaman Sea,2.2148,9.1679,240.13
2025-10-15T18:36:36.333554+00:00,17.08941,63.44312,Arabian Sea,2.5464,9.6605,297.13
2025-10-12T22:17:08.214955+00:00,12.09468,92.39231,Bay of Bengal,1.5233,8.2453,259.99
2025-05-14T09:20:13.254807+00:00,8.37435,62.95963,Arabian Sea,2.2104,9.2133,163.92
2024-11-14T16:18:01.287574+00:00,16.97163,90.37596,Bay of Bengal,1.5257,8.2046,227.68
2025-08-13T02:25:40.617339+00:00,21.33432,80.22439,Bay of Bengal,1.7786,7.9716,267.46
2025-11-25T11:47:40.002866+00:00,19.0611,74.91186,Arabian Sea,2.0749,7.9205,277.77
2025-04-23T09:51:55.939559+00:00,6.12526,82.92307,Bay of Bengal,1.8473,8.0914,151.08
2025-02-12T06:48:25.842484+00:00,23.13608,69.61896,Arabian Sea,2.3511,8.9793,152.22
2024-10-12T08:12:17.593431+00:00,4.01796,82.6156,Indian Ocean,2.2404,8.1538,278.36
2024-02-16T03:19:07.248339+00:00,14.80725,89.92762,Bay of Bengal,2.335,8.2876,160.19
2025-05-09T04:02:38.584911+00:00,-4.93453,78.01088,Indian Ocean,1.7569,7.7863,184.2
2023-12-26T15:17:13.392157+00:00,11.74802,73.01776,Arabian Sea,1.9753,8.4931,216.41
2023-06-08T07:27:27.823633+00:00,15.80481,79.14772,Bay of Bengal,1.665,8.1926,218.07
2025-12-09T09:21:39.800654+00:00,7.1319,87.2226,Bay of Bengal,1.7821,8.9331,220.08
2023-03-03T16:24:50.234949+00:00,-0.2314,79.76208,Indian Ocean,1.9671,9.3553,142.67
2024-11-26T19:48:22.658276+00:00,11.78848,65.21793,Arabian Sea,1.709,7.9498,258.55
2024-01-23T02:14:33.968909+00:00,21.05959,62.24513,Arabian Sea,1.9851,8.1373,223.06
2024-08-22T04:45:17.969706+00:00,18.8241,88.2356,Bay of Bengal,2.201,7.9458,293.77
2023-09-21T02:00:35.288523+00:00,0.66634,90.38814,Andaman Sea,2.0303,9.4111,263.64
2023-02-14T09:53:05.651516+00:00,-1.44581,70.65018,Indian Ocean,1.7202,9.1021,215.66
2025-12-31T08:49:46.173556+00:00,15.14064,91.45792,Bay of Bengal,1.3945,7.9918,204.5
2023-06-26T21:09:38.893582+00:00,11.92579,80.48736,Bay of Bengal,1.0756,8.0847,201.52
2025-03-12T12:58:35.809864+00:00,20.13497,91.24994,Bay of Bengal,1.8799,8.7245,167.73
2025-01-04T18:15:27.525436+00:00,12.64173,85.28106,Bay of Bengal,1.616,7.7933,219.2
2025-03-07T12:27:51.477324+00:00,23.45228,67.68727,Arabian Sea,2.615,10.0583,205.45
2024-01-15T18:51:08.479499+00:00,-4.49421,89.41811,Indian Ocean,1.1169,7.7991,185.0
2024-01-14T13:56:15.966512+00:00,0.86659,85.90935,Indian Ocean,1.4941,8.3002,150.2
2023-03-22T23:27:07.422301+00:00,-1.61108,90.51579,Andaman Sea,2.1294,8.3762,175.89
2023-10-05T11:31:12.691047+00:00,8.48665,98.19515,Bay of Bengal,2.3329,9.1804,277.37
2025-07-29T17:13:22.047065+00:00,4.25917,64.40623,Indian Ocean,1.7815,9.239,229.51
2023-09-23T02:31:53.433025+00:00,10.75451,95.11494,Bay of Bengal,2.76,9.4494,252.49
2023-10-24T18:31:58.619140+00:00,10.87303,85.84874,Bay of Bengal,2.3459,7.8728,256.73
2023-06-15T09:12:19.402371+00:00,20.98129,98.05473,Bay of Bengal,2.0093,7.4665,245.98
2024-04-06T16:47:00.031881+00:00,15.35808,87.51217,Bay of Bengal,2.0888,7.349,175.36
2023-01-02T03:59:49.412289+00:00,-0.83869,66.36055,Indian Ocean,1.5282,8.6418,249.63
2024-03-17T21:12:20.903051+00:00,9.26323,69.35874,Arabian Sea,2.0757,9.169,184.19
2025-04-24T17:32:50.968851+00:00,5.15469,77.37069,Arabian Sea,2.1023,10.1766,143.87
2023-09-08T07:03:05.774314+00:00,2.36526,62.2686,Indian Ocean,1.7522,8.632,279.48
2023-09-07T14:11:16.099893+00:00,2.13391,79.79651,Indian Ocean,1.8783,8.8862,243.89
2024-12-08T19:42:35.724798+00:00,14.75468,90.4706,Bay of Bengal,1.0946,8.9479,234.41
2023-08-22T15:19:55.110113+00:00,17.30599,93.9455,Bay of Bengal,2.2935,8.3729,311.09
2024-05-06T16:22:21.904612+00:00,20.03879,63.10652,Arabian Sea,1.978,9.391,146.52
2023-08-13T20:50:32.324232+00:00,20.02189,90.18794,Bay of Bengal,2.0574,9.2951,279.07
2023-10-29T17:05:28.107376+00:00,23.87833,92.42303,Indian Ocean,2.1,10.1092,232.82
2024-05-12T14:17:11.538186+00:00,1.10146,82.60633,Indian Ocean,1.8656,8.2953,124.25
2024-12-31T17:18:33.078793+00:00,6.86427,85.18039,Bay of Bengal,1.8668,7.7118,205.2
2024-05-28T21:35:29.875176+00:00,3.55306,69.22951,Indian Ocean,1.928,9.2938,192.22
2025-05-05T15:04:41.959351+00:00,22.7983,94.06826,Indian Ocean,2.3238,10.2403,188.09
2023-01-06T21:03:21.176017+00:00,16.0584,86.57239,Bay of Bengal,1.7735,9.1796,187.68
2024-10-30T10:33:47.933669+00:00,10.36544,77.98813,Arabian Sea,2.6939,9.4621,280.81
2024-10-27T17:47:55.313378+00:00,13.01334,95.93257,Bay of Bengal,2.0769,9.792,229.56
2025-12-27T15:03:05.968703+00:00,-2.36549,70.22114,Indian Ocean,1.8283,10.2302,276.61
2024-04-05T10:33:31.145266+00:00,22.03581,85.88278,Indian Ocean,2.0,7.0324,172.53
2025-12-27T15:57:02.802470+00:00,10.08941,64.13392,Arabian Sea,2.1019,9.1066,249.13
2023-02-17T20:40:10.443252+00:00,3.14329,68.92799,Indian Ocean,1.6722,9.2998,190.19
2025-08-21T02:28:21.182872+00:00,22.55278,69.92612,Arabian Sea,1.8233,7.6494,261.23
2023-04-30T01:32:03.533153+00:00,10.40262,60.12442,Arabian Sea,2.6638,9.126,155.81
2023-03-21T04:09:08.412513+00:00,11.98489,80.44062,Bay of Bengal,1.79,7.6162,154.94
2024-03-04T17:17:00.505325+00:00,22.77437,62.59396,Arabian Sea,2.0088,8.3734,206.06
2023-02-23T07:50:19.553773+00:00,4.96914,71.79525,Indian Ocean,1.9113,9.8912,180.0
2024-04-18T23:56:38.383657+00:00,8.68994,74.32124,Arabian Sea,2.289,9.1694,192.93
2024-05-28T00:14:33.361688+00:00,-4.32604,62.60576,Indian Ocean,1.9406,8.1067,132.14
2025-12-18T17:58:44.725957+00:00,19.92048,85.04517,Bay of Bengal,1.591,8.5747,214.32
2023-08-10T12:12:58.561030+00:00,8.75985,63.29242,Arabian Sea,1.8583,8.3185,196.56
2024-08-29T23:13:23.558628+00:00,8.90797,72.70128,Arabian Sea,2.5814,10.9908,245.42
2023-07-10T21:57:02.789556+00:00,10.81174,84.1255,Bay of Bengal,1.6882,7.471,267.04
2025-07-18T22:15:01.762932+00:00,22.17183,93.12926,Indian Ocean,1.676,9.1511,248.9
2024-12-28T02:27:17.135880+00:00,-1.28074,83.08751,Indian Ocean,1.5152,7.3152,159.6
2024-10-23T20:57:55.258464+00:00,7.00452,91.48398,Bay of Bengal,2.1412,8.2764,272.27
2024-05-19T07:50:06.104902+00:00,11.18925,98.90203,Bay of Bengal,2.1162,10.8651,230.19
2025-06-28T07:29:26.255144+00:00,1.33328,92.46748,Andaman Sea,1.334,6.8734,230.23
2025-04-03T00:02:54.057897+00:00,20.65002,96.1007,Bay of Bengal,2.5125,10.6321,194.81
2023-12-31T02:57:43.804272+00:00,6.21192,73.44891,Arabian Sea,1.8726,7.6509,235.28
2023-11-11T03:40:08.229066+00:00,8.18689,87.95238,Bay of Bengal,2.0077,7.7869,236.59
2023-05-24T11:38:24.817942+00:00,-3.06446,62.63191,Indian Ocean,1.4767,8.7581,163.58
2023-12-18T01:26:04.332300+00:00,19.47065,83.2744,Bay of Bengal,2.2281,8.1883,231.26
2024-05-01T23:11:28.016402+00:00,-3.82212,96.26864,Indian Ocean,1.6461,9.4336,184.19
2024-01-21T12:29:37.951336+00:00,6.83827,95.74116,Bay of Bengal,1.9883,9.4974,120.28
2025-08-11T14:22:19.638977+00:00,13.79825,90.37248,Bay of Bengal,1.984,8.0458,282.36
2023-07-14T08:11:10.852431+00:00,20.90134,82.23991,Bay of Bengal,1.7876,7.7261,233.27
2025-07-05T01:25:15.526637+00:00,22.80343,73.2986,Arabian Sea,1.5447,8.1484,221.88
2024-08-15T15:48:34.728897+00:00,7.25291,94.42689,Bay of Bengal,2.027,8.7558,226.96
2024-12-07T06:35:55.696101+00:00,5.24551,74.80076,Arabian Sea,1.8158,8.7441,257.04
2023-04-28T21:35:59.390493+00:00,1.02807,71.69328,Indian Ocean,1.8316,10.2617,189.3
2023-07-28T11:55:21.387948+00:00,13.97288,83.15096,Bay of Bengal,1.5424,10.1441,280.65
2023-12-05T14:42:14.464147+00:00,-0.53295,74.57122,Indian Ocean,2.1285,8.0703,272.88
2024-09-08T09:36:35.891622+00:00,9.11801,84.18548,Bay of Bengal,1.5912,9.5256,266.44
2025-09-24T01:30:19.389667+00:00,3.54708,99.93938,Andaman Sea,2.1263,9.7336,263.94
2024-08-30T18:57:47.128400+00:00,6.03718,88.1786,Bay of Bengal,2.5149,8.8751,250.37
2024-09-02T09:50:18.772755+00:00,23.52762,96.1552,Indian Ocean,1.621,8.364,298.47
2023-07-03T07:28:43.565860+00:00,4.20461,87.05269,Indian Ocean,1.1916,8.1552,239.71
2023-11-01T08:44:42.546125+00:00,-2.41415,97.08426,Indian Ocean,2.2265,8.4385,212.02
2023-10-20T19:18:24.090913+00:00,17.36955,94.51253,Bay of Bengal,2.0223,8.6993,251.72
2023-06-08T20:11:36.980838+00:00,21.13788,63.64996,Arabian Sea,1.8851,7.8049,174.69
2023-12-07T22:41:13.734186+00:00,-4.55133,67.33896,Indian Ocean,1.0782,8.3225,263.38
2025-01-23T03:31:49.546161+00:00,10.86526,67.58053,Arabian Sea,1.9708,9.5389,216.35
2025-11-02T12:39:06.186114+00:00,6.66037,71.81376,Arabian Sea,2.438,9.3684,281.71
2024-05-10T19:10:54.515736+00:00,10.60473,79.73311,Bay of Bengal,1.7508,9.3438,190.51
2023-01-31T16:09:12.858098+00:00,14.41234,84.37882,Bay of Bengal,1.9683,8.62,210.94
2024-02-24T17:47:21.666903+00:00,0.57735,96.88463,Andaman Sea,2.1881,8.2285,155.18
2023-08-28T14:41:09.337283+00:00,1.71034,64.75432,Indian Ocean,2.0846,7.9054,236.69
2025-02-05T02:29:29.822270+00:00,1.87977,76.95114,Indian Ocean,1.4704,7.9956,150.28
2023-12-22T18:03:41.122257+00:00,12.66793,79.41252,Bay of Bengal,1.6304,7.8263,235.95
2023-07-17T15:57:09.508161+00:00,14.73769,89.3854,Bay of Bengal,1.82,8.8897,263.58
2023-09-13T05:57:58.598274+00:00,3.50895,70.51534,Indian Ocean,1.9466,8.0736,276.86
2025-02-23T19:15:14.952305+00:00,16.98699,72.69972,Arabian Sea,2.7128,8.7499,192.03
2023-02-22T07:30:32.639679+00:00,22.66643,76.60289,Arabian Sea,2.2042,9.1761,157.91
2023-06-18T11:17:08.900832+00:00,8.53662,65.71027,Arabian Sea,1.9374,9.4332,190.06
2023-09-25T10:51:37.399088+00:00,3.30095,75.13439,Indian Ocean,2.1483,10.1588,249.51
2025-01-14T14:48:22.637261+00:00,19.65386,92.81004,Bay of Bengal,1.3885,7.074,179.17
2023-01-23T05:19:33.940833+00:00,23.40427,94.9429,Indian Ocean,1.6552,9.0081,184.27
2023-10-22T03:36:54.771387+00:00,14.80836,85.0454,Bay of Bengal,2.0188,8.5612,253.23
2023-04-06T16:30:44.087546+00:00,5.16614,92.43303,Bay of Bengal,2.1436,9.9751,158.28
2025-03-11T01:34:31.056444+00:00,9.37059,85.99581,Bay of Bengal,2.0944,8.5015,170.29
2025-05-14T13:28:50.987947+00:00,11.97753,87.60605,Bay of Bengal,2.0434,9.4124,211.8
2023-10-14T08:36:52.548681+00:00,-4.92088,61.71161,Indian Ocean,2.1124,8.7652,269.44
2023-05-18T19:04:03.193443+00:00,-1.69664,82.81449,Indian Ocean,1.2382,9.7123,176.64
2023-05-13T17:05:41.391141+00:00,10.79679,64.31229,Arabian Sea,1.6711,8.1469,173.39
2025-05-16T10:38:07.712133+00:00,8.23476,80.48178,Bay of Bengal,1.9349,8.1591,161.38
2024-09-23T13:34:15.692758+00:00,11.15245,88.90275,Bay of Bengal,1.5347,9.2821,276.16
2025-08-22T12:22:52.493408+00:00,-1.84668,75.8013,Indian Ocean,2.0575,8.58,248.72
2024-02-06T15:34:18.962921+00:00,12.62305,86.6592,Bay of Bengal,2.3035,8.966,163.8
2023-02-08T17:59:21.880912+00:00,3.05729,89.82521,Indian Ocean,1.7503,8.0805,182.6
2024-01-10T03:53:56.038756+00:00,20.35593,96.76452,Bay of Bengal,1.4999,9.6314,183.98
2023-04-23T11:09:48.479084+00:00,8.11612,81.8505,Bay of Bengal,2.2296,9.3092,153.28
2025-02-26T21:32:46.898538+00:00,3.18383,71.17819,Indian Ocean,2.1295,8.4204,190.64
2024-12-08T00:59:13.681690+00:00,7.48485,93.76081,Bay of Bengal,2.0687,6.7349,231.32
2023-08-21T10:17:45.880038+00:00,10.1545,61.61036,Arabian Sea,2.1128,9.0786,227.91
2023-08-05T21:05:21.272595+00:00,2.33553,67.55277,Indian Ocean,1.6811,9.2959,265.91
2025-10-14T02:50:57.152229+00:00,20.945,81.02324,Bay of Bengal,2.5916,9.9096,295.04
2025-08-18T16:09:47.578004+00:00,16.94452,78.07714,Bay of Bengal,2.1218,8.5111,232.13
2024-06-23T13:13:19.235190+00:00,9.58585,82.22941,Bay of Bengal,1.6023,8.8546,252.1
2023-04-07T13:19:51.777441+00:00,-1.36027,82.35034,Indian Ocean,1.7889,8.0677,194.53
2025-05-25T08:52:22.506808+00:00,-4.1191,71.37481,Indian Ocean,1.4194,8.8888,145.11
2024-03-23T15:22:25.966898+00:00,10.31524,96.84212,Bay of Bengal,2.42,9.506,188.94
2025-08-12T21:10:09.804596+00:00,23.79116,64.43835,Arabian Sea,2.4823,10.1769,188.81
2023-06-07T07:59:03.020083+00:00,2.58565,90.09786,Andaman Sea,1.3043,8.5152,218.0
2025-08-29T21:50:15.548901+00:00,23.66301,98.68435,Indian Ocean,2.3311,8.1384,262.62
2025-05-23T23:40:09.651525+00:00,8.7247,70.28725,Arabian Sea,2.2069,7.7602,187.16
2023-10-30T21:56:49.957245+00:00,-4.92053,68.25889,Indian Ocean,1.8892,9.6646,285.77
2025-11-10T16:43:01.469686+00:00,-3.23504,79.50219,Indian Ocean,2.2238,9.4565,257.04
2025-02-19T22:52:15.118488+00:00,3.25838,83.20425,Indian Ocean,1.6739,7.4683,118.54
2023-12-17T23:30:00.458011+00:00,8.78581,68.33276,Arabian Sea,1.5076,8.2173,265.98
2023-06-13T08:15:38.809444+00:00,9.08384,84.45156,Bay of Bengal,1.8196,9.3742,211.66
2024-11-11T23:06:09.097079+00:00,8.67959,94.76463,Bay of Bengal,2.0988,9.0469,234.62
2023-05-19T22:13:07.899447+00:00,21.53743,95.36348,Bay of Bengal,2.5185,9.5298,208.8
2024-12-01T03:20:07.991820+00:00,4.81574,98.78763,Andaman Sea,1.5041,8.1237,217.8
2024-01-05T13:34:37.232563+00:00,1.97042,84.04915,Indian Ocean,1.5767,8.5894,201.25
2025-03-08T08:43:18.495243+00:00,-4.61697,60.48843,Indian Ocean,1.702,8.4052,187.2
2024-08-13T01:55:58.379604+00:00,15.11261,75.60806,Arabian Sea,1.6163,9.1388,239.37
2023-06-08T10:10:04.804359+00:00,-2.83893,66.72325,Indian Ocean,1.6267,8.7298,208.14
2023-11-28T12:59:42.464048+00:00,8.86892,81.12302,Bay of Bengal,1.7746,7.7099,248.29
2025-08-17T14:48:10.200124+00:00,-1.09718,92.67425,Andaman Sea,1.4238,8.4266,271.9
2025-05-28T22:56:57.500823+00:00,11.66833,66.46688,Arabian Sea,1.7987,7.3964,174.29
2023-04-03T10:20:44.291448+00:00,5.14262,84.7921,Bay of Bengal,2.5036,10.0253,174.2
2023-07-27T13:32:50.822298+00:00,11.89435,74.62761,Arabian Sea,1.8765,9.0176,240.89
2024-06-14T15:40:47.401131+00:00,4.64878,87.27548,Indian Ocean,2.0945,10.936,242.14
2024-03-04T01:01:18.927203+00:00,21.91204,87.70244,Bay of Bengal,2.2738,10.2481,189.09
2024-12-09T00:53:49.214697+00:00,20.59212,76.82943,Arabian Sea,1.6006,9.269,203.75
2024-05-15T14:57:47.458773+00:00,14.87513,79.50916,Bay of Bengal,2.1896,9.2498,172.68
2024-09-25T09:26:34.066604+00:00,11.4646,61.49338,Arabian Sea,2.4802,9.2687,278.0
2024-11-23T14:31:19.262250+00:00,-1.34428,72.1661,Indian Ocean,1.5832,8.9688,276.57
2025-10-16T04:25:34.380980+00:00,22.04419,68.90747,Arabian Sea,2.4818,9.6087,253.08
2024-06-05T19:28:33.215447+00:00,-0.81591,92.37358,Andaman Sea,2.1649,8.4888,228.46
2025-11-04T23:19:22.357373+00:00,21.03546,90.28452,Bay of Bengal,1.998,7.4865,267.11
2023-09-03T05:21:16.971989+00:00,8.96151,96.30947,Bay of Bengal,1.8741,8.6348,270.91
2025-04-01T03:27:35.908377+00:00,12.54222,85.67871,Bay of Bengal,1.7118,8.6784,157.53
2024-08-12T01:04:59.007376+00:00,7.92621,80.63156,Bay of Bengal,1.7705,8.1477,247.79
2023-10-03T21:54:12.859105+00:00,5.12425,85.13509,Bay of Bengal,2.358,9.0797,233.82
2024-02-08T00:26:48.608759+00:00,12.12398,70.11463,Arabian Sea,1.8815,9.3393,199.64
2024-08-30T21:37:45.566866+00:00,23.54682,88.96578,Indian Ocean,1.7242,8.0896,251.43
2023-06-18T21:40:09.358041+00:00,16.62787,78.03976,Bay of Bengal,1.1632,7.8282,190.09
2023-11-18T10:00:58.621372+00:00,19.18309,81.24981,Bay of Bengal,2.6923,9.487,240.87
2025-05-10T23:49:07.494104+00:00,3.23521,80.7139,Indian Ocean,1.5589,7.506,188.47
2023-02-08T09:14:01.918272+00:00,-3.07514,72.42933,Indian Ocean,1.797,7.4234,233.92
2025-01-26T04:19:45.390938+00:00,13.52806,86.13683,Bay of Bengal,1.7602,8.4435,195.76
2023-10-24T22:54:28.413787+00:00,17.44729,75.83213,Arabian Sea,2.2679,10.0208,248.7
2025-08-13T11:58:03.225213+00:00,4.61703,83.55365,Indian Ocean,1.9223,9.9889,283.03
2023-01-04T00:08:41.100216+00:00,-4.01278,90.64021,Indian Ocean,1.5185,8.353,164.89
2025-03-11T04:37:22.569081+00:00,18.85447,85.66985,Bay of Bengal,1.8787,8.1026,185.43
2023-09-21T02:21:43.241041+00:00,23.79696,97.56535,Indian Ocean,2.1301,9.1387,277.77
2025-05-02T14:31:45.396303+00:00,15.43422,65.43938,Arabian Sea,2.0458,8.368,153.64
2025-01-27T12:49:29.223350+00:00,9.57758,62.79528,Arabian Sea,1.2821,7.0748,224.15
2024-02-03T04:38:47.591295+00:00,23.98698,90.46796,Indian Ocean,2.0502,8.3193,165.97
2024-03-07T13:12:20.143412+00:00,23.46308,71.88069,Arabian Sea,2.2481,8.931,174.05
2023-08-21T18:26:21.885852+00:00,-2.07771,75.57366,Indian Ocean,1.3926,8.7204,276.47
2025-04-25T00:18:23.502723+00:00,-3.28107,86.54508,Indian Ocean,1.8623,8.9653,210.57
2024-08-11T16:30:17.278411+00:00,3.16861,63.04896,Indian Ocean,1.555,7.4285,234.39
2023-04-09T02:58:04.257765+00:00,21.34271,67.87779,Arabian Sea,2.382,8.6382,170.73
2023-01-01T21:53:56.440068+00:00,1.50051,77.39346,Indian Ocean,1.5194,8.0187,210.01
2023-04-24T15:14:29.350657+00:00,8.52943,78.36296,Bay of Bengal,2.3975,8.8233,126.59
2024-05-27T06:41:48.541058+00:00,18.34978,83.2075,Bay of Bengal,2.0456,8.7347,196.94
2023-07-03T09:56:15.704391+00:00,20.66409,92.55931,Bay of Bengal,1.2862,7.5387,265.29
2025-06-21T05:04:39.710534+00:00,19.31447,98.70024,Bay of Bengal,1.2037,9.1458,247.08
2024-05-08T09:32:28.950110+00:00,-4.96643,77.24184,Indian Ocean,1.9977,8.3479,185.15
2024-11-23T07:16:25.323128+00:00,-1.5203,91.80672,Andaman Sea,1.8993,9.995,252.23
2023-06-17T23:03:53.380784+00:00,17.08293,84.62391,Bay of Bengal,1.69,8.6999,250.53
2024-07-25T01:19:40.670984+00:00,22.69244,97.36673,Indian Ocean,1.2819,8.054,265.45
2025-04-17T02:16:47.825720+00:00,9.60103,86.50974,Bay of Bengal,2.4633,8.5652,151.21
2023-10-12T10:06:02.466751+00:00,22.67874,63.05545,Arabian Sea,2.7259,10.2324,223.49
2024-06-25T20:13:47.112776+00:00,13.54656,99.9539,Bay of Bengal,1.465,7.6462,257.23
2024-01-08T13:00:07.401110+00:00,20.6224,75.41803,Arabian Sea,1.5041,10.1907,202.25
2024-03-18T02:36:49.373030+00:00,2.64434,83.2741,Indian Ocean,2.4511,10.0754,180.13
2023-08-15T17:27:28.445757+00:00,0.19578,97.19876,Andaman Sea,1.46,7.1982,289.77
2023-01-26T13:42:58.628391+00:00,12.80515,96.68168,Bay of Bengal,1.7973,7.4815,181.27
2025-04-27T07:41:47.200463+00:00,23.65131,75.79117,Arabian Sea,2.5083,9.8181,151.99
2024-07-04T22:53:04.359947+00:00,-1.90136,67.50899,Indian Ocean,1.3042,6.8992,209.01
2023-11-01T12:11:23.799178+00:00,8.50825,80.14799,Bay of Bengal,1.8341,8.2894,270.13
2023-11-12T04:28:38.353560+00:00,-0.04585,63.38289,Indian Ocean,2.1087,9.3401,257.31
2024-11-21T23:53:23.393495+00:00,0.413,62.19293,Indian Ocean,2.3087,9.3412,262.9
2025-03-07T08:58:18.709993+00:00,11.65937,96.58024,Bay of Bengal,2.0326,9.6362,183.61
2023-09-25T21:02:18.135701+00:00,13.84984,67.78753,Arabian Sea,2.4558,9.0525,285.78
2025-03-07T10:20:48.537369+00:00,15.24521,80.97023,Bay of Bengal,1.9024,8.6523,194.25
2024-09-22T18:12:01.903894+00:00,3.71673,93.86203,Andaman Sea,2.0242,9.0738,317.54
2024-04-26T11:38:54.201450+00:00,2.00658,72.78132,Indian Ocean,1.6123,7.2704,160.78
2025-12-09T19:18:25.392597+00:00,20.82491,84.37573,Bay of Bengal,1.4417,8.0127,264.34
2025-11-25T20:55:25.318829+00:00,12.63982,85.43376,Bay of Bengal,2.0194,8.3879,271.16
2025-10-15T21:48:51.118770+00:00,10.55907,60.06109,Arabian Sea,2.4299,9.5122,232.88
2025-03-04T02:00:15.071392+00:00,18.90527,88.45468,Bay of Bengal,1.8341,7.5963,153.27
2023-09-28T04:59:20.591224+00:00,14.77236,71.45995,Arabian Sea,2.4805,9.9122,246.49
2025-08-06T04:20:54.866783+00:00,15.9395,62.15112,Arabian Sea,1.7228,7.5466,229.17
2025-04-18T13:41:59.063510+00:00,14.83497,88.46478,Bay of Bengal,1.9066,9.4201,185.79
2023-11-16T20:51:13.212437+00:00,14.64216,72.70117,Arabian Sea,2.2834,9.3218,268.6
2024-06-15T07:12:23.675225+00:00,-1.83013,64.61123,Indian Ocean,1.1364,8.866,164.6
2024-11-30T16:42:47.910998+00:00,19.2509,78.53314,Bay of Bengal,1.556,7.1482,257.68
2024-09-06T06:52:42.925511+00:00,15.67385,87.31073,Bay of Bengal,2.3217,9.0051,281.16
2024-01-24T21:42:52.303252+00:00,20.80401,99.74073,Bay of Bengal,1.2616,7.4744,157.95
2024-10-15T01:29:31.838620+00:00,-2.14048,73.70615,Indian Ocean,1.6409,7.795,246.79
2025-01-15T19:56:11.276276+00:00,22.95998,66.6834,Arabian Sea,2.087,8.7127,227.42
2025-10-01T14:00:28.034063+00:00,-4.9145,98.81598,Indian Ocean,2.0087,8.5478,263.07
2023-04-03T09:10:50.288146+00:00,18.97423,85.09182,Bay of Bengal,2.8785,9.4833,133.42
2023-09-24T07:04:48.659020+00:00,0.9454,84.66782,Indian Ocean,2.1031,9.1514,267.21
2023-10-31T21:17:09.464785+00:00,13.25566,86.82521,Bay of Bengal,1.8037,8.4381,256.74
2024-03-27T20:23:44.703819+00:00,-0.79989,67.1238,Indian Ocean,2.1712,8.812,186.43
2023-09-20T05:35:25.604774+00:00,6.41484,76.5871,Arabian Sea,2.0789,6.9568,311.17
2025-04-12T10:57:29.948174+00:00,15.80789,80.94733,Bay of Bengal,2.5363,9.8983,192.24
2024-08-21T10:25:47.648441+00:00,16.07006,72.53251,Arabian Sea,2.4243,8.9224,263.39
2025-05-23T03:38:46.171800+00:00,23.28246,81.53921,Indian Ocean,1.9996,7.7593,199.72
2024-11-11T17:31:48.999731+00:00,19.57395,77.49759,Arabian Sea,2.484,9.0826,253.79
2024-01-11T07:06:14.561006+00:00,7.72522,94.01398,Bay of Bengal,1.4735,8.5495,152.99
2025-09-13T08:47:46.164966+00:00,0.64737,94.26119,Andaman Sea,2.1134,7.8533,269.26
2025-08-14T18:07:20.422560+00:00,7.08244,94.65901,Bay of Bengal,1.5937,8.7861,289.18
2023-12-25T21:48:30.428685+00:00,-0.61089,81.85699,Indian Ocean,1.7508,7.5235,233.26
2023-07-05T21:34:29.974332+00:00,9.25407,87.38837,Bay of Bengal,1.5055,8.0393,240.87
2023-12-25T16:12:44.787103+00:00,22.96706,67.51122,Arabian Sea,1.2337,8.5177,226.92
2023-08-19T14:10:01.786145+00:00,0.7859,65.34191,Indian Ocean,2.0788,7.6523,224.96
2023-12-05T13:13:45.207344+00:00,17.92457,73.21315,Arabian Sea,2.0574,8.6581,282.12
2024-01-15T01:02:32.296498+00:00,18.26405,89.50799,Bay of Bengal,1.5404,8.6585,197.88
2024-06-02T10:20:14.486370+00:00,10.99218,63.29475,Arabian Sea,1.846,8.3993,129.17
2023-12-02T08:50:06.264921+00:00,-2.15033,60.72281,Indian Ocean,1.6271,8.4344,271.17
2023-04-09T16:53:33.731365+00:00,4.06624,77.28605,Indian Ocean,2.008,10.2697,155.23
2025-04-09T18:54:39.218008+00:00,0.76241,63.76267,Indian Ocean,1.7312,8.6668,192.99
2025-04-02T08:36:18.806037+00:00,0.41445,74.64936,Indian Ocean,2.2912,8.9891,148.61
2024-01-21T00:10:05.466787+00:00,18.73016,71.15033,Arabian Sea,1.9371,8.8675,210.46
2024-06-22T04:51:50.736924+00:00,10.81433,63.18197,Arabian Sea,1.8082,8.4395,160.93
2023-06-10T22:06:43.736341+00:00,15.8128,91.18464,Bay of Bengal,1.0321,7.9884,215.29
2025-05-28T15:54:37.863557+00:00,0.49141,90.34846,Andaman Sea,1.5101,8.8925,213.43
2025-06-29T22:38:23.490971+00:00,-0.97502,92.65649,Andaman Sea,1.5938,8.9837,257.6
2023-05-04T19:00:09.290050+00:00,8.95328,65.3114,Arabian Sea,2.6413,9.7016,180.69
2024-05-04T05:42:02.924304+00:00,0.7933,64.70266,Indian Ocean,2.4728,8.9972,164.82
2023-05-03T23:28:29.366788+00:00,3.45197,83.25234,Indian Ocean,2.3439,10.3417,176.13
2024-10-19T12:56:41.010027+00:00,18.22466,68.41394,Arabian Sea,2.3159,8.9616,259.67
2024-07-31T03:34:48.555598+00:00,17.13648,84.01405,Bay of Bengal,1.9083,8.2223,219.99
2023-12-28T05:58:35.221164+00:00,-1.6776,93.46313,Andaman Sea,1.6568,9.8863,167.12
2025-06-21T11:47:04.735526+00:00,7.56353,69.9306,Arabian Sea,2.052,8.9848,184.14
2024-08-20T19:23:54.385677+00:00,19.76533,87.54268,Bay of Bengal,1.6492,8.2337,279.18
2025-05-02T15:11:59.263230+00:00,8.03667,88.58874,Bay of Bengal,2.1329,7.265,195.51
2023-07-17T19:03:40.416576+00:00,1.18355,86.73942,Indian Ocean,1.1862,8.6298,274.38
2024-03-18T22:41:33.897839+00:00,19.51272,76.00068,Arabian Sea,2.4948,8.9727,140.25
2023-04-12T20:51:59.528069+00:00,-0.04797,73.26945,Indian Ocean,1.8566,8.1874,173.88
2023-04-12T11:19:29.762251+00:00,22.98869,84.57484,Indian Ocean,2.0975,9.4706,191.88
2025-08-01T06:27:18.737321+00:00,13.46593,84.93012,Bay of Bengal,1.7972,7.4526,247.44
2025-07-23T23:57:10.078192+00:00,5.0927,93.39672,Bay of Bengal,1.7063,8.3044,282.64
2025-03-06T15:54:22.689747+00:00,-3.16181,86.60802,Indian Ocean,2.1924,9.3928,178.25
2023-09-28T01:51:17.645806+00:00,-3.66615,82.30813,Indian Ocean,2.02,9.1835,254.37
2024-07-14T10:37:48.243646+00:00,6.58196,84.99984,Bay of Bengal,1.7229,6.9815,259.07
2024-02-22T06:42:17.628561+00:00,13.92188,73.20212,Arabian Sea,2.382,9.8061,168.46
2025-06-26T05:13:07.917182+00:00,14.23993,75.65777,Arabian Sea,1.8866,8.3832,202.03
2025-03-19T06:04:54.203904+00:00,17.56676,61.52425,Arabian Sea,2.3498,9.0263,197.04
2023-12-22T19:02:16.902390+00:00,9.28997,65.9377,Arabian Sea,1.4222,6.3806,246.26
2024-12-19T04:47:20.782083+00:00,-1.29939,72.55458,Indian Ocean,1.7574,9.3519,235.5
2025-12-31T07:03:44.979974+00:00,10.70905,80.27758,Bay of Bengal,1.5892,9.164,195.38
2023-12-17T06:37:48.251812+00:00,19.5062,71.49612,Arabian Sea,1.5205,9.2786,222.13
2024-03-06T07:47:22.997207+00:00,23.46907,91.23097,Indian Ocean,2.2711,9.6382,162.2
2023-08-12T04:52:10.392631+00:00,9.31095,79.55505,Bay of Bengal,2.0061,9.1583,250.66
2024-12-30T01:25:28.970151+00:00,19.00344,71.25387,Arabian Sea,1.3862,8.5962,237.14
2023-12-16T02:41:10.010109+00:00,-1.21408,77.51677,Indian Ocean,1.8936,8.6484,232.09
2025-08-08T07:07:31.959330+00:00,4.3118,97.65403,Andaman Sea,1.9531,9.5996,265.39
2023-09-17T10:55:42.444431+00:00,14.8907,98.66559,Bay of Bengal,2.2575,9.1403,264.58
2023-08-17T04:07:28.149366+00:00,-4.8349,80.67816,Indian Ocean,2.0831,10.0449,227.85
2024-10-11T03:50:38.779314+00:00,8.37914,68.22393,Arabian Sea,2.0244,7.6978,272.18
2023-06-19T19:44:08.065981+00:00,6.91957,82.07829,Bay of Bengal,1.9566,8.0807,212.15
2025-10-11T22:25:58.389666+00:00,17.48849,86.94271,Bay of Bengal,2.337,8.7863,257.8
2025-05-30T01:19:39.078106+00:00,21.69686,79.46904,Bay of Bengal,1.5291,9.0843,220.47
2025-06-24T00:12:21.329894+00:00,-4.36946,89.84173,Indian Ocean,1.3189,7.8277,226.75
2023-12-31T19:00:47.504971+00:00,1.40373,99.29682,Andaman Sea,0.9841,7.4252,203.49
2023-11-29T18:31:20.319814+00:00,-0.17288,61.84332,Indian Ocean,2.04,9.1538,249.08
2025-11-07T03:30:24.157030+00:00,16.21171,97.88078,Bay of Bengal,1.7733,10.8426,232.4
2025-01-15T08:56:23.957240+00:00,16.03166,87.09187,Bay of Bengal,1.1446,7.9157,181.68
2025-02-10T10:35:57.977386+00:00,7.83957,67.14931,Arabian Sea,1.6811,8.4572,194.86
2025-11-22T23:44:34.157619+00:00,19.88869,74.32677,Arabian Sea,2.3462,10.6495,255.91
2023-06-24T19:14:08.935609+00:00,3.31622,67.48437,Indian Ocean,2.0142,8.1403,180.6
2025-02-20T09:50:20.496493+00:00,13.15704,79.58461,Bay of Bengal,2.1587,9.1059,195.07
2024-10-17T21:10:41.382888+00:00,0.92484,76.02832,Indian Ocean,2.3028,9.5218,271.17
2023-01-26T10:05:05.347696+00:00,10.92872,69.96665,Arabian Sea,1.9009,7.8771,213.87
2025-04-07T23:10:32.509727+00:00,20.62653,92.77729,Bay of Bengal,2.2422,7.8628,176.1
2025-05-09T02:51:30.249808+00:00,-0.46626,89.40801,Indian Ocean,2.3973,8.2883,182.43
2023-12-22T06:52:33.176565+00:00,21.47642,64.06031,Arabian Sea,1.5062,8.4612,253.81
2024-06-24T02:21:26.228618+00:00,15.25256,92.1787,Bay of Bengal,1.9046,7.6287,244.32
2024-10-10T22:17:46.644904+00:00,16.78054,71.45574,Arabian Sea,2.5223,9.3775,260.99
2024-03-11T17:17:43.922852+00:00,2.94643,91.59242,Andaman Sea,1.86,8.813,158.24
2023-06-09T09:03:35.018901+00:00,10.0694,63.67243,Arabian Sea,2.162,7.7177,181.1
2023-04-08T01:29:34.379866+00:00,17.38469,98.96439,Bay of Bengal,2.1943,10.1824,180.42
2025-08-19T12:10:47.340235+00:00,21.93951,95.8603,Bay of Bengal,1.8815,9.7545,292.93
2025-08-10T23:20:39.314735+00:00,20.14652,87.13403,Bay of Bengal,1.957,8.9209,251.27
2023-07-18T13:11:33.097381+00:00,5.2552,63.01008,Arabian Sea,1.6426,7.4018,208.92
2025-05-22T02:36:29.065008+00:00,9.32006,96.68712,Bay of Bengal,1.8935,8.0645,185.96
2025-07-26T19:37:59.365552+00:00,14.08969,71.65491,Arabian Sea,1.6682,9.5266,222.67
2024-01-15T20:10:50.500435+00:00,22.73824,65.13183,Arabian Sea,1.7117,9.1898,235.7
2024-07-20T01:30:34.272430+00:00,19.11475,86.399,Bay of Bengal,1.6077,8.9258,278.36
2023-02-03T02:24:40.556216+00:00,23.91233,87.46522,Indian Ocean,1.6248,8.1401,167.54
2025-03-16T03:40:21.313835+00:00,19.8845,67.36033,Arabian Sea,2.1573,9.6533,164.11
2023-05-16T23:34:24.359882+00:00,5.91694,97.01479,Bay of Bengal,2.2057,10.7207,261.19
2024-05-21T17:52:13.115421+00:00,11.21048,72.56812,Arabian Sea,2.0187,8.1451,166.83
2023-06-18T00:29:28.838879+00:00,2.73648,77.64718,Indian Ocean,1.514,7.9256,191.15
2024-03-16T07:14:04.197688+00:00,-0.40556,96.63712,Andaman Sea,1.978,8.7033,170.82
2024-11-29T21:33:57.803187+00:00,16.85893,71.25273,Arabian Sea,2.5019,8.1267,271.59
2024-09-02T04:44:34.282411+00:00,10.01793,69.89986,Arabian Sea,2.4167,8.9155,271.64
2024-02-01T19:39:25.897174+00:00,6.84795,73.39165,Arabian Sea,1.9634,8.514,189.43
2024-11-11T15:50:38.064719+00:00,3.54706,89.93238,Indian Ocean,1.7163,8.9641,255.95
2025-09-13T01:13:39.537031+00:00,15.55237,77.30816,Arabian Sea,2.4003,9.3372,289.19
2025-03-16T13:04:34.312131+00:00,14.37783,82.93412,Bay of Bengal,2.3004,8.5253,156.32
2025-12-03T12:22:50.389229+00:00,13.12454,72.38448,Arabian Sea,1.561,8.6596,265.88
2023-11-02T15:52:32.787332+00:00,0.94715,92.68105,Andaman Sea,1.9846,7.0618,232.31
2023-03-24T01:50:58.874613+00:00,-0.26547,60.37215,Indian Ocean,2.2279,8.3992,189.93
2023-03-24T22:04:03.379666+00:00,16.04519,63.35083,Arabian Sea,2.5656,9.9605,167.39
2023-08-30T13:19:42.135273+00:00,-1.24054,99.97505,Andaman Sea,1.7101,7.2781,277.74
2023-03-12T12:19:13.094810+00:00,9.53721,88.27597,Bay of Bengal,2.4891,9.8103,133.49
2024-04-27T09:08:00.497272+00:00,5.21953,71.48583,Arabian Sea,2.1513,9.42,162.26
2023-08-16T06:35:47.461964+00:00,2.30446,84.24968,Indian Ocean,2.2158,8.7941,258.46
2025-06-26T09:00:07.355674+00:00,6.09795,61.42246,Arabian Sea,1.2448,7.1141,183.58
2023-05-19T10:36:07.906131+00:00,-3.63868,70.36982,Indian Ocean,2.1722,8.7746,178.54
2023-06-29T05:55:19.046513+00:00,18.33647,82.83047,Bay of Bengal,1.4055,8.1152,215.19
2023-09-10T05:37:23.528824+00:00,3.71212,92.55909,Andaman Sea,2.2578,10.02,234.9
2025-01-11T06:52:16.891257+00:00,4.19641,83.05568,Indian Ocean,1.7608,7.9749,173.51
2025-02-12T00:58:12.371356+00:00,22.17601,66.23946,Arabian Sea,2.1495,10.2025,209.29
2024-03-26T04:47:54.779881+00:00,17.59693,80.8381,Bay of Bengal,2.271,9.2763,166.7
2023-12-14T06:54:46.293414+00:00,-0.58089,80.87177,Indian Ocean,1.2033,7.6611,230.61
2024-10-28T19:20:31.154587+00:00,12.59028,84.14813,Bay of Bengal,2.228,10.7416,228.21
2023-07-14T06:45:47.301453+00:00,7.55155,94.70174,Bay of Bengal,1.439,8.3569,296.06
2024-12-29T04:00:30.700063+00:00,1.73184,93.81093,Andaman Sea,1.4573,7.1184,165.57
2025-09-16T09:14:05.594945+00:00,1.82494,77.07183,Indian Ocean,2.0711,10.4436,263.22
2024-08-25T07:17:54.595910+00:00,6.87948,76.43462,Arabian Sea,2.0667,9.5124,251.09
2025-06-16T13:56:10.624006+00:00,15.56399,91.69147,Bay of Bengal,1.5477,8.5323,215.21
2023-09-26T00:04:36.556034+00:00,6.25723,71.03737,Arabian Sea,2.0824,8.5293,290.24
2023-12-30T13:14:33.435384+00:00,7.29315,79.35291,Bay of Bengal,1.3957,8.6371,222.25
2023-08-23T08:29:32.879548+00:00,9.36009,76.4464,Arabian Sea,1.9765,7.4834,268.68
2025-10-22T02:27:07.078618+00:00,1.47217,92.52531,Andaman Sea,2.228,8.6249,248.04
2024-01-29T19:06:10.395871+00:00,7.25842,90.93359,Bay of Bengal,1.7406,7.4801,174.63
2025-02-15T10:02:27.751508+00:00,20.11268,94.04075,Bay of Bengal,1.975,8.4534,149.97
2023-06-17T23:21:39.678629+00:00,7.07408,65.73258,Arabian Sea,1.7902,8.1102,203.17
2023-11-14T06:55:14.811072+00:00,20.20073,94.50421,Bay of Bengal,1.8132,7.6596,226.85
2024-06-18T09:23:08.575087+00:00,-3.36241,99.89095,Indian Ocean,1.4803,8.4648,250.7
2025-06-10T03:33:10.339629+00:00,22.24544,69.59881,Arabian Sea,2.0453,9.8584,196.17
2025-06-17T06:10:08.997663+00:00,-0.13943,78.86345,Indian Ocean,2.0102,7.6905,227.38
2025-10-13T03:11:50.822738+00:00,10.35045,96.92931,Bay of Bengal,2.2701,10.2138,255.61
2024-07-16T07:58:57.740995+00:00,-0.08249,95.97223,Andaman Sea,1.6977,7.8703,237.58
2023-11-20T05:04:50.099210+00:00,8.92681,82.59244,Bay of Bengal,2.4669,10.2172,234.6
2024-08-26T09:04:16.465649+00:00,5.89969,87.52786,Bay of Bengal,2.2152,9.2299,266.11
2023-11-06T04:15:30.541748+00:00,3.11553,78.10403,Indian Ocean,2.4011,9.5411,287.79
2025-05-07T04:35:03.680361+00:00,12.47018,89.46567,Bay of Bengal,1.5444,9.981,168.92
2024-10-26T23:20:08.679504+00:00,0.24281,63.42198,Indian Ocean,2.2248,9.4793,240.31
2024-04-15T13:25:43.646662+00:00,5.73762,87.44857,Bay of Bengal,1.9629,7.8879,193.19
2025-05-16T08:17:54.244284+00:00,19.72586,83.58918,Bay of Bengal,1.8793,8.647,169.92
2023-09-01T18:51:03.536670+00:00,10.94822,61.28792,Arabian Sea,2.3331,7.7425,269.18
2024-12-27T05:11:41.815482+00:00,4.92084,77.16554,Indian Ocean,1.0947,7.3482,251.4
2023-10-09T00:25:41.574281+00:00,8.30966,62.94759,Arabian Sea,2.5936,7.9986,261.0
2023-06-24T13:57:12.516834+00:00,20.14949,89.33889,Bay of Bengal,1.0754,7.6227,232.1
2024-05-14T12:08:31.618049+00:00,22.07565,85.44283,Indian Ocean,1.3841,7.8948,170.04
2024-06-05T05:19:58.707785+00:00,13.12894,90.64102,Bay of Bengal,1.8937,8.0939,221.58
2024-04-15T04:25:46.679152+00:00,7.44391,92.75556,Bay of Bengal,1.887,9.1535,212.76
2025-03-28T08:18:12.171999+00:00,14.23576,66.71882,Arabian Sea,2.2185,9.0148,138.68
2023-04-23T13:03:18.818778+00:00,-3.91303,73.47528,Indian Ocean,2.0789,8.7113,136.29
2023-03-11T16:17:51.819299+00:00,5.50407,87.88785,Bay of Bengal,1.8825,8.0719,181.99
2023-11-14T21:16:49.925952+00:00,-3.8055,77.28483,Indian Ocean,1.5305,7.9904,249.41
2025-03-21T02:49:36.878816+00:00,-4.5219,92.56669,Indian Ocean,1.856,9.324,181.3
2025-10-15T22:03:54.790691+00:00,14.25532,65.13792,Arabian Sea,1.9222,8.6678,250.84
2024-12-18T18:49:47.091513+00:00,2.96275,99.34518,Andaman Sea,1.3634,8.7304,201.34
2023-03-30T17:33:45.272455+00:00,21.23697,70.19129,Arabian Sea,2.6143,9.2508,189.4
2023-05-04T20:53:23.277747+00:00,19.84119,74.00101,Arabian Sea,1.9174,9.2377,176.74
2025-04-07T03:30:02.521016+00:00,7.81764,89.26081,Bay of Bengal,2.6823,10.1791,153.52
2025-05-18T03:04:09.295314+00:00,5.93971,77.60467,Arabian Sea,1.7827,7.3803,188.97
2024-05-16T10:08:36.570206+00:00,4.61749,88.38998,Indian Ocean,1.8389,8.6961,200.11
2024-07-06T19:06:22.853545+00:00,17.08946,74.62519,Arabian Sea,1.8336,8.9633,229.59
2023-03-04T05:31:22.182367+00:00,23.24794,75.81052,Arabian Sea,2.2646,9.1215,167.84
2024-01-28T11:40:10.570122+00:00,15.53496,81.48952,Bay of Bengal,1.6779,7.9567,186.05
2025-09-10T13:43:11.259381+00:00,6.95802,73.87198,Arabian Sea,2.3109,10.2481,217.54
2023-08-18T11:04:37.372318+00:00,19.41582,61.79184,Arabian Sea,2.4215,9.7182,236.92
2024-05-18T13:17:23.966229+00:00,19.61108,74.46345,Arabian Sea,2.4828,9.7141,179.26
2025-05-24T02:01:56.538690+00:00,-3.60904,80.46466,Indian Ocean,2.0897,7.3948,197.75
2024-05-16T06:25:56.467223+00:00,7.21977,69.30963,Arabian Sea,1.6045,8.0111,146.99
2023-03-04T10:58:06.013675+00:00,20.26878,90.54264,Bay of Bengal,1.5897,7.4986,144.56
2023-08-06T14:37:34.161429+00:00,2.68455,82.43849,Indian Ocean,1.6066,8.4149,278.8
2025-07-08T09:37:47.242574+00:00,16.68325,92.2485,Bay of Bengal,1.9787,8.3651,278.48
2025-06-26T01:23:01.069891+00:00,13.53592,96.0213,Bay of Bengal,1.4809,8.3259,293.9
2025-10-16T05:18:47.402415+00:00,10.67496,86.30441,Bay of Bengal,1.7635,8.3092,277.69
2025-10-16T12:54:26.586012+00:00,11.71054,62.54494,Arabian Sea,2.1277,9.0166,294.57
2024-12-06T07:36:34.546884+00:00,15.65027,93.26284,Bay of Bengal,1.7491,7.1347,193.83
2024-08-02T05:56:43.128409+00:00,2.58584,72.19178,Indian Ocean,1.9382,9.1499,251.86
2025-10-11T04:06:40.658719+00:00,1.69193,83.59485,Indian Ocean,1.924,8.1969,289.77
2024-02-18T23:57:39.060486+00:00,15.3058,70.51548,Arabian Sea,2.2144,9.3427,202.07
2025-11-19T10:46:31.628215+00:00,11.67229,70.0862,Arabian Sea,2.0069,7.2623,286.96
2024-12-22T09:21:59.507949+00:00,17.59119,89.58388,Bay of Bengal,1.5746,9.3496,183.99
2025-01-27T15:42:54.383201+00:00,-1.65671,97.50152,Andaman Sea,1.9397,9.3466,141.21
2023-06-03T14:45:54.610184+00:00,-0.45945,64.88575,Indian Ocean,1.7639,8.8694,154.97
2025-07-24T13:00:25.146628+00:00,10.91934,98.86529,Bay of Bengal,2.1716,8.9083,281.32
2024-02-05T09:15:48.497507+00:00,7.27189,95.61106,Bay of Bengal,2.0205,8.3556,181.55
2025-12-28T08:13:50.355407+00:00,5.57015,97.83605,Bay of Bengal,1.3046,8.2653,166.75
2024-06-19T15:09:13.987031+00:00,18.47446,81.30183,Bay of Bengal,1.8076,8.6262,191.81
2024-03-01T15:45:55.232930+00:00,12.33273,62.14829,Arabian Sea,2.4149,9.3201,211.79
2025-06-14T22:05:40.576864+00:00,18.57575,75.85806,Arabian Sea,2.0912,8.3186,201.25
2025-12-16T20:06:24.771032+00:00,10.82316,96.91035,Bay of Bengal,1.9202,7.3719,195.62
2023-07-05T16:25:09.115665+00:00,21.46731,61.51482,Arabian Sea,1.3996,8.1771,214.24
2025-01-05T18:08:27.220065+00:00,22.89367,96.74559,Indian Ocean,1.3115,6.742,162.58
2023-12-22T11:35:05.702843+00:00,-4.38235,89.47719,Indian Ocean,1.5422,7.8368,165.88
2023-07-07T13:18:56.165731+00:00,2.55114,61.47873,Indian Ocean,1.3837,8.4856,182.97
2023-11-26T21:53:10.558292+00:00,7.50655,63.76373,Arabian Sea,1.8112,8.639,274.52
2025-11-05T08:14:25.706723+00:00,4.2701,61.6594,Indian Ocean,2.152,8.4401,295.03
2024-02-08T20:12:54.827725+00:00,10.11136,73.2088,Arabian Sea,2.3733,9.6955,171.17
2024-01-07T05:47:54.164413+00:00,3.71793,79.08849,Indian Ocean,1.2088,8.5564,208.15
2024-09-15T03:21:49.679798+00:00,1.58671,93.2441,Andaman Sea,2.072,8.8061,273.41
2024-04-15T00:36:35.803969+00:00,8.17903,78.64515,Bay of Bengal,2.1922,8.5252,152.86
2023-05-15T08:46:10.897705+00:00,13.59645,76.4783,Arabian Sea,2.398,10.1937,180.52
2023-04-01T11:48:36.755496+00:00,-0.52552,72.26456,Indian Ocean,1.76,7.6574,159.76
2024-07-19T02:43:39.001198+00:00,11.35448,89.96593,Bay of Bengal,1.5517,9.0606,213.88
2024-05-21T15:12:13.106939+00:00,23.62983,94.43646,Indian Ocean,2.238,8.7725,193.54
2023-04-02T23:46:06.677859+00:00,6.64175,98.9025,Bay of Bengal,2.5264,8.5883,195.51
2023-09-29T20:19:51.529392+00:00,9.52442,71.85456,Arabian Sea,2.5114,10.69,280.77
2024-02-21T18:58:02.466935+00:00,0.67231,64.27527,Indian Ocean,2.0908,10.6277,205.98
2023-08-03T03:06:12.298279+00:00,15.24606,74.91961,Arabian Sea,2.1723,8.9466,245.2
2025-11-13T07:11:17.488252+00:00,6.97272,98.54468,Bay of Bengal,2.5559,8.9374,230.59
2024-10-23T13:27:34.355887+00:00,13.2839,94.0477,Bay of Bengal,2.1275,8.9253,276.1
2024-02-16T08:42:30.839297+00:00,12.66172,95.67317,Bay of Bengal,1.963,8.6608,171.33
2025-05-04T05:46:53.842243+00:00,8.87425,99.32548,Bay of Bengal,2.4119,7.7572,205.04
2025-06-25T14:28:23.910329+00:00,20.99927,60.73299,Arabian Sea,1.5209,8.0757,164.09
2025-03-29T10:04:41.830099+00:00,8.737,77.99863,Arabian Sea,2.1102,7.4688,181.39
2023-11-24T17:29:38.081461+00:00,7.27474,73.69997,Arabian Sea,2.2566,9.9655,251.94
2025-08-21T13:33:30.453467+00:00,21.16528,87.88691,Bay of Bengal,1.6253,6.3795,259.83
2025-04-22T18:30:53.895356+00:00,-1.37528,60.69643,Indian Ocean,1.6046,8.2636,194.86
2025-06-04T12:47:27.656027+00:00,-3.18202,93.56142,Indian Ocean,2.3397,8.7875,223.5
2024-11-27T23:58:56.463977+00:00,18.0484,89.71851,Bay of Bengal,1.3989,8.1685,222.89
2024-03-04T03:57:05.001402+00:00,20.63325,83.00527,Bay of Bengal,2.0982,9.8228,155.93
2023-11-20T23:36:56.904462+00:00,19.98648,94.22238,Bay of Bengal,2.434,9.8583,228.43
2024-04-12T16:21:41.423367+00:00,0.59367,81.37846,Indian Ocean,1.9217,8.043,177.96
2024-01-27T20:08:49.414089+00:00,7.31235,63.95383,Arabian Sea,2.0089,9.2757,184.51
2024-02-03T17:41:20.051130+00:00,16.41231,74.85761,Arabian Sea,1.8417,8.6304,169.3
2025-12-05T22:48:53.142569+00:00,11.98076,99.60727,Bay of Bengal,2.0572,8.9079,218.54
2023-05-03T11:25:36.195363+00:00,2.08757,72.85814,Indian Ocean,1.5734,8.7909,174.43
2024-08-26T23:37:38.541440+00:00,-3.54481,82.97193,Indian Ocean,2.2528,8.7697,262.08
2025-08-25T15:01:39.140048+00:00,1.97863,93.83218,Andaman Sea,2.0278,7.0678,282.21
2023-01-13T21:53:49.937278+00:00,16.47854,79.35186,Bay of Bengal,2.0539,9.3046,213.34
2023-04-01T09:54:57.487211+00:00,22.5876,73.72042,Arabian Sea,2.6858,7.8016,165.53
2023-05-06T08:19:06.095242+00:00,10.86425,61.10363,Arabian Sea,2.3184,8.01,189.49
2023-05-29T20:03:19.270023+00:00,20.23206,81.91199,Bay of Bengal,1.8522,10.1116,177.33
2024-10-08T11:37:45.153753+00:00,14.57735,99.48546,Bay of Bengal,2.2482,10.3134,233.09
2024-08-25T05:58:29.591320+00:00,21.64561,97.12117,Bay of Bengal,1.6323,7.6958,259.77
2025-04-29T14:03:38.390838+00:00,13.95682,62.56156,Arabian Sea,1.8574,9.292,151.56
2025-11-21T00:45:54.534639+00:00,10.95183,90.06785,Bay of Bengal,1.922,8.2075,265.35
2024-09-18T01:12:02.893595+00:00,19.07216,94.79129,Bay of Bengal,2.1512,7.6828,284.75
2025-08-23T05:52:17.614892+00:00,7.70637,74.60103,Arabian Sea,2.353,10.3622,254.78
2025-05-10T00:28:44.672052+00:00,19.93596,85.91473,Bay of Bengal,2.5308,9.2276,201.88
2023-03-04T01:03:52.969896+00:00,-1.57916,95.90163,Andaman Sea,2.0799,8.2585,158.79
2023-11-25T08:01:21.792712+00:00,1.19871,70.5886,Indian Ocean,0.9079,5.9254,257.87
2025-08-05T06:30:49.079652+00:00,18.97548,66.68846,Arabian Sea,2.3838,7.9749,243.59
2023-07-01T22:52:26.531647+00:00,21.95752,80.78473,Bay of Bengal,1.5855,7.6126,249.81
2023-06-03T23:36:43.101310+00:00,12.57252,95.77148,Bay of Bengal,1.9979,7.653,248.76
2024-10-04T04:54:31.948527+00:00,22.88817,81.99975,Indian Ocean,2.1551,9.6863,293.78
2023-01-02T07:21:20.192538+00:00,-2.80633,95.81779,Indian Ocean,1.4143,7.658,180.15
2025-05-28T00:56:14.039458+00:00,2.24219,63.36637,Indian Ocean,2.0291,9.1795,145.07
2025-12-11T22:30:08.884740+00:00,5.70883,83.98113,Bay of Bengal,2.0966,9.1594,204.13
2023-10-18T09:35:45.617995+00:00,21.3133,90.1196,Bay of Bengal,2.0494,9.0751,274.11
2023-06-08T15:57:04.669078+00:00,-1.98348,80.74117,Indian Ocean,1.4728,7.7329,235.09
2025-04-16T19:01:31.502306+00:00,2.89803,62.81115,Indian Ocean,2.1769,9.4081,169.76
2023-04-16T08:11:59.975790+00:00,-2.04172,65.67173,Indian Ocean,2.0176,9.4627,186.16
2024-11-05T07:07:41.494915+00:00,11.10564,67.09109,Arabian Sea,2.344,9.3593,259.65
2023-08-29T08:49:56.971067+00:00,17.9194,99.17322,Bay of Bengal,2.0308,8.1164,260.14
2025-09-28T03:30:46.060882+00:00,16.30246,70.47947,Arabian Sea,2.3729,9.6997,262.48
2024-02-17T00:36:55.866089+00:00,3.82277,98.09553,Andaman Sea,1.8442,9.3153,154.76
2023-07-15T14:11:32.077634+00:00,-4.71988,64.77931,Indian Ocean,1.2149,8.0479,230.58
2023-05-24T05:04:52.018167+00:00,7.7771,83.96132,Bay of Bengal,1.9266,9.2127,211.16
2025-03-24T03:49:42.149868+00:00,14.60606,70.2952,Arabian Sea,2.1885,9.3134,168.36
2023-12-24T14:11:33.704429+00:00,11.92715,60.53876,Arabian Sea,2.0781,7.214,263.55
2025-12-14T12:59:14.652552+00:00,-1.74042,95.77429,Andaman Sea,1.6403,8.0988,199.72
2024-12-16T18:29:49.309501+00:00,8.62047,89.76393,Bay of Bengal,1.6703,9.0169,202.99
2023-08-21T04:51:54.655943+00:00,2.74587,60.43261,Indian Ocean,1.8971,8.3148,221.19
2024-07-18T04:47:08.935005+00:00,1.61356,63.62898,Indian Ocean,1.5927,8.4875,192.01
2025-09-07T18:48:08.213725+00:00,7.50024,73.30691,Arabian Sea,2.7932,9.6588,300.03
2024-10-23T05:54:17.288351+00:00,-2.69305,60.37209,Indian Ocean,2.364,7.5656,260.63
2025-05-03T15:26:15.306370+00:00,17.33193,75.15087,Arabian Sea,1.7469,8.7359,172.45
2025-09-22T18:55:20.983087+00:00,19.02394,92.94006,Bay of Bengal,2.3224,9.5202,251.66
2024-08-01T20:11:39.014546+00:00,12.81101,91.12264,Bay of Bengal,1.9744,8.791,261.25
2024-03-19T22:51:23.960723+00:00,6.51276,66.12256,Arabian Sea,2.0063,9.0348,163.81
2023-10-07T14:13:58.455514+00:00,1.08639,61.90961,Indian Ocean,1.9797,8.9155,255.13
2023-02-05T01:09:39.836674+00:00,22.3539,79.06265,Indian Ocean,1.4969,9.4808,204.09
2023-04-14T02:54:07.239065+00:00,1.40334,74.54565,Indian Ocean,2.0598,7.0411,183.42
2023-08-21T19:36:54.491507+00:00,20.74448,99.12921,Bay of Bengal,2.1361,8.029,248.68
2024-05-23T03:36:11.679053+00:00,22.67713,75.32632,Arabian Sea,2.1678,9.4235,171.6
2024-09-11T04:12:18.336775+00:00,12.71308,75.34952,Arabian Sea,2.498,8.0106,282.95
2024-01-22T22:16:25.519610+00:00,4.13666,88.86792,Indian Ocean,1.4052,8.6247,191.36
2025-09-11T17:45:08.862106+00:00,5.63915,90.83876,Bay of Bengal,2.6027,7.2033,280.49
2023-06-24T00:23:20.957289+00:00,13.37706,66.53291,Arabian Sea,1.5865,7.8225,181.44
2023-04-14T13:26:02.845804+00:00,11.97987,63.8301,Arabian Sea,2.0315,9.6456,184.8
2024-03-06T22:32:57.965052+00:00,-0.8099,64.57278,Indian Ocean,1.8234,9.2406,176.04
2023-02-21T22:40:51.996273+00:00,1.90527,74.91348,Indian Ocean,1.731,8.1654,180.49
2023-01-04T16:43:22.221330+00:00,-0.21874,80.56936,Indian Ocean,1.2958,7.9331,201.33
2025-12-02T10:51:13.655916+00:00,4.82024,79.07679,Indian Ocean,1.1103,8.3064,210.34
2024-08-01T18:54:45.873001+00:00,15.09197,87.76469,Bay of Bengal,1.9632,8.6897,271.37
2025-09-12T19:22:57.752401+00:00,0.92775,67.57291,Indian Ocean,2.0519,8.8776,253.76
2025-09-29T14:10:15.507131+00:00,17.72938,85.29464,Bay of Bengal,2.3558,10.5643,283.96
2024-09-27T15:32:39.678070+00:00,1.06091,96.845,Andaman Sea,2.4968,9.5372,263.22
2024-04-07T05:59:32.642304+00:00,15.80536,88.32114,Bay of Bengal,2.2244,8.422,154.97
2025-04-04T15:58:24.619752+00:00,-2.90276,90.90959,Indian Ocean,2.0667,9.2147,202.43
2025-03-21T16:46:50.152809+00:00,-1.0214,77.47041,Indian Ocean,1.7353,8.8497,144.64
2025-01-29T21:48:29.020968+00:00,3.68917,76.3024,Indian Ocean,1.5048,6.5392,219.68
2023-10-24T22:24:27.925173+00:00,-2.60729,89.53515,Indian Ocean,2.4544,9.9205,253.31
2024-09-04T06:07:42.506056+00:00,15.33716,74.37387,Arabian Sea,1.643,8.6343,260.42
2024-08-14T19:08:26.726659+00:00,12.9415,96.17576,Bay of Bengal,2.1427,8.6024,271.97
2025-10-17T11:17:27.996231+00:00,5.61968,80.04402,Bay of Bengal,2.2031,9.5834,278.6
2025-08-02T10:53:01.388722+00:00,17.66025,68.61717,Arabian Sea,1.9518,8.633,209.86
2024-05-02T00:04:40.933223+00:00,11.59609,98.93851,Bay of Bengal,1.767,7.0069,218.93
2024-05-11T20:15:26.554782+00:00,13.9886,77.97438,Arabian Sea,1.9545,9.1492,147.86
2024-02-24T07:56:35.140283+00:00,-1.60909,65.37794,Indian Ocean,1.7354,7.0408,176.9
2023-03-21T10:11:32.502732+00:00,14.86227,71.62933,Arabian Sea,1.9285,8.6802,212.7
2025-10-21T11:15:25.598012+00:00,-3.70945,97.53132,Indian Ocean,1.9739,8.2943,248.73
2025-02-09T11:32:18.315297+00:00,8.50863,98.11807,Bay of Bengal,2.3656,10.0533,152.72
2023-12-22T04:22:34.523166+00:00,15.0792,94.88,Bay of Bengal,1.9495,7.9878,163.66
2025-04-06T09:29:58.705371+00:00,0.61895,67.19455,Indian Ocean,2.0344,8.5821,172.45
2024-08-14T16:27:47.418617+00:00,-3.00588,79.84133,Indian Ocean,1.5535,6.897,255.72
2024-10-19T16:13:04.314611+00:00,9.54494,97.34605,Bay of Bengal,2.0221,8.184,258.99
2023-11-06T11:06:09.538285+00:00,-3.77306,93.84925,Indian Ocean,1.7625,9.8982,244.99
2023-01-14T17:53:06.247890+00:00,2.53431,95.73621,Andaman Sea,2.3247,8.7088,140.57
2025-05-23T20:35:54.513571+00:00,5.14836,88.40219,Bay of Bengal,2.1167,8.2451,186.09
2025-06-25T19:58:54.214844+00:00,2.80184,94.42004,Andaman Sea,1.0203,7.5106,265.44
2023-01-30T14:14:33.440939+00:00,18.34122,96.74008,Bay of Bengal,1.674,9.0187,184.47
2023-02-25T13:08:10.687861+00:00,4.54033,99.76224,Andaman Sea,1.4596,7.2343,168.35
2024-08-16T07:23:52.835826+00:00,19.55648,81.69114,Bay of Bengal,2.1776,9.5444,289.29
2025-04-23T21:12:50.544930+00:00,5.47021,84.19503,Bay of Bengal,2.5316,10.5278,149.34
2024-06-07T01:27:44.253621+00:00,18.5222,95.44721,Bay of Bengal,1.8642,8.0742,250.57
2024-08-01T01:38:54.152868+00:00,19.98126,64.08777,Arabian Sea,2.3443,8.9549,219.09
2023-07-10T14:27:22.071213+00:00,20.06781,95.86281,Bay of Bengal,1.7489,7.4578,274.41
2024-02-20T09:30:54.741581+00:00,19.15615,92.77191,Bay of Bengal,1.9329,8.0975,161.06
2025-11-19T12:12:58.687914+00:00,-3.63495,69.1698,Indian Ocean,1.7414,8.6763,260.73
2025-11-26T17:47:45.949591+00:00,22.94107,94.4392,Indian Ocean,1.395,8.1757,206.63
2024-07-09T21:05:38.442029+00:00,5.68889,62.67833,Arabian Sea,1.7732,9.447,175.66
2023-05-03T01:31:54.017812+00:00,18.73683,61.48667,Arabian Sea,2.2899,8.5545,150.58
2023-05-14T10:48:20.978926+00:00,20.41133,61.95111,Arabian Sea,1.8427,8.767,165.29
2025-04-19T01:34:53.198922+00:00,0.48711,88.27519,Indian Ocean,1.6243,7.5034,145.56
2024-04-29T17:26:30.859011+00:00,19.2012,89.70284,Bay of Bengal,1.7343,9.3266,212.08
2025-01-23T01:31:07.691855+00:00,3.73747,73.24424,Indian Ocean,1.8512,8.671,222.05
2023-10-09T12:13:52.783019+00:00,7.05761,84.09632,Bay of Bengal,2.5812,9.1471,273.53
2023-01-07T23:59:46.670253+00:00,-4.67162,75.25548,Indian Ocean,1.1931,8.0309,212.7
2024-08-17T06:53:47.120699+00:00,4.95184,70.96612,Indian Ocean,1.9808,8.2862,235.91
2023-02-13T20:09:42.706415+00:00,22.77496,88.73588,Indian Ocean,2.0097,10.1008,175.49
2024-06-02T18:49:16.344734+00:00,8.16422,77.15314,Arabian Sea,1.8722,9.698,195.65
2024-08-29T14:54:26.597076+00:00,4.86828,94.91656,Andaman Sea,1.7872,8.8074,321.2
2024-05-03T02:47:17.842866+00:00,3.29332,68.61391,Indian Ocean,1.7431,8.9561,128.84
2023-03-02T14:50:14.536954+00:00,4.47503,77.26556,Indian Ocean,2.0831,8.1459,198.28
2025-09-08T08:10:55.723289+00:00,18.16506,69.12743,Arabian Sea,2.3365,10.0328,284.77
2024-12-26T09:05:34.523337+00:00,1.47162,88.30878,Indian Ocean,1.2611,10.2812,198.24
2024-09-21T11:09:22.196913+00:00,-1.95064,86.88929,Indian Ocean,1.5346,8.1772,287.89
2025-05-21T04:05:26.587079+00:00,2.96316,87.20555,Indian Ocean,1.8121,8.6273,221.63
2025-08-05T15:02:42.634863+00:00,-2.37997,92.19324,Indian Ocean,1.7806,6.9221,277.62
2024-05-06T06:05:15.400443+00:00,1.91755,84.62305,Indian Ocean,2.1256,9.2596,187.67
2024-02-07T09:08:46.916665+00:00,23.44191,69.0574,Arabian Sea,1.9119,8.8303,209.72
2023-12-02T23:30:54.579372+00:00,-1.38778,62.47807,Indian Ocean,1.6237,8.7602,287.75
2025-07-15T23:37:45.118622+00:00,-4.87322,67.86919,Indian Ocean,1.683,7.851,212.92
2025-12-12T02:16:58.366219+00:00,20.03385,72.06025,Arabian Sea,1.7849,8.5041,234.22
2024-08-08T19:13:52.222257+00:00,-2.12579,77.07367,Indian Ocean,1.7017,8.547,215.75
2023-01-08T20:56:11.471713+00:00,23.68268,90.87769,Indian Ocean,1.7299,9.7525,166.09
2025-06-05T17:20:07.599966+00:00,-4.47934,91.80074,Indian Ocean,1.3914,8.4188,231.35
2023-04-17T12:08:50.419240+00:00,16.63867,95.66826,Bay of Bengal,2.0374,9.4976,169.88
2024-12-11T02:06:07.894750+00:00,11.56424,79.70124,Bay of Bengal,1.3567,7.6661,249.42
2023-02-25T13:05:52.556026+00:00,12.05409,97.70765,Bay of Bengal,2.3444,8.8322,131.73
2023-07-27T14:27:43.033829+00:00,8.67938,89.0968,Bay of Bengal,2.0372,8.2591,264.54
2024-01-15T06:14:36.084393+00:00,-4.87165,72.40037,Indian Ocean,1.9287,8.5936,198.78
2025-03-14T08:47:54.376306+00:00,-0.70897,68.83731,Indian Ocean,1.7085,8.8503,188.09
2024-11-13T13:13:19.674600+00:00,8.01741,93.50856,Bay of Bengal,2.8276,9.8602,202.87
2025-03-14T15:33:22.523033+00:00,19.80471,62.01374,Arabian Sea,2.7348,9.5756,186.88
2025-12-16T07:22:10.978408+00:00,12.99807,86.22989,Bay of Bengal,1.4534,8.1548,209.64
2025-07-17T04:10:10.319549+00:00,19.00625,98.16564,Bay of Bengal,1.9499,8.3636,258.81
2024-02-04T03:58:12.513649+00:00,17.99463,96.18616,Bay of Bengal,1.8384,8.9334,187.96
2025-03-28T08:07:11.060149+00:00,2.7752,90.02687,Andaman Sea,1.8834,7.3186,169.41
2023-11-05T19:01:37.233315+00:00,-3.12649,88.85592,Indian Ocean,1.7659,9.8394,239.02
2025-03-18T14:42:48.389437+00:00,6.46574,92.04797,Bay of Bengal,2.773,10.8798,187.21
2025-07-29T17:38:59.302422+00:00,1.02718,62.18413,Indian Ocean,2.0585,8.9757,200.13
2023-05-10T06:26:32.227558+00:00,-0.17214,71.38686,Indian Ocean,1.8562,9.3252,171.38
2025-09-28T23:33:39.554995+00:00,10.70086,74.61112,Arabian Sea,2.0722,8.7781,240.21
2023-06-07T15:46:33.747067+00:00,17.47817,76.49709,Arabian Sea,1.794,8.5397,193.5
2023-04-25T07:05:31.174812+00:00,12.82585,70.06223,Arabian Sea,2.0355,8.8782,138.24
2025-04-26T09:14:32.634108+00:00,2.67999,74.14744,Indian Ocean,1.9471,9.1248,196.26
2025-01-03T06:52:23.615144+00:00,0.08994,79.62888,Indian Ocean,1.2603,8.2246,187.23
2023-03-31T00:05:03.758455+00:00,15.84361,65.3932,Arabian Sea,2.6223,10.3823,141.0
2025-02-09T04:03:56.249517+00:00,22.7828,87.61742,Indian Ocean,1.7966,8.3071,174.78
2025-10-08T16:28:17.987661+00:00,22.82012,94.69012,Indian Ocean,2.2168,8.6342,249.79
2023-07-10T07:05:01.228762+00:00,-1.65256,91.57017,Andaman Sea,0.6786,7.3398,269.5
2025-11-04T22:12:17.661953+00:00,13.9148,72.73054,Arabian Sea,2.2189,8.0323,272.42
2025-09-23T03:28:21.581550+00:00,6.36569,99.60623,Bay of Bengal,2.2443,8.6172,241.08
2023-02-20T10:21:08.351819+00:00,22.49847,70.06612,Arabian Sea,2.3372,10.1808,177.05
2025-06-24T10:14:51.676900+00:00,9.65357,94.51242,Bay of Bengal,0.9666,8.0223,252.84
2023-05-19T15:32:41.008081+00:00,1.8379,75.86725,Indian Ocean,2.2082,9.3221,166.88
2024-12-05T15:46:13.536872+00:00,23.77618,91.81624,Indian Ocean,1.7282,8.7463,212.39
2025-04-03T04:55:18.228710+00:00,-2.23608,86.53084,Indian Ocean,2.0016,8.2874,176.33
2025-03-13T13:15:54.687984+00:00,11.37712,64.25967,Arabian Sea,2.4557,10.3378,158.26
2023-12-29T03:46:01.332986+00:00,6.25968,98.94348,Bay of Bengal,1.6812,7.5991,177.86
2025-04-11T02:26:36.361905+00:00,15.3925,80.52279,Bay of Bengal,2.4665,10.0153,160.37
2025-03-01T09:11:27.992245+00:00,0.89783,78.21894,Indian Ocean,2.1833,9.0675,166.44
2023-07-26T05:21:57.537807+00:00,22.5941,61.27256,Arabian Sea,1.7274,8.365,217.5
2024-11-26T18:52:21.708063+00:00,11.72023,86.4843,Bay of Bengal,1.8743,8.8897,233.49
2025-11-18T04:52:46.482305+00:00,0.68909,99.56774,Andaman Sea,1.8866,9.0627,190.37
2025-12-23T18:04:51.492927+00:00,22.78833,84.141,Indian Ocean,1.6302,8.6167,193.46
2024-05-27T11:55:11.458739+00:00,4.45059,65.81707,Indian Ocean,1.6701,8.0422,200.04
2024-06-26T11:29:13.703471+00:00,2.08544,74.98878,Indian Ocean,1.0658,6.592,201.77
2024-05-07T16:25:47.186585+00:00,3.23232,63.20759,Indian Ocean,1.8702,8.9033,172.1
2023-12-21T04:56:24.257548+00:00,8.97275,90.15983,Bay of Bengal,1.5468,7.6757,202.93
2023-07-10T04:34:33.229108+00:00,21.40695,61.79362,Arabian Sea,1.7155,9.1144,170.72
2025-06-19T06:26:26.543830+00:00,3.48755,67.50023,Indian Ocean,1.3267,8.0485,189.2
2024-06-03T17:20:22.651481+00:00,21.07972,84.91829,Bay of Bengal,1.8005,8.9923,219.37
2025-10-02T17:58:42.848151+00:00,5.92376,71.60253,Arabian Sea,2.4723,7.9039,277.64
2023-01-07T17:35:57.557030+00:00,17.63323,91.12038,Bay of Bengal,1.5995,8.2148,149.66
2023-03-13T19:04:47.600636+00:00,17.48694,82.67154,Bay of Bengal,1.9447,9.2097,180.4
2025-04-23T12:25:03.486960+00:00,17.79588,68.51973,Arabian Sea,1.8391,7.9701,187.11
2023-07-19T20:13:19.092806+00:00,7.64947,60.37391,Arabian Sea,1.7836,8.5375,205.84
2025-05-25T11:55:15.353847+00:00,20.52874,83.49751,Bay of Bengal,1.6999,8.9616,187.5
2025-03-29T00:07:36.316606+00:00,8.4838,96.60366,Bay of Bengal,2.4426,10.564,184.01
2025-07-02T17:42:45.072432+00:00,13.19007,62.0044,Arabian Sea,1.3366,8.8707,179.82
2023-01-25T03:49:36.509925+00:00,15.98392,72.53557,Arabian Sea,1.7974,8.8653,208.85
2025-08-26T15:19:15.943169+00:00,14.98114,76.16918,Arabian Sea,2.4246,10.2047,253.82
2025-05-05T13:11:54.258434+00:00,0.96889,71.28979,Indian Ocean,2.0689,8.6016,155.6
2023-04-28T06:19:25.790430+00:00,17.43862,66.74211,Arabian Sea,2.1339,10.5107,175.23
2024-02-03T00:20:07.939484+00:00,14.58236,97.69969,Bay of Bengal,1.8944,7.6276,151.55
2025-05-09T13:55:13.150989+00:00,-3.87449,79.79895,Indian Ocean,1.9499,8.793,176.07
2024-01-21T23:45:25.214535+00:00,8.57557,99.34955,Bay of Bengal,1.6737,8.6844,190.16
2024-09-09T16:58:25.077841+00:00,16.25835,75.92312,Arabian Sea,2.3064,9.3211,252.7
2023-06-09T16:40:41.143827+00:00,23.41535,62.04902,Arabian Sea,1.7627,9.1275,181.81
2024-10-17T00:39:48.409408+00:00,9.33072,87.79111,Bay of Bengal,1.5405,7.6734,234.68
2024-11-13T09:07:48.613206+00:00,-3.50311,67.6202,Indian Ocean,1.7862,9.0182,246.07
2024-09-13T02:44:56.772950+00:00,3.34014,85.49371,Indian Ocean,1.7754,8.5313,278.82
2023-10-03T18:49:04.525870+00:00,9.11932,75.90404,Arabian Sea,2.2235,8.2534,279.52
2025-10-03T22:59:42.467536+00:00,23.3843,95.99049,Indian Ocean,2.4017,7.8006,282.78
2023-12-29T23:21:56.844228+00:00,2.76918,66.99016,Indian Ocean,0.8662,8.5373,235.27
2025-07-04T19:52:19.557290+00:00,-0.69023,91.25058,Andaman Sea,1.164,8.8213,273.19
2025-09-03T07:31:16.494115+00:00,1.35763,89.41421,Indian Ocean,2.4174,9.1528,244.78
2024-01-30T19:28:07.189524+00:00,-2.82852,75.28635,Indian Ocean,1.3051,7.4258,194.8
2024-06-18T13:27:55.240687+00:00,8.93878,96.71325,Bay of Bengal,2.1344,9.5923,256.07
2024-11-18T01:36:32.923938+00:00,8.20549,79.16011,Bay of Bengal,1.8735,8.7452,246.64
2023-03-10T01:30:56.706274+00:00,10.82347,96.23949,Bay of Bengal,2.1686,9.0315,171.79
2024-12-22T10:15:21.945839+00:00,17.31076,99.16237,Bay of Bengal,1.3863,11.0814,196.98
2025-04-23T11:38:49.101910+00:00,0.81907,74.30492,Indian Ocean,1.8924,8.3713,179.3
2024-09-26T03:18:46.803866+00:00,10.9274,67.08597,Arabian Sea,1.8585,9.6264,251.15
2025-08-18T12:36:47.926632+00:00,14.88357,62.46581,Arabian Sea,1.9122,8.9385,255.25
2023-05-30T16:01:29.904258+00:00,4.98797,72.21273,Indian Ocean,1.7246,7.6902,185.54
2023-04-11T00:03:44.238694+00:00,8.7945,99.70703,Bay of Bengal,2.325,10.7109,183.87
2023-06-10T15:44:57.219920+00:00,4.75218,60.69669,Indian Ocean,1.8837,7.1553,168.38
2023-04-03T14:23:01.564489+00:00,23.27438,75.96872,Arabian Sea,1.9444,9.1225,149.59
2023-03-14T01:58:18.509080+00:00,21.3558,98.80853,Bay of Bengal,2.5075,9.0942,175.98
2023-12-31T07:57:55.202485+00:00,15.4829,72.89492,Arabian Sea,1.6907,9.9045,241.15
2024-06-10T10:18:24.071641+00:00,23.81136,99.1379,Indian Ocean,1.4121,8.2874,273.68
2025-06-14T18:17:01.930593+00:00,5.0869,68.28546,Arabian Sea,1.7868,8.528,210.19
2024-10-20T09:37:52.845530+00:00,-0.44596,87.5343,Indian Ocean,2.1388,7.2314,288.5
2024-05-16T09:56:32.730518+00:00,5.3606,83.45212,Bay of Bengal,2.1411,8.038,207.13
2024-08-27T18:02:25.771322+00:00,3.59054,95.57635,Andaman Sea,1.989,8.4441,235.29
2023-07-26T08:05:41.103616+00:00,22.23337,69.57811,Arabian Sea,1.7139,8.2383,197.57
2025-08-25T13:18:22.315000+00:00,17.88256,63.68482,Arabian Sea,2.1832,10.3845,243.28
2025-03-30T09:21:36.260054+00:00,3.00174,63.03262,Indian Ocean,2.4375,9.6671,193.52
2023-12-08T19:14:33.734741+00:00,14.77841,87.65429,Bay of Bengal,1.9464,8.1643,233.24
2023-08-13T03:34:26.544934+00:00,-1.27999,70.83619,Indian Ocean,1.4125,7.3874,243.22
2025-11-19T14:58:09.384928+00:00,9.57385,97.77466,Bay of Bengal,1.6062,9.8953,223.55
2023-06-30T13:10:39.829003+00:00,19.17337,99.55743,Bay of Bengal,1.6377,9.5112,260.12
2023-04-25T00:34:31.987805+00:00,0.86847,62.95154,Indian Ocean,1.9082,8.6157,176.39
2023-06-01T03:54:35.141021+00:00,0.87435,91.0714,Andaman Sea,1.8073,8.5083,228.1
2025-02-21T13:46:47.042640+00:00,13.20558,76.07503,Arabian Sea,2.3699,8.5354,173.15
2025-11-23T20:46:14.114294+00:00,15.18289,68.73199,Arabian Sea,2.4463,9.874,277.47
2023-05-23T06:55:26.574315+00:00,-3.96268,84.97223,Indian Ocean,1.9656,9.1945,207.25
2023-11-13T01:17:24.318523+00:00,-4.24337,78.39288,Indian Ocean,1.936,8.174,256.28
2024-07-06T14:15:13.751914+00:00,3.73145,84.63238,Indian Ocean,1.2812,7.9524,254.67
2024-03-25T13:37:10.249766+00:00,14.62546,70.17306,Arabian Sea,2.5961,8.8408,170.92
2025-04-12T14:45:02.918122+00:00,-3.68831,68.38462,Indian Ocean,1.6515,8.0998,154.64
2025-04-15T08:12:17.634042+00:00,8.60393,93.60896,Bay of Bengal,2.4551,9.5385,171.05
2024-04-30T15:12:50.655637+00:00,15.0259,94.25841,Bay of Bengal,1.802,9.1296,152.71
2023-07-31T19:46:21.696766+00:00,9.23421,95.67053,Bay of Bengal,1.9237,8.1831,262.49
2023-05-12T11:37:36.809306+00:00,10.84882,66.59491,Arabian Sea,1.9024,9.2269,149.16
2023-07-11T00:41:07.558358+00:00,-4.83641,82.05768,Indian Ocean,1.6467,8.2918,229.21
2023-12-30T17:23:38.697640+00:00,13.31483,76.46299,Arabian Sea,1.5434,9.1284,247.79
2024-12-18T17:55:47.270096+00:00,9.58205,99.18762,Bay of Bengal,1.7822,9.1433,212.65
2025-09-04T02:26:25.826292+00:00,17.84233,95.90328,Bay of Bengal,2.2099,9.9374,273.12
2024-03-29T07:40:29.722110+00:00,7.19541,71.06249,Arabian Sea,2.5956,9.7651,197.8
2024-05-06T11:20:36.638043+00:00,-2.08401,74.3808,Indian Ocean,1.7692,8.5264,191.28
2024-02-18T20:09:05.802656+00:00,9.48126,74.24358,Arabian Sea,2.0548,9.5844,201.7
2025-11-24T05:19:55.382567+00:00,18.12113,62.36031,Arabian Sea,2.1175,9.751,224.88
2024-12-29T05:59:22.436285+00:00,5.14255,88.11463,Bay of Bengal,1.3744,7.4598,198.58
2023-02-08T06:44:46.373337+00:00,-4.23397,81.88579,Indian Ocean,1.5506,7.5936,174.76
2023-02-17T07:37:34.718560+00:00,17.71391,72.07064,Arabian Sea,2.2371,9.591,192.47
2024-03-09T11:26:16.680087+00:00,-0.76529,62.56132,Indian Ocean,1.812,7.1012,188.86
2025-07-21T19:46:32.643481+00:00,-1.2924,61.30284,Indian Ocean,1.4442,8.0615,198.73
2025-05-15T00:46:08.945170+00:00,-1.65796,83.97822,Indian Ocean,1.8079,8.4029,188.28
2023-08-04T20:42:40.325705+00:00,-4.86882,97.86982,Indian Ocean,1.98,9.1411,300.46
2025-05-10T23:05:08.911646+00:00,19.94448,85.1219,Bay of Bengal,2.416,10.1666,178.07
2024-03-26T01:11:33.682807+00:00,0.46151,97.60031,Andaman Sea,2.0735,8.2012,182.09
2025-09-19T22:03:56.680289+00:00,15.36564,61.07455,Arabian Sea,2.3641,8.0973,260.87
2024-04-12T01:44:51.003186+00:00,1.04909,65.82098,Indian Ocean,1.778,7.5748,155.6
2024-12-11T14:01:25.579694+00:00,5.12513,74.39532,Arabian Sea,2.0868,8.4973,242.28
2023-04-13T15:22:18.109262+00:00,-1.42924,64.50797,Indian Ocean,2.1799,10.0794,177.31
2025-11-16T15:48:28.463249+00:00,5.54095,91.08776,Bay of Bengal,2.1699,9.6797,224.28
2023-11-04T04:19:14.273419+00:00,22.56856,78.20669,Indian Ocean,1.9123,8.7286,286.98
2025-04-02T19:44:12.851072+00:00,-0.37901,88.91149,Indian Ocean,2.2002,7.3481,172.22
2024-06-28T23:20:28.707566+00:00,11.18974,90.72866,Bay of Bengal,1.4825,8.1411,253.33
2024-03-21T03:10:58.297445+00:00,-0.95263,83.48267,Indian Ocean,2.3177,8.2394,160.17
2023-05-06T15:49:59.137973+00:00,6.56883,84.88131,Bay of Bengal,2.1749,9.2757,186.72
2023-09-25T19:05:45.614705+00:00,14.2389,75.79779,Arabian Sea,2.0903,7.8669,266.25
2024-08-03T08:05:54.542513+00:00,1.0012,61.02712,Indian Ocean,1.837,9.1847,199.4
2025-10-23T22:24:34.213417+00:00,17.95143,64.51577,Arabian Sea,2.5357,10.8801,250.03
2024-12-03T20:20:29.913425+00:00,22.05378,74.84441,Arabian Sea,1.6583,7.6768,264.31
2025-12-21T07:03:55.987894+00:00,13.13068,98.57436,Bay of Bengal,1.4086,9.6683,191.9
2025-11-26T06:42:19.688974+00:00,8.38067,98.48491,Bay of Bengal,2.0084,10.735,218.17
2025-05-14T15:27:28.843305+00:00,13.46763,94.4543,Bay of Bengal,2.1372,8.14,196.43
2023-08-27T10:29:57.109676+00:00,13.93782,86.161,Bay of Bengal,2.289,10.5134,262.43
2025-02-18T00:56:26.066426+00:00,17.73174,78.91644,Bay of Bengal,2.3949,9.6536,177.93
2023-08-10T04:44:22.034741+00:00,3.79771,62.94047,Indian Ocean,1.6816,9.1394,247.59
2025-01-12T12:06:46.481325+00:00,21.84817,79.65701,Bay of Bengal,1.6539,8.4953,209.87
2023-10-19T18:24:55.645107+00:00,-2.80023,77.69532,Indian Ocean,1.8113,9.3497,250.6
2024-09-23T04:17:39.737944+00:00,21.27329,92.52514,Bay of Bengal,2.1477,7.7697,294.82
2023-09-22T22:41:11.166371+00:00,13.53873,97.24615,Bay of Bengal,2.2428,8.1789,253.62
2023-10-01T13:58:15.156876+00:00,18.70965,82.76084,Bay of Bengal,2.39,10.0748,271.83
2023-02-14T22:08:02.321109+00:00,10.83278,96.67634,Bay of Bengal,1.8189,8.4873,138.16
2023-06-11T19:24:37.859241+00:00,23.71341,87.11238,Indian Ocean,1.0344,7.9741,252.29
2025-10-10T07:02:26.970788+00:00,11.25198,84.84741,Bay of Bengal,2.0829,9.9998,278.64
2025-09-12T10:29:39.172617+00:00,2.76227,85.95982,Indian Ocean,2.2208,9.712,263.62
2024-01-09T02:30:41.839673+00:00,10.66521,80.39777,Bay of Bengal,1.3953,8.5818,224.91
2025-08-07T14:57:56.815223+00:00,18.62581,81.51073,Bay of Bengal,1.5193,8.5568,273.58
2024-03-21T13:37:38.857707+00:00,11.29176,68.08901,Arabian Sea,2.3056,8.8147,183.53
2023-06-02T11:55:23.620074+00:00,17.60588,92.64857,Bay of Bengal,2.1396,8.9853,217.64
2024-12-14T09:42:57.939295+00:00,4.78904,91.37214,Andaman Sea,1.6363,9.0211,189.47
2024-12-09T15:22:42.504440+00:00,9.66002,73.3317,Arabian Sea,1.2855,7.8438,242.26
2025-10-10T02:54:21.980572+00:00,19.92912,78.24296,Bay of Bengal,2.2359,10.4994,267.92
2024-11-25T22:52:29.353502+00:00,7.29769,75.45633,Arabian Sea,1.8971,9.412,264.74
2023-12-01T16:42:52.465032+00:00,15.15754,77.85852,Arabian Sea,1.5946,9.0649,238.97
2023-08-31T16:07:23.936519+00:00,3.89031,61.97182,Indian Ocean,1.6636,9.3651,239.08
2024-06-07T00:09:50.401316+00:00,-4.40801,88.30566,Indian Ocean,1.6889,8.2872,223.85
2025-01-14T03:36:49.263867+00:00,2.01741,93.57277,Andaman Sea,1.5615,8.5659,169.09
2024-07-12T21:06:26.093709+00:00,19.01184,72.63983,Arabian Sea,1.4966,6.9968,216.78
2025-02-08T17:31:52.327572+00:00,1.69241,75.30206,Indian Ocean,1.7494,7.9451,162.76
2024-08-01T17:57:25.547883+00:00,17.76801,89.19663,Bay of Bengal,1.2118,8.0795,234.21
2024-07-20T02:02:29.902580+00:00,4.86739,88.58968,Indian Ocean,1.4225,7.4505,254.57
2025-03-20T23:22:21.200436+00:00,-4.28384,94.79778,Indian Ocean,2.1187,8.6644,164.48
2023-03-19T21:17:53.799714+00:00,18.04777,83.26871,Bay of Bengal,2.5908,9.2756,198.05
2025-12-12T22:09:41.493234+00:00,4.93221,74.27016,Indian Ocean,1.2832,8.0943,245.14
2024-04-13T03:29:23.553864+00:00,18.738,88.86206,Bay of Bengal,1.6216,9.7664,144.14
2023-12-21T06:28:28.568693+00:00,13.85835,70.58529,Arabian Sea,1.7681,7.9414,255.09
2024-04-23T06:53:17.130717+00:00,20.43901,69.94441,Arabian Sea,2.2479,8.5164,171.62
2024-08-06T00:21:03.049440+00:00,11.15606,89.31988,Bay of Bengal,2.1488,8.7399,294.45
2023-03-03T19:30:23.869844+00:00,19.33768,64.20223,Arabian Sea,2.2331,9.4594,192.52
2025-09-21T09:20:30.004246+00:00,1.92271,63.02275,Indian Ocean,2.2234,8.7566,262.55
2024-11-30T20:59:54.390820+00:00,4.59039,82.34955,Indian Ocean,1.5186,7.8488,225.8
2023-07-29T09:28:49.611638+00:00,2.91895,92.32321,Andaman Sea,1.4978,7.5096,267.39
2024-12-22T01:35:15.307584+00:00,22.62271,80.47324,Indian Ocean,1.6261,8.3696,224.63
2023-04-25T11:34:36.167858+00:00,-1.61349,76.34551,Indian Ocean,1.8716,9.6897,158.71
2025-03-10T14:31:42.640276+00:00,15.04985,90.23207,Bay of Bengal,2.261,8.2496,188.47
2023-02-11T03:03:24.002387+00:00,16.14311,81.52149,Bay of Bengal,1.5026,9.3144,189.58
2024-12-27T02:19:22.845744+00:00,-1.71296,76.18672,Indian Ocean,1.21,7.4558,204.07
2023-12-18T17:13:00.137890+00:00,16.27397,82.87312,Bay of Bengal,1.9992,6.7395,219.83
2023-01-01T06:51:13.745441+00:00,7.78815,69.09438,Arabian Sea,1.3119,8.8569,296.83
2025-07-08T09:56:34.656141+00:00,-3.6747,83.65201,Indian Ocean,0.9229,6.8181,240.43
2024-03-30T00:42:18.241858+00:00,17.39636,66.81471,Arabian Sea,2.2042,8.2267,174.79
2025-08-30T04:21:37.652458+00:00,2.43907,71.13711,Indian Ocean,2.012,9.1078,252.44
2025-01-07T09:53:18.205117+00:00,-1.38845,70.36571,Indian Ocean,1.0782,8.2798,229.27
2025-07-04T05:26:16.423923+00:00,2.14121,99.96441,Andaman Sea,1.551,9.427,263.63
2024-12-04T13:11:28.962695+00:00,2.17978,92.51373,Andaman Sea,1.6162,8.1813,229.73
2025-11-09T04:36:45.804408+00:00,-4.63426,94.02998,Indian Ocean,1.575,7.9955,220.69
2025-11-21T16:26:45.336338+00:00,0.14164,81.60651,Indian Ocean,1.6213,7.9236,242.53
2024-06-17T15:34:06.432108+00:00,-2.63269,86.22387,Indian Ocean,1.5429,8.6305,197.35
2025-10-11T00:49:13.014555+00:00,15.70619,93.67336,Bay of Bengal,1.8416,7.4073,247.3
2023-08-27T03:03:38.081573+00:00,16.17287,72.12077,Arabian Sea,1.8604,9.1287,259.9
2024-09-18T02:16:01.257390+00:00,21.03684,68.3736,Arabian Sea,2.4759,8.445,270.72
2025-11-10T21:55:17.580516+00:00,12.01105,95.49056,Bay of Bengal,1.9061,6.9533,231.51
2024-02-22T13:05:02.342250+00:00,18.08069,67.86753,Arabian Sea,2.6664,8.9311,161.67
2025-04-27T08:44:06.530025+00:00,15.92555,66.67032,Arabian Sea,2.7802,8.2924,161.36
2023-05-06T00:14:51.706136+00:00,22.23599,77.25817,Arabian Sea,1.7823,9.2806,182.57
2025-05-24T04:48:50.974846+00:00,18.41483,67.30647,Arabian Sea,2.3079,9.9335,181.29
2023-11-18T18:50:45.617642+00:00,23.5917,82.58501,Indian Ocean,1.4468,7.8368,244.12
2025-03-07T04:18:26.697521+00:00,4.84717,61.63095,Indian Ocean,1.7218,7.2311,200.25
2023-01-25T20:23:00.769162+00:00,23.73222,89.88564,Indian Ocean,2.1021,9.0231,163.28
2025-10-24T16:16:30.502584+00:00,18.27321,81.60435,Bay of Bengal,2.2446,8.001,273.84
2024-04-16T05:21:59.785913+00:00,4.89024,66.85638,Indian Ocean,2.4499,10.3823,149.1
2023-04-05T16:13:27.155328+00:00,10.43768,75.85288,Arabian Sea,2.093,9.3776,192.64
2024-03-19T18:22:10.610903+00:00,-1.24852,68.03218,Indian Ocean,2.6495,9.9025,154.66
2023-06-10T13:59:19.812036+00:00,7.21366,64.07567,Arabian Sea,2.2482,8.5462,170.64
2023-12-25T03:02:45.388059+00:00,-1.49121,83.70484,Indian Ocean,1.3532,7.8096,204.58
2025-07-10T16:26:15.258603+00:00,2.47435,65.71041,Indian Ocean,1.157,8.7892,184.66
2025-01-27T22:12:57.170078+00:00,11.24203,72.99462,Arabian Sea,1.9574,8.1569,173.74
2024-06-07T08:41:22.906775+00:00,9.79755,64.63673,Arabian Sea,1.2904,6.2296,160.41
2023-09-28T13:11:57.745305+00:00,7.43247,73.92925,Arabian Sea,2.1751,10.0968,231.41
2023-11-24T13:35:33.237792+00:00,-2.12973,62.41031,Indian Ocean,1.9828,8.2181,273.8
2023-05-02T06:59:59.884832+00:00,3.87643,70.08906,Indian Ocean,2.1607,9.0053,180.65
2025-03-04T00:56:40.869659+00:00,14.08449,83.24525,Bay of Bengal,1.5689,7.6494,162.16
2024-06-14T20:23:22.871955+00:00,7.5479,69.55137,Arabian Sea,1.5866,6.6969,221.1
2023-10-21T23:10:55.605765+00:00,5.03761,64.87315,Arabian Sea,1.9725,7.3606,287.36
2025-04-21T07:01:39.506251+00:00,-3.96847,86.73609,Indian Ocean,1.9406,9.1408,200.72
2024-03-23T13:50:12.121133+00:00,20.86292,62.95123,Arabian Sea,2.2422,8.5077,177.3
2023-08-30T22:50:59.109334+00:00,4.00185,66.35614,Indian Ocean,1.5109,7.5339,253.01
2024-08-26T13:10:19.012121+00:00,-1.03754,62.61034,Indian Ocean,1.9629,7.6093,233.08
2023-03-01T08:50:44.033533+00:00,11.5094,67.80643,Arabian Sea,2.1145,10.2963,195.71
2024-12-08T02:35:00.013598+00:00,13.89611,78.79208,Bay of Bengal,1.7523,6.9783,242.6
2024-11-18T01:12:03.563132+00:00,12.76309,79.00019,Bay of Bengal,1.751,8.9632,256.81
2023-09-29T19:48:47.014049+00:00,3.72063,60.18636,Indian Ocean,1.2216,7.9387,267.33
2023-04-01T03:40:05.785957+00:00,20.55241,76.62582,Arabian Sea,2.6989,11.143,167.41
2024-04-01T03:26:50.076188+00:00,2.53318,64.85043,Indian Ocean,2.6224,9.7808,155.82
2023-11-28T22:19:01.497260+00:00,10.57446,99.29593,Bay of Bengal,2.0095,9.3645,200.32
2025-10-23T09:20:25.096621+00:00,4.03969,72.61332,Indian Ocean,1.9468,8.1961,280.41
2023-01-24T08:32:45.117648+00:00,7.52925,92.71707,Bay of Bengal,1.8587,8.0818,149.23
2024-02-18T09:20:18.596583+00:00,20.40242,74.49547,Arabian Sea,2.1897,7.3408,160.66
2025-10-01T10:25:08.136562+00:00,3.70371,68.99014,Indian Ocean,2.0691,7.2643,266.47
2023-02-06T09:23:23.014283+00:00,12.09178,74.67118,Arabian Sea,2.3764,10.075,166.53
2023-08-30T02:01:21.937628+00:00,4.20655,96.93084,Andaman Sea,1.8739,9.3867,301.69
2023-03-21T14:18:40.259662+00:00,22.60774,62.91622,Arabian Sea,2.8063,10.3908,146.95
2024-08-01T02:16:58.023630+00:00,12.96212,80.75417,Bay of Bengal,1.7798,8.8017,271.87
2025-05-14T22:21:21.609247+00:00,-1.22772,76.59197,Indian Ocean,2.2513,9.6012,175.08
2025-11-04T17:37:26.372674+00:00,18.76048,75.83587,Arabian Sea,2.6826,9.7374,283.24
2023-09-21T18:32:40.547167+00:00,16.52318,97.16052,Bay of Bengal,1.804,8.4512,288.86
2024-03-16T04:48:05.192744+00:00,14.73698,97.00104,Bay of Bengal,1.9733,8.2872,162.07
2024-07-15T04:11:59.746164+00:00,16.60243,81.25275,Bay of Bengal,2.0094,9.049,203.41
2023-06-26T00:22:23.293887+00:00,23.71603,69.3756,Arabian Sea,1.7965,8.9273,206.37
2023-02-07T08:52:20.567646+00:00,-2.986,98.78726,Indian Ocean,1.602,9.6872,164.89
2025-03-10T23:18:27.641775+00:00,3.62859,91.74951,Andaman Sea,2.5933,9.3838,182.9
2023-10-26T22:37:45.853578+00:00,18.36967,75.48511,Arabian Sea,2.734,10.2572,293.03
2024-02-05T21:21:21.921103+00:00,20.26006,97.27125,Bay of Bengal,1.6869,8.8461,146.65
2025-07-11T04:48:13.495807+00:00,21.87499,84.33289,Bay of Bengal,0.8626,6.9928,244.77
2025-06-01T21:05:01.047435+00:00,-0.11029,82.85836,Indian Ocean,1.2895,6.7213,170.86
2023-07-15T08:53:33.147706+00:00,14.47693,93.85287,Bay of Bengal,1.4411,8.1092,254.25
2023-03-04T13:00:18.762528+00:00,17.57758,83.05296,Bay of Bengal,1.653,7.208,172.46
2023-05-06T11:06:34.184180+00:00,13.4351,98.73408,Bay of Bengal,1.7203,9.8136,221.47
2025-02-24T06:05:11.907002+00:00,3.8875,89.77137,Indian Ocean,2.1854,9.3169,152.24
2024-08-24T16:27:13.213066+00:00,8.93459,82.91274,Bay of Bengal,2.1111,7.4793,256.6
2025-08-12T00:36:00.809901+00:00,-0.00952,66.55012,Indian Ocean,1.7941,7.9976,228.49
2025-07-08T19:46:03.361281+00:00,18.15415,93.88622,Bay of Bengal,1.3576,7.8632,212.49
2023-06-03T11:05:46.702459+00:00,22.15794,96.0071,Indian Ocean,1.754,8.0626,245.76
2024-11-27T11:38:55.497370+00:00,10.66758,64.49478,Arabian Sea,2.255,7.8121,276.07
2024-02-27T22:22:13.258061+00:00,18.14319,61.46525,Arabian Sea,2.2821,9.3775,187.41
2023-02-19T23:35:34.590206+00:00,13.35487,74.7406,Arabian Sea,2.3568,8.6406,194.44
2023-11-16T05:21:21.354241+00:00,3.39697,61.90043,Indian Ocean,1.3061,8.728,246.19
2024-04-05T10:38:12.972833+00:00,6.2472,94.47656,Bay of Bengal,1.9159,8.5165,171.4
2025-03-01T20:06:16.779477+00:00,20.67973,62.11716,Arabian Sea,2.3837,9.3302,177.27
2025-12-18T18:26:51.381033+00:00,14.06773,64.56028,Arabian Sea,2.229,9.5482,253.32
2023-09-30T10:43:03.945012+00:00,0.94487,95.39993,Andaman Sea,2.0826,7.3493,245.26
2025-02-17T10:38:09.832194+00:00,4.80852,84.45367,Indian Ocean,2.0689,7.9444,175.74
2024-12-30T10:10:01.521187+00:00,20.89593,75.14291,Arabian Sea,1.6218,8.1352,240.68
2024-12-22T16:31:11.164742+00:00,16.57529,62.12704,Arabian Sea,1.703,8.93,243.67
2023-02-22T02:34:50.881734+00:00,17.74681,92.54486,Bay of Bengal,2.1214,7.5528,169.02
2025-09-28T04:35:23.982434+00:00,17.988,70.03281,Arabian Sea,2.3038,9.4338,279.5
2024-01-06T09:01:33.755271+00:00,23.52944,82.20372,Indian Ocean,0.8078,8.0539,216.71
2025-06-24T00:33:02.204306+00:00,2.83112,62.36287,Indian Ocean,1.5643,10.1782,175.71
2025-12-12T06:13:50.280369+00:00,6.64256,95.97259,Bay of Bengal,1.8486,9.0662,244.85
2025-09-12T18:54:00.542833+00:00,23.44686,62.27967,Arabian Sea,2.3067,8.7386,282.25
2025-10-14T10:06:55.379911+00:00,-1.20095,66.37227,Indian Ocean,2.9493,9.2107,265.88
2025-08-17T08:59:02.222724+00:00,6.82305,91.33478,Bay of Bengal,1.8986,8.2161,241.94
2025-01-27T21:49:58.583543+00:00,18.79,69.46462,Arabian Sea,1.5162,8.184,214.73
2025-04-16T05:14:34.412001+00:00,22.49868,85.11392,Indian Ocean,2.2488,7.7661,179.91
2025-08-27T07:30:12.644983+00:00,16.04384,71.05693,Arabian Sea,2.2747,10.2607,244.83
2023-11-17T15:28:52.651778+00:00,17.29803,95.36924,Bay of Bengal,1.5297,7.6291,233.21
2024-11-01T02:07:42.966839+00:00,15.35999,77.56485,Arabian Sea,2.36,8.0043,290.8
2024-05-27T10:32:38.451288+00:00,8.71239,90.48104,Bay of Bengal,2.2242,9.0814,196.47
2025-09-08T22:23:38.457880+00:00,21.28334,88.63289,Bay of Bengal,2.1509,8.7017,267.8
2024-06-03T18:08:50.721391+00:00,7.67928,68.23552,Arabian Sea,1.6459,9.8159,191.99
2023-11-30T09:16:48.026413+00:00,6.89047,97.89368,Bay of Bengal,2.3343,10.0878,220.8
2025-12-10T06:09:42.738594+00:00,4.03089,64.06546,Indian Ocean,1.5813,8.775,284.77
2023-03-08T18:16:02.023687+00:00,9.44908,90.59969,Bay of Bengal,1.3424,8.4243,129.25
2025-05-29T04:38:56.784639+00:00,-4.10384,94.86689,Indian Ocean,1.3793,7.6062,228.22
2024-09-01T14:57:23.148430+00:00,7.09943,80.12393,Bay of Bengal,2.2002,8.7959,257.5
2023-05-11T07:14:34.193055+00:00,12.13654,90.64381,Bay of Bengal,2.1453,8.0354,180.19
2024-07-11T18:56:41.999712+00:00,4.77254,80.73335,Indian Ocean,1.4691,8.3978,209.28
2025-10-06T18:04:27.887192+00:00,0.61468,93.51105,Andaman Sea,2.1639,8.9502,270.1
2025-04-09T09:44:23.070569+00:00,20.07221,86.53285,Bay of Bengal,2.0849,9.2722,209.17
2025-11-22T14:34:56.680655+00:00,-3.70789,79.02359,Indian Ocean,1.9496,9.2517,247.37
2023-06-26T03:40:07.443256+00:00,2.41242,99.22254,Andaman Sea,1.5712,8.5827,262.55
2024-05-14T17:55:07.145830+00:00,1.24664,87.94206,Indian Ocean,1.8744,8.3133,206.87
2024-12-06T04:37:15.114198+00:00,5.01577,67.68345,Arabian Sea,1.3978,7.7863,263.18
2023-06-30T22:02:17.681634+00:00,12.98525,78.88183,Bay of Bengal,1.2873,8.8639,209.56
2023-08-16T08:50:25.739617+00:00,-2.37915,66.25467,Indian Ocean,1.7046,10.0821,252.78
2023-07-19T06:29:07.763776+00:00,21.06697,93.85233,Bay of Bengal,1.6281,8.175,266.13
2024-05-10T14:32:07.846450+00:00,8.94507,92.88524,Bay of Bengal,2.0284,8.6514,192.34
2024-11-16T10:55:09.808187+00:00,20.82265,93.35959,Bay of Bengal,1.6485,8.2925,207.04
2023-03-19T11:47:31.973583+00:00,9.31968,80.68411,Bay of Bengal,2.4479,10.1547,187.97
2024-11-16T13:00:14.746167+00:00,2.62208,71.40852,Indian Ocean,1.7946,8.4216,276.01
2025-10-04T19:40:33.735274+00:00,21.42688,93.09518,Bay of Bengal,2.4941,9.6429,281.43
2023-11-03T21:25:49.081053+00:00,-0.01775,77.08523,Indian Ocean,1.6522,8.8605,295.86
2024-03-04T21:28:19.169604+00:00,20.59813,99.3771,Bay of Bengal,2.2296,10.1735,161.14
2024-06-14T13:18:06.143489+00:00,12.85755,73.78307,Arabian Sea,1.6488,6.9139,197.74
2023-09-11T01:08:29.471328+00:00,2.06138,72.57932,Indian Ocean,1.8763,6.5316,261.91
2023-03-06T00:30:59.618379+00:00,7.06588,91.08996,Bay of Bengal,1.9113,8.4143,180.48
2024-02-29T17:42:37.862464+00:00,11.74514,87.51313,Bay of Bengal,1.9923,8.6386,135.21
2025-12-31T11:47:47.005335+00:00,15.92191,93.40999,Bay of Bengal,1.5799,8.9661,161.59
2024-01-23T23:39:32.432248+00:00,7.62967,63.14533,Arabian Sea,1.4147,7.8781,239.0
2023-06-16T09:34:29.355816+00:00,3.2885,99.25402,Andaman Sea,1.7769,8.7628,237.39
2024-08-08T12:07:28.507054+00:00,13.07519,82.36126,Bay of Bengal,1.7058,8.355,257.31
2023-03-08T08:44:44.100033+00:00,2.40073,91.77369,Andaman Sea,1.7339,8.3891,146.22
2023-04-21T17:51:53.045419+00:00,22.1193,92.29784,Indian Ocean,2.257,10.8157,162.81
2024-09-17T00:20:41.719771+00:00,9.88331,62.27967,Arabian Sea,2.3372,7.8286,265.48
2025-11-15T20:42:26.237788+00:00,3.5822,75.10955,Indian Ocean,2.2452,8.3352,267.29
2024-03-05T10:10:34.125815+00:00,3.07859,80.05804,Indian Ocean,2.1538,7.9096,165.93
2025-05-26T09:41:36.536711+00:00,20.77486,84.3702,Bay of Bengal,1.4553,7.0975,188.83
2024-06-12T04:04:45.064143+00:00,11.62451,91.91262,Bay of Bengal,1.3935,8.6013,196.27
2025-01-01T00:11:19.635531+00:00,4.12979,88.50804,Indian Ocean,1.1231,5.8555,184.41
2025-03-13T07:58:04.204306+00:00,19.49487,61.3088,Arabian Sea,2.2705,8.4622,167.31
2024-01-16T16:47:52.092227+00:00,23.48423,63.62135,Arabian Sea,1.6865,7.2815,267.57
2023-09-30T22:01:17.507307+00:00,14.27076,74.14276,Arabian Sea,2.282,8.6965,296.31
2025-06-04T02:01:10.377785+00:00,2.16788,90.20639,Andaman Sea,0.9533,7.9572,225.76
2025-07-06T07:20:46.464436+00:00,11.7533,69.97061,Arabian Sea,1.8883,6.8581,203.18
2025-07-29T00:37:30.942529+00:00,16.91215,72.71625,Arabian Sea,1.3011,8.1203,227.1
2025-01-09T15:39:22.876485+00:00,12.44023,60.7124,Arabian Sea,1.5412,8.1985,222.07
2025-12-15T18:38:48.808273+00:00,-3.11886,62.05218,Indian Ocean,1.7853,9.4371,282.73
2023-12-14T14:39:50.559842+00:00,13.97392,95.5313,Bay of Bengal,1.7376,9.0459,203.88
2024-03-12T01:27:35.913987+00:00,22.59042,86.95513,Indian Ocean,2.2596,9.5096,127.14
2025-05-29T00:52:19.948128+00:00,9.00631,64.45598,Arabian Sea,2.0486,8.8367,146.21
2025-03-18T12:18:48.138175+00:00,19.57275,96.98458,Bay of Bengal,2.422,9.8048,166.94
2024-07-21T08:38:34.133329+00:00,-1.13008,88.236,Indian Ocean,1.4764,8.3929,272.16
2024-09-11T04:53:38.617948+00:00,21.54242,94.66568,Bay of Bengal,2.1984,9.8801,269.0
2023-10-12T05:54:39.206411+00:00,22.8605,75.06896,Arabian Sea,2.796,8.7127,259.8
2025-12-27T06:08:02.697984+00:00,-2.53017,74.4608,Indian Ocean,1.3521,7.1031,245.17
2025-05-05T14:52:57.587358+00:00,22.65667,63.92391,Arabian Sea,1.8079,7.8413,169.29
2024-11-26T01:10:18.557902+00:00,2.82528,88.13062,Indian Ocean,1.9126,9.6006,245.23
2025-11-17T02:13:20.693839+00:00,6.66419,67.36595,Arabian Sea,2.3406,9.9533,237.71
2024-05-03T05:19:20.159081+00:00,0.71208,73.09254,Indian Ocean,2.1997,9.2418,200.89
2023-12-08T22:29:32.247732+00:00,21.0756,66.44989,Arabian Sea,1.8857,8.1525,251.74
2024-07-10T08:07:55.096723+00:00,20.44472,91.48834,Bay of Bengal,1.6661,9.368,271.46
2024-04-07T20:32:26.495884+00:00,-3.98773,97.55878,Indian Ocean,2.2093,8.4163,164.42
2023-02-09T16:50:39.704912+00:00,-2.06794,89.09428,Indian Ocean,2.1983,9.387,171.06
2023-05-02T05:39:17.655211+00:00,-4.6679,97.15427,Indian Ocean,2.6523,10.3519,200.59
2023-04-10T03:03:21.891446+00:00,-3.67733,71.80825,Indian Ocean,1.9877,8.8667,208.39
2023-03-25T21:46:00.167991+00:00,7.81577,69.64281,Arabian Sea,2.3652,8.6574,187.23
2023-04-06T19:07:41.742641+00:00,0.08269,81.86611,Indian Ocean,1.8221,8.6089,168.29
2025-03-26T17:35:02.979191+00:00,6.06431,85.90432,Bay of Bengal,2.332,8.419,170.39
2024-07-22T06:14:11.836107+00:00,18.0196,65.04235,Arabian Sea,1.6201,8.7926,198.18
2023-12-15T22:51:25.076836+00:00,16.25621,94.01523,Bay of Bengal,1.9954,7.7426,199.82
2024-02-17T20:02:27.679601+00:00,7.03309,87.01312,Bay of Bengal,2.3498,7.9323,163.53
2023-04-22T07:26:09.731925+00:00,11.86133,96.46709,Bay of Bengal,1.8824,9.8171,221.22
2025-09-06T04:04:08.017530+00:00,-3.39403,96.26168,Indian Ocean,2.2208,9.1281,281.97
2024-02-21T23:46:52.224272+00:00,2.24444,95.47042,Andaman Sea,1.676,8.1662,165.31
2023-09-24T04:55:48.486993+00:00,10.9296,75.97519,Arabian Sea,1.6659,8.7918,277.87
2025-04-06T12:19:04.915374+00:00,15.72907,60.10657,Arabian Sea,1.8671,9.7073,198.95
2023-12-23T02:39:40.245700+00:00,7.08342,74.38642,Arabian Sea,2.0398,10.2675,281.99
2024-04-01T14:50:53.175236+00:00,23.48647,82.80033,Indian Ocean,2.0279,8.6537,160.21
2024-11-14T15:51:39.684394+00:00,-4.19464,72.18109,Indian Ocean,2.333,9.1005,252.26
2025-07-29T13:09:23.721212+00:00,13.64855,87.08885,Bay of Bengal,2.0844,9.0081,256.98
2024-07-17T01:09:27.713801+00:00,5.88023,97.26805,Bay of Bengal,1.8034,7.7016,277.63
2025-06-30T22:11:46.101905+00:00,22.25181,92.37302,Indian Ocean,0.9493,8.2521,200.67
2024-10-01T22:53:57.732823+00:00,-1.43042,72.86789,Indian Ocean,2.2912,8.4051,304.07
2023-07-13T20:34:51.592380+00:00,11.42677,95.15302,Bay of Bengal,1.6822,8.1893,226.61
2023-01-19T11:35:52.056781+00:00,21.60266,85.72888,Bay of Bengal,1.7132,9.4395,195.2
2025-12-20T23:43:52.902950+00:00,6.91329,62.52123,Arabian Sea,1.2591,8.7742,261.42
2023-02-03T00:11:05.546360+00:00,17.97836,71.67742,Arabian Sea,1.5751,8.6658,198.07
2024-08-04T07:30:17.714716+00:00,19.84467,93.37316,Bay of Bengal,1.7491,8.8085,296.23
2025-03-31T20:59:48.092221+00:00,4.25283,81.85163,Indian Ocean,1.7024,8.3649,204.39
2023-03-13T21:11:21.828920+00:00,-1.83173,74.92529,Indian Ocean,2.0168,8.8255,147.09
2024-10-30T08:08:40.589362+00:00,18.91202,82.01716,Bay of Bengal,1.9641,8.7965,266.58
2025-09-22T13:53:55.372466+00:00,13.1611,86.19633,Bay of Bengal,2.2924,9.5858,299.6
2024-12-02T22:26:41.142431+00:00,15.04827,83.64987,Bay of Bengal,2.2951,9.6595,254.57
2024-03-03T00:36:45.209569+00:00,14.83585,65.55648,Arabian Sea,2.4136,7.1871,207.12
2023-03-09T10:25:59.618511+00:00,11.52871,71.73725,Arabian Sea,2.2941,9.5063,151.8
2024-01-19T06:04:45.974703+00:00,11.91008,75.30369,Arabian Sea,1.9281,9.8712,179.53
2023-08-24T04:36:18.388015+00:00,18.97951,99.95445,Bay of Bengal,1.3317,8.7145,255.53
2023-06-05T19:44:30.621324+00:00,15.99944,87.26267,Bay of Bengal,2.0567,9.3338,234.07
2023-09-16T03:43:29.358786+00:00,17.04247,60.71596,Arabian Sea,2.531,10.0999,212.65
2025-09-01T22:30:59.144358+00:00,-1.36254,98.10703,Andaman Sea,1.7641,7.9513,268.82
2023-09-28T18:33:26.639268+00:00,10.96768,85.03953,Bay of Bengal,2.5697,8.1213,278.5
2023-11-30T02:19:15.986574+00:00,7.57767,81.00847,Bay of Bengal,1.8214,8.6207,229.28
2023-09-13T15:40:30.836778+00:00,3.78477,80.70307,Indian Ocean,2.0362,9.2474,262.91
2025-02-23T13:45:23.108483+00:00,19.43204,87.23796,Bay of Bengal,1.7027,7.4051,151.86
2023-06-26T07:11:29.072900+00:00,-2.18939,65.7135,Indian Ocean,1.2768,8.1555,205.01
2023-09-13T00:30:44.449111+00:00,16.33183,93.76621,Bay of Bengal,1.7698,7.6845,276.04
2023-12-24T03:40:20.213989+00:00,-4.02729,71.94093,Indian Ocean,1.3813,8.204,224.21
2025-02-06T18:55:52.628147+00:00,4.6787,63.6435,Indian Ocean,1.4671,7.8879,211.42
2025-06-15T13:37:32.040675+00:00,0.79793,64.38927,Indian Ocean,1.5192,7.5602,156.25
2023-08-21T17:27:26.140053+00:00,6.84935,90.42599,Bay of Bengal,2.1085,6.717,281.05
2023-08-01T13:06:37.744119+00:00,3.83377,76.93904,Indian Ocean,1.5951,6.512,282.81
2025-12-05T01:28:24.370114+00:00,-2.33324,95.3902,Indian Ocean,1.6552,9.887,223.41
2025-02-02T23:32:07.547891+00:00,15.65099,89.96951,Bay of Bengal,2.0967,8.1937,165.3
2023-10-07T00:20:48.974824+00:00,22.24897,95.67406,Indian Ocean,2.0726,9.2955,271.67
2023-03-07T17:08:54.687877+00:00,8.55208,64.87989,Arabian Sea,2.8928,10.2546,192.52
2024-09-25T14:47:17.426477+00:00,7.64461,87.37672,Bay of Bengal,2.2427,8.5889,245.79
2024-03-10T14:24:56.222242+00:00,12.2339,65.43293,Arabian Sea,1.9984,8.838,192.55
2023-08-09T12:39:08.167973+00:00,-1.77488,69.16792,Indian Ocean,2.005,7.973,252.89
2025-05-07T05:42:59.215412+00:00,0.48291,74.92006,Indian Ocean,1.8684,10.868,193.3
2023-05-04T15:35:03.574528+00:00,17.06622,96.08445,Bay of Bengal,1.662,8.2828,162.01
2025-03-28T15:20:01.242250+00:00,8.93845,94.64795,Bay of Bengal,2.3284,9.5465,180.85
2024-05-30T13:09:09.975572+00:00,11.76385,64.57454,Arabian Sea,2.2239,8.3599,185.66
2025-03-20T00:52:27.250679+00:00,13.42746,91.18356,Bay of Bengal,1.9512,7.2074,181.17
2023-05-06T08:29:11.397882+00:00,12.92393,73.2959,Arabian Sea,1.5909,7.6974,170.65
2024-05-13T00:13:20.900442+00:00,16.33394,77.63268,Arabian Sea,1.8915,8.7568,195.16
2025-06-06T22:06:39.954935+00:00,13.81654,64.37914,Arabian Sea,1.2029,8.141,198.33
2025-08-15T04:28:21.938926+00:00,17.38761,83.19714,Bay of Bengal,1.511,7.6155,274.34
2025-01-06T02:45:12.044911+00:00,12.95606,92.24102,Bay of Bengal,2.0124,9.1117,189.33
2024-12-31T08:39:39.427047+00:00,9.43208,93.22311,Bay of Bengal,1.6639,6.9027,220.67
2024-09-13T12:17:03.387210+00:00,10.23659,89.88555,Bay of Bengal,2.2356,8.5687,225.38
2023-10-25T22:39:14.440711+00:00,23.5228,67.01358,Arabian Sea,2.2796,9.4401,255.66
2024-07-11T21:10:02.628637+00:00,19.02039,78.69479,Bay of Bengal,1.3399,8.9549,214.03
2024-02-09T09:05:50.058527+00:00,-4.08217,71.86947,Indian Ocean,1.9999,9.1979,198.63
2024-01-17T12:09:19.119078+00:00,17.08765,61.46027,Arabian Sea,2.1827,8.9159,227.25
2025-01-22T01:02:19.335748+00:00,17.35025,69.83616,Arabian Sea,1.5028,7.8309,242.93
2025-06-24T19:41:13.328218+00:00,17.70906,80.14482,Bay of Bengal,1.5647,6.3784,196.81
2025-09-08T21:51:12.734043+00:00,7.94018,67.70335,Arabian Sea,1.9858,11.0024,235.67
2023-01-16T23:45:47.044974+00:00,23.7346,96.48619,Indian Ocean,1.7169,8.6594,189.08
2024-03-03T08:34:51.615400+00:00,8.89127,63.79073,Arabian Sea,1.9598,9.0685,191.52
2025-10-04T03:22:42.150662+00:00,13.08223,70.27959,Arabian Sea,2.5016,9.0804,263.05
2023-10-23T11:36:26.823097+00:00,-4.0444,71.43516,Indian Ocean,1.8523,8.2392,271.77
2025-06-12T04:52:38.905901+00:00,7.03714,69.54274,Arabian Sea,1.7101,8.5356,179.46
2024-11-10T12:08:31.053665+00:00,-1.23917,79.11935,Indian Ocean,2.3392,10.1056,269.84
2024-06-18T15:24:56.262099+00:00,4.88344,90.31547,Andaman Sea,1.8289,7.3332,237.85
2024-11-17T11:15:38.024788+00:00,12.42398,64.36982,Arabian Sea,1.5362,7.8906,280.8
2024-05-05T18:45:05.334371+00:00,20.25152,87.8847,Bay of Bengal,1.9394,8.3624,200.59
2024-08-15T10:50:01.866947+00:00,7.7206,92.25448,Bay of Bengal,2.2427,10.3304,288.32
2024-01-29T12:29:46.160610+00:00,-0.84002,74.82565,Indian Ocean,0.7526,6.8813,192.21
2025-10-17T00:53:36.704328+00:00,9.77245,79.61091,Bay of Bengal,2.1861,8.9724,255.47
2025-08-30T02:23:37.580255+00:00,13.6347,65.8881,Arabian Sea,1.879,8.5133,246.74
2024-04-04T23:31:32.094057+00:00,8.18726,73.52727,Arabian Sea,1.7188,8.138,187.85
2023-03-14T10:04:19.468995+00:00,-3.3751,72.57484,Indian Ocean,1.9944,8.4638,165.2
2024-08-29T05:26:27.585316+00:00,15.1201,95.50361,Bay of Bengal,2.0744,8.8074,277.03
2024-08-04T23:44:15.085653+00:00,0.95381,73.05163,Indian Ocean,2.3774,8.4781,242.22
2025-06-23T15:03:40.366774+00:00,19.64642,82.32879,Bay of Bengal,1.1498,8.3249,231.23
2023-02-11T14:59:36.340456+00:00,2.13831,97.77602,Andaman Sea,1.4905,7.6295,147.66
2024-02-06T12:07:32.739305+00:00,2.77727,70.58885,Indian Ocean,1.9039,9.0452,220.71
2023-12-17T10:03:38.241473+00:00,18.29171,89.38522,Bay of Bengal,2.1066,8.4074,205.06
2024-05-21T00:05:51.427600+00:00,19.60172,77.8526,Arabian Sea,2.2575,9.2376,181.98
2024-08-26T08:31:01.262334+00:00,19.81687,82.20887,Bay of Bengal,2.0013,8.9439,243.39
2025-07-10T00:49:00.741958+00:00,18.02248,83.65127,Bay of Bengal,1.3851,8.7405,241.73
2025-08-20T15:00:39.463175+00:00,5.4243,83.24702,Bay of Bengal,2.2608,10.6752,266.57
2024-08-24T09:11:25.795909+00:00,-0.74947,87.00518,Indian Ocean,1.695,7.6322,276.62
2023-08-11T16:37:11.455184+00:00,14.26424,85.38181,Bay of Bengal,2.1089,8.0334,235.82
2023-05-09T23:58:20.436632+00:00,7.5997,64.22818,Arabian Sea,2.5023,10.0729,164.2
2025-06-17T12:34:41.811214+00:00,10.62471,65.43397,Arabian Sea,1.8239,8.9066,189.47
2024-10-31T16:53:01.982692+00:00,16.68099,85.33495,Bay of Bengal,2.2599,9.3203,243.12
2025-02-08T07:47:48.386036+00:00,-4.90078,79.93976,Indian Ocean,1.6183,8.2348,200.03
2024-01-27T02:21:31.288344+00:00,-1.08192,63.96295,Indian Ocean,1.8651,9.0015,214.05
2024-06-10T19:08:05.155892+00:00,7.9773,88.93862,Bay of Bengal,1.6242,8.5526,210.44
2025-09-14T07:43:15.192954+00:00,17.52201,91.14212,Bay of Bengal,2.0025,10.3183,275.67
2024-07-21T12:11:41.697232+00:00,20.68177,96.52596,Bay of Bengal,1.9371,9.4462,286.78
2025-10-28T20:12:27.629974+00:00,6.18938,83.17865,Bay of Bengal,2.3603,9.7737,265.34
2025-03-01T09:56:20.620726+00:00,14.11197,75.25064,Arabian Sea,2.5387,9.0057,194.1
2023-01-07T06:25:16.641251+00:00,6.93341,87.34953,Bay of Bengal,1.6914,9.1843,201.89
2023-03-22T11:07:40.848536+00:00,17.1458,76.2552,Arabian Sea,2.1052,8.1188,186.06
2025-01-19T01:38:34.441716+00:00,21.44548,68.79462,Arabian Sea,1.6672,9.1089,231.79
2025-01-28T18:29:36.036777+00:00,7.4298,71.28014,Arabian Sea,3.0202,9.7933,179.16
2023-08-20T13:30:24.142979+00:00,2.13368,63.69264,Indian Ocean,2.5228,9.3634,253.84
2024-08-13T06:06:37.825757+00:00,18.50849,80.01052,Bay of Bengal,1.853,7.9263,276.83
2024-06-14T07:28:49.087349+00:00,18.45868,95.36075,Bay of Bengal,1.9698,9.7776,233.28
2025-08-19T05:32:01.307312+00:00,11.77056,96.29431,Bay of Bengal,1.7253,8.0496,260.43
2023-02-12T23:15:00.363476+00:00,18.01078,64.42939,Arabian Sea,1.5555,8.6891,210.43
2023-06-28T21:32:53.884504+00:00,4.79134,83.92048,Indian Ocean,1.321,7.5849,262.01
2024-04-13T01:19:46.393769+00:00,3.43025,64.07885,Indian Ocean,1.9083,8.7364,153.8
2023-10-01T03:00:49.313022+00:00,8.40036,87.25154,Bay of Bengal,2.0343,8.7792,293.82
2024-07-03T08:20:10.235076+00:00,22.75737,76.62051,Arabian Sea,1.5416,6.9954,203.94
2023-04-22T15:40:21.334252+00:00,-1.59866,99.38946,Andaman Sea,2.1427,10.5151,200.96
2025-08-17T03:21:27.851298+00:00,9.88523,92.11172,Bay of Bengal,2.1643,8.2489,295.58
2025-01-01T15:56:26.826368+00:00,-0.52872,92.50414,Andaman Sea,1.5289,9.2902,200.18
2023-11-20T14:46:05.902436+00:00,16.3221,75.66508,Arabian Sea,2.7267,8.3312,251.19
2023-11-22T02:56:01.510491+00:00,-2.24477,70.68849,Indian Ocean,1.7587,9.7596,252.4
2025-05-09T04:39:26.131022+00:00,7.49579,60.73938,Arabian Sea,2.2418,10.6584,152.6
2025-07-01T00:39:10.021210+00:00,18.29215,75.9532,Arabian Sea,2.1976,9.5857,219.49
2024-12-14T08:25:45.392558+00:00,9.139,86.79604,Bay of Bengal,1.758,10.1745,239.05
2025-05-23T01:51:27.818076+00:00,3.09258,62.81705,Indian Ocean,1.817,9.2991,168.31
2023-02-04T03:01:47.913191+00:00,0.67375,98.59359,Andaman Sea,1.519,9.3147,154.46
2023-05-30T02:47:08.311662+00:00,3.39055,90.00809,Andaman Sea,1.6703,7.8851,213.68
2024-05-24T06:28:26.090052+00:00,17.36232,94.50229,Bay of Bengal,2.0397,6.9701,226.08
2024-02-04T10:43:38.961312+00:00,16.12924,79.02569,Bay of Bengal,2.1092,8.6057,163.25
2024-03-13T15:21:04.811604+00:00,2.68079,82.48931,Indian Ocean,2.0674,9.3235,137.04
2024-03-28T00:04:05.100432+00:00,17.8468,77.12803,Arabian Sea,2.141,8.2019,159.51
2025-07-29T01:16:24.848434+00:00,7.13473,89.55694,Bay of Bengal,1.8544,8.0239,251.73
2025-03-27T04:54:14.550249+00:00,23.55936,65.65187,Arabian Sea,2.6865,9.2078,161.73
2024-12-26T22:57:22.289605+00:00,13.75598,68.99103,Arabian Sea,1.5197,7.5922,270.74
2025-02-08T17:53:14.060125+00:00,22.02376,85.22667,Indian Ocean,1.9585,10.0176,213.55
2023-01-12T20:34:30.384459+00:00,9.5221,83.71628,Bay of Bengal,1.8191,8.9802,196.39
2023-07-24T13:03:04.769956+00:00,16.67354,74.98819,Arabian Sea,1.941,9.0649,230.92
2024-02-23T06:19:28.181258+00:00,-4.25231,76.16214,Indian Ocean,2.1704,9.0191,161.91
2024-08-03T16:39:31.927506+00:00,22.67172,95.76355,Indian Ocean,2.0921,7.8462,286.26
2025-12-15T01:16:57.625464+00:00,3.4796,83.77372,Indian Ocean,1.5832,8.8809,202.31
2023-12-20T04:06:47.443321+00:00,-1.67686,65.70889,Indian Ocean,1.8308,9.5757,249.42
2025-02-05T07:47:02.339028+00:00,17.70586,60.54314,Arabian Sea,2.0236,8.8965,240.85
2025-04-15T17:35:46.561870+00:00,1.23237,85.19376,Indian Ocean,2.134,8.2659,167.65
2023-12-14T06:00:55.306707+00:00,0.63675,81.05419,Indian Ocean,1.7254,7.264,231.48
2023-07-07T14:58:21.991182+00:00,5.3555,84.75467,Bay of Bengal,1.5751,7.7205,239.54
2025-02-16T11:42:06.694692+00:00,18.34151,61.93633,Arabian Sea,1.8512,10.0552,183.02
2024-02-20T04:37:31.877505+00:00,22.91136,98.36895,Indian Ocean,1.8644,8.4113,154.2
2023-08-06T16:32:04.266032+00:00,8.29715,80.8161,Bay of Bengal,1.8439,8.0892,258.94
2025-12-01T01:12:14.989700+00:00,16.99059,76.37767,Arabian Sea,1.5077,8.2432,279.06
2023-02-26T12:05:09.556543+00:00,22.05426,94.93729,Indian Ocean,1.5528,7.8684,152.26
2025-12-31T01:34:22.107514+00:00,-4.54422,77.24151,Indian Ocean,1.0916,7.4527,200.12
2024-12-25T13:21:51.415079+00:00,7.83901,92.19328,Bay of Bengal,1.5956,9.8192,204.27
2025-02-02T17:45:18.409680+00:00,-3.36086,73.07105,Indian Ocean,1.6804,8.7479,214.91
2025-04-30T12:48:28.991788+00:00,-4.25767,83.54519,Indian Ocean,2.2412,8.3618,157.29
2023-05-17T14:36:20.340669+00:00,23.45297,69.99889,Arabian Sea,2.362,11.4286,154.67
2025-08-23T03:13:41.335552+00:00,0.21616,70.40071,Indian Ocean,2.0389,9.0265,256.03
2025-12-16T19:09:04.554833+00:00,21.79216,88.8256,Bay of Bengal,1.7582,8.7818,218.01
2024-02-05T20:39:44.945161+00:00,20.74555,90.54759,Bay of Bengal,2.1726,7.3629,156.33
2025-05-11T23:43:49.048821+00:00,22.2087,64.84857,Arabian Sea,2.3867,8.8873,163.39
2024-01-02T16:25:05.465968+00:00,10.475,77.45485,Arabian Sea,1.6079,10.2034,229.86
2023-04-18T10:11:58.049310+00:00,0.04818,60.31393,Indian Ocean,1.8694,8.5422,185.82
2024-07-17T23:22:55.432973+00:00,-2.46744,77.77696,Indian Ocean,1.1847,7.8943,263.4
2025-08-24T00:52:26.860073+00:00,1.70505,60.94205,Indian Ocean,1.4024,7.9623,225.2
2025-05-17T04:09:12.410887+00:00,18.58614,92.02516,Bay of Bengal,2.6018,10.6885,223.34
2025-07-27T22:55:23.966480+00:00,15.39806,71.85707,Arabian Sea,1.8937,8.3287,250.43
2024-01-09T16:33:41.341261+00:00,21.01345,61.77156,Arabian Sea,1.705,9.203,241.97
2024-07-21T07:39:24.816202+00:00,0.24673,91.75252,Andaman Sea,1.7153,8.3602,250.61
2025-05-02T02:28:44.240925+00:00,23.27467,95.39841,Indian Ocean,1.8584,6.4562,210.06
2025-07-26T09:42:46.961529+00:00,14.27711,64.8687,Arabian Sea,2.3549,9.1165,190.28
2024-01-18T02:47:30.916929+00:00,20.87972,90.19828,Bay of Bengal,2.1226,10.047,197.01
2025-02-02T21:47:18.736767+00:00,-4.36728,80.70593,Indian Ocean,1.7271,8.5313,206.07
2023-08-22T09:33:12.438832+00:00,5.28479,97.55102,Bay of Bengal,1.5244,9.587,270.57
2024-07-25T12:02:43.601259+00:00,21.78446,75.73786,Arabian Sea,1.9819,8.2565,232.6
2024-04-20T05:34:16.965051+00:00,11.29526,77.65811,Arabian Sea,2.4186,9.8745,171.2
2025-06-07T10:51:43.829082+00:00,1.50442,89.53091,Indian Ocean,1.5326,8.2617,216.32
2024-08-29T03:32:47.698899+00:00,-3.67582,73.60204,Indian Ocean,1.9879,8.1327,290.27
2023-06-17T20:49:05.741127+00:00,11.25542,84.53951,Bay of Bengal,1.9595,7.8349,223.31
2023-02-06T05:20:35.387192+00:00,3.80582,90.10216,Andaman Sea,1.4591,7.7282,185.82
2023-07-15T22:02:29.560799+00:00,22.06409,61.63196,Arabian Sea,2.0351,10.3493,220.29
2024-05-26T17:50:31.419169+00:00,23.51841,70.70892,Arabian Sea,1.423,9.6966,176.77
2025-08-14T23:59:11.239458+00:00,13.43005,71.70703,Arabian Sea,1.9625,8.1129,235.29
2024-06-21T09:34:12.548195+00:00,16.94067,74.18529,Arabian Sea,2.1447,8.5327,172.87
2025-02-28T04:25:49.298440+00:00,10.26782,68.04205,Arabian Sea,2.5195,8.1949,172.49
2025-01-27T02:50:30.863748+00:00,3.16967,90.60229,Andaman Sea,1.9716,8.9588,164.68
2023-03-03T05:12:54.493741+00:00,-1.80901,89.38591,Indian Ocean,2.1956,10.2188,144.9
2023-07-23T07:33:13.070215+00:00,4.46994,99.83422,Andaman Sea,1.5001,9.7722,287.91
2025-01-29T11:49:35.001364+00:00,4.93167,80.19743,Indian Ocean,1.3318,9.2846,239.03
2024-07-29T17:32:27.918362+00:00,19.82144,71.09288,Arabian Sea,2.316,9.8655,213.82
2023-04-12T22:14:54.292137+00:00,2.88492,85.79775,Indian Ocean,1.9813,7.3651,186.24
2024-12-07T10:44:52.392042+00:00,6.93668,60.61381,Arabian Sea,1.9493,8.4621,280.63
2024-08-08T16:05:27.819474+00:00,18.36555,71.37399,Arabian Sea,2.0692,9.8483,205.37
2024-07-16T23:42:07.468588+00:00,3.31671,62.81066,Indian Ocean,0.8946,7.1198,217.86
2023-05-06T02:33:52.756113+00:00,5.22102,98.66257,Bay of Bengal,2.7123,9.9099,212.97
2025-04-13T05:53:00.055458+00:00,19.74818,77.08204,Arabian Sea,1.8728,8.6765,143.55
2025-02-10T06:41:37.431602+00:00,21.72792,70.80408,Arabian Sea,1.8287,7.3179,183.4
2025-12-04T10:37:09.978068+00:00,-0.79335,96.85233,Andaman Sea,1.8262,9.6792,215.63
2023-09-11T01:21:31.956566+00:00,19.63414,99.13728,Bay of Bengal,1.9833,8.4149,258.89
2024-11-12T18:51:31.968919+00:00,7.15765,68.81436,Arabian Sea,2.0106,7.8697,276.75
2023-10-19T04:27:02.381426+00:00,7.15293,76.88849,Arabian Sea,2.4271,9.3483,249.53
2025-01-17T08:21:12.695659+00:00,20.79456,73.87258,Arabian Sea,2.0581,9.8208,232.23
2024-02-27T15:31:37.664430+00:00,-1.58539,64.07921,Indian Ocean,1.9212,7.9905,201.52
2023-03-06T12:07:22.237148+00:00,19.7254,76.03974,Arabian Sea,2.4544,10.1201,172.29
2025-10-17T00:00:14.447135+00:00,17.74179,67.9196,Arabian Sea,2.1654,8.7048,269.64
2025-10-24T20:36:54.247906+00:00,4.82302,70.08663,Indian Ocean,2.3293,8.7225,271.54
2024-04-04T14:03:37.006591+00:00,4.77738,84.90791,Indian Ocean,1.8694,10.0865,161.07
2024-02-14T22:43:31.702957+00:00,12.85678,99.01354,Bay of Bengal,1.9928,10.3293,158.54
2024-11-21T18:20:24.947108+00:00,0.11137,66.94203,Indian Ocean,1.8891,8.598,281.2
2024-06-24T14:38:48.581583+00:00,-4.27915,83.31438,Indian Ocean,1.1496,7.3467,218.65
2024-06-27T02:42:00.785567+00:00,21.42749,77.80081,Arabian Sea,2.2075,8.9965,213.01
2025-08-21T01:29:51.165050+00:00,18.44154,62.0978,Arabian Sea,1.9942,8.5202,238.19
2023-04-16T23:34:22.934908+00:00,19.8294,70.1701,Arabian Sea,2.2983,9.7107,191.62
2025-07-22T22:19:11.254542+00:00,-0.87912,97.94853,Andaman Sea,1.3637,7.057,306.81
2023-07-25T03:56:08.797535+00:00,21.35124,88.09755,Bay of Bengal,1.8988,8.0955,269.13
2024-01-20T07:36:31.634323+00:00,-3.42634,87.59606,Indian Ocean,1.6082,7.9506,158.5
2024-02-20T07:39:55.818227+00:00,-1.63065,98.22425,Andaman Sea,1.7193,8.5689,191.5
2024-06-02T15:07:06.825741+00:00,16.44093,63.79211,Arabian Sea,2.2409,9.6996,147.34
2023-05-19T23:56:35.095560+00:00,13.50147,86.14256,Bay of Bengal,1.9447,7.4539,186.79
2025-01-07T14:48:44.069608+00:00,14.6838,78.00117,Bay of Bengal,1.382,9.3973,223.83
2023-11-14T18:35:30.763066+00:00,3.77147,82.23359,Indian Ocean,2.1321,9.3749,224.85
2023-04-18T04:46:51.688779+00:00,-1.1345,76.31637,Indian Ocean,1.3464,8.8861,181.12
2024-11-19T06:25:43.363616+00:00,17.42826,83.9249,Bay of Bengal,1.8173,6.5447,227.16
2025-12-19T06:36:15.052351+00:00,15.60763,79.5374,Bay of Bengal,1.4716,7.2677,221.54
2025-05-10T21:44:04.105482+00:00,15.32737,89.15836,Bay of Bengal,1.974,9.3287,211.33
2024-09-03T21:17:00.559099+00:00,21.90655,72.71829,Arabian Sea,2.0731,9.415,264.54
2025-03-04T12:53:49.710621+00:00,8.04566,68.68088,Arabian Sea,2.1375,10.3033,189.04
2024-05-15T05:22:55.623019+00:00,0.64334,69.45412,Indian Ocean,1.6703,8.9481,187.38
2025-11-29T11:12:04.018826+00:00,0.42063,68.65733,Indian Ocean,2.01,7.7728,254.82
2023-12-29T07:39:16.018134+00:00,-2.55996,74.59418,Indian Ocean,1.56,7.7017,222.13
2025-12-18T12:19:24.953826+00:00,-1.84433,99.16252,Andaman Sea,1.9305,7.2332,196.86
2024-06-17T02:22:57.960109+00:00,2.07262,93.30291,Andaman Sea,1.3964,8.9083,278.7
2024-05-05T19:40:23.764931+00:00,0.06852,62.01572,Indian Ocean,2.4801,8.85,149.3
2025-04-30T10:09:22.557571+00:00,-2.75681,66.25918,Indian Ocean,2.1156,8.781,170.15
2024-11-01T07:45:22.506476+00:00,-1.39363,94.64365,Andaman Sea,1.6543,8.2956,223.53
2025-09-15T06:49:30.322846+00:00,3.4586,68.09139,Indian Ocean,1.9232,10.8153,248.69
2025-11-12T02:05:42.183292+00:00,6.93372,85.87358,Bay of Bengal,2.1537,9.3505,217.6
2024-12-28T18:37:34.330995+00:00,18.79578,97.75736,Bay of Bengal,1.6818,8.1676,161.06
2023-08-12T00:24:04.226177+00:00,17.41167,90.66532,Bay of Bengal,2.0732,9.5361,287.15
2025-03-06T09:46:36.770410+00:00,21.75696,97.18866,Bay of Bengal,2.4048,9.5568,159.95
2025-06-16T14:06:13.207953+00:00,14.69229,73.73228,Arabian Sea,1.4759,7.483,163.74
2025-11-05T18:50:52.373274+00:00,16.55135,65.84647,Arabian Sea,1.9011,8.2429,294.28
2024-08-03T16:44:55.983474+00:00,14.85027,96.9429,Bay of Bengal,1.6755,9.6366,255.99
2024-02-04T19:09:01.587900+00:00,15.03473,69.77009,Arabian Sea,1.5452,7.3763,225.76
2024-06-23T23:25:08.826583+00:00,14.72108,97.00539,Bay of Bengal,1.5878,8.2718,271.5
2023-11-10T15:19:06.196608+00:00,0.49028,90.65866,Andaman Sea,1.8236,7.5154,236.05
2025-11-04T03:19:17.020848+00:00,0.72785,78.40422,Indian Ocean,1.9163,8.9295,289.12
2024-10-10T18:19:33.726300+00:00,0.97663,60.28425,Indian Ocean,2.0858,7.2535,272.07
2025-10-14T20:06:59.361116+00:00,15.46258,61.92568,Arabian Sea,2.4198,7.9485,266.99
2025-01-17T12:30:56.270431+00:00,2.12761,75.10009,Indian Ocean,1.3031,6.462,208.82
2024-06-10T05:06:21.481296+00:00,12.50095,81.17372,Bay of Bengal,1.4304,7.8991,208.31
2024-02-19T15:14:01.498310+00:00,-2.20139,78.6058,Indian Ocean,1.5902,8.6041,176.45
2025-01-30T06:23:06.641969+00:00,22.70044,68.31278,Arabian Sea,2.0462,8.2239,184.15
2023-02-08T10:10:03.177303+00:00,18.73029,96.51718,Bay of Bengal,1.5965,8.8608,161.84
2025-02-14T08:47:49.554702+00:00,3.96923,98.54743,Andaman Sea,1.8248,9.0317,146.61
2025-03-05T07:26:37.864761+00:00,17.4566,80.92816,Bay of Bengal,2.1791,9.1913,179.17
2023-06-25T08:07:25.332783+00:00,14.48606,61.72993,Arabian Sea,2.0814,8.1524,186.53
2024-05-10T04:29:42.078674+00:00,10.67013,73.60075,Arabian Sea,1.9126,7.6804,163.44
2025-12-20T11:40:21.764446+00:00,-4.69293,65.33105,Indian Ocean,1.4017,7.6528,245.83
2024-11-21T12:53:00.545419+00:00,7.19439,67.1585,Arabian Sea,1.9473,9.011,243.47
2025-04-14T05:33:42.357749+00:00,12.18292,93.95468,Bay of Bengal,2.0522,9.5504,180.19
2023-08-03T20:38:56.684728+00:00,15.67672,98.65933,Bay of Bengal,2.3419,8.6564,300.33
2024-07-03T16:29:15.653234+00:00,4.54802,79.05811,Indian Ocean,1.4476,8.9528,223.9
2023-06-24T23:48:50.785034+00:00,16.65585,92.47868,Bay of Bengal,1.383,7.7892,247.06
2023-05-17T00:24:44.960942+00:00,-1.30306,72.01288,Indian Ocean,1.7912,8.916,176.11
2023-10-20T06:14:48.401301+00:00,2.13642,68.83202,Indian Ocean,2.0934,9.988,255.25
2024-01-11T15:18:59.820732+00:00,-4.1308,62.95384,Indian Ocean,1.3569,8.4193,226.02
2025-09-14T08:29:19.123210+00:00,18.97888,74.14277,Arabian Sea,2.3081,8.4312,258.48
2025-10-12T00:00:41.752316+00:00,-0.22899,73.39173,Indian Ocean,2.1218,8.4996,276.28
2025-06-06T09:55:21.794780+00:00,-0.65516,78.89462,Indian Ocean,2.3456,10.1924,171.36
2024-04-19T08:04:25.005006+00:00,12.97612,62.44708,Arabian Sea,2.9147,10.5869,161.4
2024-11-24T01:46:23.650953+00:00,13.88489,68.46318,Arabian Sea,1.9632,8.7931,280.82
2023-03-24T10:15:58.027695+00:00,17.39547,68.42906,Arabian Sea,2.3834,8.6465,185.64
2024-08-26T12:29:45.659580+00:00,14.63654,64.31646,Arabian Sea,2.4076,8.4351,246.29
2025-01-01T17:59:01.895721+00:00,2.96075,74.19475,Indian Ocean,1.4656,7.9883,209.14
2024-06-24T11:23:35.369159+00:00,5.11148,88.27266,Bay of Bengal,1.2544,8.3179,242.59
2025-09-07T06:00:28.247983+00:00,2.29178,75.27278,Indian Ocean,2.0416,9.1848,261.36
2023-12-12T23:49:59.448228+00:00,21.1554,62.92603,Arabian Sea,1.7116,9.0571,249.29
2024-12-02T02:43:56.842667+00:00,12.68503,70.4407,Arabian Sea,2.5137,10.4541,253.49
2023-08-10T13:18:18.770270+00:00,19.27736,92.83745,Bay of Bengal,1.8724,9.6429,254.47
2024-06-26T23:44:45.318362+00:00,15.84414,60.5835,Arabian Sea,1.5942,7.9867,158.32
2024-01-26T17:02:28.557438+00:00,16.07921,80.22369,Bay of Bengal,1.7197,9.648,215.57
2025-02-23T01:33:44.889558+00:00,19.16927,68.59945,Arabian Sea,2.0794,8.9933,184.27
2023-07-23T23:03:55.987730+00:00,-2.38663,83.62702,Indian Ocean,2.0253,9.2833,269.7
2023-01-29T12:13:26.176024+00:00,6.00258,73.25566,Arabian Sea,1.9954,9.0849,182.3
2024-10-11T19:55:32.433677+00:00,-0.20774,84.66431,Indian Ocean,2.1676,8.4494,236.47
2024-08-12T08:07:42.575052+00:00,3.12609,64.8032,Indian Ocean,1.7556,8.8761,248.52
2023-03-30T21:26:47.145748+00:00,0.0787,73.34567,Indian Ocean,1.6834,7.2614,156.72
2024-09-25T09:55:24.242378+00:00,20.26518,70.91072,Arabian Sea,2.128,9.0824,235.71
2024-02-06T08:17:49.157819+00:00,17.52533,89.73725,Bay of Bengal,1.7146,8.878,163.16
2025-06-30T20:29:05.918295+00:00,2.8615,89.92143,Indian Ocean,1.7442,9.1589,250.79
2025-09-28T05:02:48.222716+00:00,17.11175,76.11628,Arabian Sea,2.3738,9.6957,280.04
2024-09-26T00:35:04.139876+00:00,16.28928,67.35008,Arabian Sea,2.3357,7.5504,299.0
2024-10-08T06:36:40.658981+00:00,23.91589,70.23333,Arabian Sea,1.8461,9.578,270.01
2025-07-30T23:20:29.692670+00:00,-1.52601,97.39706,Andaman Sea,1.9804,9.5959,277.33
2024-04-19T15:57:02.021670+00:00,18.93577,93.81113,Bay of Bengal,2.1821,9.4613,152.04
2023-02-28T19:23:41.524875+00:00,22.6701,86.24491,Indian Ocean,2.0765,8.2738,137.41
2024-03-04T14:33:42.674759+00:00,12.84273,72.819,Arabian Sea,2.5008,8.5304,180.72
2025-06-13T19:09:41.922874+00:00,2.19075,76.93729,Indian Ocean,1.6755,9.019,216.05
2023-07-14T12:07:57.859522+00:00,23.05309,82.35272,Indian Ocean,1.4796,7.4765,255.59
2025-09-25T00:04:53.174461+00:00,-4.0644,85.80945,Indian Ocean,1.9197,9.1611,277.22
2023-10-06T00:53:40.441030+00:00,8.5679,62.08539,Arabian Sea,1.7988,7.5964,285.63
2024-07-10T00:16:17.970975+00:00,3.10927,65.96777,Indian Ocean,1.6059,9.1215,191.56
2023-06-23T00:13:55.833761+00:00,0.13122,94.35022,Andaman Sea,1.3051,8.0464,242.02
2025-02-15T13:19:08.774537+00:00,12.46357,88.18177,Bay of Bengal,2.2452,9.2968,170.69
2024-09-13T16:49:14.061534+00:00,17.99634,77.55457,Arabian Sea,2.1304,8.5216,271.85
2024-03-30T22:40:19.810218+00:00,-0.75483,83.18998,Indian Ocean,2.087,9.6372,159.49
2025-07-13T23:27:25.983957+00:00,5.96134,70.79623,Arabian Sea,1.3851,7.7103,255.9
2023-07-10T04:00:57.656498+00:00,-4.0221,86.736,Indian Ocean,1.2635,8.2779,258.93
2025-10-20T21:08:20.303801+00:00,-0.27375,91.75224,Andaman Sea,2.3126,8.8503,252.54
2024-07-18T18:42:25.253420+00:00,12.73186,60.04765,Arabian Sea,1.868,7.4919,183.02
2024-09-10T09:58:40.304197+00:00,18.07892,81.55121,Bay of Bengal,2.4287,9.9347,278.42
2025-11-02T16:07:28.468830+00:00,13.4457,66.7941,Arabian Sea,2.0427,8.5149,281.72
2025-03-22T12:21:12.009297+00:00,10.06059,95.82065,Bay of Bengal,2.5532,9.6712,169.76
2024-08-20T15:03:24.445425+00:00,3.7227,64.97616,Indian Ocean,1.8997,8.7514,228.59
2023-11-25T21:02:41.693240+00:00,14.03489,79.01879,Bay of Bengal,1.3432,8.1129,277.3
2024-04-25T10:31:27.282269+00:00,17.29794,97.57058,Bay of Bengal,1.9148,8.4319,167.81
2024-05-23T21:25:36.911423+00:00,7.92827,86.58316,Bay of Bengal,2.2338,9.2407,200.31
2024-07-01T17:20:06.814313+00:00,6.99583,61.56951,Arabian Sea,1.2036,7.7244,208.74
2024-05-12T11:45:28.709936+00:00,-2.79165,99.6346,Indian Ocean,2.2681,9.9493,211.61
2024-04-01T18:20:38.240504+00:00,1.97239,95.20014,Andaman Sea,2.5117,10.1805,185.1
2024-03-11T19:35:12.657571+00:00,16.78927,79.75822,Bay of Bengal,2.2138,10.9969,193.36
2023-10-11T05:30:06.047658+00:00,15.38496,60.60826,Arabian Sea,2.4409,8.2073,259.21
2025-12-09T19:51:53.455081+00:00,12.95306,70.01235,Arabian Sea,2.1413,8.3964,269.63
2025-07-02T17:58:01.814708+00:00,1.10368,80.91976,Indian Ocean,1.398,7.9866,208.32
2024-04-05T05:16:22.155107+00:00,-4.74122,72.86759,Indian Ocean,2.5759,9.4696,164.53
2023-02-27T18:09:43.508297+00:00,23.6712,72.38002,Arabian Sea,2.1775,9.7128,168.25
2023-06-23T15:59:58.389697+00:00,16.17399,69.06761,Arabian Sea,1.8747,8.0183,153.4
2023-08-01T00:23:36.132061+00:00,11.64379,61.80123,Arabian Sea,1.5896,8.5423,227.98
2024-09-25T04:00:27.574496+00:00,21.53087,61.70245,Arabian Sea,2.7338,10.7149,285.68
2024-12-10T09:07:49.243719+00:00,4.58833,65.73784,Indian Ocean,1.845,8.5607,263.82
2024-09-22T19:54:14.170680+00:00,12.14401,88.08702,Bay of Bengal,2.2527,9.2431,268.68
2024-10-02T21:08:18.989191+00:00,4.53862,83.35503,Indian Ocean,2.2183,9.0778,267.97
2023-04-13T06:08:10.424343+00:00,13.0551,80.00917,Bay of Bengal,1.7903,9.6654,193.99
2023-12-02T15:41:03.919069+00:00,12.18394,85.90946,Bay of Bengal,1.9166,9.0737,221.02
2025-05-01T21:45:35.113579+00:00,7.02865,91.6324,Bay of Bengal,2.2539,8.7404,194.43
2023-01-07T08:11:38.188977+00:00,7.26527,72.99208,Arabian Sea,1.4568,7.8861,228.95
2024-01-05T12:12:33.772569+00:00,16.87956,88.54429,Bay of Bengal,1.6562,7.8329,170.32
2025-03-15T22:41:31.213164+00:00,-2.72933,75.76998,Indian Ocean,2.0913,8.2068,197.56
2025-03-29T16:00:54.682975+00:00,10.43739,63.83273,Arabian Sea,2.3141,8.8881,182.54
2025-11-16T16:21:33.859272+00:00,18.86462,60.35248,Arabian Sea,2.3682,8.3822,283.88
2024-08-07T01:59:13.077887+00:00,8.22981,61.51223,Arabian Sea,1.605,8.9227,217.62
2023-09-05T03:34:53.145220+00:00,16.39025,87.75014,Bay of Bengal,1.7214,8.1835,244.3
2023-08-05T07:41:02.955087+00:00,8.3063,75.83298,Arabian Sea,2.1647,8.9887,265.73
2025-03-23T22:52:29.938192+00:00,-4.87006,68.49793,Indian Ocean,2.2044,10.2563,157.58
2023-12-03T02:46:34.301712+00:00,6.77836,87.70304,Bay of Bengal,1.7852,8.6595,239.28
2025-03-29T10:50:13.267661+00:00,23.17329,79.50543,Indian Ocean,2.3335,8.0721,145.85
2025-01-30T13:21:20.741384+00:00,-1.4365,95.48545,Andaman Sea,1.5722,8.6394,172.7
2024-02-18T19:24:35.900039+00:00,3.30336,89.58121,Indian Ocean,1.8305,8.2862,158.16
2025-03-06T02:31:06.437599+00:00,1.79968,84.18551,Indian Ocean,1.7359,7.0777,161.81
2023-08-13T14:21:22.094658+00:00,11.34186,80.36652,Bay of Bengal,2.227,8.4673,274.28
2025-07-13T06:23:26.524558+00:00,23.73143,79.90177,Indian Ocean,1.4657,9.6774,235.81
2025-01-25T18:04:46.380853+00:00,7.91581,97.50273,Bay of Bengal,1.6337,7.406,171.29
2024-06-13T02:04:09.256935+00:00,8.07163,80.76225,Bay of Bengal,1.7613,9.4431,206.55
2024-02-26T08:03:13.890721+00:00,17.95138,76.71423,Arabian Sea,2.7723,8.6673,165.71
2023-09-18T02:52:14.208038+00:00,9.48874,74.04809,Arabian Sea,2.3878,9.4947,252.49
2023-02-12T23:32:19.522992+00:00,19.00317,73.17765,Arabian Sea,2.4517,8.813,176.31
2023-09-09T07:34:44.894173+00:00,21.15762,66.31739,Arabian Sea,2.5588,9.453,266.54
2024-06-05T08:57:10.953783+00:00,13.25329,75.66807,Arabian Sea,1.4434,8.5625,184.6
2024-05-25T04:08:13.415168+00:00,4.46938,62.67721,Indian Ocean,1.4726,8.8968,172.95
2025-03-18T10:23:02.841189+00:00,21.28581,92.34562,Bay of Bengal,2.3231,9.937,163.56
2025-12-05T08:11:49.727018+00:00,20.62744,60.12524,Arabian Sea,1.9972,9.0528,292.69
2023-07-29T23:42:25.246371+00:00,2.79393,82.17011,Indian Ocean,2.093,8.7654,231.43
2023-09-20T00:17:28.639564+00:00,9.68238,89.72085,Bay of Bengal,2.215,9.7006,272.24
2023-04-30T13:40:33.854521+00:00,17.29139,89.12699,Bay of Bengal,1.737,9.1886,197.43
2023-04-20T19:46:10.699371+00:00,17.09198,83.94172,Bay of Bengal,2.5843,8.5391,163.58
2024-12-15T17:05:19.099401+00:00,-0.32215,89.81794,Indian Ocean,1.4363,7.943,221.33
2025-12-18T08:48:13.307583+00:00,4.56828,69.65475,Indian Ocean,1.5729,8.5591,229.59
2025-07-07T08:06:01.605384+00:00,18.63,60.90585,Arabian Sea,1.6066,9.1549,196.69
2025-08-10T09:01:42.858321+00:00,-4.96884,79.34145,Indian Ocean,1.8572,8.7138,252.29
2024-10-25T08:46:44.033960+00:00,18.61218,87.53887,Bay of Bengal,1.9749,8.3871,256.49
2025-05-13T18:57:16.256098+00:00,13.87698,99.66489,Bay of Bengal,2.1495,8.5184,232.85
2024-09-21T07:53:08.979066+00:00,4.00095,87.07944,Indian Ocean,2.0216,8.4198,268.4
2024-02-28T18:56:59.183855+00:00,-0.15385,99.14433,Andaman Sea,2.1143,8.6329,173.93
2023-11-02T21:20:04.010268+00:00,15.78824,90.50278,Bay of Bengal,1.5534,8.5424,237.29
2023-02-18T14:43:36.012830+00:00,-3.6654,97.35165,Indian Ocean,2.6316,10.999,172.73
2024-05-05T19:32:11.191596+00:00,-3.80032,83.00043,Indian Ocean,1.7086,9.7282,159.17
2024-09-24T03:26:21.258796+00:00,4.49354,81.47091,Indian Ocean,2.2893,9.303,295.06
2023-09-10T08:46:07.237295+00:00,4.60102,64.77186,Indian Ocean,1.9933,9.1694,218.32
2023-09-23T03:43:56.359158+00:00,17.38803,78.52421,Bay of Bengal,1.9178,8.7162,271.85
2025-09-07T14:31:50.879888+00:00,5.24058,83.94529,Bay of Bengal,1.681,8.808,289.65
2025-08-09T04:44:34.440891+00:00,14.57203,86.53122,Bay of Bengal,1.9771,6.7859,275.35
2024-12-22T09:55:49.138956+00:00,14.60144,77.24113,Arabian Sea,1.6115,7.8176,239.81
2024-12-24T02:35:11.524412+00:00,11.11343,87.92099,Bay of Bengal,1.3633,8.8499,209.47
2023-03-29T11:49:29.546062+00:00,15.44141,65.05983,Arabian Sea,2.565,9.761,175.46
2024-12-10T22:31:38.852427+00:00,-0.14899,84.17392,Indian Ocean,1.9753,8.0308,228.48
2023-08-01T16:23:16.320000+00:00,8.87341,77.90895,Arabian Sea,2.2331,9.4507,267.5
2024-12-24T05:29:12.469952+00:00,6.58506,95.71411,Bay of Bengal,1.7291,9.7805,162.69
2024-01-07T21:56:34.969288+00:00,13.25117,61.64934,Arabian Sea,1.5149,7.7548,247.09
2023-12-20T12:04:33.144955+00:00,1.71176,86.13862,Indian Ocean,1.033,8.3618,225.09
2025-01-04T17:02:51.526190+00:00,13.46797,82.43203,Bay of Bengal,1.6449,9.0368,188.86
2023-12-30T08:14:48.584076+00:00,-2.79204,73.48602,Indian Ocean,1.2042,8.2273,220.89
2025-04-11T03:56:04.767165+00:00,0.54717,94.49925,Andaman Sea,2.0396,8.0644,163.26
2025-02-08T18:24:17.259474+00:00,11.34661,98.02795,Bay of Bengal,2.1756,8.4095,159.24
2024-01-30T18:02:15.873238+00:00,20.3068,60.15684,Arabian Sea,1.6585,8.5861,233.88
2025-08-08T04:45:43.482356+00:00,3.05234,82.51062,Indian Ocean,1.3432,8.6895,260.14
2025-12-03T06:45:11.454968+00:00,7.45595,94.77489,Bay of Bengal,1.2663,7.3717,206.02
2023-10-11T09:46:55.711578+00:00,-2.66157,61.37277,Indian Ocean,1.5665,7.2807,272.87
2023-12-18T05:54:15.152506+00:00,14.54441,98.15075,Bay of Bengal,1.7558,8.7374,191.14
2024-07-28T08:02:25.167967+00:00,21.34444,78.51697,Bay of Bengal,1.6418,7.5523,227.2
2024-06-16T23:17:45.798414+00:00,0.49417,68.8266,Indian Ocean,1.491,8.0915,171.4
2025-12-25T00:29:52.597197+00:00,14.49949,71.16807,Arabian Sea,1.4591,6.2842,255.07
2025-08-27T09:21:08.001586+00:00,-3.20779,61.26099,Indian Ocean,1.7127,10.1493,231.59
2025-05-18T04:28:55.840904+00:00,2.77214,89.92036,Indian Ocean,1.5082,7.6783,216.89
2024-04-17T15:30:56.038280+00:00,21.91075,93.1072,Bay of Bengal,1.7629,6.5562,186.06
2024-09-15T21:47:04.571414+00:00,10.50002,88.47864,Bay of Bengal,2.5059,9.4725,269.96
2024-12-10T15:28:58.023288+00:00,-0.58751,64.02319,Indian Ocean,1.655,9.4341,233.31
2024-01-24T07:44:33.582026+00:00,3.83468,85.58578,Indian Ocean,1.4325,7.8166,203.48
2024-08-11T20:37:33.479273+00:00,11.00265,89.64108,Bay of Bengal,1.8183,8.0222,258.27
2024-07-09T04:18:04.477155+00:00,-4.11042,98.54654,Indian Ocean,1.867,9.1177,244.82
2023-01-15T16:38:08.660015+00:00,23.53271,84.66491,Indian Ocean,1.3114,7.7191,199.3
2024-03-10T01:08:08.329755+00:00,19.49542,94.13078,Bay of Bengal,2.1362,7.1725,197.67
2024-10-13T04:04:44.356101+00:00,17.19619,94.82723,Bay of Bengal,2.3478,7.9443,255.27
2025-10-11T19:16:16.105336+00:00,20.31525,75.37632,Arabian Sea,2.4322,8.739,274.98
2023-01-14T10:49:12.362432+00:00,21.1281,95.30704,Bay of Bengal,1.4953,7.5872,151.8
2024-09-17T05:31:04.727398+00:00,4.89917,76.23413,Indian Ocean,1.9775,8.5502,260.35
2024-04-13T18:49:53.963668+00:00,21.84241,81.91327,Bay of Bengal,2.0808,9.5686,175.63
2025-02-15T14:32:52.825345+00:00,-4.19167,81.10525,Indian Ocean,1.7627,7.7367,184.15
2023-11-02T21:50:21.933843+00:00,8.36556,79.09413,Bay of Bengal,2.0507,8.5485,278.67
2023-07-01T09:12:52.828383+00:00,22.23279,64.47448,Arabian Sea,1.7475,7.8488,198.39
2025-06-18T07:18:51.415138+00:00,12.25998,60.19155,Arabian Sea,1.9585,8.8136,188.75
2025-05-25T22:54:35.362845+00:00,17.32226,66.51371,Arabian Sea,2.0688,7.7057,148.82
2024-10-25T06:23:13.021626+00:00,13.28356,92.36685,Bay of Bengal,1.6432,8.4885,250.76
2024-11-05T16:39:08.467697+00:00,2.45219,67.12662,Indian Ocean,1.9064,8.5597,294.0
2025-03-25T15:47:44.447419+00:00,4.06585,62.55033,Indian Ocean,2.558,8.9254,203.23
2023-07-17T08:36:00.627225+00:00,8.8907,90.2225,Bay of Bengal,1.7551,8.3893,290.61
2024-07-09T18:54:14.329911+00:00,12.13343,96.67482,Bay of Bengal,1.7364,8.5027,231.97
2023-07-19T07:47:12.848882+00:00,5.87084,81.88222,Bay of Bengal,1.7969,9.2534,220.88
2023-04-22T08:20:46.963126+00:00,1.93309,60.24888,Indian Ocean,1.5705,7.4649,161.84
2025-09-18T04:34:46.184439+00:00,8.21022,76.83415,Arabian Sea,1.7261,9.4498,268.61
2023-09-04T02:34:58.045611+00:00,8.78871,76.53762,Arabian Sea,2.2585,8.1496,293.72
2023-09-07T15:11:55.219628+00:00,6.17609,64.30715,Arabian Sea,1.8994,8.3994,248.51
2023-09-17T05:06:45.485317+00:00,-2.24422,78.5282,Indian Ocean,2.4077,9.7777,271.36
2024-06-30T08:05:02.219249+00:00,-1.48441,79.75589,Indian Ocean,0.9606,7.3091,226.35
2025-10-26T02:04:01.840097+00:00,1.15328,89.47244,Indian Ocean,1.7616,7.9218,272.77
2024-04-02T20:38:39.767321+00:00,6.61331,97.69926,Bay of Bengal,2.5443,10.9102,167.2
2024-04-03T00:57:58.331175+00:00,-1.68029,66.2949,Indian Ocean,1.8787,8.4947,167.81
2023-01-26T14:43:41.196015+00:00,-4.43556,71.82028,Indian Ocean,1.5229,9.3418,213.28
2023-11-01T00:28:40.874127+00:00,-3.7589,82.89035,Indian Ocean,2.0145,7.058,259.5
2024-08-30T16:02:59.280198+00:00,9.48418,95.95776,Bay of Bengal,1.7447,8.905,252.96
2024-03-26T18:42:12.521799+00:00,-0.71102,91.82056,Andaman Sea,2.0752,8.3006,149.64
2025-07-05T07:47:58.899587+00:00,15.02651,96.43944,Bay of Bengal,1.5576,9.8253,230.36
2024-07-29T23:23:55.736736+00:00,6.90813,60.57202,Arabian Sea,2.4736,8.701,231.36
2025-12-01T13:40:59.842234+00:00,20.92867,76.11579,Arabian Sea,2.2259,9.5433,263.77
2024-12-11T19:32:58.278525+00:00,11.37657,67.51423,Arabian Sea,1.7529,8.1353,259.99
2024-08-23T10:20:55.516695+00:00,16.9636,72.67996,Arabian Sea,2.0744,8.4875,248.39
2023-03-23T09:44:49.153534+00:00,21.33543,89.15301,Bay of Bengal,2.6084,10.1429,164.72
2024-01-29T13:04:51.328251+00:00,14.12779,96.722,Bay of Bengal,2.5015,9.666,151.74
2024-07-15T17:59:56.998746+00:00,6.87352,73.70249,Arabian Sea,1.6447,7.4431,152.57
2024-05-23T15:14:02.224740+00:00,20.51983,94.70507,Bay of Bengal,2.0759,8.2465,223.59
2024-12-10T06:07:25.794986+00:00,2.44675,98.47318,Andaman Sea,1.7374,9.5795,190.47
2023-04-13T13:53:17.753043+00:00,10.01429,90.61349,Bay of Bengal,2.469,9.4651,189.44
2024-02-27T10:13:29.580604+00:00,4.19606,72.08825,Indian Ocean,1.5517,8.5087,173.67
2025-03-05T02:07:41.205524+00:00,16.67122,93.76213,Bay of Bengal,1.8539,8.0972,164.06
2023-03-27T10:47:59.787868+00:00,-0.57017,74.32889,Indian Ocean,2.3792,8.8551,178.23
2025-01-06T09:20:03.037409+00:00,8.92032,87.49423,Bay of Bengal,1.6497,8.3033,199.34
2023-10-30T23:19:06.899508+00:00,12.32772,68.8461,Arabian Sea,2.1012,9.8289,253.83
2023-12-27T11:38:08.956303+00:00,20.13708,76.83286,Arabian Sea,1.5101,8.6012,212.25
2024-02-17T15:45:49.045361+00:00,16.03675,76.77585,Arabian Sea,2.2528,9.5197,170.97
2025-07-27T18:03:45.027244+00:00,-3.28029,81.6528,Indian Ocean,1.8813,7.8294,229.13
2023-01-09T07:33:25.763220+00:00,-4.05686,87.98912,Indian Ocean,0.8392,7.2465,182.52
2024-07-24T18:20:19.253131+00:00,12.16644,65.21868,Arabian Sea,2.0503,9.3364,228.36
2023-05-05T17:49:05.325639+00:00,0.51964,76.85243,Indian Ocean,1.9611,9.2099,189.66
2025-05-15T13:53:53.966345+00:00,8.16724,76.45616,Arabian Sea,2.2246,8.9809,142.83
2025-01-19T10:46:15.064878+00:00,21.93148,88.69211,Bay of Bengal,2.3115,9.4079,208.9
2025-09-18T15:00:34.615965+00:00,-2.40405,72.52074,Indian Ocean,2.1063,8.6973,238.95
2025-03-05T02:14:37.968883+00:00,10.74066,79.91201,Bay of Bengal,1.8534,7.6435,162.49
2025-02-06T09:48:03.716124+00:00,20.00579,72.34649,Arabian Sea,1.8654,8.195,205.44
2024-07-18T12:25:58.434723+00:00,18.71135,87.86185,Bay of Bengal,1.972,8.5348,274.87
2024-09-26T03:21:11.987755+00:00,11.87295,81.92962,Bay of Bengal,2.606,9.8999,271.18
2025-08-02T15:07:08.689865+00:00,17.70117,63.03396,Arabian Sea,2.0794,8.7668,228.22
2023-02-12T10:54:38.744586+00:00,-4.74145,64.05333,Indian Ocean,1.8828,9.5065,199.59
2024-06-24T01:46:13.001697+00:00,8.06207,76.48083,Arabian Sea,2.002,9.9879,217.98
2024-05-15T10:15:43.662688+00:00,6.09204,66.07405,Arabian Sea,2.9441,9.487,176.98
2025-10-09T10:25:16.568575+00:00,4.28741,66.02123,Indian Ocean,1.7511,8.6962,285.12
2024-01-11T04:22:28.657530+00:00,8.25943,67.90891,Arabian Sea,2.0818,9.1073,249.62
2023-04-05T03:20:49.515378+00:00,0.05358,74.09358,Indian Ocean,1.9063,9.1115,169.82
2024-08-12T11:25:46.914068+00:00,1.87662,96.46603,Andaman Sea,1.89,8.189,264.94
2023-03-12T15:11:18.368916+00:00,7.42668,76.16092,Arabian Sea,1.9874,9.4798,203.28
2025-03-11T22:26:15.782233+00:00,4.97845,82.5375,Indian Ocean,2.2727,8.311,178.77
2025-01-07T23:27:42.740601+00:00,-3.9159,99.73126,Indian Ocean,1.45,7.6752,182.34
2025-12-11T22:36:25.907080+00:00,23.10433,61.1161,Arabian Sea,1.8459,9.153,296.25
2025-03-08T07:56:38.491920+00:00,21.62676,90.22763,Bay of Bengal,2.273,9.404,155.34
2024-12-18T19:49:58.791724+00:00,22.08055,80.67811,Indian Ocean,1.2287,7.0415,203.19
2025-05-26T00:23:04.299904+00:00,-2.12217,66.50046,Indian Ocean,2.0875,8.3003,141.53
2025-03-02T08:15:17.503831+00:00,8.62656,91.43733,Bay of Bengal,1.9684,9.4263,164.06
2023-11-06T01:22:00.130786+00:00,0.38938,85.46207,Indian Ocean,2.1068,8.6235,235.34
2025-10-14T16:17:30.962375+00:00,-2.78534,82.71766,Indian Ocean,2.0819,7.8413,293.19
2025-06-10T04:10:32.327474+00:00,2.53309,66.20204,Indian Ocean,1.5663,8.1426,177.84
2023-05-10T23:41:00.740831+00:00,-3.4929,87.23828,Indian Ocean,1.6587,9.3418,213.2
2025-09-09T03:47:04.299414+00:00,1.86314,74.42182,Indian Ocean,2.3895,9.6028,263.21
2024-07-18T00:47:16.403864+00:00,16.54437,67.22244,Arabian Sea,1.573,8.2756,180.75
2025-10-11T05:51:17.374017+00:00,21.34046,85.01048,Bay of Bengal,1.9938,8.4891,255.11
2024-05-20T01:25:40.406803+00:00,4.67943,88.32133,Indian Ocean,1.4359,10.1535,160.22
2024-11-22T04:53:41.050334+00:00,-0.43701,92.66578,Andaman Sea,1.5619,7.8228,264.11
2025-01-21T11:34:13.408656+00:00,0.06696,96.01775,Andaman Sea,1.3869,9.8044,165.36
2025-01-01T18:58:17.381369+00:00,20.90784,94.3112,Bay of Bengal,1.6433,8.2664,199.73
2023-02-20T04:27:53.782442+00:00,23.46011,64.03889,Arabian Sea,2.016,7.9254,194.35
2025-11-06T02:16:01.130002+00:00,14.25495,97.33714,Bay of Bengal,2.4429,8.1674,228.91
2024-12-23T16:22:43.265905+00:00,-4.76073,60.0616,Indian Ocean,1.5898,7.1712,283.66
2023-07-21T00:47:37.564426+00:00,23.44483,62.41634,Arabian Sea,1.3772,8.8507,187.59
2025-01-16T23:51:00.733181+00:00,18.52242,83.54945,Bay of Bengal,1.8081,8.0514,210.9
2024-10-11T09:14:15.624375+00:00,-4.88128,80.08563,Indian Ocean,2.5606,8.6683,302.22
2025-12-15T07:31:30.612871+00:00,9.75027,69.58788,Arabian Sea,1.8646,8.7875,247.3
2023-12-03T18:28:06.244735+00:00,11.58686,78.60077,Bay of Bengal,2.2526,9.5962,203.66
2024-03-18T11:33:27.934736+00:00,23.24992,80.68425,Indian Ocean,2.149,8.8649,137.75
2025-12-21T00:01:14.624383+00:00,18.45625,64.85197,Arabian Sea,1.9841,9.3828,263.51
2023-03-18T22:48:23.983490+00:00,12.55987,89.52245,Bay of Bengal,2.1185,10.1962,173.61
2024-06-21T05:54:47.820153+00:00,2.32272,88.97082,Indian Ocean,1.4377,8.9275,236.17
2023-10-01T07:51:28.896937+00:00,-4.69179,66.21792,Indian Ocean,2.2788,9.3629,283.6
2024-03-04T11:19:34.650135+00:00,6.50695,89.21806,Bay of Bengal,1.9525,9.2541,153.23
2025-09-15T08:52:22.442587+00:00,8.02998,71.98494,Arabian Sea,2.9684,9.8356,259.29
2023-09-29T09:54:47.532402+00:00,9.71011,72.64585,Arabian Sea,2.0145,7.9604,271.45
2025-10-14T09:47:52.670591+00:00,16.34659,90.63739,Bay of Bengal,2.1142,8.6602,254.4
2024-06-23T17:19:30.155942+00:00,-4.24847,77.2169,Indian Ocean,1.6769,7.0982,209.59
2024-02-27T20:28:28.609219+00:00,14.50699,85.49736,Bay of Bengal,2.0137,7.2812,182.81
2024-12-17T10:55:14.614263+00:00,1.9286,78.96859,Indian Ocean,1.6338,8.0692,239.93
2025-04-06T13:49:13.416785+00:00,17.76664,95.76787,Bay of Bengal,2.4399,9.7658,174.05
2025-12-21T03:17:52.587952+00:00,4.03576,77.41874,Indian Ocean,1.5427,9.6725,237.43
2025-03-17T20:39:47.129852+00:00,12.54793,68.973,Arabian Sea,2.2337,7.8502,164.23
2025-12-19T01:10:46.898329+00:00,18.90428,85.30504,Bay of Bengal,1.8417,7.6701,201.04
2024-07-11T01:38:40.404036+00:00,-0.07747,84.2582,Indian Ocean,1.6507,8.6409,243.46
2025-01-12T14:09:49.238811+00:00,-4.3439,61.80602,Indian Ocean,1.4711,6.9104,262.27
2023-11-27T15:49:37.397465+00:00,13.61177,79.60157,Bay of Bengal,2.1163,9.611,242.86
2023-05-02T05:58:48.003678+00:00,13.19775,97.84378,Bay of Bengal,2.4623,7.4694,207.3
2024-03-06T16:57:04.848846+00:00,22.01124,79.01987,Indian Ocean,1.7507,7.5842,163.03
2025-08-31T02:49:26.232685+00:00,-0.46683,77.56348,Indian Ocean,1.8806,9.1209,275.44
2025-03-19T19:56:33.096334+00:00,3.32453,97.92776,Andaman Sea,2.8905,9.4684,232.48
2023-04-12T23:20:56.233546+00:00,11.12753,73.13588,Arabian Sea,2.2602,9.1714,198.18
2023-11-20T04:41:52.770647+00:00,7.0012,67.61129,Arabian Sea,1.5249,10.2937,286.07
2023-08-13T20:34:35.099289+00:00,0.3528,75.9081,Indian Ocean,1.9085,8.257,278.62
2025-06-28T22:55:21.581654+00:00,22.37223,92.61036,Indian Ocean,1.3324,6.8297,230.12
2024-01-05T06:02:14.231142+00:00,13.00398,85.08947,Bay of Bengal,1.5058,7.8672,203.34
2023-02-16T21:48:38.700634+00:00,13.48905,87.65369,Bay of Bengal,2.1131,7.8757,201.94
2025-08-02T14:06:37.778034+00:00,20.69138,73.88357,Arabian Sea,1.2725,8.3352,231.31
2024-07-21T13:53:52.950938+00:00,15.81135,80.56256,Bay of Bengal,1.2685,7.4376,229.28
2024-12-30T03:02:06.830890+00:00,-1.22621,96.21909,Andaman Sea,1.3933,7.3457,179.05
2024-06-21T19:15:34.829537+00:00,13.18268,77.2867,Arabian Sea,1.7198,8.0757,204.39
2025-09-21T15:05:27.467205+00:00,2.45202,78.16375,Indian Ocean,1.9328,8.6242,304.42
2025-05-11T06:19:56.948239+00:00,2.03502,91.71809,Andaman Sea,1.8644,7.963,230.54
2025-10-29T08:05:04.486768+00:00,16.80814,70.95697,Arabian Sea,2.3928,9.5216,278.63
2023-03-18T04:33:06.349919+00:00,7.97433,83.08208,Bay of Bengal,2.6257,8.7285,188.41
2025-10-29T14:37:34.446671+00:00,20.60592,80.90769,Bay of Bengal,1.9454,8.4693,266.31
2025-09-11T02:24:39.531487+00:00,20.045,70.7901,Arabian Sea,1.7149,8.0012,269.92
2023-03-01T14:33:00.702391+00:00,10.18505,96.39785,Bay of Bengal,2.07,9.6982,146.16
2023-08-17T04:26:43.385522+00:00,19.82161,75.35936,Arabian Sea,2.2255,9.3434,246.81
2023-01-13T10:20:50.582038+00:00,21.64386,63.39177,Arabian Sea,1.8114,8.3525,193.73
2023-03-17T12:05:30.521618+00:00,2.38862,91.24668,Andaman Sea,2.1378,7.7482,142.43
2025-03-17T00:16:48.456684+00:00,16.47812,99.70983,Bay of Bengal,2.1999,9.2626,185.96
2025-02-28T14:09:53.619299+00:00,21.98883,75.96233,Arabian Sea,2.8801,10.8017,200.04
2024-08-26T12:18:21.279066+00:00,8.61327,95.87152,Bay of Bengal,1.699,7.3475,287.72
2025-10-12T14:55:42.160465+00:00,10.73932,62.4149,Arabian Sea,2.1017,10.1348,254.0
2025-10-03T14:45:34.462425+00:00,2.82888,75.69635,Indian Ocean,1.6197,9.4118,279.14
2025-01-25T17:50:35.488534+00:00,8.52526,95.04584,Bay of Bengal,1.8949,8.3562,172.33
2025-09-03T15:14:27.624450+00:00,6.1943,67.36167,Arabian Sea,2.0165,9.7292,248.75
2024-08-10T13:01:34.747028+00:00,14.33878,70.99738,Arabian Sea,1.9713,8.5131,226.91
2024-01-25T06:26:00.190498+00:00,3.86074,70.95422,Indian Ocean,1.9487,8.8784,195.7
2024-01-03T17:38:04.947059+00:00,-3.84697,93.85437,Indian Ocean,1.1841,8.4841,163.26
2025-04-09T00:19:26.244552+00:00,10.97904,73.86379,Arabian Sea,2.1005,9.5893,168.85
2023-04-05T05:21:35.232981+00:00,4.05331,81.01224,Indian Ocean,2.006,9.6596,149.65
2024-12-06T23:44:19.742523+00:00,6.88434,93.42666,Bay of Bengal,2.1988,10.4202,203.92
2025-07-31T21:56:09.301119+00:00,16.84006,75.23966,Arabian Sea,2.2173,8.0939,225.36
2023-10-02T21:27:24.187572+00:00,17.60382,85.74592,Bay of Bengal,2.2384,7.6521,258.7
2023-03-12T10:48:56.502792+00:00,5.95156,97.21746,Bay of Bengal,2.2092,8.6739,138.44
2024-08-27T18:05:27.160632+00:00,22.44157,65.98407,Arabian Sea,2.0942,8.5678,228.6
2023-07-20T07:52:11.034722+00:00,23.94752,80.84663,Indian Ocean,1.3381,8.8269,236.87
2024-03-31T19:42:52.549515+00:00,6.40523,93.32704,Bay of Bengal,2.4737,8.4162,160.61
2024-06-05T05:48:13.045849+00:00,16.48323,91.20096,Bay of Bengal,1.6056,8.7243,252.62
2025-01-01T08:22:00.208224+00:00,8.44796,61.63628,Arabian Sea,1.4355,8.2962,222.51
2025-09-12T08:00:16.100975+00:00,5.50074,84.79587,Bay of Bengal,2.0581,9.5461,326.35
2024-06-24T06:03:03.491604+00:00,13.41097,62.25489,Arabian Sea,1.9492,8.3787,202.07
2023-08-10T11:39:38.692269+00:00,5.68596,99.04614,Bay of Bengal,2.0924,8.7814,284.62
2024-07-04T04:03:24.119336+00:00,7.44958,70.82933,Arabian Sea,1.7948,7.5164,212.1
2024-11-27T11:15:19.400898+00:00,20.94664,70.92024,Arabian Sea,1.8758,8.5778,265.53
2024-10-16T06:10:46.018107+00:00,15.98004,84.33546,Bay of Bengal,2.4155,9.6074,276.21
2025-08-25T05:55:39.659073+00:00,18.03616,88.88943,Bay of Bengal,1.7749,9.4194,281.78
2024-10-24T13:16:34.851265+00:00,-0.04556,96.68856,Andaman Sea,1.9566,8.9811,249.28
2024-04-25T12:26:55.278254+00:00,15.96818,71.18167,Arabian Sea,2.0671,8.2556,162.82
2024-11-09T15:35:51.858333+00:00,0.67228,90.76884,Andaman Sea,2.2508,8.8866,264.75
2025-03-15T12:14:14.541606+00:00,19.56906,88.8279,Bay of Bengal,2.0233,8.8558,135.23
2024-05-22T10:52:57.841490+00:00,3.66965,76.79064,Indian Ocean,1.5818,8.4327,209.95
2024-04-16T02:51:47.113238+00:00,-0.6557,90.81166,Andaman Sea,1.7369,8.4289,180.74
2025-11-13T00:08:10.687423+00:00,16.53906,87.76126,Bay of Bengal,1.9117,8.1888,240.02
2023-03-04T10:53:52.937028+00:00,20.69624,84.95439,Bay of Bengal,2.2469,9.1294,164.3
2024-11-03T11:47:39.277237+00:00,11.18011,91.57106,Bay of Bengal,1.6077,9.4232,235.1
2023-07-15T15:01:43.124918+00:00,22.17981,82.20369,Indian Ocean,1.3529,5.7046,252.45
2024-01-29T12:54:49.423280+00:00,15.27595,78.85713,Bay of Bengal,1.9461,9.1294,195.29
2024-10-21T13:19:30.867466+00:00,-2.19491,74.92631,Indian Ocean,2.3706,9.5296,294.18
2024-04-11T07:27:09.689567+00:00,18.13005,89.00841,Bay of Bengal,2.1837,9.2538,172.84
2024-12-30T16:14:03.953204+00:00,22.94335,74.13148,Arabian Sea,1.9246,8.3838,219.46
2023-03-05T03:59:28.480285+00:00,10.4223,70.28911,Arabian Sea,1.7149,8.6801,173.19
2024-01-27T11:01:24.392680+00:00,7.05595,93.02622,Bay of Bengal,1.7296,9.0987,168.79
2023-03-01T18:43:36.647438+00:00,13.32185,68.51514,Arabian Sea,2.1608,8.4079,177.21
2024-07-14T05:21:02.895879+00:00,20.88002,97.52583,Bay of Bengal,1.6341,7.9973,232.93
2025-11-25T01:32:00.728733+00:00,2.5389,68.34724,Indian Ocean,1.7274,9.7148,294.2
2025-10-29T07:43:40.759484+00:00,8.7786,78.37946,Bay of Bengal,2.0892,8.9047,233.1
2023-10-21T15:51:51.202496+00:00,17.05688,67.97626,Arabian Sea,2.3507,8.7252,294.54
2024-10-25T23:06:13.571661+00:00,12.58416,96.66068,Bay of Bengal,1.8171,8.964,251.95
2025-06-17T22:40:16.116051+00:00,22.98874,63.26841,Arabian Sea,1.7343,7.6693,201.99
2024-03-02T22:25:54.940255+00:00,2.80613,69.69009,Indian Ocean,2.2089,9.3651,187.86
2024-04-30T09:22:04.093988+00:00,14.99119,98.09716,Bay of Bengal,1.5013,9.5339,194.38
2023-04-18T07:44:58.314133+00:00,-2.46702,73.88275,Indian Ocean,1.9474,8.4032,132.38
2024-07-14T22:45:39.221911+00:00,-3.18669,76.33675,Indian Ocean,1.8057,9.1273,226.74
2025-01-07T19:01:47.563496+00:00,0.78979,91.0606,Andaman Sea,1.5222,9.1766,158.08
2025-07-30T02:54:12.955845+00:00,23.77039,66.9371,Arabian Sea,2.2583,9.5467,227.11
2024-08-05T16:16:46.744615+00:00,1.71168,92.26925,Andaman Sea,2.2209,10.1763,320.52
2024-04-10T18:24:06.212520+00:00,4.1242,85.52097,Indian Ocean,2.2918,9.8578,131.66
2025-08-10T04:51:59.835849+00:00,15.07092,85.62128,Bay of Bengal,2.1714,8.3988,287.28
2025-05-16T06:42:30.267950+00:00,0.55717,70.01662,Indian Ocean,1.9169,8.2665,151.47
2023-03-31T14:33:54.821524+00:00,15.79883,78.54758,Bay of Bengal,1.9557,9.4965,174.73
2025-03-30T06:49:50.494358+00:00,1.67236,66.27878,Indian Ocean,2.5824,8.5383,167.43
2025-09-26T00:35:25.369087+00:00,-4.37116,92.11041,Indian Ocean,2.3179,10.0995,263.55
2024-04-28T01:03:55.841605+00:00,8.94128,88.08959,Bay of Bengal,1.5408,8.0298,180.37
2025-10-11T02:54:19.063719+00:00,6.77636,89.66619,Bay of Bengal,2.4436,11.039,258.81
2023-04-18T18:35:37.352644+00:00,18.39265,92.7383,Bay of Bengal,1.8647,8.2133,185.26
2023-05-29T05:02:57.154795+00:00,17.94426,75.67347,Arabian Sea,2.0837,9.3929,165.76
2023-07-11T21:05:22.606946+00:00,8.6492,68.79766,Arabian Sea,1.3222,7.1968,208.81
2023-05-07T00:56:57.465821+00:00,2.79337,68.30764,Indian Ocean,1.869,10.3684,149.29
2025-12-10T05:57:10.738970+00:00,11.0569,70.58711,Arabian Sea,1.6646,7.4912,256.4
2023-06-22T18:22:56.253849+00:00,15.77266,71.05611,Arabian Sea,2.1308,8.4698,206.01
2023-08-21T14:42:30.134491+00:00,9.25347,84.81964,Bay of Bengal,1.4674,7.4683,263.26
2024-02-25T22:22:39.131923+00:00,6.74319,64.38777,Arabian Sea,2.3929,9.5506,208.66
2024-11-22T10:27:48.680924+00:00,0.11582,98.65184,Andaman Sea,2.0567,8.1674,192.58
2025-11-25T21:23:09.887560+00:00,14.07129,79.75198,Bay of Bengal,1.8128,8.1394,260.29
2023-03-30T06:30:02.512278+00:00,17.57878,76.68336,Arabian Sea,2.4277,9.1355,171.5
2024-11-02T03:12:00.426762+00:00,22.64619,84.72113,Indian Ocean,2.2201,9.0862,254.98
2023-06-17T10:52:03.695115+00:00,15.46428,65.53243,Arabian Sea,1.9995,9.1019,201.56
2023-10-10T15:46:18.044546+00:00,10.42468,94.11431,Bay of Bengal,1.8588,8.7833,243.48
2024-04-25T01:03:01.286602+00:00,-4.84181,65.72876,Indian Ocean,2.1631,10.2187,137.68
2025-12-10T18:36:43.834800+00:00,-0.09642,63.91787,Indian Ocean,1.6472,9.1193,203.21
2025-02-19T09:58:10.069964+00:00,0.83532,73.98045,Indian Ocean,2.1679,8.5048,213.6
2024-10-05T02:07:09.944279+00:00,17.56307,67.61924,Arabian Sea,2.4674,10.6242,315.34
2024-11-20T15:41:30.736323+00:00,13.07338,73.57045,Arabian Sea,1.5978,8.5744,263.12
2025-09-01T16:21:14.692457+00:00,13.45495,73.82025,Arabian Sea,2.6333,9.1039,270.03
2024-08-30T10:33:49.818774+00:00,13.63337,67.12051,Arabian Sea,2.0327,8.7723,248.37
2024-09-23T14:37:46.162071+00:00,-1.53231,67.97127,Indian Ocean,2.0366,10.0112,247.38
2025-01-21T04:07:47.097592+00:00,10.59339,91.79815,Bay of Bengal,1.5975,8.1649,139.72
2025-12-26T14:27:39.453529+00:00,4.40759,85.49719,Indian Ocean,1.3123,8.8207,189.21
2024-07-09T10:10:10.374070+00:00,12.08868,76.54695,Arabian Sea,1.5862,8.5587,193.91
2023-11-25T22:37:20.352575+00:00,12.08869,79.6953,Bay of Bengal,2.1399,9.6099,265.74
2023-02-21T21:32:34.283841+00:00,10.32696,88.09847,Bay of Bengal,1.9712,8.8012,173.67
2025-10-21T12:02:39.368296+00:00,-2.07408,68.28287,Indian Ocean,1.9568,7.723,278.3
2023-09-22T18:15:41.349284+00:00,9.79537,64.88627,Arabian Sea,2.416,9.0687,274.55
2024-04-10T08:50:12.889718+00:00,19.61982,76.41641,Arabian Sea,2.3167,9.5064,171.16
2023-08-08T11:51:18.442608+00:00,-1.04704,67.68988,Indian Ocean,1.3294,9.1007,229.64
2024-03-06T13:57:49.818701+00:00,21.00013,77.40475,Arabian Sea,1.895,8.3406,161.49
2024-03-23T06:13:28.252811+00:00,10.71924,85.93667,Bay of Bengal,2.1554,9.9141,169.79
2024-02-17T00:24:53.277170+00:00,9.2535,64.20721,Arabian Sea,2.657,9.7314,209.11
2023-05-21T08:21:40.775810+00:00,22.11614,90.00194,Indian Ocean,1.9723,7.7076,169.14
2023-02-27T05:30:41.937537+00:00,15.80419,93.40901,Bay of Bengal,2.2107,7.7541,150.06
2023-03-16T07:44:12.511528+00:00,16.20965,68.12509,Arabian Sea,2.145,9.7455,196.99
2024-03-20T13:29:23.941470+00:00,13.27604,69.11595,Arabian Sea,2.5655,9.8397,164.92
2024-08-21T22:02:25.435267+00:00,0.50383,62.75303,Indian Ocean,1.8152,8.2471,207.8
2023-02-07T20:37:00.423810+00:00,12.35718,94.83835,Bay of Bengal,1.7953,9.0182,178.08
2023-05-05T23:13:33.794073+00:00,16.52877,91.55694,Bay of Bengal,2.1814,9.4059,159.39
2024-03-29T10:01:57.633793+00:00,2.82407,94.8072,Andaman Sea,2.7507,10.0847,168.63
2024-12-12T03:43:12.557886+00:00,15.94905,99.50871,Bay of Bengal,1.6903,8.8813,219.06
2024-01-28T11:49:59.840586+00:00,-4.19053,80.39485,Indian Ocean,1.4888,9.6823,184.93
2024-01-21T11:47:27.689254+00:00,3.34937,87.66258,Indian Ocean,2.0605,9.7317,191.2
2025-09-25T09:02:26.709611+00:00,8.79666,64.63136,Arabian Sea,2.8376,10.6054,230.94
2024-11-10T02:14:53.316612+00:00,10.80308,93.86298,Bay of Bengal,1.5819,8.4347,239.4
2024-03-11T04:49:57.003080+00:00,-0.62434,90.03984,Andaman Sea,2.2089,9.0071,171.36
2023-07-06T17:54:58.977291+00:00,0.94908,87.09422,Indian Ocean,1.4278,9.3106,209.44
2024-01-19T20:24:33.710483+00:00,-3.20738,71.85436,Indian Ocean,1.57,10.1641,220.12
2025-06-25T15:43:31.763702+00:00,8.02794,95.737,Bay of Bengal,1.5021,9.2927,244.38
2025-08-14T20:49:41.856954+00:00,18.29464,78.23221,Bay of Bengal,1.9239,9.8209,291.32
2025-08-16T23:02:30.178429+00:00,7.4492,92.85043,Bay of Bengal,2.0713,10.0039,208.08
2024-03-27T21:35:36.292507+00:00,4.92232,93.70662,Andaman Sea,2.2123,8.1173,187.84
2024-03-03T02:38:59.577624+00:00,22.79619,91.12526,Indian Ocean,2.2138,10.0143,168.7
2023-04-24T01:49:57.987094+00:00,21.10317,85.14512,Bay of Bengal,2.2351,9.3848,196.45
2024-08-07T16:40:09.636583+00:00,3.18373,73.02598,Indian Ocean,1.9248,9.0253,219.39
2023-05-10T13:44:02.262786+00:00,15.60243,69.59846,Arabian Sea,2.4083,8.3987,166.64
2025-08-30T04:47:51.241308+00:00,16.04173,95.09774,Bay of Bengal,1.8694,8.578,251.69
2024-07-07T13:01:11.348643+00:00,1.62964,84.62788,Indian Ocean,1.9695,8.3308,240.66
2024-11-30T00:32:48.492379+00:00,10.2947,87.43121,Bay of Bengal,1.8758,9.9606,214.05
2025-01-04T08:32:01.797072+00:00,5.21074,86.16684,Bay of Bengal,1.7405,8.9727,176.51
2024-08-17T21:07:15.931558+00:00,21.75303,82.55928,Bay of Bengal,2.1458,9.0121,267.53
2025-10-05T18:57:11.964327+00:00,11.32308,66.95855,Arabian Sea,2.2372,8.6794,269.28
2024-03-14T06:19:20.120555+00:00,1.31754,60.54082,Indian Ocean,2.0049,7.652,200.09
2024-03-01T02:59:38.795979+00:00,22.23991,70.25376,Arabian Sea,2.105,9.3493,158.72
2025-08-27T20:19:57.994397+00:00,6.80491,93.62172,Bay of Bengal,2.1514,8.911,287.11
2023-09-29T17:29:09.339820+00:00,3.39212,97.68071,Andaman Sea,2.2869,9.0086,280.3
2024-03-20T13:59:54.313461+00:00,-0.79712,70.52918,Indian Ocean,2.1131,9.311,153.3
2024-08-06T18:22:57.931586+00:00,19.15201,83.85945,Bay of Bengal,1.6241,6.3875,255.32
2023-02-21T14:49:56.933763+00:00,-0.08354,78.38491,Indian Ocean,1.9172,8.1571,209.93
2025-01-25T10:12:03.824590+00:00,21.87502,94.82408,Bay of Bengal,1.8412,7.3314,190.04
2023-11-28T11:26:19.844926+00:00,11.44386,71.01538,Arabian Sea,2.3923,9.5503,288.08
2025-09-27T07:45:14.740822+00:00,0.42199,72.87819,Indian Ocean,1.7255,9.4073,286.21
2024-07-15T05:26:47.948867+00:00,5.41129,66.20924,Arabian Sea,1.7393,8.6775,211.68
2025-05-06T07:57:36.870875+00:00,-0.44975,64.38125,Indian Ocean,1.3117,8.146,156.76
2023-12-01T14:33:31.770808+00:00,5.86265,77.72494,Arabian Sea,2.0067,9.2398,258.79
2024-10-13T18:08:15.822783+00:00,0.84655,99.70295,Andaman Sea,2.6095,9.5343,241.49
2024-01-28T06:32:28.269111+00:00,20.11906,75.88386,Arabian Sea,1.839,9.526,230.08
2023-05-26T03:35:39.755797+00:00,9.27589,91.09342,Bay of Bengal,1.6378,9.5104,223.22
2023-07-29T14:05:41.415958+00:00,13.50912,96.38305,Bay of Bengal,1.9457,8.6572,248.36
2025-04-16T18:36:34.943023+00:00,23.31885,65.73431,Arabian Sea,1.837,8.261,181.07
2025-01-30T05:37:26.606116+00:00,3.93492,88.11435,Indian Ocean,1.8652,8.5741,149.57
2023-02-14T16:39:57.503404+00:00,7.74955,85.27133,Bay of Bengal,2.6156,10.2833,181.28
2025-06-10T05:38:15.546791+00:00,14.61925,89.26948,Bay of Bengal,1.9515,8.6789,206.01
2024-03-27T17:00:30.424028+00:00,16.14658,84.90473,Bay of Bengal,2.012,9.1521,169.92
2025-11-04T14:20:44.025215+00:00,23.25869,66.11405,Arabian Sea,2.0276,9.9386,321.89
2024-04-16T14:48:49.055056+00:00,-4.79144,76.93374,Indian Ocean,1.839,6.9918,193.18
2023-02-10T05:54:56.105055+00:00,19.41914,92.97715,Bay of Bengal,1.8344,9.4034,146.73
2025-07-19T09:28:10.395385+00:00,16.51905,84.44756,Bay of Bengal,1.704,8.4365,236.8
2023-01-20T17:55:18.968129+00:00,21.14405,70.53801,Arabian Sea,1.539,8.0676,246.73
2023-01-17T13:46:57.031224+00:00,16.4952,84.23347,Bay of Bengal,2.209,9.2087,184.46
2025-05-15T04:13:59.649771+00:00,6.71926,68.30077,Arabian Sea,2.5902,10.2005,140.58
2023-10-02T17:05:04.693300+00:00,0.32528,85.82587,Indian Ocean,2.4919,10.4231,271.32
2024-10-22T17:12:17.034492+00:00,0.38988,66.17417,Indian Ocean,2.1573,8.5643,249.94
2023-10-02T23:27:33.499460+00:00,23.42848,86.49569,Indian Ocean,2.0861,8.4805,267.09
2023-08-15T18:51:34.698389+00:00,4.08376,95.48003,Andaman Sea,1.9528,10.1114,314.14
2023-09-06T00:08:38.226991+00:00,5.39758,62.08664,Arabian Sea,2.3781,11.0871,274.03
2023-05-15T09:31:31.574621+00:00,-0.65772,74.83611,Indian Ocean,1.7771,8.7672,156.43
2025-11-26T22:41:00.615210+00:00,21.78931,69.72415,Arabian Sea,2.0901,9.0022,277.31
2023-08-12T16:10:06.684684+00:00,-1.23723,97.40112,Andaman Sea,1.9755,9.0897,250.66
2024-06-16T09:15:23.492210+00:00,14.071,71.71841,Arabian Sea,2.2113,8.4661,189.46
2025-01-14T00:01:11.436507+00:00,-1.15023,65.20835,Indian Ocean,1.7086,8.094,239.51
2025-04-16T03:35:38.430731+00:00,12.83411,67.70238,Arabian Sea,2.3805,10.2487,197.03
2023-12-01T05:10:05.359823+00:00,5.33608,85.01064,Bay of Bengal,2.0289,8.8986,243.6
2025-10-21T03:53:42.172763+00:00,22.65099,69.46273,Arabian Sea,2.1026,9.5467,216.1
2023-03-13T05:38:37.085308+00:00,1.28226,87.64535,Indian Ocean,1.704,8.7596,148.22
2025-02-10T00:32:49.587834+00:00,8.7745,93.56701,Bay of Bengal,1.9574,9.0714,143.98
2025-09-04T09:49:51.931321+00:00,19.33437,64.07494,Arabian Sea,2.5667,8.7605,235.47
2025-02-04T00:08:26.379985+00:00,0.84909,83.63468,Indian Ocean,1.5493,9.0577,166.88
2023-02-01T01:20:21.733287+00:00,13.85189,73.27274,Arabian Sea,1.9196,9.1489,206.22
2024-03-11T07:27:48.362160+00:00,23.82273,76.25184,Arabian Sea,2.2063,8.7556,170.64
2023-03-19T03:16:38.557054+00:00,17.9732,94.7887,Bay of Bengal,1.9766,9.5475,205.32
2025-09-11T16:10:25.168477+00:00,22.02573,85.83747,Indian Ocean,2.2371,9.0192,272.19
2023-04-05T12:07:03.722451+00:00,5.35759,92.5192,Bay of Bengal,2.3356,9.0578,193.95
2023-05-24T20:32:18.209582+00:00,19.90844,97.23116,Bay of Bengal,1.7,8.04,200.16
2023-06-08T09:19:38.914465+00:00,23.36773,93.67112,Indian Ocean,1.8142,9.3159,227.37
2024-11-12T23:19:31.657267+00:00,17.88827,82.33789,Bay of Bengal,1.5602,8.5404,235.13
2025-11-28T01:02:09.163207+00:00,0.2652,79.8126,Indian Ocean,1.7738,8.7237,233.46
2023-06-25T15:41:40.953271+00:00,20.10303,76.10255,Arabian Sea,1.7293,8.2085,201.24
2023-02-03T13:11:57.289437+00:00,9.38228,64.61995,Arabian Sea,2.3163,8.8562,235.52
2023-09-08T20:32:52.601704+00:00,13.24018,82.60812,Bay of Bengal,2.5481,8.7054,259.47
2023-01-21T08:21:06.184037+00:00,10.84054,74.90675,Arabian Sea,1.9935,8.8819,205.18
2023-01-22T22:30:56.781617+00:00,15.13865,91.24466,Bay of Bengal,1.7342,8.409,215.53
2024-01-17T06:01:30.651270+00:00,17.15428,68.47923,Arabian Sea,1.2512,7.9615,240.0
2023-08-21T21:04:57.033682+00:00,17.79989,98.64293,Bay of Bengal,1.8332,7.6077,293.99
2025-01-06T09:38:42.566359+00:00,17.5971,91.19592,Bay of Bengal,1.503,7.045,223.77
2024-07-29T10:23:03.631663+00:00,6.01813,61.67338,Arabian Sea,2.1665,7.9003,205.73
2024-07-10T15:09:51.866693+00:00,10.94827,98.47509,Bay of Bengal,1.2185,9.0739,285.59
2024-03-13T22:22:30.091322+00:00,11.47551,69.98581,Arabian Sea,2.3288,9.4206,154.41
2025-09-15T22:58:27.832411+00:00,23.67139,97.34166,Indian Ocean,1.9985,8.6982,272.65
2023-12-25T05:27:57.266854+00:00,18.03742,97.58159,Bay of Bengal,2.0202,9.1318,176.63
2023-07-20T06:14:38.418712+00:00,17.53417,63.62401,Arabian Sea,2.3124,8.1292,216.57
2024-08-02T06:05:45.631705+00:00,-3.90938,61.19657,Indian Ocean,1.8719,8.0514,208.46
2023-11-24T08:39:13.019140+00:00,23.46481,82.96151,Indian Ocean,1.8653,7.2212,294.92
2024-09-13T16:04:04.328534+00:00,18.96429,99.27125,Bay of Bengal,2.2321,10.5479,270.5
2025-07-02T04:14:09.145390+00:00,14.94184,81.99802,Bay of Bengal,1.8183,8.6514,247.22
2025-02-18T06:05:18.918816+00:00,0.92535,92.64607,Andaman Sea,1.9481,7.4644,173.56
2025-10-01T15:24:19.044568+00:00,10.1355,83.5078,Bay of Bengal,1.9669,8.2618,263.82
2023-03-27T15:14:15.687825+00:00,22.89729,97.56843,Indian Ocean,2.1729,8.9515,198.98
2023-05-03T19:10:19.993527+00:00,19.15668,74.70485,Arabian Sea,1.7808,8.917,146.28
2024-04-24T02:58:23.024685+00:00,12.72402,77.11018,Arabian Sea,2.4335,8.5854,157.85
2025-04-08T08:55:48.274813+00:00,14.40381,83.67596,Bay of Bengal,2.6314,8.823,175.69
2024-08-26T22:09:07.092746+00:00,23.39409,72.9697,Arabian Sea,2.4267,10.159,257.11
2025-02-14T14:27:53.956902+00:00,-3.87254,70.2425,Indian Ocean,2.3033,9.5068,217.61
2023-08-08T22:13:15.894473+00:00,-3.26785,60.48754,Indian Ocean,1.2244,6.7284,237.49
2023-05-31T12:04:41.374054+00:00,15.25064,89.6822,Bay of Bengal,2.1496,9.4131,225.4
2025-12-25T19:19:19.409621+00:00,15.61196,97.82982,Bay of Bengal,1.3912,9.5837,195.85
2025-05-27T19:35:32.288482+00:00,10.87592,64.36447,Arabian Sea,1.8184,9.8554,187.57
2025-09-28T05:43:38.860715+00:00,5.17429,88.32335,Bay of Bengal,2.4411,8.7065,288.74
2024-12-17T09:28:32.263058+00:00,17.56904,95.45254,Bay of Bengal,1.8412,8.2628,205.22
2024-10-31T14:52:30.895313+00:00,-3.06548,81.76616,Indian Ocean,2.1109,11.0184,288.34
2023-06-19T13:36:26.453337+00:00,21.46148,61.28066,Arabian Sea,1.5395,8.1758,173.11
2025-12-14T00:07:19.711949+00:00,22.21658,96.02397,Indian Ocean,1.5571,8.024,196.73
2023-01-10T16:38:09.141825+00:00,21.58642,90.62844,Bay of Bengal,1.7236,9.491,163.71
2023-07-25T00:36:50.174052+00:00,1.27675,76.1086,Indian Ocean,1.1511,7.886,187.91
2025-07-13T16:49:04.480929+00:00,23.59401,68.34745,Arabian Sea,1.7067,8.5204,208.96
2023-08-01T04:43:11.090397+00:00,19.86326,77.19129,Arabian Sea,2.2405,11.7806,250.55
2025-06-21T05:25:38.125487+00:00,15.3445,80.57263,Bay of Bengal,0.9865,7.1443,199.75
2024-12-31T11:49:21.817915+00:00,9.00484,62.50073,Arabian Sea,1.6031,8.7357,224.49
2025-02-25T20:14:58.653741+00:00,18.26603,86.65739,Bay of Bengal,1.6952,8.7645,168.42
2023-11-13T19:46:26.980527+00:00,0.14765,74.1505,Indian Ocean,1.9503,8.1835,263.21
2023-08-01T22:36:28.377721+00:00,20.16326,81.33454,Bay of Bengal,1.8062,8.8437,283.78
2025-01-11T03:59:51.562709+00:00,10.85435,65.51085,Arabian Sea,2.021,8.8916,248.68
2024-02-18T21:00:38.236973+00:00,2.4578,90.13518,Andaman Sea,1.9131,9.5863,173.0
2025-09-10T19:38:19.982707+00:00,10.70907,68.05235,Arabian Sea,1.956,7.3962,279.69
2024-09-19T18:02:00.242264+00:00,13.94363,64.76473,Arabian Sea,2.4615,9.0187,272.47
2024-04-07T14:15:39.887291+00:00,10.25709,78.43852,Bay of Bengal,2.037,7.0573,145.18
2024-12-21T06:12:18.264623+00:00,0.75064,90.01296,Andaman Sea,1.0678,6.8698,193.08
2025-05-24T15:07:53.381180+00:00,3.48694,93.43118,Andaman Sea,2.427,9.7211,202.64
2025-08-02T11:02:50.669451+00:00,5.94156,89.80616,Bay of Bengal,1.7208,8.695,243.31
2024-02-28T09:53:06.793597+00:00,19.68503,78.46795,Bay of Bengal,2.3396,10.6432,155.83
2023-01-16T14:11:13.566883+00:00,-0.5408,81.91433,Indian Ocean,1.7573,8.7268,197.83
2023-11-16T02:55:55.400008+00:00,21.47421,89.31014,Bay of Bengal,2.1543,8.427,219.92
2025-05-03T01:03:33.285055+00:00,19.89725,99.02508,Bay of Bengal,2.1382,8.4537,193.88
2023-04-22T20:37:55.366306+00:00,-1.52305,87.09531,Indian Ocean,2.0983,7.8923,169.12
2024-12-16T02:37:41.178753+00:00,-1.46334,72.11151,Indian Ocean,1.532,8.1096,241.86
2023-12-22T20:03:48.621373+00:00,15.17601,75.27566,Arabian Sea,1.8554,7.6712,271.18
2024-08-14T17:48:28.212581+00:00,5.96226,65.62227,Arabian Sea,1.7792,8.2236,236.75
2025-10-21T00:14:59.043978+00:00,8.17358,84.12151,Bay of Bengal,1.467,8.572,229.21
2025-02-17T20:41:51.632145+00:00,-0.7467,90.16549,Andaman Sea,2.106,8.327,180.71
2024-02-04T07:49:36.491073+00:00,16.52782,67.2043,Arabian Sea,2.2014,7.8134,203.71
2025-11-21T20:12:57.244777+00:00,16.02716,95.42039,Bay of Bengal,2.0722,8.9803,194.89
2025-07-29T10:50:28.073692+00:00,-1.43019,85.62467,Indian Ocean,1.6504,6.8089,263.77
2025-05-15T16:05:15.218288+00:00,5.50476,93.82671,Bay of Bengal,1.8455,9.1098,211.39
2024-06-29T09:16:20.247696+00:00,20.97352,82.24154,Bay of Bengal,1.3926,7.2389,210.85
2024-12-21T21:30:52.834319+00:00,0.81255,72.32439,Indian Ocean,1.5661,8.7415,237.65
2023-03-18T16:08:55.534328+00:00,22.51118,76.65563,Arabian Sea,2.1115,8.586,167.14
2024-03-13T22:44:25.197845+00:00,11.36964,70.61965,Arabian Sea,2.4903,9.4561,202.92
2023-08-16T15:10:28.840690+00:00,18.51991,80.14363,Bay of Bengal,2.5013,10.2432,225.88
2025-02-16T11:39:05.730269+00:00,8.97911,61.05094,Arabian Sea,1.6453,8.1242,218.77
2024-11-13T15:49:26.590175+00:00,21.31662,88.74265,Bay of Bengal,2.4345,9.1083,247.91
2025-07-28T02:02:16.463249+00:00,22.41336,63.27729,Arabian Sea,1.5895,8.4782,220.07
2023-07-25T10:53:39.777423+00:00,19.12874,97.45061,Bay of Bengal,1.7923,9.4822,274.31
2023-11-22T14:52:42.533897+00:00,4.8873,76.40829,Indian Ocean,1.7638,7.9182,235.11
2025-12-14T12:46:52.620305+00:00,7.76617,60.08806,Arabian Sea,1.6424,8.9719,273.55
2023-03-15T18:04:59.852647+00:00,6.53027,81.94353,Bay of Bengal,2.2429,8.2291,178.24
2023-11-27T21:52:01.222324+00:00,11.76571,66.20972,Arabian Sea,1.7558,10.0256,271.04
2024-12-10T01:44:32.820222+00:00,6.68275,66.30022,Arabian Sea,1.6173,7.7814,259.09
2025-03-22T03:25:40.511474+00:00,9.22035,99.20628,Bay of Bengal,2.2062,9.5494,159.38
2025-12-07T07:55:40.171776+00:00,17.26602,90.5945,Bay of Bengal,1.4149,6.8258,195.55
2025-04-25T03:09:00.219651+00:00,19.94931,75.50238,Arabian Sea,2.8414,9.3271,176.25
2023-06-30T09:33:43.055879+00:00,2.13097,73.98364,Indian Ocean,1.3889,8.0422,187.81
2023-04-07T07:51:31.651399+00:00,18.01542,75.74382,Arabian Sea,2.5692,9.0714,159.83
2023-11-13T20:53:42.920968+00:00,2.23597,61.17689,Indian Ocean,2.2167,9.4295,308.58
2023-11-11T09:45:51.559627+00:00,21.79202,78.95801,Bay of Bengal,1.5167,7.5018,264.24
2023-09-20T21:06:08.500167+00:00,14.52489,85.66499,Bay of Bengal,2.3337,9.089,266.48
2025-03-18T09:01:21.820573+00:00,-0.04099,99.84547,Andaman Sea,1.8895,8.6597,166.19
2024-06-27T01:46:49.503333+00:00,15.22084,95.15561,Bay of Bengal,1.3544,7.3692,242.6
2025-07-29T22:07:55.332646+00:00,6.05792,85.40503,Bay of Bengal,1.6993,8.7151,256.22
2025-09-27T05:25:28.234966+00:00,18.27359,84.12476,Bay of Bengal,2.3153,8.841,299.26
2023-03-07T08:10:16.141181+00:00,19.55434,84.69024,Bay of Bengal,1.9417,9.0501,171.76
2024-11-08T05:41:32.719501+00:00,1.82767,70.45237,Indian Ocean,2.1333,9.422,272.86
2024-07-05T12:45:16.164621+00:00,13.32237,75.83843,Arabian Sea,1.6413,8.3648,239.14
2024-05-19T22:17:30.570877+00:00,16.29802,69.94158,Arabian Sea,2.2793,8.0036,167.02
2024-03-31T23:34:16.592594+00:00,1.98914,97.38843,Andaman Sea,1.8614,9.7753,190.14
2024-03-17T01:32:18.110447+00:00,20.09836,74.06502,Arabian Sea,2.5399,10.0393,157.47
2024-09-03T04:05:27.809212+00:00,18.69537,83.82452,Bay of Bengal,2.6234,9.6751,326.43
2025-12-09T20:04:34.572899+00:00,17.63151,84.52392,Bay of Bengal,1.703,8.3764,236.77
2023-04-14T14:58:00.917744+00:00,1.37076,73.5014,Indian Ocean,2.0317,8.0163,183.3
2024-03-18T03:13:40.377801+00:00,4.22055,70.45352,Indian Ocean,1.8188,7.8854,133.38
2024-11-28T01:40:09.741708+00:00,15.13012,75.33454,Arabian Sea,1.7102,8.4477,276.76
2024-10-23T20:11:07.354033+00:00,3.18678,86.08315,Indian Ocean,2.2469,8.4441,245.52
2024-05-27T07:09:29.761999+00:00,0.91214,98.91131,Andaman Sea,2.0379,9.4795,246.24
2025-04-06T16:00:18.102171+00:00,9.74113,84.86247,Bay of Bengal,2.0046,7.1364,171.66
2023-01-05T11:37:29.588680+00:00,13.85962,94.75468,Bay of Bengal,1.2918,9.1561,152.95
2025-07-29T18:33:20.413828+00:00,6.90184,72.33832,Arabian Sea,2.157,8.7051,228.0
2023-10-26T15:55:16.143548+00:00,9.04518,81.19757,Bay of Bengal,1.8609,7.7726,302.53
2023-12-04T21:07:23.487658+00:00,18.66563,67.25141,Arabian Sea,2.2118,9.1604,259.63
2023-06-01T11:20:32.445741+00:00,10.87591,82.64114,Bay of Bengal,2.1185,10.2824,221.43
2024-08-04T18:56:51.858003+00:00,13.81232,71.81983,Arabian Sea,2.1467,8.796,205.37
2025-04-08T12:08:09.463842+00:00,6.7036,76.33465,Arabian Sea,2.2665,9.019,174.09
2025-01-20T04:03:51.301722+00:00,15.46233,99.48921,Bay of Bengal,2.1287,9.3253,144.49
2023-11-12T06:33:09.189711+00:00,9.67331,73.24768,Arabian Sea,2.7555,9.8885,240.97
2025-12-17T03:16:46.017254+00:00,-3.94828,93.65333,Indian Ocean,2.219,9.2684,212.73
2025-05-20T12:35:53.391319+00:00,0.40275,77.00248,Indian Ocean,2.2786,8.3089,197.02
2025-12-02T22:18:38.315179+00:00,11.29554,61.699,Arabian Sea,1.9485,8.1108,247.32
2025-03-24T06:37:43.286034+00:00,0.73011,98.56192,Andaman Sea,2.1822,8.2384,174.77
2024-05-18T00:35:57.867355+00:00,11.81518,73.74113,Arabian Sea,2.4056,10.4023,207.58
2024-09-02T11:07:01.605226+00:00,23.18874,72.33772,Arabian Sea,1.8076,8.5004,239.82
2025-02-14T02:05:00.503200+00:00,6.47145,87.99761,Bay of Bengal,1.8358,8.9479,213.11
2025-10-10T22:37:26.595566+00:00,1.12457,74.22955,Indian Ocean,1.704,8.1765,256.7
2023-07-20T00:10:55.744346+00:00,13.99275,94.84893,Bay of Bengal,1.417,7.2045,277.12
2025-11-12T21:28:32.706879+00:00,17.42932,67.65884,Arabian Sea,2.4045,10.5375,253.68
2024-09-05T20:58:59.296775+00:00,9.25886,83.73317,Bay of Bengal,2.1842,9.7878,268.96
2025-03-26T21:02:16.179379+00:00,11.58658,91.2403,Bay of Bengal,2.2909,9.4612,157.65
2024-04-06T06:19:56.108426+00:00,20.85249,87.20199,Bay of Bengal,2.3648,7.6228,139.43
2023-06-29T16:32:59.901032+00:00,17.21133,75.36039,Arabian Sea,1.3105,8.1909,211.33
2025-04-09T02:42:13.508035+00:00,14.98334,91.88725,Bay of Bengal,1.8264,8.7336,166.11
2023-03-25T03:50:05.989065+00:00,9.57892,81.63896,Bay of Bengal,1.7546,9.15,180.6
2025-10-10T20:40:24.104185+00:00,7.57703,91.82472,Bay of Bengal,1.9347,9.0136,255.91
2023-04-27T19:06:57.633331+00:00,1.84669,75.67835,Indian Ocean,2.6063,10.7769,176.45
2024-10-21T10:43:12.997309+00:00,2.27686,73.47027,Indian Ocean,2.0614,8.8127,289.77
2024-04-11T07:53:07.546049+00:00,19.43356,90.64804,Bay of Bengal,2.5445,8.3354,188.9
2025-10-21T11:02:05.897499+00:00,16.63903,66.24771,Arabian Sea,2.143,9.2874,260.54
2023-02-02T14:59:47.890071+00:00,21.22916,85.29612,Bay of Bengal,1.8639,9.2137,179.85
2025-10-26T18:16:58.022013+00:00,16.08124,90.7628,Bay of Bengal,2.544,9.5283,227.97
2024-08-19T05:30:01.114357+00:00,1.73693,66.09666,Indian Ocean,1.8245,8.0589,235.86
2025-01-21T20:24:18.417648+00:00,17.5861,69.37742,Arabian Sea,2.1878,10.1217,228.87
2024-09-23T01:54:37.768976+00:00,1.18765,70.7957,Indian Ocean,2.6263,8.0176,272.85
2024-03-12T01:28:54.970064+00:00,22.60758,72.57677,Arabian Sea,2.2794,8.6387,190.61
2023-04-28T02:27:33.387002+00:00,19.42471,69.45269,Arabian Sea,2.4889,8.7656,185.36
2024-08-12T12:32:03.204407+00:00,23.64536,73.22455,Arabian Sea,2.0564,8.5156,262.6
2023-06-10T01:16:40.386830+00:00,17.12051,93.32001,Bay of Bengal,2.0833,8.1019,252.46
2025-08-01T19:31:06.501094+00:00,15.34593,86.85088,Bay of Bengal,1.8134,7.7103,268.36
2023-02-13T02:29:19.781549+00:00,6.71803,82.01729,Bay of Bengal,1.4721,7.9147,184.29
2023-10-16T04:33:43.210024+00:00,-2.0567,65.60972,Indian Ocean,1.9601,8.6162,267.26
2025-01-25T15:45:41.542775+00:00,21.59365,82.50277,Bay of Bengal,2.1084,9.5991,210.08
2023-02-16T22:31:06.400724+00:00,14.52786,85.57315,Bay of Bengal,1.3287,8.7681,191.46
2023-02-28T09:37:58.693016+00:00,17.3887,98.17704,Bay of Bengal,2.1157,8.4697,152.4
2025-10-03T09:01:12.997792+00:00,15.40272,65.87772,Arabian Sea,2.3489,8.8544,284.34
2025-11-29T23:53:58.047854+00:00,0.0272,76.19012,Indian Ocean,1.7312,7.2783,231.64
2024-06-11T20:22:44.914759+00:00,13.25383,73.41298,Arabian Sea,1.7632,8.7366,201.64
2025-07-21T12:00:44.934114+00:00,-2.2145,96.15431,Indian Ocean,2.3945,8.7069,266.49
2025-02-20T07:34:08.683799+00:00,-2.22951,89.21585,Indian Ocean,1.8087,8.4872,145.62
2025-12-21T06:51:05.114550+00:00,-4.91832,83.04129,Indian Ocean,1.93,7.0655,180.13
2023-06-21T00:21:39.175960+00:00,18.37711,65.66466,Arabian Sea,1.7711,8.1979,169.88
2023-10-16T23:01:04.710689+00:00,13.40644,67.61508,Arabian Sea,2.108,9.8226,287.44
2023-05-28T01:10:10.162056+00:00,6.85139,61.92738,Arabian Sea,2.4915,9.9301,174.11
2024-04-03T15:31:14.932989+00:00,19.47776,93.8119,Bay of Bengal,2.6536,11.6697,166.27
2024-11-07T03:12:50.233922+00:00,6.41841,72.94594,Arabian Sea,2.7055,10.7504,308.12
2024-07-05T07:26:16.609076+00:00,0.1744,78.14951,Indian Ocean,1.5304,8.8236,246.37
2024-04-09T07:23:33.155673+00:00,-0.6898,95.12682,Andaman Sea,2.0804,8.9387,179.96
2025-11-11T23:37:09.691394+00:00,19.3124,60.23844,Arabian Sea,2.184,9.2772,275.22
2023-08-15T13:24:08.115854+00:00,21.14226,87.87086,Bay of Bengal,1.8463,9.7564,246.96
2023-04-04T19:39:39.725998+00:00,3.8644,98.80739,Andaman Sea,2.1035,8.7167,158.34
2024-11-12T21:38:11.714259+00:00,5.45648,99.75615,Bay of Bengal,1.6245,8.9191,200.43
2024-05-13T15:54:38.411764+00:00,4.86455,63.43668,Indian Ocean,1.4019,8.5316,157.34
2025-09-26T22:42:44.696377+00:00,16.7212,71.46568,Arabian Sea,2.709,10.1184,217.25
2024-06-13T11:06:08.049290+00:00,10.10675,95.46455,Bay of Bengal,1.4086,8.9486,268.71
2024-05-22T08:25:22.208296+00:00,15.75835,93.07006,Bay of Bengal,2.2063,8.859,226.79
2025-03-05T13:41:46.142610+00:00,13.766,83.46781,Bay of Bengal,1.924,9.268,136.11
2023-04-15T03:43:54.142546+00:00,15.60245,97.5319,Bay of Bengal,1.4299,8.6579,175.07
2025-02-10T05:50:57.510587+00:00,22.76886,63.74612,Arabian Sea,2.2455,7.9009,210.65
2024-12-30T22:32:49.442989+00:00,23.05927,99.05602,Indian Ocean,0.9278,8.3511,162.29
2024-05-14T17:28:46.455323+00:00,0.57805,90.58937,Andaman Sea,1.9764,8.7208,212.08
2023-11-28T15:55:35.615621+00:00,14.17387,69.25184,Arabian Sea,1.9178,8.3118,260.49
2024-12-11T13:58:48.974189+00:00,15.13182,69.32059,Arabian Sea,1.6764,8.0249,250.86
2023-02-19T23:19:56.687402+00:00,3.93019,80.38255,Indian Ocean,2.0336,8.1309,144.62
2023-09-11T12:18:49.722146+00:00,-2.12846,78.28143,Indian Ocean,1.9454,8.288,263.83
2025-10-14T21:08:31.307104+00:00,23.68102,69.0938,Arabian Sea,2.7917,9.74,266.75
2025-09-23T03:56:54.901500+00:00,8.52955,90.07797,Bay of Bengal,1.6976,7.7876,264.28
2023-02-17T10:27:28.797227+00:00,20.36475,75.57809,Arabian Sea,2.1081,7.5486,200.02
2023-09-01T09:32:50.666849+00:00,20.32001,62.82858,Arabian Sea,2.3729,9.9323,252.91
2025-01-04T11:33:29.034474+00:00,15.83762,99.16151,Bay of Bengal,1.221,6.7539,166.2
2023-11-30T02:28:55.388740+00:00,20.25055,60.85064,Arabian Sea,1.6878,8.3394,276.61
2024-11-11T10:13:09.175649+00:00,1.24127,68.55665,Indian Ocean,1.746,9.0572,243.44
2023-10-07T14:24:43.670354+00:00,21.71133,60.1061,Arabian Sea,2.3632,8.2449,246.88
2024-11-12T06:42:37.187297+00:00,1.15043,61.48515,Indian Ocean,2.3645,9.1396,265.68
2023-01-03T18:03:20.434412+00:00,20.57482,65.88053,Arabian Sea,1.8427,8.8167,258.56
2024-08-12T07:23:15.358028+00:00,22.88527,64.52133,Arabian Sea,1.7542,8.2843,251.75
2023-10-21T17:21:24.861336+00:00,14.91801,99.18759,Bay of Bengal,2.1157,8.1871,217.91
2024-10-26T11:30:37.780461+00:00,-2.01714,80.54993,Indian Ocean,2.2032,8.8515,253.61
2024-11-28T08:54:43.569260+00:00,15.13158,73.07334,Arabian Sea,1.5978,7.5543,289.36
2023-04-21T13:48:32.005519+00:00,5.3958,84.76097,Bay of Bengal,1.8622,7.9147,191.67
2023-06-23T20:56:10.457680+00:00,0.06764,96.36573,Andaman Sea,2.2506,9.6165,269.62
2025-12-09T04:19:39.931436+00:00,-1.13977,69.06906,Indian Ocean,1.0548,7.5944,266.34
2024-06-15T01:46:38.467250+00:00,1.31023,60.72293,Indian Ocean,1.8217,8.8965,158.02
2025-01-07T07:45:08.673765+00:00,5.51119,85.69288,Bay of Bengal,1.7393,8.1301,210.33
2024-12-10T05:12:58.050829+00:00,23.20881,72.97156,Arabian Sea,2.2337,8.9531,278.68
2024-05-31T19:57:03.231356+00:00,0.98207,63.95772,Indian Ocean,2.0577,9.8571,155.29
2024-10-05T12:36:26.265144+00:00,20.43647,69.77735,Arabian Sea,2.1288,8.7772,270.7
2025-12-21T18:12:27.637139+00:00,10.37826,68.44862,Arabian Sea,1.7521,8.4793,276.95
2024-12-23T00:54:57.321610+00:00,-0.47679,92.04379,Andaman Sea,1.0867,7.2195,208.12
2025-12-17T11:11:41.136463+00:00,22.38912,65.02772,Arabian Sea,2.039,8.6758,293.53
2023-06-01T23:30:38.974832+00:00,18.92679,67.85561,Arabian Sea,2.4145,9.2563,211.38
2025-01-17T15:20:52.051440+00:00,5.32894,79.67569,Bay of Bengal,2.0745,9.7792,169.73
2025-09-12T12:46:20.916409+00:00,21.2411,99.34726,Bay of Bengal,2.4866,9.1845,270.49
2023-06-17T22:32:34.833347+00:00,2.74552,69.02794,Indian Ocean,2.3564,10.0292,195.45
2025-04-16T02:29:44.785752+00:00,14.79152,88.23302,Bay of Bengal,1.9178,7.8245,185.04
2025-04-02T22:34:11.207801+00:00,-3.19358,90.75447,Indian Ocean,2.2865,10.0008,158.12
2025-09-17T23:09:39.843050+00:00,-4.90093,84.90154,Indian Ocean,2.1189,8.1507,258.45
2024-06-13T22:53:37.964986+00:00,14.17256,68.79632,Arabian Sea,1.515,9.3029,203.67
2025-02-15T16:46:40.511115+00:00,17.82047,61.36506,Arabian Sea,2.4803,8.5803,228.86
2024-06-10T14:45:38.657781+00:00,-4.69208,92.56028,Indian Ocean,1.5978,8.0417,224.73
2025-03-26T06:12:47.334437+00:00,12.44749,80.83796,Bay of Bengal,1.8457,8.9111,148.67
2025-07-22T18:38:24.099095+00:00,22.52265,95.73643,Indian Ocean,1.6709,8.4148,251.6
2024-02-07T09:28:33.188237+00:00,8.76414,86.12405,Bay of Bengal,1.9221,9.1393,162.23
2024-06-10T11:07:37.150757+00:00,16.13711,87.37089,Bay of Bengal,1.7188,9.2889,232.81
2024-03-22T01:03:02.344748+00:00,17.89526,78.53409,Bay of Bengal,2.0174,8.2067,162.44
2025-02-25T10:58:28.493929+00:00,1.15993,90.02307,Andaman Sea,1.9237,8.178,146.51
2024-04-22T04:16:13.346626+00:00,0.53924,72.13444,Indian Ocean,1.6793,8.5357,140.45
2023-01-25T08:21:29.582255+00:00,5.55199,77.55075,Arabian Sea,2.1365,9.307,212.99
2025-08-16T00:26:10.269357+00:00,16.85706,79.21288,Bay of Bengal,1.7013,8.3852,248.75
2024-07-10T02:47:11.730549+00:00,0.34671,81.89221,Indian Ocean,1.5301,7.8289,239.73
2023-10-13T22:42:12.493493+00:00,-1.58989,82.54762,Indian Ocean,2.1314,7.9304,287.57
2023-09-07T15:21:48.165893+00:00,22.99146,61.3349,Arabian Sea,2.2386,7.6655,233.87
2024-04-28T02:44:31.401816+00:00,5.55962,70.37977,Arabian Sea,2.4084,10.8745,181.24
2023-05-14T18:33:50.776046+00:00,16.41034,99.15758,Bay of Bengal,2.3687,9.7761,236.87
2024-08-28T19:13:59.265368+00:00,0.86313,83.25117,Indian Ocean,2.1711,8.5473,264.25
2023-10-28T08:01:29.213319+00:00,8.20187,92.85944,Bay of Bengal,1.7397,8.5729,252.22
2023-04-29T08:12:47.682977+00:00,-0.88436,88.30568,Indian Ocean,1.8389,9.0643,173.99
2024-09-10T08:34:07.735827+00:00,16.74651,77.62348,Arabian Sea,1.8369,8.5451,293.06
2025-03-07T19:25:38.727623+00:00,9.42559,63.86613,Arabian Sea,2.3936,8.7603,156.79
2025-04-26T10:31:12.217452+00:00,-0.32203,69.93581,Indian Ocean,2.359,9.5118,168.64
2024-12-05T20:15:13.495023+00:00,15.2835,74.00587,Arabian Sea,2.596,9.6396,269.66
2025-01-13T12:35:38.841165+00:00,0.29933,86.44667,Indian Ocean,1.4395,7.3788,195.39
2023-10-29T04:08:29.953189+00:00,10.51994,70.97173,Arabian Sea,2.3177,10.2369,259.73
2025-07-28T17:42:04.339483+00:00,15.09019,66.6196,Arabian Sea,1.848,8.9457,226.04
2023-02-04T14:57:39.355834+00:00,23.28825,61.1259,Arabian Sea,1.6962,9.0316,220.5
2024-09-14T12:12:54.500091+00:00,4.53755,77.96176,Indian Ocean,2.5153,9.7152,275.29
2025-01-28T21:07:53.009742+00:00,-0.25834,63.64562,Indian Ocean,1.1502,7.9259,227.77
2023-09-17T03:01:31.574141+00:00,20.65956,98.13474,Bay of Bengal,2.5067,9.3889,257.64
2024-10-14T01:58:05.974937+00:00,21.99132,73.6115,Arabian Sea,2.2553,9.0876,314.39
2023-05-13T15:11:35.366057+00:00,4.40267,92.94647,Andaman Sea,1.433,7.9583,183.07
2025-10-18T05:57:56.775621+00:00,12.12591,89.93187,Bay of Bengal,2.5859,8.8869,304.79
2023-11-01T05:16:11.124244+00:00,8.14308,69.58463,Arabian Sea,2.1837,10.0479,292.43
2025-10-30T00:24:32.260208+00:00,18.85451,77.70524,Arabian Sea,2.3629,8.1435,270.46
2023-02-16T11:54:32.956193+00:00,-3.33263,85.31672,Indian Ocean,2.0737,8.7693,154.33
2024-02-11T07:22:08.248449+00:00,-4.28459,67.95138,Indian Ocean,1.8248,9.3029,187.86
2024-10-03T02:14:37.861487+00:00,15.57935,88.16774,Bay of Bengal,2.4747,9.1962,282.26
2024-05-12T08:46:34.428982+00:00,6.86785,78.50158,Bay of Bengal,1.8419,7.4171,184.2
2024-05-03T15:28:10.432596+00:00,18.28314,86.46714,Bay of Bengal,2.1537,9.0351,183.37
2023-10-23T11:45:20.192339+00:00,18.82155,66.51403,Arabian Sea,2.4188,11.0722,278.36
2024-03-27T22:55:29.033757+00:00,-4.09242,85.60776,Indian Ocean,2.4715,8.9044,160.29
2023-06-20T06:21:18.814461+00:00,4.36157,92.87705,Andaman Sea,1.4568,10.0761,256.87
2023-04-08T20:59:02.521658+00:00,20.82152,65.91297,Arabian Sea,2.5269,10.6275,172.4
2025-06-25T10:03:58.452695+00:00,3.94122,98.78247,Andaman Sea,1.1916,6.1871,245.15
2025-07-27T16:38:42.909537+00:00,-3.70418,72.30139,Indian Ocean,1.9259,9.2681,223.99
2025-02-14T13:36:46.000507+00:00,16.62244,96.25929,Bay of Bengal,1.9346,8.6376,169.17
2024-01-08T05:48:42.160318+00:00,12.97689,90.71841,Bay of Bengal,1.6934,9.0677,191.77
2024-04-03T17:05:11.388665+00:00,13.18389,88.9732,Bay of Bengal,1.6453,8.6246,160.46
2025-08-30T07:58:22.026236+00:00,16.81844,81.42308,Bay of Bengal,1.8677,8.8617,276.53
2023-08-09T00:07:25.320440+00:00,-0.12734,93.04749,Andaman Sea,1.9115,8.9338,262.04
2023-03-06T01:53:18.338511+00:00,2.50496,99.18552,Andaman Sea,2.3588,8.8863,186.18
2023-01-25T19:27:08.738157+00:00,1.74799,80.76324,Indian Ocean,1.4312,8.5646,190.31
2024-08-20T11:58:32.761063+00:00,20.73529,60.27581,Arabian Sea,2.3842,9.3634,227.93
2024-06-23T22:02:07.036834+00:00,0.44449,80.44267,Indian Ocean,1.078,7.7236,258.41
2023-12-20T06:28:43.215452+00:00,0.13943,63.1138,Indian Ocean,1.4474,7.1079,254.04
2023-10-21T15:10:50.255574+00:00,7.60785,95.16682,Bay of Bengal,2.1112,8.9626,238.25
2023-06-25T03:52:35.204224+00:00,5.62162,71.34776,Arabian Sea,1.6355,9.6706,189.34
2025-07-03T09:30:27.066436+00:00,6.42916,73.28406,Arabian Sea,1.5738,8.4939,206.13
2023-02-25T09:20:01.330493+00:00,0.35019,67.45265,Indian Ocean,1.7985,7.4953,167.57
2024-11-11T02:33:24.455869+00:00,3.11261,90.72774,Andaman Sea,2.2546,9.5152,223.28
2023-11-19T15:15:45.101186+00:00,21.50439,72.62016,Arabian Sea,1.7948,7.5637,251.64
2024-09-10T19:32:17.023225+00:00,16.63184,83.72571,Bay of Bengal,2.1875,8.917,278.25
2024-06-13T13:16:36.797462+00:00,4.76494,99.381,Andaman Sea,1.4166,7.3641,253.58
2023-12-18T00:27:26.448416+00:00,-2.98056,84.8866,Indian Ocean,1.9847,9.8512,192.41
2025-07-12T09:59:14.684942+00:00,7.95605,78.25394,Bay of Bengal,1.2684,8.0043,222.67
2025-07-21T00:45:25.629899+00:00,2.53238,94.2103,Andaman Sea,1.2343,7.1817,267.89
2024-07-06T09:50:39.666642+00:00,0.70716,79.71422,Indian Ocean,1.0394,7.5841,228.78
2025-08-28T03:59:33.080141+00:00,11.51724,61.33664,Arabian Sea,2.0606,7.8006,264.36
2024-03-29T03:47:18.791774+00:00,-0.2817,65.18481,Indian Ocean,1.5993,9.2461,152.08
2024-01-24T08:01:13.572009+00:00,17.54286,77.6698,Arabian Sea,2.2007,7.0492,203.4
2023-01-23T20:08:13.428408+00:00,10.72305,87.81704,Bay of Bengal,1.579,8.7884,183.64
2025-07-29T01:02:31.432384+00:00,-1.10781,85.93926,Indian Ocean,2.1203,9.521,264.23
2025-07-15T09:25:00.372496+00:00,4.55798,87.99467,Indian Ocean,1.2712,8.1819,258.91
2025-06-24T00:14:53.160593+00:00,16.6568,94.35498,Bay of Bengal,1.4316,8.7578,243.21
2023-04-18T03:22:01.393304+00:00,21.12198,98.87259,Bay of Bengal,2.5446,9.2542,193.37
2023-06-20T17:17:34.482753+00:00,6.54971,84.33622,Bay of Bengal,1.4713,7.534,241.51
2023-01-17T07:59:48.219497+00:00,-2.56219,63.33316,Indian Ocean,1.9179,8.1313,250.79
2025-01-15T14:22:02.984702+00:00,23.12275,76.54476,Arabian Sea,1.8702,9.1542,213.94
2024-08-09T09:53:07.383679+00:00,17.90307,80.27113,Bay of Bengal,1.2332,8.2267,257.08
2024-03-25T18:32:12.960957+00:00,19.87979,82.7832,Bay of Bengal,2.1028,8.0471,185.87
2024-04-14T03:07:52.290429+00:00,4.6413,80.00374,Indian Ocean,1.6765,8.0891,171.45
2025-01-25T13:16:37.296624+00:00,1.56607,68.14896,Indian Ocean,1.43,9.6343,198.21
2024-12-09T00:34:33.789971+00:00,18.84941,85.29976,Bay of Bengal,1.6511,8.8784,228.3
2023-04-16T05:30:07.285460+00:00,-3.23275,95.52791,Indian Ocean,2.2963,8.7337,208.85
2023-07-08T02:59:25.776424+00:00,20.2199,99.99678,Bay of Bengal,1.4074,7.9565,271.12
2023-09-23T22:08:08.977386+00:00,16.28399,81.99961,Bay of Bengal,2.4611,7.7513,287.44
2023-03-29T23:44:03.027594+00:00,0.73468,92.14009,Andaman Sea,2.1707,8.5361,168.06
2023-06-24T22:03:42.544057+00:00,20.60577,78.3766,Bay of Bengal,1.4216,8.2299,230.27
2025-03-15T02:21:36.749146+00:00,19.20835,81.2295,Bay of Bengal,2.6324,9.3091,153.58
2025-03-01T16:45:31.239276+00:00,8.9644,60.02201,Arabian Sea,1.9743,8.3807,225.88
2023-10-01T23:23:35.754079+00:00,1.97808,60.79631,Indian Ocean,2.3435,10.1243,287.52
2025-04-10T13:18:37.730846+00:00,17.25697,71.08314,Arabian Sea,2.4767,9.2688,168.36
2025-11-04T18:12:41.807751+00:00,12.36755,74.526,Arabian Sea,1.8235,8.1892,272.82
2023-05-18T11:57:36.273958+00:00,-2.63238,87.12868,Indian Ocean,2.2344,9.2889,167.74
2025-03-12T07:45:09.098650+00:00,14.80084,71.12955,Arabian Sea,2.5121,8.8612,169.09
2024-11-06T17:02:05.931982+00:00,-0.71572,84.23388,Indian Ocean,1.6189,8.6913,313.44
2024-11-05T12:22:35.506540+00:00,13.92228,61.30536,Arabian Sea,2.5869,9.6569,268.29
2024-04-09T04:12:29.996544+00:00,-4.98205,93.68397,Indian Ocean,2.18,9.0365,189.38
2023-09-09T17:36:04.039463+00:00,-3.2785,76.92658,Indian Ocean,1.8402,9.3795,277.28
2024-01-21T13:26:10.586865+00:00,13.45575,99.92754,Bay of Bengal,1.8239,8.0855,126.55
2024-10-03T16:39:06.130823+00:00,2.93556,75.40149,Indian Ocean,2.1855,9.664,300.77
2023-04-20T11:52:33.011491+00:00,5.77568,82.11151,Bay of Bengal,1.8238,8.2298,150.36
2024-10-27T02:22:28.613366+00:00,16.62773,96.82773,Bay of Bengal,2.1327,9.009,206.56
2025-05-22T22:57:06.630226+00:00,10.81866,89.16251,Bay of Bengal,1.7482,7.9354,212.37
2023-12-08T14:14:01.008875+00:00,5.81893,80.12199,Bay of Bengal,1.6023,10.3563,230.4
2025-07-17T02:09:44.899760+00:00,4.06723,69.56059,Indian Ocean,1.4283,7.8744,210.48
2024-04-11T18:37:55.930025+00:00,-0.84248,88.79123,Indian Ocean,1.8291,8.7343,172.54
2025-05-29T23:11:22.760616+00:00,20.84563,90.79101,Bay of Bengal,1.8742,8.3998,211.14
2025-07-09T01:22:31.116802+00:00,11.59584,64.05754,Arabian Sea,1.3479,8.1528,163.68
2023-08-30T06:22:20.240396+00:00,22.41044,70.48142,Arabian Sea,2.1927,8.6393,287.56
2024-04-28T00:26:40.233921+00:00,12.10583,82.77359,Bay of Bengal,1.8186,7.2186,158.04
2024-02-11T13:23:50.048696+00:00,3.51819,60.02437,Indian Ocean,1.2294,7.2203,179.85
2025-06-23T11:44:57.047224+00:00,4.89982,60.28676,Indian Ocean,1.5561,8.8355,146.76
2024-09-05T15:08:27.142571+00:00,11.89242,97.72671,Bay of Bengal,1.9291,9.522,279.19
2024-07-05T03:16:50.885548+00:00,2.89475,81.4633,Indian Ocean,1.6471,8.4358,233.4
2025-06-25T09:38:36.625967+00:00,17.24978,68.88422,Arabian Sea,1.6208,8.0495,173.18
2025-06-03T10:54:11.345634+00:00,22.73595,64.88609,Arabian Sea,2.5188,9.3697,175.73
2025-04-21T10:41:58.287155+00:00,19.63186,83.96016,Bay of Bengal,2.3258,9.8387,169.38
2023-03-21T19:17:31.779472+00:00,20.40672,95.28045,Bay of Bengal,2.9378,10.1069,153.47
2024-04-12T07:39:18.019504+00:00,22.6953,71.67138,Arabian Sea,2.3449,9.9149,161.5
2024-07-25T18:00:44.162081+00:00,9.31856,84.14176,Bay of Bengal,1.7484,9.1467,264.62
2024-11-26T12:18:24.121396+00:00,-0.61456,61.57331,Indian Ocean,1.9506,8.9925,308.72
2023-05-10T00:56:32.969989+00:00,-3.59096,67.724,Indian Ocean,1.6948,8.4149,124.33
2025-10-06T12:47:11.691637+00:00,16.52182,68.51502,Arabian Sea,2.29,10.3856,272.3
2024-02-07T23:44:48.323254+00:00,5.7779,70.33807,Arabian Sea,2.2252,8.9846,204.94
2023-06-08T05:52:06.203058+00:00,-1.33047,66.83349,Indian Ocean,1.6386,7.4837,165.32
2025-02-21T08:42:19.389885+00:00,22.70751,63.32182,Arabian Sea,2.15,8.0596,242.34
2025-11-04T22:42:27.705263+00:00,22.03607,74.95952,Arabian Sea,2.3051,9.8284,275.62
2024-12-29T10:43:10.357042+00:00,12.61681,73.0602,Arabian Sea,1.4128,9.0586,227.99
2023-07-13T02:53:57.740592+00:00,21.95028,99.02522,Bay of Bengal,1.7306,8.9787,275.78
2025-06-09T00:02:45.910514+00:00,3.7442,75.28045,Indian Ocean,1.974,8.5166,198.03
2024-09-12T07:34:03.183263+00:00,1.51891,77.58338,Indian Ocean,1.7788,7.4195,284.6
2025-12-12T12:43:58.909162+00:00,4.37154,69.09588,Indian Ocean,1.4464,8.5913,224.55
2023-12-11T19:47:17.684967+00:00,19.50547,82.57365,Bay of Bengal,1.2847,7.7602,248.77
2025-07-13T07:25:28.170988+00:00,18.38049,69.86211,Arabian Sea,1.8328,9.341,214.93
2024-11-18T13:53:29.950876+00:00,1.18451,90.83841,Andaman Sea,1.7423,8.1204,220.93
2024-01-03T01:18:32.197137+00:00,10.47683,72.02511,Arabian Sea,1.6044,8.4566,242.28
2025-11-06T21:59:41.133975+00:00,17.47137,99.44466,Bay of Bengal,2.0798,9.5068,221.82
2024-04-06T02:52:27.364882+00:00,15.95091,64.55687,Arabian Sea,2.5115,8.3837,168.27
2023-11-30T16:13:10.124620+00:00,-0.15071,61.26104,Indian Ocean,1.8958,8.3462,267.12
2023-12-13T03:40:34.757010+00:00,20.51028,99.72211,Bay of Bengal,1.8195,8.6592,194.81
2023-10-27T17:29:59.817522+00:00,11.21815,60.83994,Arabian Sea,2.2047,9.9672,267.85
2025-06-29T21:10:53.152493+00:00,9.3879,99.01742,Bay of Bengal,1.4377,7.5188,248.58
2023-05-24T09:47:50.790800+00:00,6.30182,93.24763,Bay of Bengal,2.0298,7.6455,233.05
2023-12-09T14:20:41.441747+00:00,1.25413,60.82854,Indian Ocean,1.4311,8.2839,254.64
2024-08-31T15:24:34.988022+00:00,18.35969,61.14746,Arabian Sea,2.0484,9.0005,216.17
2023-08-26T19:44:19.290108+00:00,0.20829,84.92688,Indian Ocean,2.2167,8.9647,297.25
2025-04-29T17:50:27.897940+00:00,18.45282,64.66813,Arabian Sea,2.0646,6.4911,171.21
2025-06-22T21:18:31.847899+00:00,11.00982,77.65341,Arabian Sea,1.9466,8.3691,224.14
2025-04-21T20:21:47.833185+00:00,5.05288,82.03831,Bay of Bengal,2.1487,9.8238,156.34
2024-05-08T04:01:40.341347+00:00,17.72865,60.77554,Arabian Sea,2.3635,8.9579,169.27
2025-03-01T06:11:49.213196+00:00,9.14017,99.00538,Bay of Bengal,1.9136,10.145,157.14
2025-01-01T07:03:40.510484+00:00,21.51545,90.2478,Bay of Bengal,1.2715,8.9044,203.97
2025-03-21T17:12:44.214611+00:00,1.60731,84.25246,Indian Ocean,2.2776,10.4221,153.55
2024-09-20T21:28:56.579064+00:00,15.86492,84.45731,Bay of Bengal,2.0783,10.0129,277.89
2025-02-14T20:30:21.749806+00:00,15.0791,74.37127,Arabian Sea,2.0463,7.2263,181.18
2023-05-04T02:23:33.669934+00:00,23.24538,78.47519,Indian Ocean,2.3649,9.5904,179.76
2024-08-14T01:02:24.342174+00:00,15.30215,96.58961,Bay of Bengal,2.0202,9.789,276.68
2025-09-06T03:30:01.889025+00:00,-0.21801,71.41294,Indian Ocean,1.7229,7.7494,245.55
2023-11-21T15:57:45.514816+00:00,-1.55447,68.0192,Indian Ocean,2.2522,7.7829,253.1
2023-04-19T09:17:04.167872+00:00,17.962,69.02499,Arabian Sea,2.5145,8.9755,182.46
2024-09-04T03:06:01.708529+00:00,5.85719,77.99891,Arabian Sea,2.1152,9.0525,265.97
2024-12-29T21:15:36.535121+00:00,6.77028,89.86974,Bay of Bengal,1.9189,9.2152,240.4
2025-04-16T11:02:30.478531+00:00,-0.92386,63.18458,Indian Ocean,1.5138,7.6554,178.27
2024-12-18T09:02:03.627810+00:00,-4.47438,84.83706,Indian Ocean,1.479,9.5942,219.01
2025-02-23T00:00:13.806870+00:00,0.96503,82.77003,Indian Ocean,1.9818,7.7895,171.9
2023-12-11T21:55:20.578863+00:00,12.72719,74.87946,Arabian Sea,1.7692,8.7633,232.59
2023-01-30T01:26:09.615730+00:00,0.13725,94.51063,Andaman Sea,1.3188,8.8132,132.07
2025-09-20T14:37:01.520825+00:00,1.82633,68.52809,Indian Ocean,1.724,7.5289,247.85
2023-05-06T03:34:44.191535+00:00,16.24853,87.58299,Bay of Bengal,1.3329,8.1922,196.51
2023-04-03T14:02:54.060713+00:00,16.05595,61.91314,Arabian Sea,2.1435,8.2694,148.02
2023-07-21T10:39:08.337593+00:00,21.97866,80.48522,Bay of Bengal,1.4611,7.1098,222.07
2023-06-13T13:55:11.402181+00:00,-3.58624,62.90337,Indian Ocean,1.9592,7.5964,171.85
2023-01-09T08:00:07.357276+00:00,18.47183,98.37117,Bay of Bengal,1.2992,8.4457,180.58
2023-02-19T23:07:50.332970+00:00,8.62499,65.53499,Arabian Sea,1.7966,9.8594,202.94
2025-07-11T15:30:10.083222+00:00,3.3075,88.77365,Indian Ocean,1.2225,7.6478,256.32
2025-11-12T13:40:49.257746+00:00,6.95162,82.97777,Bay of Bengal,2.012,8.8835,280.71
2024-01-03T17:36:57.550579+00:00,15.82427,62.90439,Arabian Sea,1.9854,8.9676,277.42
2023-02-08T05:18:04.666784+00:00,2.3709,67.00013,Indian Ocean,2.3489,9.8775,190.29
2024-01-08T10:43:35.730290+00:00,1.58462,78.24575,Indian Ocean,1.3821,9.3906,182.06
2023-03-04T08:39:32.466093+00:00,-4.55732,99.38749,Indian Ocean,2.2473,9.1909,188.13
2023-03-05T06:11:14.726484+00:00,11.04505,68.69131,Arabian Sea,2.5608,9.0203,217.01
2023-03-29T02:54:27.321867+00:00,13.28551,81.1082,Bay of Bengal,2.3794,11.1044,177.93
2024-12-28T21:21:42.351296+00:00,8.57008,83.76339,Bay of Bengal,1.2903,7.09,182.19
2024-04-02T21:35:39.022860+00:00,11.31396,86.88524,Bay of Bengal,2.4382,10.02,135.53
2023-07-30T07:41:29.354019+00:00,3.83239,82.29614,Indian Ocean,1.97,9.0633,257.36
2023-05-31T15:15:41.109436+00:00,6.4535,83.38705,Bay of Bengal,1.5062,8.7165,179.34
2023-07-18T22:15:45.595275+00:00,9.01715,64.27955,Arabian Sea,1.8281,8.4738,187.72
2023-01-27T14:14:21.935311+00:00,10.7363,66.59412,Arabian Sea,1.6933,9.9604,203.15
2023-07-05T21:15:50.438494+00:00,16.56964,83.03796,Bay of Bengal,0.9482,8.2631,222.96
2023-05-05T19:41:40.274800+00:00,2.02756,90.9983,Andaman Sea,1.7075,10.1358,210.12
2024-10-15T09:15:25.403197+00:00,19.38835,61.47081,Arabian Sea,2.3137,10.0972,241.59
2024-06-27T05:46:17.332847+00:00,1.21391,72.13334,Indian Ocean,1.5919,9.6784,190.59
2024-03-02T19:20:00.077240+00:00,1.93526,71.21116,Indian Ocean,1.8683,8.3097,206.42
2024-06-06T23:22:43.827539+00:00,12.19368,68.30222,Arabian Sea,1.7959,8.6458,202.62
2024-02-22T23:40:57.079397+00:00,11.52057,81.32322,Bay of Bengal,1.5964,7.8274,160.57
2024-12-04T05:59:36.379998+00:00,4.11532,72.27862,Indian Ocean,2.1193,7.6824,217.94
2024-10-20T01:24:44.898951+00:00,1.43554,75.7904,Indian Ocean,2.3157,9.5723,278.55
2023-02-22T15:55:54.305234+00:00,7.68508,79.36831,Bay of Bengal,1.8957,8.2729,193.53
2024-01-28T15:07:10.150611+00:00,21.25423,63.37377,Arabian Sea,2.4004,9.5596,233.34
2025-06-27T04:49:26.302696+00:00,1.42192,90.80733,Andaman Sea,1.5492,8.5237,240.56
2023-08-14T17:58:41.775565+00:00,-3.04018,77.76006,Indian Ocean,1.6477,7.8572,275.8
2024-01-10T13:28:46.361821+00:00,8.78938,93.15481,Bay of Bengal,1.2318,9.0093,176.09
2023-12-26T21:16:51.065075+00:00,22.0421,73.42018,Arabian Sea,1.4176,7.4278,248.2
2025-04-06T21:55:55.731643+00:00,13.51238,78.7847,Bay of Bengal,1.9319,9.3044,176.15
2024-10-12T04:36:48.549368+00:00,8.08054,75.2394,Arabian Sea,2.357,8.76,310.56
2023-09-20T17:12:01.952654+00:00,6.99409,86.22259,Bay of Bengal,2.3845,8.732,274.11
2024-07-20T08:15:35.775111+00:00,7.05692,75.14748,Arabian Sea,1.9744,8.7223,208.91
2024-07-11T02:11:34.359013+00:00,9.08938,78.10078,Bay of Bengal,1.5924,8.21,237.42
2025-02-19T18:51:42.473243+00:00,-3.83219,65.71969,Indian Ocean,1.7326,8.8733,190.25
2025-07-05T06:30:29.484136+00:00,11.68171,63.46421,Arabian Sea,1.6032,9.1043,174.18
2024-11-09T19:50:41.132457+00:00,13.9574,97.4894,Bay of Bengal,1.7844,8.5529,226.24
2023-11-23T22:35:38.044676+00:00,22.03785,86.23947,Indian Ocean,2.1762,9.6533,237.49
2025-09-17T02:03:08.839115+00:00,6.38332,85.57451,Bay of Bengal,2.536,10.1124,297.55
2023-07-02T00:30:25.916448+00:00,-4.62242,62.18662,Indian Ocean,1.3451,8.1016,229.38
2025-08-30T18:08:32.438257+00:00,15.52152,83.0446,Bay of Bengal,2.2532,8.0468,241.06
2024-07-22T20:43:37.254099+00:00,-2.05758,95.84101,Indian Ocean,1.4675,8.2249,272.78
2023-09-05T14:54:34.077005+00:00,4.24839,71.5535,Indian Ocean,2.018,8.4091,272.74
2025-03-09T12:25:39.313279+00:00,8.46482,82.79815,Bay of Bengal,2.5679,8.6129,201.61
2024-07-06T10:37:21.673999+00:00,2.72772,76.18248,Indian Ocean,1.8126,7.6413,206.25
2025-08-28T02:56:59.721582+00:00,6.26988,89.05587,Bay of Bengal,2.142,9.8963,311.49
2023-05-16T20:11:46.393913+00:00,13.95557,90.72079,Bay of Bengal,1.8751,8.6444,192.8
2024-06-27T08:07:55.156492+00:00,17.26675,75.8239,Arabian Sea,1.5202,9.2792,201.11
2024-10-17T11:12:08.879650+00:00,11.13798,75.71795,Arabian Sea,2.5697,9.2424,291.98
2025-11-11T07:28:54.407858+00:00,6.95259,85.56795,Bay of Bengal,1.9221,8.4189,240.59
2023-09-30T00:33:32.195035+00:00,5.83459,66.75501,Arabian Sea,2.4229,9.1694,266.4
2024-07-22T19:12:25.224142+00:00,16.67217,83.36066,Bay of Bengal,1.7559,8.0088,264.03
2023-09-11T13:44:20.885497+00:00,-2.35383,96.29342,Indian Ocean,2.1111,7.7179,270.22
2024-02-11T22:51:15.825197+00:00,-1.07172,75.46944,Indian Ocean,2.0798,8.7781,162.23
2023-06-11T11:37:35.340004+00:00,6.62953,71.24374,Arabian Sea,1.6484,8.4433,171.06
2024-03-03T18:31:27.257980+00:00,-2.88777,98.46564,Indian Ocean,2.3279,10.7359,184.15
2025-02-05T06:43:45.040943+00:00,10.85438,81.14123,Bay of Bengal,2.0281,9.2493,180.91
2023-10-16T12:42:28.769630+00:00,8.04103,96.94847,Bay of Bengal,2.1284,9.8746,244.99
2023-08-09T16:25:09.232251+00:00,18.85511,94.00522,Bay of Bengal,1.8253,7.9525,289.29
2024-09-07T14:34:44.538805+00:00,-4.03924,66.705,Indian Ocean,1.6116,7.8945,256.21
2024-04-10T13:34:08.304062+00:00,4.06419,64.35731,Indian Ocean,2.158,8.3044,182.49
2024-09-25T06:07:16.308571+00:00,22.53751,77.25391,Arabian Sea,2.779,9.4299,268.82
2025-11-12T03:09:40.327225+00:00,3.55605,77.98039,Indian Ocean,1.9948,9.4213,238.39
2024-06-15T16:04:10.272278+00:00,13.81587,82.0211,Bay of Bengal,1.3622,6.749,215.14
2023-12-31T11:03:09.253442+00:00,17.09334,95.76909,Bay of Bengal,1.4912,10.2057,182.55
2024-04-24T00:41:34.126158+00:00,3.91212,60.33038,Indian Ocean,2.1426,9.155,146.93
2025-07-12T02:17:34.393785+00:00,3.44947,60.84337,Indian Ocean,1.6298,8.16,175.79
2024-07-26T16:06:56.945139+00:00,16.7011,63.81358,Arabian Sea,2.4148,8.4121,206.34
2023-07-13T04:13:32.060120+00:00,-3.21815,63.92123,Indian Ocean,1.1159,7.4851,187.71
2025-10-08T11:11:09.326198+00:00,0.88547,67.15476,Indian Ocean,2.0131,9.3685,285.03
2025-08-06T01:52:01.330362+00:00,14.07779,71.58183,Arabian Sea,1.7365,10.4003,243.86
2023-08-06T21:16:52.060255+00:00,23.8726,81.4112,Indian Ocean,1.8179,8.3937,274.12
2023-04-29T15:06:35.509565+00:00,2.71382,80.9773,Indian Ocean,1.7936,9.0896,169.4
2023-08-10T01:59:53.214829+00:00,19.36106,60.30815,Arabian Sea,1.7454,8.3328,215.24
2023-11-12T14:53:14.751242+00:00,9.7302,98.86929,Bay of Bengal,2.3622,10.0845,217.24
2025-03-20T16:31:20.343741+00:00,12.24325,60.63338,Arabian Sea,2.1845,8.3744,169.77
2025-10-15T21:50:14.595252+00:00,6.60504,60.24333,Arabian Sea,2.1873,7.9745,252.59
2023-08-19T04:47:09.922065+00:00,15.5512,66.94776,Arabian Sea,2.1331,9.6141,265.91
2025-05-10T17:57:32.146237+00:00,21.81103,82.69264,Bay of Bengal,1.758,8.3354,156.23
2025-08-15T13:02:13.295683+00:00,9.1701,67.18854,Arabian Sea,2.4517,8.6334,233.63
2024-12-07T16:50:14.822764+00:00,12.02968,91.33254,Bay of Bengal,2.0542,8.2628,179.79
2025-11-28T16:18:21.860393+00:00,-1.00639,60.61988,Indian Ocean,1.6032,7.4887,278.83
2025-09-08T21:20:54.201775+00:00,16.61461,77.60973,Arabian Sea,2.0463,9.1324,289.66
2024-01-19T04:37:10.817274+00:00,13.53143,70.40242,Arabian Sea,1.7606,6.8032,226.13
2025-09-27T23:41:43.927936+00:00,6.11163,89.04505,Bay of Bengal,2.5551,8.6795,272.13
2025-12-13T11:41:08.803771+00:00,-1.16323,99.2181,Andaman Sea,1.588,6.4432,215.63
2023-09-21T16:28:03.006646+00:00,20.92504,95.29631,Bay of Bengal,2.3678,9.0029,290.55
2024-03-08T23:54:22.939713+00:00,21.48597,63.10276,Arabian Sea,2.0789,8.6825,217.28
2025-01-19T04:29:27.929084+00:00,20.00927,80.68026,Bay of Bengal,1.484,7.2842,204.46
2023-12-03T10:33:58.226632+00:00,2.56024,80.3852,Indian Ocean,1.2828,7.4218,233.35
2025-02-22T13:00:41.518374+00:00,2.25338,79.49359,Indian Ocean,1.669,8.2174,184.15
2024-11-21T09:04:36.678770+00:00,6.6428,72.03385,Arabian Sea,1.9529,8.129,255.35
2023-02-10T09:32:19.469922+00:00,4.3637,84.86814,Indian Ocean,1.7827,8.735,168.01
2024-10-22T07:35:31.800738+00:00,1.25403,75.44297,Indian Ocean,2.1718,7.9482,314.83
2024-07-26T08:01:32.655029+00:00,-1.94573,92.22223,Andaman Sea,1.6783,8.2003,239.93
2024-08-09T20:54:50.006572+00:00,3.72576,83.04008,Indian Ocean,2.4091,9.424,274.96
2023-06-29T02:56:47.752091+00:00,13.29244,93.36183,Bay of Bengal,1.2504,7.6224,218.63
2025-08-05T17:56:21.273206+00:00,9.34044,81.08028,Bay of Bengal,1.8194,7.3901,275.2
2024-02-29T15:43:16.689482+00:00,23.30655,80.14951,Indian Ocean,1.7605,9.4941,182.04
2025-05-08T11:00:42.655687+00:00,-0.65382,85.68508,Indian Ocean,2.5891,9.3642,168.08
2025-04-27T20:24:44.498429+00:00,21.20859,61.24645,Arabian Sea,2.5932,9.2305,168.01
2023-12-31T04:17:27.816425+00:00,15.39406,62.76857,Arabian Sea,1.5766,8.6391,243.54
2025-06-04T13:17:30.266389+00:00,1.90404,64.69487,Indian Ocean,1.7835,8.5072,163.88
2025-03-25T02:56:24.290529+00:00,13.85742,62.40593,Arabian Sea,2.5751,10.5028,172.22
2025-11-06T04:09:17.192498+00:00,9.25737,88.8396,Bay of Bengal,1.9535,9.5682,267.88
2023-08-09T18:10:42.373171+00:00,15.84369,93.95565,Bay of Bengal,1.9695,7.8868,277.47
2023-05-01T01:39:59.647652+00:00,15.24232,67.74243,Arabian Sea,2.8042,9.3173,162.17
2023-09-22T09:46:35.444346+00:00,-4.18343,67.62588,Indian Ocean,1.9057,8.0327,270.81
2025-08-06T14:26:40.823130+00:00,13.60574,67.69446,Arabian Sea,2.2332,8.5208,235.99
2023-05-03T03:34:07.781492+00:00,23.60449,78.91442,Indian Ocean,1.9803,9.0838,179.1
2025-05-12T12:52:59.978778+00:00,12.73147,98.88828,Bay of Bengal,2.4457,8.9225,217.97
2023-07-03T22:48:56.416740+00:00,18.30976,60.7923,Arabian Sea,1.8549,7.7672,203.83
2023-01-18T13:08:36.225571+00:00,23.64323,84.76469,Indian Ocean,1.6426,9.274,194.4
2024-04-06T18:10:18.158551+00:00,20.0892,63.15036,Arabian Sea,2.1728,8.2618,147.96
2024-06-25T07:42:40.575890+00:00,13.30394,68.18527,Arabian Sea,1.4914,7.1512,209.77
2025-08-30T12:13:02.862124+00:00,-0.97632,85.08456,Indian Ocean,2.3606,10.1389,271.6
2023-01-10T08:50:36.799536+00:00,1.53914,75.40686,Indian Ocean,1.3092,7.3143,228.02
2025-08-05T20:01:02.439454+00:00,1.44696,94.83866,Andaman Sea,1.0354,7.0384,276.28
2024-01-21T17:09:04.232579+00:00,7.89834,73.27173,Arabian Sea,2.1078,9.5114,221.48
2024-10-11T13:55:40.818888+00:00,10.42182,67.12556,Arabian Sea,1.844,8.35,253.33
2024-10-03T12:57:49.526830+00:00,1.81986,96.00927,Andaman Sea,2.2357,9.1155,279.92
2024-03-03T21:37:42.698098+00:00,18.47575,98.34068,Bay of Bengal,2.25,9.6125,147.78
2023-08-12T09:56:13.593207+00:00,6.28037,65.66614,Arabian Sea,1.5839,9.8587,239.53
2024-09-21T21:43:17.344418+00:00,4.33652,66.44147,Indian Ocean,1.7762,7.9515,256.16
2023-08-17T13:00:02.173864+00:00,9.02528,63.72441,Arabian Sea,2.0923,10.2644,216.61
2024-02-25T12:51:48.536970+00:00,5.56064,83.61917,Bay of Bengal,1.9962,8.8153,126.78
2025-04-10T23:47:07.614530+00:00,2.11781,99.1449,Andaman Sea,2.1549,9.1943,165.12
2025-08-28T07:30:56.399588+00:00,-0.9001,97.12908,Andaman Sea,2.2881,8.0079,289.52
2024-06-04T23:25:28.605548+00:00,0.19522,98.18245,Andaman Sea,1.6662,8.4169,249.47
2023-04-04T01:31:56.462534+00:00,11.15437,96.04762,Bay of Bengal,2.3079,10.2238,175.8
2024-05-04T02:09:23.457659+00:00,17.59573,77.42659,Arabian Sea,1.8459,7.3307,209.45
2024-05-12T12:26:32.303241+00:00,16.39514,86.01739,Bay of Bengal,2.1587,9.0165,173.91
2025-06-25T09:51:51.399107+00:00,16.85091,65.01629,Arabian Sea,1.4743,9.0314,178.18
2023-05-09T12:13:07.697341+00:00,22.13259,62.86681,Arabian Sea,2.5215,7.6412,190.33
2025-10-10T08:20:21.740103+00:00,2.83653,62.79722,Indian Ocean,1.9608,7.9802,260.16
2023-02-12T07:42:18.738396+00:00,1.57238,73.11569,Indian Ocean,1.9656,8.9441,206.13
2024-03-15T03:04:34.735625+00:00,-2.67265,64.61178,Indian Ocean,2.2149,9.4829,182.25
2025-09-22T08:45:04.306038+00:00,23.15194,68.07271,Arabian Sea,2.4106,9.7021,269.32
2024-05-01T07:47:08.077299+00:00,13.06296,97.01071,Bay of Bengal,2.6243,10.5288,211.04
2023-02-26T05:06:46.492013+00:00,-3.38061,74.96062,Indian Ocean,1.7678,6.8737,184.85
2023-09-03T15:07:58.630283+00:00,0.14937,62.41463,Indian Ocean,1.8358,9.0488,244.42
2025-10-14T09:35:46.588196+00:00,12.9991,68.08353,Arabian Sea,2.5963,8.7144,290.54
2025-08-17T20:58:41.222771+00:00,17.57163,90.34023,Bay of Bengal,2.6833,9.5527,257.52
2025-01-30T13:24:49.085095+00:00,7.51592,79.94648,Bay of Bengal,2.0009,10.9318,189.67
2023-08-31T01:49:26.230076+00:00,13.75324,98.56622,Bay of Bengal,2.1584,7.8743,272.89
2024-07-13T15:13:00.677382+00:00,8.35732,98.42868,Bay of Bengal,1.2049,6.9434,296.47
2023-09-14T19:09:00.802529+00:00,17.39197,70.72122,Arabian Sea,1.7733,7.9979,290.04
2024-11-05T08:15:28.554045+00:00,15.3463,97.26569,Bay of Bengal,1.9923,9.3907,227.34
2024-02-04T00:57:55.368196+00:00,13.61135,61.72853,Arabian Sea,2.4815,7.9442,202.05
2024-06-13T13:43:31.197307+00:00,13.86685,88.39279,Bay of Bengal,1.6947,7.9833,206.32
2023-06-07T10:40:35.340102+00:00,5.11304,79.67152,Bay of Bengal,1.5884,8.2641,177.49
2024-01-31T10:17:19.518614+00:00,5.51992,93.03771,Bay of Bengal,1.6871,7.3809,224.03
2025-05-16T07:58:52.547938+00:00,-0.09013,92.20947,Andaman Sea,1.6147,8.5536,222.12
2024-05-22T17:51:43.268122+00:00,-0.19834,96.70619,Andaman Sea,1.5964,8.0583,193.24
2023-09-14T20:02:49.451781+00:00,-1.96729,60.43176,Indian Ocean,1.7467,8.3891,213.86
2023-04-28T04:52:08.466615+00:00,6.34901,90.61312,Bay of Bengal,2.1016,8.6625,198.69
2024-12-02T02:29:52.054920+00:00,-2.26031,75.90346,Indian Ocean,2.0095,10.0891,249.39
2025-06-06T10:01:42.372231+00:00,23.48439,79.22124,Indian Ocean,1.5738,8.8451,225.16
2023-05-03T05:48:32.349111+00:00,12.34442,81.56182,Bay of Bengal,2.4459,9.6078,190.1
2025-07-18T15:07:28.380157+00:00,-1.99345,98.6548,Andaman Sea,1.4852,7.7744,263.83
2025-10-30T09:27:28.589542+00:00,-1.27354,61.4204,Indian Ocean,1.9707,7.4032,285.56
2025-12-27T08:21:07.228940+00:00,11.99305,83.14291,Bay of Bengal,1.1227,8.2676,216.12
2023-10-28T04:04:57.347360+00:00,15.58493,93.13948,Bay of Bengal,2.041,9.1525,269.46
2024-04-18T01:53:16.307960+00:00,16.43714,69.3855,Arabian Sea,2.1153,8.7633,143.3
2024-12-12T19:02:28.425361+00:00,8.99725,79.8949,Bay of Bengal,1.2808,9.2844,232.35
2023-10-28T07:18:12.834622+00:00,21.48336,60.13873,Arabian Sea,2.3305,7.947,256.04
2025-02-15T10:28:32.683272+00:00,15.40496,93.26442,Bay of Bengal,2.1098,9.0087,151.76
2024-09-24T22:28:25.734101+00:00,4.2218,88.16955,Indian Ocean,2.3012,8.6856,267.19
2025-12-04T03:40:09.603608+00:00,-4.88688,88.46918,Indian Ocean,1.4332,7.784,222.26
2024-10-29T03:13:12.371299+00:00,0.82004,77.67528,Indian Ocean,2.0135,8.8476,295.3
2025-05-18T08:21:16.090315+00:00,8.17825,99.5211,Bay of Bengal,2.0493,8.4888,216.18
2023-09-22T18:33:23.500477+00:00,-4.55222,73.05758,Indian Ocean,1.9509,8.7216,265.88
2025-07-06T15:27:27.551571+00:00,5.17694,61.44151,Arabian Sea,1.7309,7.5665,170.88
2024-12-16T02:53:10.415919+00:00,21.37685,83.15724,Bay of Bengal,1.9225,9.511,219.0
2025-12-04T03:40:50.007454+00:00,-2.02099,84.88824,Indian Ocean,1.5106,8.8146,218.78
2025-11-04T00:58:55.859099+00:00,15.29296,65.90746,Arabian Sea,2.7898,8.9803,233.56
2023-06-19T11:10:34.466547+00:00,9.66493,76.42742,Arabian Sea,1.4344,9.8399,209.02
2025-02-15T13:42:39.618116+00:00,-1.09224,61.40216,Indian Ocean,1.5948,7.63,203.48
2023-06-25T03:17:28.797300+00:00,11.34744,88.78815,Bay of Bengal,1.4116,9.7672,267.64
2023-09-07T16:56:57.707324+00:00,5.66028,92.22503,Bay of Bengal,1.7869,7.6504,278.28
2025-06-07T07:12:23.398440+00:00,4.74618,72.53063,Indian Ocean,1.7423,8.7988,178.28
2024-07-17T04:36:58.870136+00:00,10.82784,71.72569,Arabian Sea,1.7892,8.7985,229.1
2024-04-21T17:35:12.185416+00:00,17.04208,63.39398,Arabian Sea,2.4583,10.268,154.71
2024-08-11T01:21:45.132126+00:00,-1.9832,67.06352,Indian Ocean,1.7644,8.7543,225.34
2023-01-18T19:04:54.509619+00:00,6.08117,84.84204,Bay of Bengal,1.5861,8.2834,207.61
2024-11-11T12:02:02.871299+00:00,11.83152,76.02163,Arabian Sea,2.7648,9.1283,249.66
2024-12-09T19:15:33.678248+00:00,9.59329,64.80997,Arabian Sea,1.8146,7.9019,236.91
2024-02-20T07:16:51.821123+00:00,16.04271,60.58926,Arabian Sea,2.325,9.2164,187.68
2024-12-26T03:14:17.484677+00:00,11.25431,72.19204,Arabian Sea,1.3106,7.4088,229.71
2025-01-14T20:05:02.081168+00:00,-2.30851,67.82689,Indian Ocean,1.4556,8.6869,254.74
2025-08-13T14:08:42.664934+00:00,11.6297,60.56122,Arabian Sea,2.1468,11.1566,227.62
2023-06-24T19:58:32.016840+00:00,-3.35493,80.1843,Indian Ocean,0.9838,7.8586,213.13
2023-06-25T18:55:47.981349+00:00,8.04598,66.67873,Arabian Sea,1.7767,9.8165,195.52
2023-06-08T04:01:49.915246+00:00,1.90043,93.34131,Andaman Sea,1.4287,7.2429,207.91
2023-09-28T14:39:26.713462+00:00,19.28874,83.04225,Bay of Bengal,2.0025,8.5707,291.76
2024-05-23T16:06:10.792177+00:00,16.58205,81.73814,Bay of Bengal,2.2501,9.0641,226.49
2025-04-05T19:46:37.486004+00:00,23.01023,63.55115,Arabian Sea,2.3166,9.2103,176.45
2023-05-08T14:54:55.383848+00:00,3.00207,75.38336,Indian Ocean,1.9194,9.2615,177.51
2025-11-14T10:39:47.589405+00:00,2.59635,72.44523,Indian Ocean,1.9683,9.6866,273.22
2024-01-06T23:26:28.040306+00:00,-0.43008,81.77187,Indian Ocean,1.5789,9.2704,197.93
2024-05-27T21:40:41.650715+00:00,7.65058,73.9879,Arabian Sea,1.6017,7.962,171.1
2023-12-05T15:16:51.328884+00:00,11.70834,88.86745,Bay of Bengal,2.5836,10.1716,245.05
2023-07-11T22:49:10.500008+00:00,-2.92992,92.05169,Indian Ocean,1.5789,8.1094,250.97
2023-04-30T14:09:41.016928+00:00,6.21393,98.08565,Bay of Bengal,2.0904,8.3255,193.62
2024-08-24T06:41:46.315789+00:00,10.51127,83.93473,Bay of Bengal,2.4899,9.1463,251.14
2025-03-04T02:22:20.642437+00:00,5.97916,76.2363,Arabian Sea,2.6622,9.9665,172.76
2024-01-14T12:28:17.250264+00:00,7.38084,84.73135,Bay of Bengal,1.565,8.6493,184.42
2023-02-22T17:56:42.655655+00:00,22.89126,83.47142,Indian Ocean,2.0732,9.6037,190.93
2024-03-26T07:31:17.887224+00:00,19.9349,83.93947,Bay of Bengal,1.8926,8.4727,186.31
2023-04-18T09:49:37.634930+00:00,1.0623,80.28204,Indian Ocean,1.9581,9.2838,154.24
2025-06-29T22:26:44.110154+00:00,2.73521,98.70982,Andaman Sea,1.2513,8.044,241.53
2024-08-04T17:38:35.511835+00:00,15.98419,74.27353,Arabian Sea,1.4637,8.7001,260.5
2023-04-07T03:58:56.459475+00:00,-0.85658,99.50596,Andaman Sea,2.5169,8.8527,188.75
2023-05-24T04:27:52.093080+00:00,15.69118,96.2386,Bay of Bengal,2.293,8.668,199.43
2023-06-10T17:20:20.277489+00:00,6.91914,96.71035,Bay of Bengal,1.4677,7.497,278.61
2024-10-15T14:45:55.247834+00:00,16.04549,70.54875,Arabian Sea,2.2404,9.3147,272.22
2023-08-04T14:51:04.702469+00:00,12.66879,88.05877,Bay of Bengal,2.1032,7.9599,248.07
2024-11-03T22:49:24.676444+00:00,7.50638,69.6276,Arabian Sea,2.6151,8.202,245.92
2025-04-02T10:23:23.644833+00:00,-0.30379,78.15482,Indian Ocean,2.2017,10.702,168.38
2023-03-02T07:12:11.028030+00:00,16.39141,86.91279,Bay of Bengal,2.1971,8.0422,168.61
2024-08-04T00:31:04.154719+00:00,21.8567,60.74948,Arabian Sea,1.9243,8.4267,203.27
2024-05-17T21:33:35.496188+00:00,12.9626,94.33265,Bay of Bengal,2.2199,8.1088,197.91
2024-01-15T21:39:26.186361+00:00,21.3818,70.54409,Arabian Sea,1.9841,10.2279,196.14
2025-06-28T20:59:20.449279+00:00,-4.88738,96.97056,Indian Ocean,1.6084,8.1033,267.16
2025-12-11T20:08:54.941764+00:00,-2.58522,91.94545,Indian Ocean,1.9594,8.2338,200.11
2024-03-26T23:53:41.210795+00:00,9.30254,66.05066,Arabian Sea,2.2658,8.9124,160.64
2024-01-29T18:40:35.980183+00:00,14.17525,83.61737,Bay of Bengal,1.7578,8.775,180.89
2024-01-17T21:04:52.807782+00:00,4.00907,83.53322,Indian Ocean,1.6801,8.8208,182.89
2025-03-24T05:47:22.593385+00:00,19.85499,61.93183,Arabian Sea,2.0283,10.1596,213.53
2025-03-21T13:14:40.442794+00:00,22.24005,76.45905,Arabian Sea,2.5218,9.2071,152.22
2024-03-06T03:56:23.881736+00:00,18.93096,96.11214,Bay of Bengal,2.5262,10.3267,158.3
2024-09-28T15:18:03.211814+00:00,7.89725,74.29846,Arabian Sea,2.0458,9.6585,259.15
2024-07-21T17:45:08.062826+00:00,9.81574,93.02203,Bay of Bengal,1.6916,9.144,268.64
2024-12-16T23:09:38.155843+00:00,3.63029,89.86718,Indian Ocean,1.5383,9.0342,208.76
2023-06-09T10:20:44.565712+00:00,-3.292,87.17694,Indian Ocean,1.0265,8.3923,197.9
2025-04-15T22:16:00.532271+00:00,-4.40599,99.5841,Indian Ocean,1.9453,8.8,191.68
2024-07-10T03:34:28.646148+00:00,3.79455,98.70484,Andaman Sea,2.0608,8.9697,261.11
2023-12-11T09:46:19.819345+00:00,-2.71903,67.14593,Indian Ocean,1.7472,7.7205,256.95
2023-05-14T16:30:37.264381+00:00,23.23782,65.31065,Arabian Sea,2.4056,10.2048,174.41
2024-10-06T23:51:42.395755+00:00,7.07903,77.6636,Arabian Sea,2.8736,10.3603,257.2
2024-05-26T15:39:11.493496+00:00,23.04912,98.7545,Indian Ocean,1.6053,8.91,223.46
2023-06-11T18:13:31.734483+00:00,11.83547,80.12813,Bay of Bengal,1.4739,8.9699,225.78
2024-11-10T07:19:35.314141+00:00,-3.17056,61.71123,Indian Ocean,2.034,8.6278,269.88
2024-04-21T08:41:37.409890+00:00,19.22022,68.04967,Arabian Sea,2.0317,7.2055,153.5
2023-04-19T21:06:58.790078+00:00,8.1821,67.58898,Arabian Sea,2.3104,9.7431,141.68
2024-08-17T13:43:57.533265+00:00,23.35916,88.88574,Indian Ocean,1.8977,9.0717,289.47
2025-12-27T20:22:51.201255+00:00,12.09602,62.91551,Arabian Sea,1.8254,10.248,218.11
2023-07-14T14:35:58.666034+00:00,1.62955,81.29799,Indian Ocean,1.3353,7.3419,231.91
2025-07-04T10:47:42.343786+00:00,7.9747,62.13197,Arabian Sea,1.6908,8.7979,162.7
2025-02-20T14:14:30.651408+00:00,-0.15603,90.9211,Andaman Sea,1.9942,8.8346,169.55
2025-08-01T22:50:08.918085+00:00,7.21524,98.80285,Bay of Bengal,1.7236,7.0169,251.96
2024-12-17T04:02:01.917229+00:00,0.39857,93.00464,Andaman Sea,1.5248,8.9195,221.71
2025-08-04T22:41:31.203439+00:00,-2.65688,91.85878,Indian Ocean,1.8649,8.084,287.1
2023-03-24T23:17:13.128626+00:00,17.30761,99.16518,Bay of Bengal,1.9314,8.6025,206.14
2025-08-28T07:08:59.443823+00:00,5.55072,98.14462,Bay of Bengal,2.229,8.9721,231.64
2025-07-24T07:52:25.689013+00:00,6.01343,82.56401,Bay of Bengal,1.8717,6.5277,276.84
2023-03-08T19:39:28.581028+00:00,-0.15996,69.74981,Indian Ocean,1.4074,9.1326,157.81
2025-02-04T12:05:18.642684+00:00,5.93754,89.90255,Bay of Bengal,2.4006,9.4471,161.79
2023-07-14T17:35:14.735808+00:00,-2.19117,75.50893,Indian Ocean,2.0483,7.8408,212.06
2025-02-22T08:58:43.237828+00:00,3.38502,81.42833,Indian Ocean,2.173,10.9183,184.17
2024-12-03T15:38:28.013792+00:00,10.06005,82.76029,Bay of Bengal,1.7451,8.3249,218.57
2023-03-13T19:26:03.353600+00:00,-3.66629,93.2928,Indian Ocean,2.8579,10.2196,190.76
2023-12-10T05:58:35.162839+00:00,5.10992,80.54388,Bay of Bengal,1.7638,7.1957,255.43
2025-12-14T18:27:19.279365+00:00,7.84678,79.73581,Bay of Bengal,1.7124,8.8502,250.94
2024-06-14T09:02:58.597276+00:00,-1.95992,97.6123,Andaman Sea,1.4915,9.2953,262.82
2024-06-14T04:48:36.169959+00:00,21.71443,84.39776,Bay of Bengal,1.7509,9.3935,254.16
2025-05-01T08:04:07.433079+00:00,3.41648,89.1481,Indian Ocean,1.6284,8.8798,175.18
2023-07-12T10:19:19.055276+00:00,-3.48284,70.08606,Indian Ocean,1.68,7.9886,202.27
2024-12-26T00:11:46.702637+00:00,-2.39913,75.19603,Indian Ocean,1.2484,7.4727,233.82
2025-06-12T11:24:54.996689+00:00,0.90644,93.96306,Andaman Sea,1.5385,8.6049,211.12
2025-04-15T05:37:33.082492+00:00,3.69755,97.77027,Andaman Sea,2.3238,9.5024,185.28
2024-04-09T03:05:46.865786+00:00,5.76842,96.94066,Bay of Bengal,1.9819,8.7145,170.24
2024-12-27T04:52:16.184425+00:00,17.37549,63.81896,Arabian Sea,1.8035,9.4846,273.61
2024-10-28T13:32:00.745429+00:00,-3.18072,78.37986,Indian Ocean,2.6969,8.4791,268.6
2025-08-19T22:42:47.619285+00:00,4.20041,72.28193,Indian Ocean,1.8252,8.5965,245.52
2023-09-22T04:50:47.584303+00:00,6.4284,63.37869,Arabian Sea,2.8407,9.949,277.04
2024-06-24T16:13:10.762570+00:00,18.51367,76.33714,Arabian Sea,1.9971,9.4718,203.39
2023-09-28T21:42:09.803066+00:00,4.76956,76.69017,Indian Ocean,2.0442,7.705,266.35
2025-11-01T23:52:37.507460+00:00,18.63579,86.40513,Bay of Bengal,2.3253,9.6261,258.32
2023-09-21T00:06:22.176434+00:00,-3.69501,94.21102,Indian Ocean,2.0188,9.9911,294.25
2025-01-27T07:12:21.388192+00:00,16.45641,86.26671,Bay of Bengal,1.7596,8.2014,173.09
2025-03-21T06:59:06.275940+00:00,-4.86333,66.90364,Indian Ocean,2.1238,9.4172,173.55
2024-07-25T23:34:33.077645+00:00,18.44234,72.05384,Arabian Sea,1.9009,8.2643,228.2
2023-07-14T14:27:39.367425+00:00,-0.34622,81.06518,Indian Ocean,1.6081,9.3458,213.22
2024-07-02T21:53:46.764970+00:00,11.74859,62.35064,Arabian Sea,1.6618,8.0184,212.52
2024-06-11T08:48:39.987145+00:00,0.31578,64.99348,Indian Ocean,1.2253,6.8824,187.4
2024-04-11T23:12:47.514440+00:00,3.73968,96.67938,Andaman Sea,1.6725,7.9507,169.27
2023-05-28T18:15:14.356884+00:00,-3.58505,61.3224,Indian Ocean,1.6641,9.4107,181.86
2025-05-04T17:39:51.289190+00:00,9.11103,80.2366,Bay of Bengal,1.65,10.294,166.02
2024-08-04T10:32:16.781172+00:00,4.61074,67.14827,Indian Ocean,1.7159,8.7013,214.38
2023-07-22T06:02:03.237849+00:00,-2.22095,74.04613,Indian Ocean,1.502,8.0636,231.77
2025-12-11T00:41:05.720629+00:00,0.81679,74.77968,Indian Ocean,1.8108,9.0291,267.74
2025-01-12T10:20:45.428161+00:00,20.8743,61.22614,Arabian Sea,1.7988,9.25,263.8
2024-06-17T17:58:04.269803+00:00,22.39826,96.84135,Indian Ocean,1.5989,7.7126,247.1
2025-03-11T08:09:11.676465+00:00,14.5992,64.68424,Arabian Sea,2.452,8.8033,204.77
2023-06-23T08:25:14.391304+00:00,1.98073,63.62825,Indian Ocean,0.9643,8.8229,167.89
2024-08-21T03:07:47.477656+00:00,6.39357,89.76088,Bay of Bengal,2.1429,9.0117,253.7
2024-05-20T08:31:28.831249+00:00,15.48037,94.72784,Bay of Bengal,2.1588,9.523,234.42
2023-01-09T17:54:46.292164+00:00,13.36253,79.61344,Bay of Bengal,1.4831,8.8875,193.63
2024-09-28T09:32:21.581515+00:00,1.51931,74.54889,Indian Ocean,2.243,9.4915,267.54
2023-11-23T00:09:43.947953+00:00,-4.08237,65.83456,Indian Ocean,2.0813,9.4496,230.1
2024-08-19T20:36:53.945684+00:00,7.2972,83.91414,Bay of Bengal,2.423,9.897,284.25
2025-03-09T05:52:38.363878+00:00,17.6078,90.44077,Bay of Bengal,1.6236,7.7977,189.02
2024-01-01T00:39:00.211979+00:00,-3.82343,85.94531,Indian Ocean,0.7907,7.814,233.21
2024-01-12T02:56:30.777230+00:00,6.06258,62.19259,Arabian Sea,1.4405,6.2898,257.22
2023-05-24T08:28:54.745132+00:00,4.93481,93.63316,Andaman Sea,1.4937,8.2095,226.54
2025-01-31T16:45:34.934600+00:00,12.33824,60.40205,Arabian Sea,2.0593,7.6996,238.0
2025-12-18T04:46:30.582515+00:00,6.86754,86.62157,Bay of Bengal,1.3192,8.2011,237.82
2023-07-02T11:15:46.808350+00:00,13.75876,88.50541,Bay of Bengal,1.0857,7.9642,222.46
2024-07-12T20:08:44.827206+00:00,-4.67228,68.03539,Indian Ocean,1.3622,8.3074,208.94
2025-09-12T07:29:17.028244+00:00,-3.7424,73.15529,Indian Ocean,1.6835,7.895,230.31
2025-09-03T06:44:56.641027+00:00,4.59685,81.26808,Indian Ocean,2.2968,10.5547,242.46
2025-09-24T01:03:15.893695+00:00,5.06535,89.81791,Bay of Bengal,2.8483,10.9946,281.74
2025-12-07T12:19:32.824023+00:00,13.13015,94.53753,Bay of Bengal,1.3927,8.4977,206.1
2023-04-05T07:10:08.631535+00:00,13.24884,65.05455,Arabian Sea,2.7659,9.1023,213.92
2025-06-29T18:37:57.144571+00:00,14.7453,61.69653,Arabian Sea,1.4569,8.8841,203.74
2024-11-07T14:41:30.064322+00:00,10.69635,60.01431,Arabian Sea,1.9365,7.0069,302.9
2024-10-20T07:39:43.871838+00:00,10.52426,84.63334,Bay of Bengal,1.9823,9.3078,267.64
2023-03-11T23:58:33.313872+00:00,12.65538,68.30537,Arabian Sea,2.0142,9.7044,181.98
2025-11-24T05:55:13.732846+00:00,19.33972,70.02939,Arabian Sea,2.0636,9.0824,289.62
2023-07-26T16:31:01.037245+00:00,3.3139,78.25887,Indian Ocean,1.678,9.1065,252.94
2023-10-03T17:12:10.968507+00:00,-0.28499,81.4458,Indian Ocean,1.7519,8.6456,243.37
2024-06-22T04:37:58.205914+00:00,20.77375,98.97717,Bay of Bengal,1.3325,8.6432,267.37
2024-11-05T00:19:40.814291+00:00,6.42581,94.18678,Bay of Bengal,2.1418,8.5461,214.03
2025-12-25T20:33:37.962970+00:00,7.68275,73.10192,Arabian Sea,2.019,9.0789,255.1
2025-10-16T19:08:31.496818+00:00,-0.8604,74.43703,Indian Ocean,1.7544,7.9143,274.34
2023-10-27T22:15:48.969951+00:00,13.49036,99.73743,Bay of Bengal,2.5602,9.8696,235.41
2024-01-04T07:48:37.326320+00:00,9.96505,92.57035,Bay of Bengal,1.8137,7.9371,221.61
2023-03-06T12:43:04.475243+00:00,16.26758,94.74159,Bay of Bengal,1.9835,8.9035,157.52
2025-03-28T15:45:04.501188+00:00,6.59639,88.6983,Bay of Bengal,2.8705,9.4323,195.46
2025-03-24T08:32:34.883505+00:00,2.38355,64.59658,Indian Ocean,2.0146,8.2716,183.28
2023-10-06T00:11:25.119011+00:00,12.22768,97.70821,Bay of Bengal,2.3136,10.2295,250.88
2024-11-08T00:22:27.285363+00:00,8.62165,93.41667,Bay of Bengal,1.8455,8.8162,225.51
2025-06-16T14:58:26.124179+00:00,5.8863,89.33895,Bay of Bengal,1.5203,9.0225,236.29
2024-11-21T02:24:41.850908+00:00,2.22561,85.68263,Indian Ocean,1.8397,9.4334,256.01
2024-09-14T10:06:09.467516+00:00,-2.17381,64.39525,Indian Ocean,1.873,8.4139,269.35
2024-11-15T13:46:49.133622+00:00,7.33935,79.83317,Bay of Bengal,1.9624,8.9769,293.34
2023-10-24T18:01:53.298019+00:00,3.07741,69.2501,Indian Ocean,2.1385,8.9452,284.5
2025-10-07T17:59:22.709191+00:00,-0.66174,95.43486,Andaman Sea,2.6245,9.1546,260.06
2025-05-20T07:11:25.893944+00:00,6.69827,97.59791,Bay of Bengal,1.9456,8.7796,203.11
2023-06-20T02:15:07.642641+00:00,20.68371,87.97652,Bay of Bengal,1.8995,8.6263,240.03
2025-06-29T18:12:50.177659+00:00,0.37593,95.82841,Andaman Sea,1.7269,9.645,255.27
2024-04-25T05:33:27.568454+00:00,3.04427,74.72633,Indian Ocean,2.0339,9.5742,167.23
2025-09-03T05:39:23.824234+00:00,13.43446,82.14344,Bay of Bengal,2.2388,8.5741,248.84
2023-10-13T02:51:17.628959+00:00,2.90827,68.52197,Indian Ocean,1.8684,9.4833,290.25
2025-07-20T17:04:11.798131+00:00,15.74805,87.51318,Bay of Bengal,1.4946,7.6195,215.69
2023-04-06T12:02:17.694220+00:00,2.64212,96.79649,Andaman Sea,1.5079,7.7503,173.66
2024-03-02T03:34:49.540272+00:00,15.48595,81.11785,Bay of Bengal,2.3102,10.0995,150.58
2024-05-24T16:13:57.398220+00:00,12.63162,92.85462,Bay of Bengal,1.9875,8.983,228.56
2023-04-05T16:55:34.635946+00:00,-0.88841,86.0644,Indian Ocean,1.8606,8.6622,148.04
2024-10-04T19:38:39.318555+00:00,10.43849,66.44489,Arabian Sea,2.8283,9.6692,260.24
2025-05-06T22:44:20.653163+00:00,1.00141,67.23803,Indian Ocean,1.5676,8.6694,129.54
2025-06-07T16:55:33.648471+00:00,13.30834,83.02995,Bay of Bengal,1.5749,7.9604,188.12
2023-08-20T11:12:36.615591+00:00,20.98246,90.67511,Bay of Bengal,1.8474,9.4041,273.98
2024-09-03T10:41:40.009369+00:00,-0.83084,68.95506,Indian Ocean,1.8223,6.0702,284.28
2023-02-17T12:23:29.514223+00:00,5.96305,60.42196,Arabian Sea,1.888,8.294,228.75
2023-09-19T17:17:04.660273+00:00,1.89874,63.92851,Indian Ocean,2.268,9.3136,275.35
2025-03-30T02:49:35.890186+00:00,7.08487,63.25238,Arabian Sea,2.5464,10.1708,173.33
2023-02-10T00:26:02.934268+00:00,15.77889,72.98636,Arabian Sea,2.3656,9.7447,188.47
2025-10-29T05:54:09.100615+00:00,7.02265,74.31888,Arabian Sea,1.9376,9.08,235.21
2025-07-12T02:05:10.648250+00:00,5.58042,99.51815,Bay of Bengal,1.2774,8.1667,269.89
2023-05-04T08:19:26.349677+00:00,16.35372,69.23585,Arabian Sea,2.1965,9.7713,158.89
2025-11-13T04:01:14.879791+00:00,5.422,66.7779,Arabian Sea,2.4334,9.4355,274.92
2025-07-16T20:13:09.814253+00:00,-4.93977,61.61377,Indian Ocean,1.5475,8.0016,186.17
2023-03-16T14:27:47.719663+00:00,7.94835,67.87028,Arabian Sea,2.3411,10.5948,187.63
2023-07-20T14:38:49.354523+00:00,1.46427,87.56067,Indian Ocean,1.4948,7.4783,245.82
2024-03-06T13:21:22.487363+00:00,-2.77453,82.81666,Indian Ocean,2.4096,10.0749,204.64
2023-06-08T07:41:21.327868+00:00,10.13202,85.81217,Bay of Bengal,1.3547,7.7965,216.41
2025-04-10T00:17:54.745501+00:00,-4.10985,66.47511,Indian Ocean,2.0854,7.7292,162.61
2025-04-16T08:16:18.379485+00:00,20.80398,83.46246,Bay of Bengal,2.3933,9.0467,158.73
2023-01-09T16:17:36.882736+00:00,19.72414,81.39399,Bay of Bengal,1.7218,7.6798,186.73
2024-11-14T07:50:25.780233+00:00,23.68611,93.98053,Indian Ocean,2.5354,9.2338,251.09
2024-01-13T19:45:08.093528+00:00,-0.89896,92.68292,Andaman Sea,1.2949,8.4027,146.24
2023-03-23T00:56:20.008429+00:00,21.72428,62.21604,Arabian Sea,2.3012,11.2088,217.61
2023-08-11T01:40:22.812709+00:00,20.52371,65.0246,Arabian Sea,2.3969,9.2208,221.74
2025-12-09T04:15:08.035760+00:00,22.85276,93.14536,Indian Ocean,1.7247,8.9909,204.86
2025-10-16T08:59:30.560355+00:00,22.68532,93.7423,Indian Ocean,1.9819,8.6634,272.81
2025-01-09T13:23:23.368979+00:00,22.13365,88.85076,Indian Ocean,1.5872,8.6803,174.63
2024-12-14T19:46:45.069854+00:00,6.18429,63.83608,Arabian Sea,2.2804,10.1087,272.77
2024-02-15T15:42:33.393173+00:00,5.28014,84.74133,Bay of Bengal,1.9786,8.181,154.84
2024-05-04T21:57:49.744308+00:00,1.74263,64.79129,Indian Ocean,2.5566,10.1495,162.17
2025-09-25T12:38:33.653432+00:00,16.51701,96.60516,Bay of Bengal,2.3281,10.554,272.45
2023-04-01T20:44:17.867266+00:00,20.68357,72.59734,Arabian Sea,2.8047,9.252,174.96
2023-06-11T08:58:09.267195+00:00,20.31729,66.21211,Arabian Sea,2.0609,9.0843,190.9
2025-10-07T03:07:31.247990+00:00,12.42042,75.35716,Arabian Sea,2.1828,9.9688,293.26
2023-05-27T10:27:58.385715+00:00,17.14501,79.01163,Bay of Bengal,2.2928,8.9949,155.61
2023-06-18T15:07:21.796593+00:00,19.81375,76.49629,Arabian Sea,1.8625,8.9704,229.48
2024-04-27T02:45:02.630498+00:00,8.7612,96.03182,Bay of Bengal,1.7827,9.7481,195.23
2025-08-07T22:45:05.449203+00:00,12.54139,98.02323,Bay of Bengal,2.1633,9.6182,274.44
2025-09-11T01:40:13.365634+00:00,21.80129,64.54189,Arabian Sea,2.3448,10.0547,240.1
2024-04-22T05:18:05.814429+00:00,7.93745,94.10736,Bay of Bengal,1.9287,8.4359,216.49
2025-09-15T12:55:44.481616+00:00,-3.50835,74.50707,Indian Ocean,2.3582,8.1392,249.55
2025-09-03T11:08:58.507036+00:00,13.75895,89.95802,Bay of Bengal,2.0158,9.677,270.22
2024-06-23T10:06:55.250373+00:00,6.0395,87.7151,Bay of Bengal,1.3411,8.8255,226.61
2023-03-03T01:40:49.280387+00:00,13.65308,85.4332,Bay of Bengal,1.8947,8.4235,183.18
2025-12-08T00:07:35.983328+00:00,10.73165,60.68624,Arabian Sea,1.9792,9.2954,266.2
2023-06-05T12:28:10.658655+00:00,10.75229,82.12747,Bay of Bengal,2.2931,9.9524,184.6
2025-05-20T19:17:00.439519+00:00,6.18876,67.36631,Arabian Sea,1.9718,8.4699,167.51
2024-03-09T08:17:05.158342+00:00,-4.63132,84.70141,Indian Ocean,1.8829,10.53,181.55
2025-11-19T23:56:55.738001+00:00,3.83541,84.98242,Indian Ocean,1.9589,9.4794,213.55
2024-06-04T19:23:30.716714+00:00,4.34039,67.31674,Indian Ocean,2.1336,8.3211,181.81
2023-08-05T20:13:23.198748+00:00,12.04728,98.12039,Bay of Bengal,1.7765,8.5192,278.05
2025-05-28T10:37:52.824329+00:00,-2.88935,77.6988,Indian Ocean,1.9046,7.4424,169.33
2024-02-11T23:01:03.660113+00:00,6.94467,92.94653,Bay of Bengal,1.7842,9.3043,166.7
2023-11-10T11:29:05.435606+00:00,4.69498,72.44853,Indian Ocean,1.6555,7.9675,295.37
2024-12-16T01:36:21.146102+00:00,4.62299,79.0123,Indian Ocean,1.2955,6.4794,257.11
2023-06-10T12:08:34.417975+00:00,5.1828,60.19821,Arabian Sea,1.8202,8.3779,203.36
2023-11-29T12:08:17.305269+00:00,22.37718,91.55393,Indian Ocean,1.8327,7.6544,227.86
2025-08-12T09:37:34.387387+00:00,19.40151,68.10466,Arabian Sea,2.5104,9.4086,209.07
2023-09-19T17:12:38.432684+00:00,7.63851,60.47355,Arabian Sea,2.2169,9.2483,248.62
2025-04-27T09:28:08.245065+00:00,18.0064,78.73839,Bay of Bengal,2.2973,8.2863,188.42
2024-05-14T17:39:16.498290+00:00,8.51259,74.00413,Arabian Sea,2.0891,7.1318,188.76
2024-04-21T18:42:14.830816+00:00,0.99867,98.25727,Andaman Sea,2.4014,8.5747,202.61
2023-04-02T16:29:22.978539+00:00,3.3397,68.56811,Indian Ocean,2.0754,8.608,160.98
2025-03-17T11:56:07.250840+00:00,13.24999,88.62005,Bay of Bengal,2.3242,9.4642,170.18
2023-12-11T17:34:56.115420+00:00,5.77688,91.34488,Bay of Bengal,1.5318,8.0415,214.46
2025-05-24T12:12:10.629225+00:00,18.965,88.98759,Bay of Bengal,2.0461,9.1472,210.51
2024-12-28T14:17:06.377566+00:00,-3.33151,80.25563,Indian Ocean,1.3546,7.7064,250.43
2023-09-22T01:26:03.915767+00:00,3.58621,97.83218,Andaman Sea,1.9426,9.0149,269.75
2025-09-29T17:08:28.371320+00:00,1.7901,86.84186,Indian Ocean,2.1209,10.1406,284.87
2025-08-27T18:14:02.063226+00:00,-4.40857,61.69519,Indian Ocean,2.0743,9.4206,241.08
2025-06-24T06:57:29.446277+00:00,-0.65071,78.18263,Indian Ocean,1.1559,7.3217,188.5
2024-10-06T05:58:38.772846+00:00,10.06026,63.77438,Arabian Sea,2.1476,8.6325,296.89
2023-02-20T09:19:09.716792+00:00,21.84713,80.097,Bay of Bengal,2.1857,9.2903,171.0
2025-11-24T21:34:30.412626+00:00,0.0173,66.49021,Indian Ocean,2.0551,8.2284,278.47
2024-09-18T13:04:58.671724+00:00,4.00978,75.96201,Indian Ocean,1.6923,8.3937,269.04
2024-10-27T02:06:24.174338+00:00,15.99114,86.94563,Bay of Bengal,2.1186,9.0239,242.95
2024-11-16T18:49:29.664566+00:00,2.07867,99.64857,Andaman Sea,2.0129,8.9418,223.49
2025-07-22T21:41:32.686411+00:00,19.04599,92.56352,Bay of Bengal,2.4784,7.8489,295.55
2023-07-29T15:06:03.150878+00:00,-2.76324,85.18931,Indian Ocean,1.7084,8.9948,283.61
2023-08-14T17:22:51.381207+00:00,13.52065,77.4732,Arabian Sea,2.2361,9.3951,257.2
2025-03-20T07:01:24.046003+00:00,18.91635,75.93383,Arabian Sea,2.1693,10.2335,194.02
2025-08-22T20:49:36.838563+00:00,-3.54625,72.6656,Indian Ocean,1.8743,9.2316,281.28
2025-07-10T22:16:28.734043+00:00,17.56791,64.26263,Arabian Sea,1.4136,7.9041,208.8
2023-06-20T12:20:44.328866+00:00,-4.02589,71.90637,Indian Ocean,0.9837,7.5469,188.9
2024-02-08T10:25:39.524723+00:00,11.4332,97.04796,Bay of Bengal,1.8746,8.7289,175.18
2023-05-08T20:45:29.343899+00:00,1.54715,66.7689,Indian Ocean,1.5123,9.6306,187.25
2023-03-23T11:34:43.619091+00:00,4.46038,61.89548,Indian Ocean,2.1047,10.9332,189.9
2025-08-08T04:13:52.956579+00:00,23.74603,93.78319,Indian Ocean,1.9059,9.0482,290.03
2023-07-28T21:04:10.924721+00:00,5.62903,72.83187,Arabian Sea,1.2866,7.1453,230.28
2024-09-06T09:16:54.461440+00:00,6.26449,69.19248,Arabian Sea,2.8111,9.747,263.05
2025-10-22T20:41:21.308955+00:00,4.96555,63.209,Indian Ocean,2.5676,10.1524,280.21
2023-10-25T21:10:43.317645+00:00,13.74664,88.29225,Bay of Bengal,1.8397,8.5999,259.33
2024-07-16T20:15:23.097544+00:00,22.92007,67.15616,Arabian Sea,2.1762,9.6084,179.32
2023-02-15T20:51:36.912513+00:00,-4.59756,95.62896,Indian Ocean,1.8886,8.9593,155.0
2025-10-06T16:50:08.734868+00:00,3.65445,82.2135,Indian Ocean,2.3985,9.7093,274.41
2025-04-24T19:14:38.821190+00:00,23.89352,65.42631,Arabian Sea,1.9742,9.79,174.27
2023-08-15T20:59:44.449686+00:00,21.73083,62.4707,Arabian Sea,2.0053,9.3489,252.22
2025-11-03T13:19:19.423591+00:00,2.22312,90.44708,Andaman Sea,1.8033,8.503,270.96
2024-04-13T04:57:44.350842+00:00,14.33931,81.57185,Bay of Bengal,2.408,9.3538,164.95
2025-04-25T06:03:28.391887+00:00,0.19191,72.71157,Indian Ocean,2.1266,8.3626,158.02
2024-07-23T22:04:19.892279+00:00,18.74764,91.67025,Bay of Bengal,1.8941,7.8969,215.61
2023-03-23T18:56:31.965907+00:00,22.38827,84.4419,Indian Ocean,2.5204,9.5702,212.37
2023-03-29T04:02:25.999733+00:00,6.24513,61.31484,Arabian Sea,2.1484,7.5803,183.03
2023-05-03T18:19:42.654524+00:00,-0.81811,66.43377,Indian Ocean,2.0502,9.2926,167.36
2023-11-09T17:29:52.345974+00:00,16.0827,87.85672,Bay of Bengal,2.3548,9.7478,209.58
2025-06-02T00:37:22.527519+00:00,11.0922,70.9689,Arabian Sea,2.0543,8.6817,192.17
2025-10-26T03:45:23.850909+00:00,23.39916,68.23785,Arabian Sea,1.9974,7.0436,282.43
2025-05-24T16:28:46.529972+00:00,0.6837,76.91,Indian Ocean,1.669,9.0316,176.78
2025-12-25T21:19:38.528415+00:00,-0.89064,64.88203,Indian Ocean,1.3426,8.9613,250.13
2025-05-25T01:51:26.947282+00:00,21.10216,83.36255,Bay of Bengal,1.7041,8.1982,193.83
2024-04-06T23:54:38.419231+00:00,20.48834,70.18299,Arabian Sea,2.5647,10.1013,172.74
2023-01-24T13:45:39.809239+00:00,11.74902,63.75409,Arabian Sea,2.1066,8.652,236.88
2023-12-21T05:34:37.011998+00:00,10.59084,75.77929,Arabian Sea,1.7176,7.0853,225.55
2025-11-13T17:13:21.593044+00:00,-2.18774,76.24414,Indian Ocean,2.1228,8.3055,254.49
2025-04-15T04:43:23.760739+00:00,17.56901,75.33887,Arabian Sea,2.2614,8.3923,183.45
2023-11-01T12:23:35.035481+00:00,10.09789,68.62838,Arabian Sea,1.8444,8.5496,299.85
2024-02-13T00:41:51.205093+00:00,16.62863,84.42054,Bay of Bengal,1.912,9.1316,205.24
2025-01-31T06:51:14.169096+00:00,5.97872,78.81066,Bay of Bengal,2.1734,10.2818,225.32
2024-04-19T23:32:01.892763+00:00,15.36623,96.97132,Bay of Bengal,2.1835,8.9957,174.34
2025-10-09T10:47:56.769246+00:00,7.5994,99.70028,Bay of Bengal,1.6792,7.941,239.04
2023-02-08T19:57:14.439841+00:00,-0.50752,80.41018,Indian Ocean,1.82,7.9392,182.82
2024-10-01T00:32:31.093635+00:00,12.51006,64.5981,Arabian Sea,2.3411,8.7455,251.48
2023-02-02T04:39:26.581160+00:00,-0.59733,92.85743,Andaman Sea,1.5724,7.5215,180.08
2023-10-22T05:58:21.539497+00:00,8.25724,68.71886,Arabian Sea,2.3872,9.0161,275.31
2025-10-28T01:16:42.722593+00:00,12.12609,81.60752,Bay of Bengal,2.4729,9.6507,253.16
2025-02-04T09:22:50.678124+00:00,20.46473,86.32138,Bay of Bengal,2.6585,9.0501,197.8
2025-12-05T09:31:46.074013+00:00,15.61318,80.7247,Bay of Bengal,1.7126,9.4743,259.22
2025-04-01T21:20:27.616370+00:00,1.28024,76.1028,Indian Ocean,1.9151,8.6137,168.07
2024-12-08T14:37:13.656158+00:00,16.15771,76.94372,Arabian Sea,1.8522,8.2442,232.4
2025-11-28T16:46:52.284739+00:00,23.89912,66.85175,Arabian Sea,1.6238,9.0759,266.66
2023-03-25T02:21:15.353439+00:00,2.33248,96.41377,Andaman Sea,2.0461,8.7674,137.41
2023-09-12T06:15:12.874928+00:00,0.18008,69.2425,Indian Ocean,2.2142,10.9055,248.36
2023-08-16T04:01:11.756143+00:00,-4.96311,60.36723,Indian Ocean,2.0419,9.4918,222.0
2023-07-25T22:48:19.034868+00:00,-2.55966,71.50529,Indian Ocean,1.8316,8.1967,195.25
2023-09-24T00:34:44.543973+00:00,-2.88726,60.26559,Indian Ocean,2.287,10.0072,250.43
2023-05-07T19:19:08.013618+00:00,4.58792,80.33737,Indian Ocean,1.8348,8.7628,201.57
2023-03-11T00:23:57.757070+00:00,-1.07009,80.62803,Indian Ocean,2.1375,8.8206,164.86
2023-01-31T17:30:46.705002+00:00,1.12348,94.45638,Andaman Sea,1.6732,9.0072,120.61
2023-08-03T03:01:54.979734+00:00,-2.53875,76.46796,Indian Ocean,2.0476,8.2541,229.88
2023-11-09T10:59:06.475220+00:00,-1.67274,99.51006,Andaman Sea,1.6965,8.3029,208.37
2025-10-06T23:40:01.567407+00:00,5.70993,63.27522,Arabian Sea,1.9621,8.7763,263.2
2024-05-19T03:29:09.863598+00:00,11.46804,98.14947,Bay of Bengal,2.0534,8.7395,189.39
2024-07-28T21:03:19.670016+00:00,23.52935,68.6002,Arabian Sea,1.2692,7.9783,220.08
2025-06-10T12:22:08.607138+00:00,8.21743,71.47563,Arabian Sea,1.7945,8.0744,182.78
2025-07-27T16:13:35.733347+00:00,-1.30067,62.21588,Indian Ocean,1.7328,9.7661,243.9
2024-12-04T08:26:49.760450+00:00,19.21704,88.34028,Bay of Bengal,2.0563,8.8729,246.04
2024-09-10T15:47:35.226927+00:00,16.89826,71.03433,Arabian Sea,2.4546,6.8326,270.62
2024-07-22T06:50:26.954202+00:00,19.8442,82.33722,Bay of Bengal,1.7439,9.0839,250.5
2025-07-27T09:23:08.115805+00:00,8.39007,98.22951,Bay of Bengal,1.9921,8.9874,263.89
2025-05-08T01:03:14.128693+00:00,-0.09457,79.07016,Indian Ocean,1.6144,8.5291,173.22
2025-05-30T03:40:59.059779+00:00,12.99129,70.89203,Arabian Sea,2.5337,8.9794,167.94
2024-05-13T04:31:31.654953+00:00,-4.30487,91.81857,Indian Ocean,1.7742,7.006,224.83
2023-03-27T14:37:17.917668+00:00,3.11294,85.91348,Indian Ocean,2.0411,8.9961,186.34
2025-12-03T22:23:09.950803+00:00,1.72326,83.61971,Indian Ocean,1.6256,8.4379,230.19
2024-01-14T20:10:41.489925+00:00,10.97682,70.86225,Arabian Sea,2.0307,9.7927,238.86
2024-09-04T02:15:14.951000+00:00,-2.88086,77.65472,Indian Ocean,2.0184,9.9316,292.04
2025-03-02T22:41:58.081138+00:00,-1.09023,91.38246,Andaman Sea,2.2511,8.5602,153.94
2023-07-27T22:18:55.804238+00:00,7.9937,65.7923,Arabian Sea,1.9994,7.9977,213.32
2024-07-02T10:15:53.506946+00:00,16.96015,73.55118,Arabian Sea,1.7182,8.3996,200.27
2023-08-31T04:54:38.115784+00:00,3.25706,60.16522,Indian Ocean,1.321,7.4454,238.19
2025-03-16T10:16:27.069895+00:00,2.18074,64.67909,Indian Ocean,2.0578,8.7889,162.01
2023-09-06T05:54:48.446589+00:00,-1.63511,80.02262,Indian Ocean,1.9226,7.3763,271.67
2024-09-08T08:43:10.332734+00:00,15.15033,61.53865,Arabian Sea,2.6701,9.503,219.13
2024-10-22T01:15:56.553275+00:00,16.72528,82.1187,Bay of Bengal,2.5553,9.389,286.05
2025-12-14T23:43:50.356830+00:00,2.03075,60.53392,Indian Ocean,1.5397,9.0013,245.32
2025-05-17T22:34:28.566365+00:00,-3.41208,90.1939,Indian Ocean,1.8861,8.6754,188.65
2024-12-04T23:02:54.670702+00:00,18.20612,82.45436,Bay of Bengal,2.0907,8.2439,252.71
2024-11-08T21:35:19.321793+00:00,-2.27088,96.61668,Indian Ocean,1.7817,8.5046,210.69
2025-12-19T10:19:27.810463+00:00,7.10696,72.10812,Arabian Sea,2.0843,8.8934,242.9
2023-01-22T22:23:11.348870+00:00,14.34751,97.27472,Bay of Bengal,1.1873,10.4206,155.73
2025-10-30T14:11:20.970821+00:00,13.47929,72.3527,Arabian Sea,2.6533,7.5437,282.1
2025-04-17T03:59:11.522894+00:00,5.0824,63.05469,Arabian Sea,2.2744,9.8976,196.16
2024-12-05T20:35:43.946852+00:00,-0.34318,78.82112,Indian Ocean,1.9892,10.1276,250.3
2025-04-03T23:14:45.743529+00:00,20.35041,83.65677,Bay of Bengal,2.0256,9.7952,172.94
2025-09-14T16:48:15.391275+00:00,21.32828,64.57968,Arabian Sea,2.4709,11.2621,247.49
2024-06-10T00:01:24.376010+00:00,-2.5967,89.00286,Indian Ocean,1.7373,9.0041,245.52
2024-02-12T18:34:27.680425+00:00,1.18196,98.59778,Andaman Sea,2.1228,7.5645,181.81
2024-06-13T17:40:48.356458+00:00,4.56518,85.15243,Indian Ocean,1.5815,8.3257,232.5
2024-11-08T20:29:56.036782+00:00,6.49434,83.66384,Bay of Bengal,2.0657,9.7579,251.92
2024-04-11T00:56:47.562174+00:00,-4.42096,63.61073,Indian Ocean,2.1141,7.9654,170.09
2023-03-30T14:35:52.606684+00:00,21.99179,74.33023,Arabian Sea,2.5156,9.0441,174.48
2023-01-08T01:33:35.610352+00:00,7.5904,85.96572,Bay of Bengal,2.0034,10.3373,220.73
2023-12-29T02:05:12.719170+00:00,15.85233,64.00049,Arabian Sea,1.762,8.0928,239.81
2025-10-26T07:20:26.028939+00:00,23.04948,81.95326,Indian Ocean,1.7046,8.8966,249.86
2025-12-04T22:16:51.196887+00:00,9.42143,81.6335,Bay of Bengal,1.6392,7.9575,249.81
2025-08-20T02:55:30.153447+00:00,12.04179,80.59335,Bay of Bengal,1.6813,7.8745,270.27
2023-11-10T17:00:10.608178+00:00,21.61277,95.41051,Bay of Bengal,1.8783,9.4247,195.5
2024-01-11T15:57:33.459549+00:00,2.05463,74.16213,Indian Ocean,1.512,7.6735,222.26
2024-02-29T10:05:37.610597+00:00,12.03884,74.84894,Arabian Sea,2.1275,9.8262,179.48
2024-12-08T14:44:23.951271+00:00,1.31151,88.59164,Indian Ocean,1.4672,9.5854,196.94
2024-02-28T00:41:03.389539+00:00,8.03842,62.66975,Arabian Sea,2.2268,9.8818,203.6
2025-01-06T23:04:22.241038+00:00,15.20689,68.7102,Arabian Sea,1.1275,8.1465,236.47
2025-09-12T02:39:45.490518+00:00,4.94184,93.07113,Andaman Sea,1.8817,7.3487,281.12
2024-07-06T10:15:49.357903+00:00,7.95978,89.61879,Bay of Bengal,1.3747,8.116,227.5
2025-01-12T04:57:22.983572+00:00,15.44279,95.46249,Bay of Bengal,1.6764,9.1489,174.51
2023-04-29T04:31:16.670333+00:00,15.60317,75.75723,Arabian Sea,2.3438,8.6158,134.94
2024-03-22T20:22:06.161631+00:00,-3.13188,87.88533,Indian Ocean,1.9766,8.9417,181.59
2025-02-01T08:04:17.853902+00:00,11.80426,70.66654,Arabian Sea,1.7192,9.9135,199.42
2025-07-15T01:27:33.431446+00:00,2.32469,75.87671,Indian Ocean,1.25,8.0585,246.85
2023-12-28T09:42:26.257124+00:00,-4.9984,73.04132,Indian Ocean,1.5914,8.9311,232.33
2023-02-07T05:20:57.098913+00:00,17.98266,90.57523,Bay of Bengal,1.7782,9.6949,181.05
2024-10-31T15:14:33.972403+00:00,10.88901,83.37061,Bay of Bengal,1.7561,8.7939,272.68
2025-04-29T16:48:03.984080+00:00,5.31762,70.3073,Arabian Sea,2.636,9.5426,155.02
2024-01-26T20:23:44.350622+00:00,4.34973,68.2828,Indian Ocean,1.5047,8.5444,229.8
2025-11-10T23:53:03.033486+00:00,0.07422,92.07622,Andaman Sea,1.8732,9.0985,248.01
2025-09-01T23:57:44.627316+00:00,8.11401,83.90725,Bay of Bengal,1.7365,6.7922,294.12
2023-04-02T17:41:37.466366+00:00,3.12887,71.2084,Indian Ocean,2.4112,8.8385,185.53
2024-03-19T22:31:01.830867+00:00,-4.8539,96.63208,Indian Ocean,1.4191,7.386,179.78
2024-02-25T05:55:18.150662+00:00,4.3842,61.13967,Indian Ocean,2.2903,8.5675,186.96
2023-01-31T03:22:57.136236+00:00,19.20358,91.01981,Bay of Bengal,1.4959,7.6745,149.37
2024-08-04T02:36:38.205748+00:00,-4.75068,84.6954,Indian Ocean,1.7568,8.4633,252.39
2025-04-30T02:45:45.889635+00:00,23.11526,74.87408,Arabian Sea,2.3375,9.9426,172.87
2023-11-25T06:04:32.190038+00:00,15.31849,73.75024,Arabian Sea,2.4212,9.1685,258.21
2025-12-12T04:18:22.829763+00:00,15.68264,67.16568,Arabian Sea,1.6571,8.3001,275.49
2024-07-13T01:38:38.778323+00:00,11.05089,83.83176,Bay of Bengal,1.7086,8.8653,240.4
2024-06-22T15:04:34.628802+00:00,18.20669,79.35321,Bay of Bengal,1.5389,9.3501,209.69
2024-05-25T02:25:50.031374+00:00,19.76516,69.04828,Arabian Sea,1.7108,8.2482,185.55
2023-06-08T05:10:24.228054+00:00,13.90805,97.53,Bay of Bengal,1.7354,8.631,235.52
2023-12-25T18:33:35.841503+00:00,19.2484,66.29825,Arabian Sea,0.9593,8.6625,224.33
2024-04-11T18:28:01.598157+00:00,22.82943,64.60424,Arabian Sea,2.4951,9.5042,182.47
2024-05-02T03:32:12.303112+00:00,4.96962,72.68597,Indian Ocean,1.6206,7.5345,165.66
2023-03-31T01:58:49.790891+00:00,3.48424,80.23164,Indian Ocean,2.3262,9.1416,187.32
2025-08-30T03:38:45.290825+00:00,-4.58432,91.79491,Indian Ocean,1.9898,8.7909,297.63
2025-06-29T15:14:16.022586+00:00,19.96243,76.37451,Arabian Sea,1.563,9.2386,237.86
2023-01-06T04:53:44.665422+00:00,21.78314,76.19372,Arabian Sea,1.7234,8.7881,192.73
2024-10-01T07:42:52.429271+00:00,21.80376,65.80566,Arabian Sea,2.6421,9.4678,263.82
2024-02-21T16:31:04.282104+00:00,14.88854,69.17554,Arabian Sea,2.1454,9.0493,178.75
2023-07-07T13:08:34.033152+00:00,1.0797,86.59509,Indian Ocean,1.54,9.738,219.6
2023-07-07T21:46:30.013548+00:00,9.47344,89.00042,Bay of Bengal,1.6835,8.3404,221.01
2024-08-24T08:11:57.708704+00:00,-3.89835,61.80506,Indian Ocean,1.7195,8.2371,244.97
2025-09-05T20:41:31.295361+00:00,11.11887,64.92976,Arabian Sea,1.9451,8.8931,254.42
2025-09-22T23:03:16.242807+00:00,9.74237,87.39658,Bay of Bengal,2.1275,9.2447,286.56
2024-03-10T15:18:56.218124+00:00,14.03412,97.43678,Bay of Bengal,2.1601,9.1148,165.74
2024-08-27T10:34:46.998903+00:00,-3.42171,87.94786,Indian Ocean,2.1986,7.3761,263.94
2024-11-27T23:01:34.224159+00:00,4.60331,84.8899,Indian Ocean,1.4592,6.6431,227.42
2024-09-01T03:39:40.620597+00:00,11.33874,97.63494,Bay of Bengal,1.7401,7.0622,287.21
2024-09-28T16:58:36.658277+00:00,16.2177,87.66244,Bay of Bengal,2.4623,10.6956,285.83
2023-02-17T06:25:17.961460+00:00,8.44735,74.24718,Arabian Sea,2.1688,9.2893,173.54
2023-10-10T01:38:05.220805+00:00,-4.48788,96.70694,Indian Ocean,2.387,8.6548,281.34
2024-05-23T09:39:49.676476+00:00,-0.86359,98.39529,Andaman Sea,2.0993,7.8356,190.56
2025-02-01T17:17:23.255045+00:00,22.64124,71.39255,Arabian Sea,2.0528,11.2041,202.69
2023-01-03T06:54:31.339138+00:00,23.20782,82.74777,Indian Ocean,1.242,7.6929,215.58
2023-03-07T02:33:17.700366+00:00,10.44729,83.08907,Bay of Bengal,2.2284,8.5014,153.66
2024-03-17T01:01:51.678028+00:00,8.10618,62.45836,Arabian Sea,2.3667,8.4539,153.99
2023-05-31T11:20:39.364700+00:00,22.00318,93.93338,Indian Ocean,2.0618,10.0649,239.77
2025-05-30T00:28:39.245719+00:00,7.79557,87.05171,Bay of Bengal,2.2316,8.8159,210.95
2024-09-06T23:59:20.465879+00:00,2.41817,84.76709,Indian Ocean,1.5341,8.0047,274.46
2025-09-07T13:44:35.766479+00:00,1.73505,93.29662,Andaman Sea,2.2249,9.7596,286.39
2023-03-03T18:13:17.840436+00:00,-1.26807,67.89322,Indian Ocean,1.6553,8.7476,215.14
2023-11-24T07:50:11.556218+00:00,18.0484,68.56147,Arabian Sea,1.9165,8.9142,268.13
2025-08-11T21:18:18.808050+00:00,8.71545,63.63456,Arabian Sea,1.9861,7.9628,208.25
2025-03-15T02:50:13.127768+00:00,-0.26115,71.21818,Indian Ocean,2.1834,8.9294,155.92
2024-01-14T22:03:30.146335+00:00,0.35609,69.60123,Indian Ocean,1.4512,8.9447,260.4
2025-08-15T05:47:14.140845+00:00,9.4037,76.89963,Arabian Sea,1.8918,8.7664,258.77
2025-09-12T19:55:17.909961+00:00,18.70187,98.00369,Bay of Bengal,2.347,10.3624,279.19
2025-09-29T01:07:10.947245+00:00,22.30246,65.34378,Arabian Sea,1.8539,9.4011,276.62
2025-08-27T18:30:05.877546+00:00,15.27331,62.32488,Arabian Sea,1.9218,7.6649,234.93
2024-01-31T09:33:57.263108+00:00,-2.98825,93.856,Indian Ocean,1.8907,7.431,170.48
2024-02-15T03:14:25.983707+00:00,3.75591,81.01789,Indian Ocean,1.6745,6.4298,175.85
2024-06-29T18:07:00.385373+00:00,8.04313,92.23855,Bay of Bengal,1.0167,8.1502,244.73
2023-02-21T20:08:47.556380+00:00,4.30731,72.67773,Indian Ocean,1.7936,7.9784,217.42
2023-12-14T20:46:04.365026+00:00,1.31893,80.7251,Indian Ocean,1.6089,7.0001,212.64
2023-02-06T13:45:22.267195+00:00,-2.68032,79.03481,Indian Ocean,1.5698,7.7531,211.9
2024-05-02T10:34:18.163118+00:00,-0.22953,60.6705,Indian Ocean,1.47,7.8794,130.54
2025-11-08T06:26:30.535579+00:00,5.69147,93.97176,Bay of Bengal,2.2431,9.6824,204.59
2024-12-10T19:32:53.393790+00:00,8.61083,61.31981,Arabian Sea,2.2015,8.917,263.06
2023-01-16T04:44:10.126632+00:00,6.67211,97.67513,Bay of Bengal,1.5118,7.1705,177.93
2025-05-15T02:27:55.600490+00:00,14.84541,91.45864,Bay of Bengal,1.8922,10.3716,226.65
2023-08-07T21:22:40.782243+00:00,2.49848,90.58932,Andaman Sea,1.6162,7.4476,286.02
2024-11-30T23:02:07.193825+00:00,23.32724,85.6461,Indian Ocean,1.0278,7.7046,250.52
2023-02-13T12:27:38.088641+00:00,23.00387,81.11832,Indian Ocean,2.06,9.3483,186.64
2025-10-13T05:12:42.909837+00:00,20.06395,83.86607,Bay of Bengal,2.6384,8.146,258.06
2025-12-11T16:51:34.825034+00:00,4.90554,76.94857,Indian Ocean,1.4116,8.7344,215.86
2023-08-18T00:28:10.204471+00:00,6.01742,90.54571,Bay of Bengal,2.0562,7.6242,255.32
2023-09-03T04:40:37.379372+00:00,-4.31816,92.63029,Indian Ocean,2.3056,8.7724,244.49
2024-12-10T05:24:35.758809+00:00,13.01181,71.50947,Arabian Sea,2.3696,8.0247,243.18
2023-05-31T10:17:35.253336+00:00,10.28564,96.2782,Bay of Bengal,1.7442,9.6078,241.62
2024-10-01T07:23:22.119795+00:00,1.58584,70.68564,Indian Ocean,1.5244,7.7533,285.52
2024-12-16T02:54:16.998049+00:00,1.648,60.55942,Indian Ocean,1.7154,7.3465,259.7
2024-01-14T21:33:46.714625+00:00,20.9479,60.82663,Arabian Sea,1.7948,8.6901,269.02
2024-10-29T12:23:44.881862+00:00,6.19556,92.40063,Bay of Bengal,2.0861,7.9452,275.38
2024-03-20T21:34:05.324354+00:00,0.8006,62.9272,Indian Ocean,2.5114,9.6623,173.0
2024-01-30T08:24:27.333054+00:00,-1.94299,63.24751,Indian Ocean,1.5701,5.2009,222.56
2025-03-20T04:16:08.725210+00:00,-3.44712,73.3308,Indian Ocean,2.7495,8.6841,147.8
2023-12-20T22:46:34.792352+00:00,5.6557,67.10727,Arabian Sea,1.8604,8.9484,262.33
2024-12-13T10:11:36.991132+00:00,-4.55013,65.44941,Indian Ocean,1.23,8.7297,255.37
2024-10-23T01:07:57.165710+00:00,-2.9966,78.76113,Indian Ocean,2.5304,9.9704,288.05
2024-01-04T15:52:11.743702+00:00,2.41598,74.01687,Indian Ocean,1.576,8.992,218.95
2024-07-28T11:38:22.698126+00:00,9.88853,99.01829,Bay of Bengal,1.7097,8.6504,216.85
2023-09-21T16:42:53.936808+00:00,11.80062,89.17747,Bay of Bengal,2.1568,9.7207,301.84
2023-01-24T09:26:10.206947+00:00,2.6488,66.9164,Indian Ocean,1.2252,8.1551,221.64
2024-08-30T11:19:50.440861+00:00,-3.37612,89.62033,Indian Ocean,2.1804,9.3032,284.18
2025-12-25T00:17:54.255449+00:00,23.73733,82.33823,Indian Ocean,1.7229,8.498,214.91
2024-10-19T18:11:36.016015+00:00,6.22869,88.78396,Bay of Bengal,2.4967,8.7568,259.55
2023-10-27T01:38:41.688927+00:00,11.19779,98.74107,Bay of Bengal,2.0341,8.74,241.21
2024-09-29T19:31:37.894755+00:00,4.18356,91.14484,Andaman Sea,1.9087,7.9414,235.77
2023-09-22T11:29:42.512746+00:00,-2.81864,68.24689,Indian Ocean,1.7941,9.3431,261.88
2023-09-12T00:25:38.958534+00:00,-0.98777,87.85304,Indian Ocean,1.6512,7.2701,274.14
2024-02-29T23:42:24.670476+00:00,14.7173,98.3029,Bay of Bengal,2.0668,8.7827,157.24
2024-11-25T09:41:19.403499+00:00,5.87764,95.97341,Bay of Bengal,1.6494,8.4682,190.7
2023-11-24T18:41:06.125670+00:00,-1.0838,85.57817,Indian Ocean,1.7966,9.0424,229.73
2024-07-06T14:16:53.128978+00:00,6.2225,88.67288,Bay of Bengal,2.2122,9.4682,242.75
2025-08-04T09:50:25.747696+00:00,1.13324,92.94694,Andaman Sea,1.8647,8.6158,263.13
2023-03-11T13:40:30.591957+00:00,1.93464,62.52056,Indian Ocean,1.7177,9.0476,157.83
2023-01-17T21:02:35.967577+00:00,-2.0863,75.96173,Indian Ocean,1.7497,8.7841,194.33
2025-11-12T18:08:46.704000+00:00,-1.95913,94.83535,Andaman Sea,2.07,9.1018,237.21
2025-03-25T17:59:31.959089+00:00,0.03874,65.26693,Indian Ocean,2.1336,9.1681,183.27
2025-12-16T06:07:07.792263+00:00,5.69041,99.61285,Bay of Bengal,1.2492,8.1738,177.82
2024-10-11T23:13:40.252925+00:00,1.34497,98.24661,Andaman Sea,2.11,11.6641,241.61
2025-02-21T08:25:26.608199+00:00,22.86526,87.48855,Indian Ocean,1.8462,8.7178,204.23
2025-07-22T17:40:08.953780+00:00,2.11703,76.07406,Indian Ocean,1.5609,7.5062,227.36
2025-01-08T10:52:41.618441+00:00,11.92733,67.85206,Arabian Sea,1.6031,9.4591,248.06
2025-08-21T02:39:04.663135+00:00,-0.45423,87.54984,Indian Ocean,2.0715,9.1531,251.57
2025-06-24T03:41:25.136283+00:00,0.17407,85.00793,Indian Ocean,1.427,8.1876,218.75
2023-10-13T05:26:10.309370+00:00,3.60573,71.25107,Indian Ocean,1.4993,8.23,270.44
2023-12-08T11:12:43.245909+00:00,20.46154,77.98644,Arabian Sea,2.0708,8.4601,237.71
2024-12-24T23:49:48.572922+00:00,16.815,91.99374,Bay of Bengal,0.6885,8.5596,167.48
2023-08-12T01:46:48.506655+00:00,12.2723,65.27105,Arabian Sea,2.0482,9.0238,209.87
2025-01-19T19:24:29.954408+00:00,0.96338,99.32457,Andaman Sea,1.353,7.2023,162.88
2023-11-13T20:11:39.041089+00:00,16.21311,86.69408,Bay of Bengal,2.5993,8.707,260.8
2024-11-17T21:36:31.786727+00:00,13.18252,69.91653,Arabian Sea,1.7665,7.4739,245.87
2024-04-24T12:34:55.335935+00:00,2.34961,79.50277,Indian Ocean,2.0424,8.8196,185.28
2023-01-15T19:03:16.701463+00:00,21.20805,75.05957,Arabian Sea,1.9887,6.8673,183.81
2025-05-10T14:45:03.205983+00:00,-0.64327,83.44988,Indian Ocean,1.7969,8.7094,192.76
2023-06-27T20:32:05.361930+00:00,2.55222,91.05392,Andaman Sea,1.1411,7.686,249.81
2025-07-01T02:00:56.588920+00:00,13.90144,66.22353,Arabian Sea,1.1018,8.3203,203.27
2024-03-27T20:54:51.882941+00:00,11.96123,89.8142,Bay of Bengal,2.1177,10.0459,180.72
2023-08-16T19:55:33.822299+00:00,3.62499,63.8619,Indian Ocean,1.8582,8.8065,242.79
2023-06-29T11:10:49.423566+00:00,13.10809,94.39177,Bay of Bengal,1.251,7.2682,236.95
2023-03-22T16:43:50.316224+00:00,11.46357,85.12239,Bay of Bengal,2.024,9.0511,178.12
2024-08-23T02:00:51.315190+00:00,9.07484,93.45488,Bay of Bengal,1.6466,9.5286,273.35
2023-08-31T05:50:54.559507+00:00,8.10785,62.6456,Arabian Sea,2.0992,8.3009,275.91
2023-03-03T06:35:24.841538+00:00,4.29326,83.60203,Indian Ocean,2.0133,9.8276,174.29
2023-09-03T12:46:51.934655+00:00,9.6693,92.23405,Bay of Bengal,2.4002,10.7917,261.26
2024-12-16T17:45:02.890807+00:00,2.09954,96.48175,Andaman Sea,1.5309,8.9206,213.26
2024-02-04T17:50:21.673967+00:00,2.51304,74.2382,Indian Ocean,2.0705,8.5572,230.96
2025-12-01T21:31:24.023858+00:00,4.91884,83.71226,Indian Ocean,2.2783,9.0393,221.27
2023-01-29T02:21:12.575970+00:00,-1.17391,93.27198,Andaman Sea,1.4712,7.1869,190.11
2024-08-02T12:13:15.419841+00:00,13.35988,96.50393,Bay of Bengal,1.8014,9.4237,298.5
2024-01-20T06:23:50.658968+00:00,22.23825,94.98424,Indian Ocean,1.4427,8.5844,184.76
2025-01-26T20:46:13.985924+00:00,23.66872,70.9917,Arabian Sea,1.5406,7.5817,174.3
2024-09-11T21:52:24.492102+00:00,16.23458,66.5736,Arabian Sea,2.4352,7.8615,265.75
2025-08-02T05:55:15.701504+00:00,9.42122,75.71224,Arabian Sea,2.2064,9.8363,244.58
2024-02-01T19:42:43.456230+00:00,-1.47939,69.25631,Indian Ocean,1.6302,8.8019,205.65
2023-01-20T12:48:35.293884+00:00,5.98891,95.98562,Bay of Bengal,1.6705,8.624,163.79
2023-10-14T08:36:42.180545+00:00,21.66175,72.94721,Arabian Sea,2.3178,9.4462,284.37
2023-05-15T14:39:24.078722+00:00,12.93057,91.81921,Bay of Bengal,1.9949,9.1635,204.79
2024-06-09T23:23:30.133797+00:00,1.09328,87.7548,Indian Ocean,1.7115,8.6032,211.29
2025-07-28T09:09:14.912712+00:00,17.524,86.65116,Bay of Bengal,1.9939,7.7382,261.39
2025-03-08T03:21:57.958030+00:00,-3.93495,96.98371,Indian Ocean,2.1934,9.2124,162.57
2025-08-15T06:08:06.873658+00:00,19.5168,83.71627,Bay of Bengal,1.8742,9.9355,257.91
2024-11-15T17:15:18.983329+00:00,3.30478,85.30819,Indian Ocean,1.3587,9.3121,288.05
2024-10-31T06:55:50.229132+00:00,5.26167,87.81225,Bay of Bengal,2.3474,10.6902,261.81
2023-10-03T17:13:57.949529+00:00,9.78132,94.41846,Bay of Bengal,2.3205,9.9998,237.84
2023-02-04T06:24:08.495215+00:00,10.16193,76.29303,Arabian Sea,1.8625,9.6441,170.34
2023-01-27T18:57:00.434602+00:00,12.78812,74.2637,Arabian Sea,2.0115,9.4749,199.46
2024-02-08T15:44:58.295225+00:00,5.36664,60.80386,Arabian Sea,1.7718,9.3457,241.04
2025-04-16T23:15:21.082412+00:00,1.81169,71.9367,Indian Ocean,2.8047,9.4312,141.48
2023-06-01T14:29:55.326404+00:00,12.11752,88.1688,Bay of Bengal,1.4485,7.6054,238.9
2023-05-22T13:46:14.684314+00:00,12.57709,72.87645,Arabian Sea,2.1584,8.3429,188.28
2025-11-06T16:51:28.836616+00:00,23.88017,72.48044,Arabian Sea,2.2146,8.8554,298.58
2024-02-08T18:37:37.871683+00:00,13.8028,73.53708,Arabian Sea,1.4375,6.722,193.02
2023-07-11T07:00:49.638514+00:00,18.01308,79.16593,Bay of Bengal,1.6496,7.7771,216.33
2023-04-09T01:27:31.001667+00:00,5.89775,87.02338,Bay of Bengal,2.3159,10.3639,155.19
2023-11-05T07:09:41.898151+00:00,4.91194,77.77872,Indian Ocean,1.5649,9.0979,278.57
2023-06-21T12:42:45.123851+00:00,19.28338,87.34594,Bay of Bengal,1.4312,8.1629,262.9
2024-08-30T17:34:32.033352+00:00,-2.85442,80.50307,Indian Ocean,1.5065,7.4271,260.35
2023-09-10T11:55:26.530212+00:00,-1.37502,81.32483,Indian Ocean,2.153,8.3905,298.59
2024-01-12T17:02:58.179842+00:00,16.09311,84.15948,Bay of Bengal,1.4117,8.4672,216.0
2024-05-01T18:18:30.426753+00:00,5.31235,77.11425,Arabian Sea,1.8226,7.5273,171.38
2023-10-16T16:18:21.350598+00:00,22.81834,67.73338,Arabian Sea,2.1334,9.5495,284.29
2024-12-20T07:01:35.626668+00:00,16.52405,81.32459,Bay of Bengal,1.7832,8.7407,213.0
2023-09-05T20:48:12.777061+00:00,8.52878,63.83079,Arabian Sea,2.382,8.4668,273.03
2024-12-05T11:06:57.925591+00:00,23.29441,75.21015,Arabian Sea,2.0257,8.4237,262.53
2025-11-14T14:38:04.500082+00:00,10.85887,93.18214,Bay of Bengal,1.6636,8.5025,226.58
2023-08-11T02:37:00.875998+00:00,11.64401,92.78178,Bay of Bengal,2.1542,9.5784,255.98
2023-05-25T03:21:36.485944+00:00,1.51721,61.80559,Indian Ocean,1.4199,7.0657,169.79
2024-03-28T12:30:09.423224+00:00,8.35879,70.59753,Arabian Sea,1.8282,10.128,171.72
2024-02-01T12:56:00.107456+00:00,7.02679,65.7731,Arabian Sea,1.8992,9.0378,241.22
2025-04-18T11:55:44.550701+00:00,10.1859,88.65256,Bay of Bengal,2.6729,9.6559,149.72
2025-02-08T19:04:56.042090+00:00,-0.72492,75.16767,Indian Ocean,2.004,8.6633,155.78
2024-01-16T02:44:44.831866+00:00,22.50079,65.25725,Arabian Sea,2.305,9.3944,234.87
2025-03-27T07:46:40.237066+00:00,12.02446,66.58811,Arabian Sea,2.4251,8.2997,154.13
2025-07-09T01:59:01.593581+00:00,6.81689,80.67907,Bay of Bengal,1.2545,7.664,236.03
2025-11-29T09:54:03.040312+00:00,2.72093,66.24072,Indian Ocean,1.4207,9.017,240.08
2023-02-17T11:24:48.347541+00:00,23.60081,92.43572,Indian Ocean,1.7358,8.5027,185.37
2023-12-29T01:20:54.141627+00:00,7.83114,93.28156,Bay of Bengal,0.9837,7.6104,166.99
2023-03-03T07:39:44.911437+00:00,2.8523,84.43021,Indian Ocean,1.6618,7.493,167.18
2023-09-04T12:29:29.509564+00:00,4.31921,83.79916,Indian Ocean,2.094,9.2189,262.44
2023-11-29T05:27:35.678181+00:00,-1.23604,65.12625,Indian Ocean,1.8116,8.7165,273.87
2024-05-05T18:36:15.493739+00:00,11.43365,61.797,Arabian Sea,2.0038,7.5088,166.27
2025-10-30T12:03:58.823141+00:00,-4.39606,68.71515,Indian Ocean,1.951,8.6785,308.21
2024-10-05T00:21:44.165138+00:00,19.39681,93.58122,Bay of Bengal,2.1646,8.8046,243.52
2023-08-29T23:37:29.561113+00:00,15.44809,90.9276,Bay of Bengal,1.8353,8.123,311.22
2023-05-31T23:42:56.188985+00:00,5.48459,81.96103,Bay of Bengal,2.0878,9.6248,215.9
2023-03-15T14:17:52.369250+00:00,12.60114,94.60954,Bay of Bengal,2.4157,10.426,182.67
2025-09-05T05:42:50.239356+00:00,22.52683,73.02487,Arabian Sea,2.546,8.744,262.28
2024-05-11T12:02:18.969922+00:00,-0.98009,87.73808,Indian Ocean,1.6482,7.9902,212.49
2025-12-29T01:19:55.918581+00:00,18.07747,99.82401,Bay of Bengal,1.1056,8.1198,184.51
2025-04-29T08:08:17.074492+00:00,14.85439,83.56414,Bay of Bengal,2.2544,9.5315,194.88
2023-03-07T14:35:07.380053+00:00,17.52501,92.57931,Bay of Bengal,2.096,9.672,174.05
2023-01-07T02:08:30.041073+00:00,9.93208,86.88376,Bay of Bengal,1.4675,7.858,173.6
2024-01-12T11:55:31.638132+00:00,-0.45104,98.96486,Andaman Sea,1.5974,9.905,146.41
2023-03-21T10:45:27.692912+00:00,16.85372,95.20289,Bay of Bengal,2.3495,8.3447,168.14
2024-10-07T14:51:59.494761+00:00,0.88599,91.74355,Andaman Sea,2.3897,9.4193,259.08
2024-12-06T02:54:08.668361+00:00,2.22053,62.98001,Indian Ocean,1.5138,8.1129,223.06
2024-02-04T06:30:08.180853+00:00,14.00535,83.55894,Bay of Bengal,1.4235,7.699,186.78
2023-08-31T04:43:24.340747+00:00,12.71577,77.21651,Arabian Sea,1.9067,9.6271,262.05
2024-11-02T15:59:55.051376+00:00,20.97243,99.63601,Bay of Bengal,2.0189,9.2812,248.98
2024-10-11T21:30:39.108423+00:00,18.92364,73.41395,Arabian Sea,2.2145,10.2134,291.83
2024-07-04T17:44:51.921916+00:00,1.01668,68.6238,Indian Ocean,1.4967,7.4482,160.98
2024-02-17T06:38:35.111441+00:00,3.86172,68.08243,Indian Ocean,2.6717,9.6911,190.49
2023-10-25T07:08:21.316514+00:00,23.15326,98.51499,Indian Ocean,1.9446,10.1683,272.03
2024-06-05T12:13:48.314268+00:00,4.21247,65.23576,Indian Ocean,1.4759,7.6719,169.94
2024-05-16T06:59:05.220039+00:00,14.21897,84.18248,Bay of Bengal,2.5158,8.0476,208.02
2025-07-23T03:05:56.085471+00:00,6.23424,87.32626,Bay of Bengal,1.5134,8.5262,287.07
2024-10-10T21:09:00.585900+00:00,2.4227,71.81356,Indian Ocean,2.3573,7.2368,257.4
2023-07-16T20:57:06.689691+00:00,22.87295,86.15027,Indian Ocean,1.1156,7.3633,263.22
2023-01-13T06:47:15.045989+00:00,20.50676,98.89032,Bay of Bengal,1.69,8.7244,180.98
2024-09-27T11:02:23.616046+00:00,19.34708,75.85356,Arabian Sea,2.5744,10.4714,223.87
2023-05-31T07:33:38.545093+00:00,17.86241,91.96118,Bay of Bengal,1.8145,7.9007,179.29
2023-09-22T10:01:34.395120+00:00,15.7339,89.57675,Bay of Bengal,2.431,9.4314,275.99
2025-04-18T07:44:18.424107+00:00,-3.09589,86.11994,Indian Ocean,1.7614,7.5925,198.46
2024-12-10T03:59:25.629219+00:00,16.37673,60.9626,Arabian Sea,1.7099,8.8272,278.07
2025-08-12T09:10:11.870128+00:00,-3.43255,75.95563,Indian Ocean,1.881,8.8883,270.42
2025-01-22T15:47:22.647853+00:00,15.0417,78.23262,Bay of Bengal,2.3024,10.3819,227.05
2025-09-05T03:58:41.218451+00:00,1.71222,88.11158,Indian Ocean,1.9034,9.3517,254.19
2024-07-07T00:58:13.043034+00:00,11.21976,68.11459,Arabian Sea,1.8972,8.8652,201.25
2023-07-24T18:09:58.925484+00:00,4.16131,66.99035,Indian Ocean,1.8806,8.367,203.5
2024-08-23T06:41:42.749724+00:00,-2.08321,99.13315,Indian Ocean,1.8156,9.1728,288.78
2024-10-04T18:05:55.816417+00:00,-4.14621,87.81297,Indian Ocean,2.4549,9.3403,275.9
2025-10-26T17:51:19.162000+00:00,18.67409,80.13824,Bay of Bengal,2.1665,9.2926,287.56
2023-02-02T03:55:57.198967+00:00,0.69242,66.8529,Indian Ocean,1.7028,8.4651,221.5
2024-11-03T02:03:40.066758+00:00,16.05875,76.98157,Arabian Sea,2.4519,8.7074,259.34
2025-08-07T09:08:37.795721+00:00,10.86983,61.79374,Arabian Sea,1.7152,10.1574,235.6
2024-10-17T01:20:13.424895+00:00,3.80755,90.8091,Andaman Sea,2.1363,8.1851,246.41
2024-11-23T02:42:05.392286+00:00,-3.08355,68.4585,Indian Ocean,1.5947,7.8587,307.6
2023-07-08T19:28:05.987916+00:00,21.05434,89.74588,Bay of Bengal,1.5374,8.3621,227.78
2024-04-18T11:57:12.504076+00:00,22.23467,64.69912,Arabian Sea,2.6778,9.6087,154.32
2025-09-17T13:27:09.873152+00:00,7.76892,63.77057,Arabian Sea,2.2079,9.1066,230.4
2024-10-26T03:57:29.701802+00:00,0.31604,63.58875,Indian Ocean,1.9612,8.1253,276.75
2023-02-16T10:57:32.372394+00:00,10.18998,77.44975,Arabian Sea,1.9676,8.5087,222.22
2024-07-07T23:44:48.674634+00:00,0.59048,73.5124,Indian Ocean,1.4817,8.1642,260.19
2025-04-08T07:00:08.477875+00:00,13.11147,90.05959,Bay of Bengal,2.3552,7.8631,172.12
2025-10-30T21:44:18.432146+00:00,6.76577,79.76629,Bay of Bengal,1.8654,7.2372,307.23
2025-04-24T10:45:25.536620+00:00,-0.04393,62.27394,Indian Ocean,2.0152,10.7684,159.03
2025-04-16T14:35:37.705323+00:00,16.40408,75.6331,Arabian Sea,2.4843,9.134,179.26
2023-02-27T16:23:53.262642+00:00,13.61049,95.75238,Bay of Bengal,1.8812,8.5128,172.34
2025-07-07T05:26:58.453584+00:00,19.08339,69.25925,Arabian Sea,1.5519,8.8048,171.21
2023-04-17T07:22:22.173581+00:00,-1.25196,97.40121,Andaman Sea,2.1168,7.4743,162.07
2024-11-07T10:27:55.325373+00:00,-2.91047,98.56983,Indian Ocean,1.8799,8.5739,235.53
2023-02-28T12:21:47.488085+00:00,8.14944,95.11596,Bay of Bengal,2.0183,7.8727,166.37
2023-10-10T18:08:16.117542+00:00,1.03736,70.02985,Indian Ocean,1.7292,7.1809,256.08
2023-04-04T04:01:15.444888+00:00,1.42074,94.60463,Andaman Sea,2.4249,9.8854,161.57
2025-03-27T02:23:47.003560+00:00,19.80841,63.36427,Arabian Sea,2.1574,9.6721,178.62
2025-05-26T22:05:13.565625+00:00,2.13045,68.33909,Indian Ocean,1.4718,8.477,184.59
2023-04-05T00:59:35.160894+00:00,2.89008,65.69592,Indian Ocean,2.0248,7.7675,162.46
2024-01-20T01:28:11.158251+00:00,-2.87617,88.92452,Indian Ocean,1.433,8.019,160.86
2023-07-07T07:50:18.903487+00:00,19.2215,61.35646,Arabian Sea,1.8578,9.1944,212.39
2025-02-18T02:59:08.092165+00:00,15.32106,97.16284,Bay of Bengal,2.2009,8.6863,142.33
2025-09-07T19:06:56.562467+00:00,23.74302,75.57434,Arabian Sea,2.3448,8.0745,235.34
2025-02-03T22:15:27.358577+00:00,3.72147,62.02421,Indian Ocean,2.2239,8.7257,236.63
2025-06-13T19:37:23.659054+00:00,7.91556,64.54652,Arabian Sea,1.573,8.8317,151.07
2025-06-11T13:33:17.262474+00:00,-3.64775,77.80247,Indian Ocean,1.3789,8.5933,215.61
2023-07-08T11:31:17.625301+00:00,5.94449,89.75644,Bay of Bengal,1.1205,7.5163,276.51
2023-11-30T08:09:20.690005+00:00,19.10409,99.81607,Bay of Bengal,1.8351,7.7126,177.28
2023-05-25T12:34:24.765688+00:00,10.85966,69.67293,Arabian Sea,1.9816,8.4154,186.18
2023-02-20T01:50:33.640842+00:00,0.03417,89.75634,Indian Ocean,2.0339,10.0221,190.07
2025-05-26T14:23:55.433647+00:00,8.25646,61.63965,Arabian Sea,1.9539,8.912,151.65
2025-07-29T20:50:07.370453+00:00,2.46051,87.55424,Indian Ocean,1.616,8.1957,254.45
2024-09-30T21:46:10.840188+00:00,9.45679,89.44358,Bay of Bengal,1.8459,8.673,242.59
2023-09-25T17:34:46.378969+00:00,20.88091,81.18242,Bay of Bengal,2.387,10.1285,272.7
2025-07-20T13:41:45.867142+00:00,20.53513,99.14599,Bay of Bengal,1.6909,7.6239,280.95
2025-10-15T11:13:00.216830+00:00,4.30822,60.09023,Indian Ocean,1.8243,6.6558,285.46
2025-05-26T00:36:09.048201+00:00,1.73208,71.92207,Indian Ocean,2.0205,7.9415,172.76
2025-05-12T07:45:31.094649+00:00,22.65348,77.51313,Arabian Sea,2.5921,9.3951,174.37
2025-08-13T15:31:52.611415+00:00,7.54218,70.93345,Arabian Sea,1.7891,8.5592,263.63
2024-06-01T09:50:16.033262+00:00,7.84795,80.74974,Bay of Bengal,1.719,7.0066,180.65
2023-12-23T05:17:16.079270+00:00,-2.81633,65.25797,Indian Ocean,1.3462,8.2692,263.7
2025-04-23T08:57:02.902472+00:00,6.88117,88.55684,Bay of Bengal,2.3045,8.7452,181.49
2024-10-07T10:45:19.963683+00:00,0.6573,90.91613,Andaman Sea,2.3409,9.9324,261.82
2024-01-06T11:34:52.838406+00:00,13.15593,66.45193,Arabian Sea,1.6617,7.2631,229.27
2024-03-02T18:38:40.108216+00:00,9.44661,65.88169,Arabian Sea,2.8528,9.8345,196.43
2025-06-12T13:50:04.426226+00:00,19.05741,72.87934,Arabian Sea,1.4809,9.6919,173.42
2023-06-15T04:30:00.853587+00:00,-1.07697,64.4351,Indian Ocean,2.0521,8.3646,200.06
2024-05-20T15:44:53.055144+00:00,4.21807,69.49793,Indian Ocean,1.8747,8.5347,166.69
2025-06-05T16:24:53.404849+00:00,8.57685,78.31194,Bay of Bengal,2.0763,8.9613,192.76
2025-08-21T00:29:06.366167+00:00,6.59322,99.31002,Bay of Bengal,1.9468,8.8867,252.45
2025-06-20T16:08:46.697779+00:00,19.98871,93.34675,Bay of Bengal,1.8816,8.8995,220.39
2025-03-27T12:02:10.486864+00:00,-2.0171,63.18555,Indian Ocean,2.1274,9.036,159.64
2024-01-26T14:40:34.846081+00:00,17.15462,69.58989,Arabian Sea,1.8288,9.7946,218.99
2025-03-03T22:52:32.948903+00:00,17.98307,75.34243,Arabian Sea,2.404,10.1195,163.13
2025-12-06T21:07:15.220648+00:00,15.99992,86.05296,Bay of Bengal,2.1144,9.2864,209.19
2025-10-20T16:56:41.777616+00:00,10.02144,67.93549,Arabian Sea,2.7693,9.7882,255.27
2024-11-30T17:20:15.366210+00:00,14.24781,92.83601,Bay of Bengal,1.6772,8.8623,191.78
2025-03-24T22:48:15.162373+00:00,6.32056,87.32926,Bay of Bengal,2.3773,7.7233,137.86
2024-05-29T11:07:20.563476+00:00,-4.35609,85.0166,Indian Ocean,1.5504,7.9915,181.49
2025-08-07T10:53:43.963427+00:00,23.27056,82.1998,Indian Ocean,1.1284,7.6401,235.44
2023-05-07T18:41:08.307529+00:00,-4.75616,93.50218,Indian Ocean,1.7332,6.9878,185.02
2023-08-15T06:12:15.431392+00:00,-4.17689,88.44171,Indian Ocean,1.7163,7.9776,282.46
2024-06-03T08:45:26.524823+00:00,11.50076,88.07209,Bay of Bengal,1.8844,6.4052,233.56
2024-04-17T20:17:51.037873+00:00,2.23537,71.56209,Indian Ocean,2.8044,9.7519,161.87
2023-01-23T18:47:17.768748+00:00,19.26077,64.68603,Arabian Sea,2.5316,9.4936,235.58
2025-04-21T13:48:07.402047+00:00,22.7911,86.86903,Indian Ocean,2.1437,8.7403,153.3
2025-04-16T02:55:12.566435+00:00,11.72496,84.3198,Bay of Bengal,2.3206,10.4663,176.45
2025-01-21T22:30:52.841079+00:00,-1.13672,80.54303,Indian Ocean,1.4745,8.3811,168.04
2024-10-29T03:57:16.552255+00:00,12.72869,63.35558,Arabian Sea,2.6027,8.187,285.73
2025-11-12T16:31:33.647855+00:00,8.48992,61.00437,Arabian Sea,2.6729,8.8835,297.42
2023-02-26T11:18:43.109062+00:00,20.18913,62.31561,Arabian Sea,2.297,9.0892,189.69
2024-03-12T10:43:57.756540+00:00,14.67364,64.43878,Arabian Sea,2.2962,9.1339,176.58
2024-10-17T00:17:13.954193+00:00,8.73583,66.89894,Arabian Sea,2.2935,9.5349,259.0
2025-10-06T19:13:52.370273+00:00,14.55464,73.66754,Arabian Sea,2.5156,9.9212,292.97
2024-05-02T03:49:38.154293+00:00,11.10655,93.52119,Bay of Bengal,2.809,8.2965,204.18
2023-05-22T05:48:15.155493+00:00,14.57057,63.16045,Arabian Sea,2.0692,8.789,174.29
2024-08-06T10:32:21.650547+00:00,-1.60124,71.84884,Indian Ocean,1.3686,8.0856,253.75
2025-03-02T02:46:15.708897+00:00,8.44029,89.19681,Bay of Bengal,1.9567,8.6578,165.46
2023-12-02T19:05:00.079678+00:00,17.19961,82.50715,Bay of Bengal,2.4359,11.0847,245.92
2024-05-23T09:39:56.773290+00:00,-1.76079,65.55257,Indian Ocean,2.6393,8.8663,169.23
2023-04-30T17:43:52.075474+00:00,8.4207,64.21255,Arabian Sea,2.4579,10.0493,153.3
2025-05-31T00:54:56.615545+00:00,5.55742,79.67666,Bay of Bengal,2.0913,9.0843,161.89
2025-11-15T12:03:53.680347+00:00,11.43741,60.32125,Arabian Sea,2.2752,9.4205,235.19
2023-08-06T18:58:44.729862+00:00,-1.95144,83.51397,Indian Ocean,1.661,8.5151,266.85
2024-06-24T01:14:41.098274+00:00,-4.24881,88.73193,Indian Ocean,1.2714,8.1844,206.2
2024-10-11T10:23:02.129758+00:00,0.00023,69.35938,Indian Ocean,2.3661,8.6596,261.51
2025-05-18T06:29:01.251398+00:00,-0.36842,82.62334,Indian Ocean,2.0997,8.8016,233.21
2025-06-05T13:18:02.451648+00:00,20.74734,77.06264,Arabian Sea,1.4497,7.7545,192.65
2023-10-24T09:14:13.112504+00:00,0.423,65.84965,Indian Ocean,2.2793,9.2125,286.05
2023-02-04T22:01:31.933696+00:00,10.41785,65.92087,Arabian Sea,2.0191,9.2945,228.1
2024-09-18T05:52:55.936962+00:00,-0.23782,99.96808,Andaman Sea,1.9405,8.1435,263.22
2025-01-10T03:49:46.335281+00:00,9.70308,96.39463,Bay of Bengal,0.9737,7.7149,167.48
2023-11-11T10:21:42.317519+00:00,17.35132,96.19459,Bay of Bengal,2.0404,8.3763,220.59
2025-10-11T07:11:49.192629+00:00,5.56728,75.09174,Arabian Sea,2.3248,9.7473,273.23
2024-07-11T21:35:34.506555+00:00,2.40049,72.86216,Indian Ocean,1.1792,7.7013,240.75
2025-10-27T18:03:49.887766+00:00,18.3842,68.31826,Arabian Sea,2.3154,7.6356,291.17
2023-10-27T07:27:45.878378+00:00,13.02173,69.8,Arabian Sea,2.5173,10.1561,259.23
2023-09-28T23:38:35.153720+00:00,21.07662,99.43854,Bay of Bengal,2.1447,9.0459,244.0
2025-02-13T02:44:52.871033+00:00,18.60798,81.44959,Bay of Bengal,1.9132,8.6508,178.98
2025-10-26T23:20:10.761229+00:00,19.69486,96.39278,Bay of Bengal,2.0895,8.9104,249.05
2025-04-25T03:53:22.534057+00:00,-1.11096,69.5821,Indian Ocean,2.1454,10.7987,173.77
2025-02-05T22:27:51.572812+00:00,9.09716,77.72793,Arabian Sea,2.1773,9.4164,180.98
2025-03-17T15:45:46.359310+00:00,3.47303,84.56319,Indian Ocean,2.1217,9.5884,135.41
2023-06-17T22:08:16.615639+00:00,20.77317,91.47368,Bay of Bengal,1.1587,8.1379,269.25
2023-08-11T09:40:26.629073+00:00,4.58247,89.82345,Indian Ocean,1.9757,7.662,257.09
2024-04-28T03:22:46.818348+00:00,11.76268,90.78699,Bay of Bengal,2.0829,9.5322,187.2
2024-12-11T17:38:06.158338+00:00,2.12915,87.1022,Indian Ocean,1.5574,8.4801,232.12
2024-04-28T18:57:29.832858+00:00,16.50695,71.81386,Arabian Sea,1.7713,7.8479,156.43
2024-10-05T03:01:36.733328+00:00,18.15822,86.24709,Bay of Bengal,2.0843,9.1089,237.68
2024-04-06T20:38:44.349905+00:00,23.69363,98.53606,Indian Ocean,1.8808,8.2649,162.23
2023-02-13T06:25:03.959318+00:00,10.57912,74.45257,Arabian Sea,1.7311,9.0689,163.52
2025-01-13T06:34:34.656990+00:00,2.95113,66.12338,Indian Ocean,0.9491,7.7823,246.91
2024-09-18T05:16:06.218723+00:00,23.56628,71.19808,Arabian Sea,2.1124,8.4309,267.99
2025-12-28T19:43:19.189811+00:00,1.35323,61.09139,Indian Ocean,0.8489,7.0798,241.01
2023-10-03T11:51:12.203693+00:00,3.53369,93.89658,Andaman Sea,2.1226,10.617,271.19
2025-07-12T16:50:14.007496+00:00,17.76435,89.95064,Bay of Bengal,1.3025,8.9101,265.05
2024-03-29T13:25:08.271217+00:00,22.32273,90.59686,Indian Ocean,1.4345,8.9773,194.19
2024-05-22T03:00:28.834673+00:00,0.63672,69.42149,Indian Ocean,1.4032,8.1401,190.49
2024-03-22T20:29:33.756936+00:00,14.14412,62.34618,Arabian Sea,2.6837,9.8549,186.33
2024-03-02T22:27:08.181498+00:00,-4.9174,60.23444,Indian Ocean,2.285,9.1193,229.25
2024-09-06T17:58:56.943566+00:00,8.81385,67.80191,Arabian Sea,2.0476,8.9537,224.39
2025-05-17T14:31:53.471090+00:00,21.95282,88.97991,Bay of Bengal,2.0503,9.3849,203.34
2025-10-23T13:34:36.321243+00:00,-3.1028,84.88763,Indian Ocean,2.0184,8.6263,278.63
2023-06-25T16:33:32.966890+00:00,9.94811,72.77048,Arabian Sea,1.9726,9.9848,196.76
2024-11-06T15:29:58.741722+00:00,11.6469,70.93276,Arabian Sea,2.2773,7.5659,271.74
2025-10-23T21:32:45.090772+00:00,-4.77339,96.00009,Indian Ocean,1.9323,8.6516,278.66
2025-03-01T22:13:27.339200+00:00,17.88068,75.22539,Arabian Sea,2.2857,10.0033,206.73
2024-07-16T19:25:06.750837+00:00,13.6755,61.22507,Arabian Sea,1.7297,8.1985,218.99
2024-08-09T08:15:11.705808+00:00,10.99157,69.96049,Arabian Sea,1.5931,8.4145,261.88
2023-05-19T02:42:00.846849+00:00,4.94573,90.18621,Andaman Sea,2.3036,7.8784,195.59
2023-02-12T17:28:22.955024+00:00,18.12009,83.96741,Bay of Bengal,2.2628,8.3369,180.72
2023-10-02T07:39:33.395255+00:00,13.69179,99.66809,Bay of Bengal,1.5913,7.9616,249.27
2023-04-27T00:18:05.210871+00:00,5.7063,91.7999,Bay of Bengal,1.5141,8.3429,174.69
2024-05-04T13:56:42.661430+00:00,13.29856,93.58129,Bay of Bengal,1.5921,9.6613,205.63
2023-05-27T17:45:56.278111+00:00,20.13015,66.59711,Arabian Sea,2.2217,9.4591,164.79
2023-04-14T04:52:01.345068+00:00,1.0063,62.59411,Indian Ocean,1.857,9.1474,197.92
2023-11-06T19:06:20.875727+00:00,-3.268,73.47682,Indian Ocean,2.1218,9.5273,257.21
2025-09-05T20:53:08.560471+00:00,4.33102,89.23929,Indian Ocean,1.7115,7.1067,266.98
2025-10-10T07:56:05.402591+00:00,9.73604,76.5065,Arabian Sea,2.5642,10.1887,305.33
2025-02-13T08:29:42.895522+00:00,5.49767,88.63818,Bay of Bengal,1.7896,9.6993,173.08
2025-09-04T14:17:09.334413+00:00,1.89023,69.04865,Indian Ocean,2.0014,8.819,253.11
2023-04-17T07:43:27.569767+00:00,7.55719,90.10358,Bay of Bengal,2.447,7.1789,174.92
2025-06-18T14:57:15.523182+00:00,1.7078,60.97778,Indian Ocean,1.4028,8.4116,199.98
2024-07-17T11:05:04.315192+00:00,-2.52796,67.0968,Indian Ocean,1.2303,8.5579,209.64
2023-08-07T08:37:09.559752+00:00,8.9648,84.9556,Bay of Bengal,1.6669,7.5311,271.98
2023-04-07T20:15:45.014379+00:00,5.89794,78.79197,Bay of Bengal,2.4084,9.4402,160.57
2025-11-26T20:42:14.143451+00:00,1.79532,77.69751,Indian Ocean,1.4236,8.6429,260.29
2023-11-14T17:55:44.797622+00:00,0.01696,97.04011,Andaman Sea,1.8475,8.3152,203.61
2023-04-23T04:43:13.079330+00:00,-1.74322,61.9762,Indian Ocean,2.1167,7.9973,164.05
2023-04-18T23:41:25.163040+00:00,1.76558,93.3678,Andaman Sea,2.2214,10.0394,200.47
2023-07-05T23:56:35.456997+00:00,20.70008,66.8665,Arabian Sea,1.3522,7.8429,214.12
2025-03-22T08:17:15.561106+00:00,17.48008,67.03126,Arabian Sea,2.6792,10.6454,181.98
2025-08-15T13:08:16.248046+00:00,11.22863,78.77501,Bay of Bengal,2.1958,7.5365,250.19
2023-12-02T18:51:10.001175+00:00,5.33791,64.00515,Arabian Sea,1.9394,9.2081,278.34
2024-02-11T16:52:10.198693+00:00,14.99387,65.16114,Arabian Sea,2.3286,9.1433,179.81
2023-09-11T08:14:28.178976+00:00,3.2316,60.04728,Indian Ocean,2.3723,9.2542,257.32
2023-12-16T13:02:33.512878+00:00,22.14103,90.03261,Indian Ocean,1.1772,7.277,205.99
2025-07-24T13:10:05.198761+00:00,-2.99136,93.09649,Indian Ocean,1.8353,8.6967,246.86
2023-09-10T00:09:28.872779+00:00,1.69502,92.66618,Andaman Sea,2.4445,8.7125,253.52
2024-03-19T17:03:30.024223+00:00,-1.41462,75.97511,Indian Ocean,1.9886,8.779,178.02
2025-01-20T03:39:09.009458+00:00,2.57782,92.51467,Andaman Sea,1.4902,8.6679,159.02
2024-07-31T05:39:38.362468+00:00,2.45789,79.89728,Indian Ocean,1.6918,8.567,270.08
2024-02-11T01:57:40.744298+00:00,9.0198,89.21054,Bay of Bengal,1.6137,9.7529,146.12
2024-06-10T06:34:32.083562+00:00,-4.27703,98.81784,Indian Ocean,1.3141,8.3254,230.21
2023-11-08T20:58:12.542664+00:00,9.22851,81.04807,Bay of Bengal,1.7922,8.0138,272.27
2024-07-27T01:01:19.202867+00:00,4.77509,75.08684,Indian Ocean,1.3895,7.8221,216.11
2024-02-27T08:10:03.213602+00:00,-3.25323,65.36136,Indian Ocean,1.5746,8.8557,208.17
2024-04-14T02:56:23.868396+00:00,18.68065,84.43272,Bay of Bengal,2.1718,8.4503,153.63
2024-11-24T05:42:42.257210+00:00,4.07092,78.36992,Indian Ocean,2.0751,10.247,280.13
2024-06-05T00:16:01.777870+00:00,-3.29103,66.28107,Indian Ocean,1.6405,9.4539,150.16
2024-11-09T10:54:43.433749+00:00,18.56219,61.00122,Arabian Sea,2.0912,10.0943,316.01
2023-12-05T04:19:41.533235+00:00,3.88331,70.78365,Indian Ocean,1.8266,9.1114,271.07
2024-04-26T20:12:28.430802+00:00,-4.15243,83.04096,Indian Ocean,1.8125,9.2193,184.66
2023-04-26T17:46:38.395184+00:00,2.61546,60.98631,Indian Ocean,2.0413,8.1781,156.32
2023-09-26T11:41:46.221222+00:00,13.08029,89.04532,Bay of Bengal,1.7095,9.2995,266.85
2023-07-04T13:58:04.083795+00:00,11.09599,73.84383,Arabian Sea,1.2339,7.9258,201.86
2024-01-31T05:04:47.753550+00:00,10.34172,91.63412,Bay of Bengal,2.2092,9.1019,164.67
2024-01-14T07:21:33.855045+00:00,12.65183,89.76896,Bay of Bengal,2.1299,7.8835,181.65
2023-06-29T16:03:56.299113+00:00,6.84721,77.20341,Arabian Sea,2.3221,9.8154,263.21
2024-09-21T01:51:36.938498+00:00,4.56,95.89703,Andaman Sea,2.1405,9.4601,256.56
2025-03-07T06:20:33.729621+00:00,18.964,66.66147,Arabian Sea,2.0855,8.5177,172.83
2025-08-23T04:32:54.123694+00:00,4.13299,92.88592,Andaman Sea,2.5138,8.9733,292.28
2024-10-14T20:10:53.499833+00:00,-3.57334,89.24293,Indian Ocean,2.13,9.7733,264.64
2024-03-15T00:03:08.697490+00:00,10.09505,90.26498,Bay of Bengal,1.7851,8.9341,180.0
2024-10-31T07:46:59.286774+00:00,7.48384,76.56602,Arabian Sea,2.5313,10.6776,263.24
2024-01-25T13:33:59.773025+00:00,-3.38467,62.65021,Indian Ocean,1.7091,8.5452,236.63
2024-03-09T00:05:52.325560+00:00,-1.9338,87.83115,Indian Ocean,1.4525,6.6594,161.33
2025-04-10T14:30:22.673225+00:00,21.20156,60.71962,Arabian Sea,2.9143,11.2407,167.96
2025-01-19T03:21:04.889715+00:00,-4.61726,93.86514,Indian Ocean,1.682,7.3368,168.94
2024-01-14T18:45:32.452306+00:00,5.26705,85.73982,Bay of Bengal,1.4886,9.0027,163.08
2023-05-25T22:56:05.646037+00:00,20.95071,87.48453,Bay of Bengal,1.4694,10.2651,202.95
2025-01-27T13:23:46.940056+00:00,14.08779,64.76567,Arabian Sea,2.0231,8.4159,209.83
2024-01-27T18:50:38.030416+00:00,8.18731,74.59246,Arabian Sea,1.9448,10.1151,213.71
2025-07-20T14:04:40.791790+00:00,1.45413,97.91287,Andaman Sea,1.6637,9.2217,319.43
2024-06-03T11:06:01.934222+00:00,12.47603,88.38836,Bay of Bengal,1.9314,7.672,226.08
2025-12-03T23:01:01.581820+00:00,19.777,67.2639,Arabian Sea,1.7752,9.0652,277.49
2024-07-26T17:24:54.410811+00:00,6.53221,62.60364,Arabian Sea,1.6181,9.0633,212.1
2023-12-18T20:09:41.685830+00:00,12.24272,89.71183,Bay of Bengal,1.9191,10.0223,210.34
2023-03-01T17:18:54.686214+00:00,23.37003,72.89666,Arabian Sea,1.7977,8.3156,192.02
2025-09-21T17:58:37.323753+00:00,2.53045,63.17037,Indian Ocean,2.1419,9.3671,282.53
2024-09-22T06:18:21.817497+00:00,4.83476,73.78141,Indian Ocean,1.6701,7.8616,287.61
2025-05-20T12:18:19.693654+00:00,-3.92631,69.8343,Indian Ocean,1.6396,9.444,174.75
2025-01-07T02:10:56.318596+00:00,-0.41205,84.708,Indian Ocean,1.4376,6.8585,180.89
2025-02-19T08:06:43.783030+00:00,6.63381,89.97455,Bay of Bengal,2.4989,8.2905,160.2
2023-08-15T06:44:18.952105+00:00,14.99941,64.42885,Arabian Sea,2.3837,8.7773,229.26
2023-03-07T21:37:08.146513+00:00,22.42076,99.11665,Indian Ocean,2.2007,9.3467,168.93
2025-11-13T07:25:55.336655+00:00,8.59894,93.30238,Bay of Bengal,1.9043,9.5559,229.78
2024-03-10T12:27:18.966079+00:00,-1.22528,63.03955,Indian Ocean,1.7417,8.8221,204.92
2023-12-31T14:09:32.698942+00:00,2.09565,97.91012,Andaman Sea,0.7899,6.5794,210.12
2025-09-18T15:36:22.415961+00:00,1.14605,64.71872,Indian Ocean,1.7963,8.4924,242.1
2024-10-09T20:00:36.456759+00:00,5.96003,98.15929,Bay of Bengal,1.9495,8.2405,243.73
2024-11-28T20:25:00.246952+00:00,11.97729,88.20083,Bay of Bengal,1.5104,7.5041,183.92
2023-08-06T11:36:59.499125+00:00,15.89359,72.73345,Arabian Sea,1.9321,7.4983,249.02
2023-07-07T16:14:57.235759+00:00,-0.14631,68.52946,Indian Ocean,1.2751,9.6802,219.04
2025-01-16T02:27:12.230798+00:00,21.94967,85.29941,Bay of Bengal,1.2628,7.8487,207.9
2025-01-16T22:47:37.914467+00:00,12.90123,65.03033,Arabian Sea,1.7344,9.2432,220.9
2024-08-09T04:57:47.400434+00:00,23.53409,85.48421,Indian Ocean,2.1137,7.6729,252.14
2024-05-21T01:20:59.409982+00:00,3.18038,83.30289,Indian Ocean,1.7934,8.8035,215.11
2025-01-11T20:04:40.350836+00:00,5.66613,67.23384,Arabian Sea,1.6765,9.8902,242.08
2023-09-01T18:16:55.537658+00:00,11.75976,60.1285,Arabian Sea,2.1419,7.697,240.96
2025-10-25T10:02:34.451321+00:00,23.95141,71.78331,Arabian Sea,2.4204,7.8766,313.44
2024-03-13T11:33:08.890837+00:00,2.19466,68.06298,Indian Ocean,2.2624,8.4594,162.65
2025-10-20T06:06:19.510281+00:00,13.14173,63.0624,Arabian Sea,2.2376,9.7072,284.47
2023-11-30T05:07:27.895985+00:00,4.51541,88.72593,Indian Ocean,2.2864,9.4952,245.9
2024-11-02T23:04:45.480090+00:00,3.80396,91.60982,Andaman Sea,1.8404,9.2255,256.67
2024-02-15T12:55:46.465768+00:00,17.34141,74.08442,Arabian Sea,1.8971,8.9493,179.02
2024-03-01T08:47:40.131369+00:00,8.50831,91.96099,Bay of Bengal,2.3591,9.2058,156.79
2023-05-17T22:01:44.084275+00:00,4.56926,96.30475,Andaman Sea,1.9686,8.4517,230.41
2023-09-09T08:11:28.141159+00:00,6.44875,62.14904,Arabian Sea,2.445,8.2512,267.1
2024-04-21T18:06:25.086150+00:00,15.62728,95.41934,Bay of Bengal,2.121,8.3884,201.91
2025-06-06T03:59:19.418353+00:00,9.2515,86.55252,Bay of Bengal,2.2527,8.9685,206.48
2024-08-04T06:48:30.864605+00:00,17.54711,62.43211,Arabian Sea,1.9838,8.101,193.67
2025-12-07T08:56:28.420241+00:00,21.07748,90.02429,Bay of Bengal,1.4552,7.8493,231.59
2023-11-04T07:50:01.208665+00:00,4.68247,73.27677,Indian Ocean,2.1405,9.1119,239.54
2023-12-02T16:44:07.028355+00:00,23.6613,84.36795,Indian Ocean,1.838,8.237,227.34
2025-04-18T09:53:40.847012+00:00,13.33777,76.98241,Arabian Sea,2.4817,9.6054,161.19
2025-08-04T07:29:40.908567+00:00,10.90917,60.19098,Arabian Sea,1.6922,9.5642,229.88
2025-10-29T01:01:53.259185+00:00,15.03427,63.54881,Arabian Sea,2.4244,8.9244,279.25
2023-02-17T23:13:41.280182+00:00,3.45591,84.14618,Indian Ocean,1.3289,8.449,174.75
2024-09-11T18:16:39.876015+00:00,-0.20566,62.88152,Indian Ocean,1.647,8.2218,280.51
2024-05-16T20:19:48.470229+00:00,9.2191,61.59714,Arabian Sea,2.3983,8.7962,139.57
2025-04-15T13:37:50.380460+00:00,5.91105,70.37214,Arabian Sea,2.322,8.7873,168.37
2024-06-12T20:18:41.349997+00:00,23.93669,79.55819,Indian Ocean,1.3275,9.3035,215.11
2025-12-04T11:48:22.998781+00:00,-0.79142,87.98308,Indian Ocean,1.8631,8.6947,225.82
2024-01-20T09:23:11.199382+00:00,-4.15824,75.7174,Indian Ocean,1.2564,8.525,201.97
2023-05-11T10:45:28.432558+00:00,5.51352,60.35237,Arabian Sea,2.2473,9.5263,180.04
2023-08-15T17:47:29.450196+00:00,-0.85179,79.25192,Indian Ocean,1.8817,7.7438,248.41
2024-09-23T03:09:19.682171+00:00,8.0737,83.57543,Bay of Bengal,2.3828,9.472,256.5
2023-12-05T18:53:58.233461+00:00,-3.38735,96.42584,Indian Ocean,2.0337,9.6321,215.18
2023-10-05T08:01:35.598243+00:00,-2.67754,87.09641,Indian Ocean,1.6598,8.8995,282.3
2024-01-11T13:19:10.373643+00:00,0.32596,79.07477,Indian Ocean,1.9001,9.5724,215.74
2023-12-25T20:16:10.995585+00:00,-1.86689,69.20133,Indian Ocean,1.208,8.9456,252.56
2023-06-09T21:52:41.590274+00:00,20.45128,81.34683,Bay of Bengal,2.3464,9.8777,202.23
2023-11-21T11:23:40.990332+00:00,1.64547,91.56379,Andaman Sea,1.7082,8.6349,229.61
2023-07-08T09:37:48.055064+00:00,18.90119,89.83623,Bay of Bengal,1.7553,6.9819,243.17
2025-07-13T13:16:57.972953+00:00,13.19416,93.99171,Bay of Bengal,1.4618,7.8896,245.43
2023-10-17T20:24:31.461762+00:00,-1.44263,75.94163,Indian Ocean,2.5817,8.8774,248.51
2023-07-17T02:18:50.185379+00:00,-4.23038,72.31878,Indian Ocean,1.9807,8.7511,198.66
2025-01-25T05:14:04.060526+00:00,14.37459,91.05403,Bay of Bengal,2.1175,10.359,167.23
2023-05-03T04:34:12.244417+00:00,4.60187,82.05895,Indian Ocean,1.6399,7.8213,169.44
2023-10-01T19:36:26.786032+00:00,5.14745,80.33542,Bay of Bengal,2.2899,8.7758,267.9
2024-09-20T15:16:17.094151+00:00,10.18236,84.30551,Bay of Bengal,2.0872,9.5068,287.71
2023-01-22T11:33:42.019148+00:00,4.84193,96.03952,Andaman Sea,2.2597,8.5563,161.16
2024-03-10T06:45:05.490886+00:00,23.34433,79.64409,Indian Ocean,2.1009,10.0306,189.33
2025-01-14T11:30:50.457984+00:00,5.21396,73.30109,Arabian Sea,2.0474,8.7204,164.24
2025-06-28T03:51:18.214008+00:00,-1.57895,74.80461,Indian Ocean,1.4283,8.0033,214.95
2023-11-12T04:43:21.043538+00:00,13.65938,98.7269,Bay of Bengal,1.4928,6.983,240.06
2023-08-21T11:45:17.888954+00:00,7.96243,69.83561,Arabian Sea,2.1006,10.7761,249.04
2025-09-22T09:16:55.446180+00:00,17.98707,66.54861,Arabian Sea,2.2007,9.4179,266.76
2025-07-28T05:35:25.743004+00:00,6.00196,75.84146,Arabian Sea,1.8775,9.5211,231.01
2024-04-09T22:46:22.590813+00:00,3.21611,67.09857,Indian Ocean,2.4337,8.8036,142.93
2023-02-13T22:01:58.774365+00:00,16.85327,73.83479,Arabian Sea,1.8995,8.7505,199.49
2024-09-25T21:24:35.307729+00:00,-0.88595,67.42878,Indian Ocean,2.0393,8.3618,254.01
2024-01-09T03:06:32.307999+00:00,-4.0189,70.06674,Indian Ocean,1.4667,8.1613,235.75
2025-12-27T09:26:05.134530+00:00,4.86337,93.22226,Andaman Sea,1.6958,7.8656,203.62
2025-06-14T17:22:32.564504+00:00,10.60127,83.61279,Bay of Bengal,1.5065,7.6889,233.06
2025-12-10T01:04:51.020351+00:00,-1.4052,76.28709,Indian Ocean,1.6738,7.2983,239.02
2024-01-07T08:39:25.998197+00:00,12.88652,89.77821,Bay of Bengal,1.6943,8.1302,213.68
2024-12-01T10:15:46.621106+00:00,19.49391,90.61427,Bay of Bengal,1.9457,8.5674,215.85
2023-10-25T15:18:22.445971+00:00,-1.50818,61.23983,Indian Ocean,1.8938,9.4189,258.03
2023-07-15T05:35:53.041314+00:00,3.55926,72.57634,Indian Ocean,1.6552,7.9722,242.44
2024-10-30T12:56:51.587720+00:00,20.9498,82.70401,Bay of Bengal,2.5734,10.3205,222.71
2023-09-08T16:15:10.184969+00:00,11.22478,92.18173,Bay of Bengal,1.9477,9.6538,265.16
2024-09-04T03:53:39.712088+00:00,5.44644,74.70138,Arabian Sea,2.3385,7.8526,280.04
2024-03-01T06:08:49.891156+00:00,-4.06898,77.20599,Indian Ocean,1.7561,8.0456,153.18
2024-03-25T05:17:58.412621+00:00,10.85694,87.76464,Bay of Bengal,1.9582,9.2139,167.5
2023-03-25T07:27:25.646905+00:00,6.42916,68.00943,Arabian Sea,2.4891,10.1748,186.49
2023-08-29T23:26:39.565236+00:00,10.02859,69.62907,Arabian Sea,2.2282,9.4877,292.49
2025-05-29T00:45:29.715830+00:00,5.8273,95.28489,Bay of Bengal,1.8334,8.7979,243.59
2025-02-17T20:14:51.058289+00:00,22.9593,82.97164,Indian Ocean,1.56,8.1,172.75
2024-07-05T10:32:29.961338+00:00,8.02281,72.7801,Arabian Sea,2.3116,9.0553,214.73
2023-11-23T20:08:54.644705+00:00,0.2986,71.2445,Indian Ocean,2.3657,11.3276,227.64
2023-01-26T04:29:24.983832+00:00,2.89505,81.28542,Indian Ocean,1.5402,8.9538,202.87
2024-11-12T09:55:46.337074+00:00,-4.9833,76.31001,Indian Ocean,1.7941,10.1357,261.59
2024-09-23T18:14:16.303647+00:00,1.41455,71.00684,Indian Ocean,2.0459,9.419,298.33
2025-05-23T06:48:31.229970+00:00,19.83984,71.65847,Arabian Sea,2.1841,8.8639,177.15
2023-09-02T22:10:29.721537+00:00,8.76564,64.90367,Arabian Sea,2.4496,8.8863,238.79
2025-03-30T11:00:54.021321+00:00,-2.75245,91.23335,Indian Ocean,2.1907,8.4245,171.16
2024-03-31T18:21:30.202812+00:00,2.90581,60.59982,Indian Ocean,2.0401,7.4286,169.02
2024-02-25T12:07:17.806064+00:00,14.69141,73.0593,Arabian Sea,2.4556,9.2522,194.18
2023-10-19T20:25:36.621065+00:00,-1.19758,93.53531,Andaman Sea,1.9586,8.0607,258.16
2025-10-05T02:42:49.227965+00:00,13.10371,88.98759,Bay of Bengal,1.7671,8.83,281.58
2024-02-16T02:57:42.680458+00:00,6.90021,84.4713,Bay of Bengal,1.4596,8.152,173.83
2025-11-17T22:25:51.780184+00:00,-4.79478,62.63501,Indian Ocean,2.0336,9.6646,265.75
2024-12-23T01:05:43.563487+00:00,23.52235,86.48892,Indian Ocean,1.4839,7.8001,195.91
2025-04-04T10:53:42.047828+00:00,11.01433,92.73785,Bay of Bengal,2.5035,8.1103,179.68
2024-11-26T18:45:47.719730+00:00,23.83276,60.84633,Arabian Sea,2.3152,8.9657,288.84
2023-11-06T20:39:31.598416+00:00,21.26633,72.72346,Arabian Sea,2.2811,10.1062,240.64
2023-03-10T19:49:07.502524+00:00,20.20591,88.20648,Bay of Bengal,1.9134,8.1946,166.72
2025-12-03T09:05:37.214363+00:00,6.26429,60.93134,Arabian Sea,1.5612,6.8406,285.18
2023-06-06T19:09:00.397406+00:00,11.72861,98.32135,Bay of Bengal,2.0114,8.6351,222.19
2025-05-03T05:44:10.513920+00:00,1.59683,91.07587,Andaman Sea,1.9565,8.8251,186.04
2025-05-25T10:54:10.798675+00:00,-2.87859,69.32267,Indian Ocean,1.8554,8.3313,166.71
2025-04-19T08:48:48.648437+00:00,0.6238,81.17161,Indian Ocean,2.1466,8.3708,139.11
2023-02-22T20:00:44.896295+00:00,16.85876,84.38669,Bay of Bengal,1.7434,9.785,157.24
2025-12-09T09:31:17.334357+00:00,20.63645,73.28761,Arabian Sea,1.6987,8.4957,259.11
2023-03-21T00:28:35.184770+00:00,1.53405,94.66325,Andaman Sea,1.7363,8.7086,171.75
2023-10-12T22:12:59.493797+00:00,19.16546,77.261,Arabian Sea,2.2848,9.9686,270.84
2024-10-15T06:20:36.565524+00:00,22.59437,70.38113,Arabian Sea,2.2899,7.3332,299.13
2023-12-14T00:13:15.230418+00:00,2.84836,77.81696,Indian Ocean,1.878,8.3574,265.83
2023-05-31T14:53:22.050874+00:00,13.11554,87.04994,Bay of Bengal,1.4644,6.9006,210.85
2025-11-05T02:30:46.344718+00:00,17.79828,98.38924,Bay of Bengal,2.3976,8.0062,219.37
2025-01-04T08:26:12.546663+00:00,19.77299,91.42868,Bay of Bengal,1.8838,8.3783,182.84
2024-12-26T02:12:21.327490+00:00,-3.81159,63.01289,Indian Ocean,1.4156,7.4048,239.62
2025-03-29T19:51:14.895315+00:00,19.87233,60.3674,Arabian Sea,1.9077,7.8902,154.61
2023-06-07T09:18:44.367050+00:00,21.65627,81.07709,Bay of Bengal,1.7245,8.7882,225.6
2024-07-05T08:47:31.994275+00:00,14.13516,69.20583,Arabian Sea,1.7436,7.1661,211.15
2024-12-06T22:53:03.868853+00:00,21.19226,84.46373,Bay of Bengal,1.3394,8.3277,224.1
2025-09-21T11:48:33.370736+00:00,-1.80831,95.33997,Andaman Sea,2.1799,9.0124,307.99
2024-12-11T12:03:31.645913+00:00,19.2566,67.39884,Arabian Sea,1.9122,9.505,295.2
2025-01-07T01:43:38.870189+00:00,4.20802,87.10393,Indian Ocean,1.3908,7.5252,196.67
2023-05-27T16:45:10.420073+00:00,12.97124,76.77319,Arabian Sea,2.0174,5.6876,183.96
2023-07-11T13:11:47.862632+00:00,-4.09606,82.36913,Indian Ocean,1.6142,9.7626,242.86
2025-04-17T09:41:03.462933+00:00,1.82171,76.07674,Indian Ocean,1.5824,8.1227,150.02
2023-03-14T12:16:17.200729+00:00,-1.68561,89.14033,Indian Ocean,1.9163,9.0118,146.79
2024-04-23T20:43:39.487124+00:00,-3.14156,78.8244,Indian Ocean,1.9279,8.399,152.94
2025-01-13T21:24:26.257272+00:00,21.84375,89.85309,Bay of Bengal,1.4363,8.2107,204.37
2024-04-25T16:00:33.949859+00:00,19.50838,63.1206,Arabian Sea,2.0865,8.3617,165.66
2025-07-04T05:32:25.903367+00:00,8.01076,74.48447,Arabian Sea,1.4822,6.9319,189.5
2023-05-08T20:42:54.049579+00:00,1.23869,80.43126,Indian Ocean,1.9643,7.8934,185.95
2025-05-23T02:18:14.078580+00:00,12.65071,80.92497,Bay of Bengal,1.8081,10.7716,193.15
2025-11-26T17:58:42.264624+00:00,0.20484,60.5176,Indian Ocean,1.6769,7.0122,293.74
2024-01-17T06:44:20.408356+00:00,-4.92875,95.73372,Indian Ocean,1.4002,7.673,162.48
2025-01-11T04:48:24.484000+00:00,1.20423,80.85153,Indian Ocean,1.7647,8.0444,188.79
2024-03-17T19:03:35.622076+00:00,1.58284,97.44488,Andaman Sea,1.8997,8.5254,176.61
2024-02-16T14:38:08.779011+00:00,15.36316,78.8627,Bay of Bengal,2.1701,8.1757,146.39
2023-04-16T02:24:43.808757+00:00,22.08608,66.0943,Arabian Sea,2.2799,8.8178,192.28
2025-05-01T21:02:55.737006+00:00,-3.0955,95.38448,Indian Ocean,2.374,8.712,166.38
2025-06-27T12:07:41.214909+00:00,5.64786,91.04989,Bay of Bengal,1.5171,9.2641,231.36
2023-04-21T01:48:55.993758+00:00,3.23007,66.13369,Indian Ocean,1.9109,8.8418,160.17
2023-03-12T05:31:01.577655+00:00,5.41555,69.68986,Arabian Sea,2.0283,9.4274,173.68
2025-06-12T09:55:45.359327+00:00,-3.01587,78.01838,Indian Ocean,1.4821,8.2076,184.65
2023-09-06T19:20:35.682959+00:00,11.33682,98.27525,Bay of Bengal,2.1855,8.8295,278.31
2023-01-28T17:10:16.656763+00:00,14.72996,63.73295,Arabian Sea,2.1593,8.013,230.43
2023-03-23T01:14:56.631560+00:00,12.64264,98.78308,Bay of Bengal,1.968,9.3005,167.47
2025-09-26T05:35:20.917441+00:00,9.05636,94.13652,Bay of Bengal,2.6643,8.6265,245.85
2023-11-05T09:53:53.159200+00:00,18.68344,92.82556,Bay of Bengal,1.6597,9.5779,244.53
2025-05-22T22:21:45.276335+00:00,15.70712,72.65884,Arabian Sea,1.8833,9.0432,191.77
2025-12-02T16:20:21.534581+00:00,2.17562,72.91432,Indian Ocean,1.6801,7.0231,259.83
2023-06-28T04:51:11.385703+00:00,14.18595,70.93704,Arabian Sea,1.7417,7.9128,178.01
2024-10-28T17:12:11.101868+00:00,4.02274,82.54907,Indian Ocean,1.8322,7.9048,260.04
2025-09-20T09:32:54.300187+00:00,12.66184,85.95395,Bay of Bengal,2.5399,10.9479,271.9
2025-05-06T02:47:42.133321+00:00,21.95851,81.08406,Bay of Bengal,2.113,9.2208,210.58
2023-01-04T21:43:04.317394+00:00,14.96007,81.20507,Bay of Bengal,1.3592,8.6774,217.27
2024-03-14T00:33:13.742234+00:00,2.12867,74.74106,Indian Ocean,1.9102,9.2845,151.25
2024-12-24T00:47:25.977572+00:00,15.07676,92.45047,Bay of Bengal,2.0091,7.9111,194.01
2025-05-30T16:38:28.479226+00:00,-4.11067,81.53487,Indian Ocean,1.7127,10.441,183.7
2024-01-31T14:45:29.627495+00:00,8.04599,70.7052,Arabian Sea,1.9941,8.956,216.96
2025-06-25T02:59:27.385246+00:00,19.74185,78.21929,Bay of Bengal,1.2904,8.1251,238.41
2023-11-16T23:33:36.254711+00:00,1.92805,76.4916,Indian Ocean,1.7921,8.706,236.73
2025-06-22T19:22:01.548618+00:00,21.19597,86.72901,Bay of Bengal,1.3627,7.2088,227.16
2024-12-08T05:34:41.724041+00:00,13.61977,67.58562,Arabian Sea,2.1965,8.5641,293.31
2025-10-31T08:30:02.963786+00:00,14.06703,74.01297,Arabian Sea,2.1065,9.1871,238.3
2023-12-25T10:59:45.068174+00:00,1.79086,80.56418,Indian Ocean,1.455,9.2821,227.37
2024-10-02T14:29:38.166694+00:00,22.30981,74.97645,Arabian Sea,2.292,9.5558,281.59
2023-10-01T02:09:56.903906+00:00,3.50149,67.81033,Indian Ocean,2.0097,6.8826,271.97
2023-04-24T10:10:43.289984+00:00,21.84543,73.62279,Arabian Sea,2.2663,8.731,194.66
2025-12-20T06:40:59.533195+00:00,7.1098,82.15187,Bay of Bengal,1.9862,9.9045,229.61
2025-02-25T01:00:49.227101+00:00,-2.05973,89.0905,Indian Ocean,2.2066,9.5992,152.76
2024-11-21T13:57:46.310218+00:00,-4.02065,63.09221,Indian Ocean,1.8168,8.0127,273.84
2023-09-01T16:10:05.090046+00:00,0.04642,84.69781,Indian Ocean,1.7527,8.2092,261.85
2025-10-16T14:07:15.058296+00:00,1.24323,74.43597,Indian Ocean,2.0572,9.7958,260.28
2023-04-22T02:25:44.532185+00:00,23.0432,89.64732,Indian Ocean,2.1485,7.8424,188.38
2024-05-15T07:35:36.868976+00:00,19.42166,75.82513,Arabian Sea,2.0813,9.8709,186.87
2023-03-20T12:00:17.089833+00:00,10.7271,71.02152,Arabian Sea,2.4387,9.9236,168.5
2023-10-20T19:42:14.010753+00:00,17.78056,77.86029,Arabian Sea,2.1893,9.8849,266.13
2023-01-15T08:54:57.514932+00:00,-1.57436,93.01521,Andaman Sea,1.4276,8.7615,155.06
2023-01-05T15:29:56.176351+00:00,19.73282,93.92869,Bay of Bengal,2.1925,9.0395,198.53
2025-08-14T00:22:56.851720+00:00,2.27073,84.03171,Indian Ocean,1.8248,8.2571,229.11
2024-08-09T15:44:02.731308+00:00,11.41639,96.30764,Bay of Bengal,2.1224,8.6129,270.51
2024-05-26T17:44:15.129807+00:00,22.56171,97.61622,Indian Ocean,1.6093,8.1048,241.09
2023-07-01T08:33:25.374151+00:00,16.30803,96.89436,Bay of Bengal,1.1718,9.2538,267.17
2024-12-22T18:48:59.459110+00:00,-3.66029,60.41358,Indian Ocean,1.7083,7.8504,273.25
2024-01-29T05:20:49.439742+00:00,19.14182,72.10091,Arabian Sea,2.2743,10.7053,192.95
2023-09-28T19:39:43.923065+00:00,22.11866,85.83357,Indian Ocean,1.5646,7.5868,276.78
2024-10-17T14:23:29.016544+00:00,18.58048,73.81708,Arabian Sea,2.2343,9.2679,303.39
2024-11-29T02:32:38.167556+00:00,22.42538,65.49041,Arabian Sea,1.3046,7.8729,267.65
2025-07-14T01:20:41.725059+00:00,13.60377,80.57775,Bay of Bengal,1.5708,9.56,214.91
2024-09-28T17:08:24.767590+00:00,20.92302,75.17805,Arabian Sea,2.2659,8.8631,240.07
2024-01-21T23:58:07.028958+00:00,6.60063,82.69631,Bay of Bengal,1.5128,8.4262,176.63
2025-07-17T23:20:41.757052+00:00,0.72169,94.40611,Andaman Sea,1.7266,8.3995,264.59
2023-07-23T10:23:03.599010+00:00,18.86033,68.30726,Arabian Sea,1.9995,6.8302,206.45
2023-11-23T00:22:04.371957+00:00,22.84764,96.50982,Indian Ocean,1.9575,8.1979,211.01
2024-05-21T10:24:31.840874+00:00,-0.66562,81.66617,Indian Ocean,2.0269,9.5198,208.76
2025-08-14T18:54:16.096103+00:00,-4.05651,61.6911,Indian Ocean,1.9305,9.3214,211.54
2023-09-03T19:27:45.637524+00:00,21.83665,60.04055,Arabian Sea,2.3355,9.0994,261.33
2025-02-09T16:23:05.517398+00:00,12.45848,80.5544,Bay of Bengal,1.47,8.8078,165.42
2025-01-02T03:05:19.112402+00:00,13.0381,80.47627,Bay of Bengal,1.2565,8.9799,241.35
2023-12-10T01:45:17.692162+00:00,12.63176,65.48042,Arabian Sea,2.1735,9.3592,290.16
2023-11-29T21:19:39.648778+00:00,14.95333,87.57902,Bay of Bengal,1.3284,7.519,224.07
2024-06-24T18:27:50.499573+00:00,20.94865,69.19902,Arabian Sea,2.0995,8.5097,217.38
2024-04-11T13:55:25.514121+00:00,0.81385,66.905,Indian Ocean,2.0605,9.5228,170.92
2024-04-16T23:29:36.937514+00:00,-4.91191,61.24236,Indian Ocean,2.0345,9.8637,188.21
2025-07-22T21:23:53.072415+00:00,23.64098,68.35392,Arabian Sea,2.3029,8.698,213.14
2024-12-26T19:05:38.689953+00:00,-1.67593,69.42513,Indian Ocean,0.9178,7.2824,226.67
2025-03-09T18:48:52.269782+00:00,23.11396,81.80179,Indian Ocean,1.9938,8.5808,145.46
2023-05-25T14:14:10.907052+00:00,12.71487,65.01703,Arabian Sea,1.7118,8.1726,151.51
2023-07-23T06:57:09.810703+00:00,14.08379,76.36862,Arabian Sea,1.3655,8.7719,220.54
2024-08-17T22:36:43.999818+00:00,-3.71811,90.21358,Indian Ocean,1.5161,8.1174,280.51
2025-06-26T02:35:14.987544+00:00,16.66576,68.72546,Arabian Sea,1.489,9.3938,200.87
2025-07-05T17:23:27.747836+00:00,7.69705,83.70119,Bay of Bengal,1.2675,7.0749,202.19
2024-11-22T14:23:17.989341+00:00,15.89553,81.291,Bay of Bengal,1.8757,9.5142,266.3
2024-12-04T22:17:01.791224+00:00,-3.18191,96.25202,Indian Ocean,1.5436,8.7521,197.06
2024-10-06T07:52:47.820854+00:00,13.36555,83.55181,Bay of Bengal,2.0756,9.9384,260.11
2024-03-05T17:45:21.342754+00:00,12.72884,66.707,Arabian Sea,2.6836,10.5325,186.76
2025-07-07T22:49:46.357174+00:00,11.90265,69.12338,Arabian Sea,1.5906,8.961,180.61
2024-08-17T08:54:02.207619+00:00,-0.16807,81.71852,Indian Ocean,2.0681,9.204,277.82
2025-06-23T21:50:23.256079+00:00,-4.1269,64.63095,Indian Ocean,1.367,8.8438,184.46
2023-11-17T22:50:39.319494+00:00,-3.00236,63.05599,Indian Ocean,1.6339,9.1417,238.63
2025-02-08T10:44:53.794628+00:00,0.11116,70.69855,Indian Ocean,1.5887,6.2551,180.97
2025-03-04T16:09:39.430315+00:00,-1.77492,77.98802,Indian Ocean,2.4481,10.1647,179.39
2024-09-04T11:08:10.255400+00:00,4.44804,84.59412,Indian Ocean,1.7451,10.7043,265.58
2023-02-15T08:48:51.036506+00:00,-2.48322,62.77091,Indian Ocean,2.0537,7.9303,209.9
2025-11-01T20:31:13.265918+00:00,20.64205,78.10158,Bay of Bengal,1.9011,8.5568,283.07
2025-02-28T08:57:50.783484+00:00,-2.42498,69.49554,Indian Ocean,2.0977,8.8389,193.83
2024-10-29T09:33:22.705460+00:00,1.43528,75.40341,Indian Ocean,1.3408,7.5193,293.27
2025-08-18T19:23:18.590361+00:00,5.68884,67.24155,Arabian Sea,1.748,9.4232,240.65
2024-01-29T17:45:35.151013+00:00,13.93097,85.68727,Bay of Bengal,1.8795,8.7582,165.5
2025-11-20T23:58:26.352540+00:00,16.41065,73.02734,Arabian Sea,1.6124,8.2371,297.45
2025-08-19T20:39:53.114486+00:00,12.08889,86.47669,Bay of Bengal,2.1439,10.424,255.9
2023-12-03T11:25:25.701464+00:00,5.02034,84.64264,Bay of Bengal,1.91,7.3943,227.2
2024-02-16T11:40:07.187474+00:00,2.27978,99.50848,Andaman Sea,1.5088,9.2526,150.91
2024-11-18T18:02:00.063673+00:00,16.13318,82.36461,Bay of Bengal,2.0443,7.3088,243.69
2025-06-07T22:26:37.047753+00:00,8.70893,86.05086,Bay of Bengal,1.7328,9.0169,198.38
2025-10-22T01:41:32.751910+00:00,14.0504,71.33524,Arabian Sea,2.3635,9.0238,222.06
2025-12-19T11:55:17.498230+00:00,20.30303,71.68309,Arabian Sea,1.3573,7.6093,265.8
2025-04-30T02:13:39.477356+00:00,21.93897,87.50646,Bay of Bengal,2.0147,9.0466,169.96
2024-09-05T11:45:03.721365+00:00,16.33468,67.71894,Arabian Sea,2.0516,9.544,245.0
2025-12-14T12:08:18.129770+00:00,7.85642,75.63065,Arabian Sea,2.0078,9.5733,240.0
2023-07-30T18:08:24.485944+00:00,5.86565,64.94869,Arabian Sea,1.8696,8.2482,206.11
2025-06-08T13:21:15.848285+00:00,20.69956,83.28525,Bay of Bengal,2.3014,10.3467,205.13
2025-08-31T23:19:22.818583+00:00,15.05609,86.04626,Bay of Bengal,2.4048,10.3776,247.03
2025-09-23T19:53:26.579909+00:00,-4.50967,64.88724,Indian Ocean,2.2894,10.0314,236.51
2024-10-02T21:58:34.319332+00:00,7.54814,84.68028,Bay of Bengal,1.952,8.4931,288.97
2024-01-05T06:34:44.586776+00:00,10.73897,69.52059,Arabian Sea,1.8468,8.4989,261.42
2023-03-12T04:09:27.586074+00:00,18.22149,74.79395,Arabian Sea,2.3006,8.0114,126.79
2023-01-03T17:19:43.926476+00:00,16.13911,97.34572,Bay of Bengal,1.4023,7.8382,187.74
2024-11-06T02:21:04.850565+00:00,-2.51564,92.27902,Indian Ocean,1.5846,8.7912,261.55
2023-06-19T23:20:58.034440+00:00,17.18572,66.47523,Arabian Sea,1.4141,7.2411,189.8
2023-12-01T13:10:11.455652+00:00,4.77495,92.7674,Andaman Sea,1.511,8.0408,205.81
2024-02-28T09:29:48.354318+00:00,15.32694,95.35055,Bay of Bengal,1.9029,8.7363,140.73
2024-11-02T05:51:04.175126+00:00,19.51487,97.29823,Bay of Bengal,2.0282,8.8585,183.52
2023-01-19T04:34:37.025524+00:00,20.61256,65.86051,Arabian Sea,1.5554,8.706,239.09
2023-08-30T08:37:26.456166+00:00,11.75015,87.68025,Bay of Bengal,1.5306,9.6466,326.91
2025-12-15T07:33:29.583373+00:00,-0.77289,76.65373,Indian Ocean,1.5106,8.6817,225.25
2025-11-26T11:46:26.264597+00:00,21.81893,74.67097,Arabian Sea,2.002,8.6235,267.67
2023-05-27T22:44:01.452771+00:00,-2.05236,87.09832,Indian Ocean,1.7301,7.7341,226.03
2025-10-09T16:27:40.309673+00:00,21.46639,60.56051,Arabian Sea,2.33,8.7328,267.57
2025-08-16T01:23:24.948520+00:00,12.72631,65.1765,Arabian Sea,2.0175,8.3205,212.18
2024-03-25T04:12:39.057956+00:00,10.30566,86.38728,Bay of Bengal,2.5343,10.2103,183.48
2024-03-23T03:41:50.626683+00:00,4.29958,66.02777,Indian Ocean,2.1552,7.9557,162.33
2023-05-17T00:33:05.277402+00:00,9.57515,95.23993,Bay of Bengal,1.927,9.0907,224.41
2025-09-23T05:40:50.145363+00:00,19.58248,95.41155,Bay of Bengal,2.1824,8.5433,214.05
2024-10-11T06:05:48.812440+00:00,-0.42255,70.70224,Indian Ocean,2.0977,9.968,290.28
2023-04-17T13:46:46.551260+00:00,8.90101,73.81109,Arabian Sea,2.5546,9.5391,157.27
2025-10-31T13:06:23.622722+00:00,6.33462,62.12657,Arabian Sea,2.4582,7.7897,291.69
2025-09-22T03:14:47.320859+00:00,-1.20598,93.69725,Andaman Sea,2.0152,8.2127,252.48
2025-11-03T20:39:11.181499+00:00,20.48934,60.65764,Arabian Sea,2.2349,8.3396,299.12
2025-04-29T00:30:13.606450+00:00,2.38257,71.01873,Indian Ocean,2.2131,8.158,162.49
2025-02-10T17:51:26.327916+00:00,15.01295,66.31642,Arabian Sea,1.636,8.9594,211.91
2025-10-30T05:41:14.905418+00:00,15.71437,61.36308,Arabian Sea,2.4272,9.2306,258.24
2025-07-09T12:50:10.245969+00:00,1.36538,63.78017,Indian Ocean,1.5505,6.9739,190.53
2025-03-01T03:19:56.124253+00:00,6.67915,73.43732,Arabian Sea,2.1362,7.8869,172.33
2023-05-19T16:37:19.368347+00:00,18.96643,80.59666,Bay of Bengal,1.9176,8.7188,223.28
2024-10-08T02:55:39.877329+00:00,-4.36024,86.36993,Indian Ocean,2.4997,8.0359,280.92
2025-05-02T12:52:09.476636+00:00,20.57825,62.92283,Arabian Sea,2.5295,10.6052,184.13
2024-09-22T03:43:27.511643+00:00,22.50739,76.28027,Arabian Sea,2.6326,9.3818,272.51
2024-10-08T18:44:52.368402+00:00,21.9593,87.54947,Bay of Bengal,2.0555,9.192,241.37
2023-05-23T15:18:32.381079+00:00,0.13735,78.18597,Indian Ocean,1.8432,8.0016,159.03
2023-02-03T20:20:12.602251+00:00,0.16004,92.62064,Andaman Sea,1.5993,8.1105,187.3
2023-06-04T18:27:24.229773+00:00,12.22778,92.73819,Bay of Bengal,1.9845,8.4054,224.65
2023-04-09T11:51:09.953802+00:00,-2.73949,63.93763,Indian Ocean,2.2969,8.3138,149.07
2025-10-21T14:54:27.379976+00:00,16.01743,99.09611,Bay of Bengal,2.4795,9.7073,256.18
2024-06-24T12:43:16.246956+00:00,14.7709,97.62799,Bay of Bengal,1.2068,8.0084,250.08
2025-02-23T07:17:41.724542+00:00,-1.75539,97.23304,Andaman Sea,1.883,7.3554,181.88
2024-05-31T01:00:12.697490+00:00,8.9102,67.13924,Arabian Sea,2.1617,8.7617,172.49
2023-11-25T21:48:24.376325+00:00,-2.94395,75.08199,Indian Ocean,2.1798,9.4578,238.94
2023-07-09T13:50:35.875458+00:00,16.99624,62.20623,Arabian Sea,1.5308,9.067,209.09
2023-02-21T00:05:42.065515+00:00,10.80467,83.79984,Bay of Bengal,1.4038,8.4759,176.98
2024-11-20T22:10:00.494244+00:00,-2.91054,72.08119,Indian Ocean,1.8704,11.1136,205.7
2024-01-02T18:48:40.840991+00:00,10.71523,67.69737,Arabian Sea,1.5644,7.6887,224.67
2025-06-19T15:53:55.283127+00:00,21.51969,83.73753,Bay of Bengal,1.1497,7.2913,203.22
2025-03-30T23:32:26.990816+00:00,13.63038,89.80504,Bay of Bengal,2.3443,8.3376,163.12
2023-12-27T20:17:52.826137+00:00,4.52518,93.43503,Andaman Sea,1.3945,9.911,186.91
2025-08-05T21:17:59.163781+00:00,20.60883,75.602,Arabian Sea,1.5602,7.248,231.36
2024-08-28T09:58:03.443692+00:00,-2.65693,99.74766,Indian Ocean,2.5405,8.8665,292.04
2024-03-01T01:11:11.928785+00:00,0.2345,89.81607,Indian Ocean,1.7624,8.8792,160.44
2025-07-27T18:33:15.388112+00:00,10.25741,61.5808,Arabian Sea,1.8487,7.6707,176.89
2023-02-27T07:27:15.306923+00:00,17.46479,80.32078,Bay of Bengal,2.2175,10.8238,162.37
2023-01-12T13:41:36.651695+00:00,6.59387,88.5477,Bay of Bengal,1.344,8.5746,166.3
2023-07-30T01:17:33.918362+00:00,21.68663,91.84425,Bay of Bengal,1.8302,8.1652,251.77
2024-10-22T10:29:39.759971+00:00,0.09213,89.21304,Indian Ocean,2.204,10.4593,265.59
2025-11-18T14:30:43.761109+00:00,11.01371,92.2493,Bay of Bengal,1.88,9.1988,237.48
2023-01-24T01:37:36.126268+00:00,-4.91893,91.28018,Indian Ocean,1.7867,7.8582,179.81
2024-12-21T16:38:57.000224+00:00,20.85427,99.68347,Bay of Bengal,1.4258,8.57,163.82
2023-07-06T03:54:02.868200+00:00,-0.53679,86.00947,Indian Ocean,1.2394,7.5613,215.44
2025-12-03T17:08:45.157328+00:00,21.06722,60.12656,Arabian Sea,2.3526,8.8111,270.58
2024-12-26T01:26:38.557761+00:00,-3.01679,73.39234,Indian Ocean,1.6979,9.3303,252.17
2025-12-31T19:06:31.368287+00:00,3.17017,80.24753,Indian Ocean,1.5424,8.0764,235.07
2025-09-30T07:30:57.329726+00:00,-4.15748,76.68061,Indian Ocean,2.2659,9.619,286.92
2023-09-15T15:37:19.036600+00:00,-4.29286,69.77116,Indian Ocean,1.5646,8.1724,251.71
2025-12-20T13:05:38.624286+00:00,14.34234,73.09609,Arabian Sea,1.9326,8.0737,229.78
2024-03-10T06:41:15.595684+00:00,22.59771,68.16493,Arabian Sea,1.7351,9.564,209.38
2023-12-06T23:46:19.422861+00:00,5.56335,72.93996,Arabian Sea,1.5765,7.8865,221.66
2025-05-12T13:06:32.498140+00:00,2.80577,97.40046,Andaman Sea,1.5086,7.7194,201.58
2024-01-12T00:16:02.402578+00:00,23.25653,83.25582,Indian Ocean,1.9721,9.1714,175.43
2024-06-22T06:23:25.538359+00:00,3.01597,70.16958,Indian Ocean,1.6197,9.3205,179.22
2024-09-08T22:49:54.729693+00:00,13.70388,69.296,Arabian Sea,2.2229,8.3907,265.34
2025-10-22T22:08:40.001431+00:00,8.06705,63.1433,Arabian Sea,1.7558,7.6493,286.82
2024-04-19T21:24:23.783190+00:00,12.70584,63.99788,Arabian Sea,1.9309,7.9811,166.84
2024-11-10T23:59:09.910911+00:00,4.18845,88.40604,Indian Ocean,1.8752,8.9032,240.01
2023-09-28T22:56:48.977526+00:00,18.7233,83.14608,Bay of Bengal,2.2779,10.1323,257.81
2023-01-06T09:28:14.861285+00:00,17.14307,95.64036,Bay of Bengal,1.4375,7.433,166.87
2025-09-03T14:12:32.995725+00:00,-1.21599,64.59732,Indian Ocean,2.445,10.1179,204.79
2025-03-05T10:35:13.224644+00:00,-2.97108,72.95625,Indian Ocean,2.1229,8.4597,184.48
2025-09-17T09:38:50.742708+00:00,1.37078,83.74731,Indian Ocean,2.4777,9.4101,248.08
2025-03-14T11:54:07.493049+00:00,2.1503,87.87559,Indian Ocean,2.9187,9.8626,182.8
2023-02-02T11:46:33.606659+00:00,-3.22068,83.72594,Indian Ocean,2.2099,8.6744,161.73
2024-08-31T12:32:05.828020+00:00,2.46205,71.43496,Indian Ocean,1.9032,8.7884,259.22
2025-06-11T15:04:35.429534+00:00,-4.87003,60.56735,Indian Ocean,2.2035,8.4224,157.5
2024-05-14T16:05:35.354942+00:00,19.25452,79.9551,Bay of Bengal,1.9957,7.6151,155.18
2024-08-24T19:45:34.967209+00:00,2.07376,69.60227,Indian Ocean,1.868,8.2101,251.69
2023-06-07T04:42:16.979753+00:00,-1.75236,88.82304,Indian Ocean,1.2247,6.6374,190.93
2023-07-07T09:09:13.631559+00:00,-1.77875,88.02872,Indian Ocean,1.6056,7.35,199.21
2025-09-27T16:34:12.274005+00:00,10.23298,63.7139,Arabian Sea,2.441,10.7103,273.5
2024-01-03T17:10:57.665772+00:00,18.8971,71.58259,Arabian Sea,1.2978,7.0913,226.33
2025-02-13T22:47:54.947453+00:00,2.02841,84.95191,Indian Ocean,2.5403,9.4201,174.96
2025-09-27T10:58:07.932726+00:00,17.12852,77.92363,Arabian Sea,2.0461,8.1789,273.55
2023-05-27T01:27:10.668137+00:00,0.51473,82.68354,Indian Ocean,1.4171,7.7019,181.89
2025-04-26T19:57:29.700629+00:00,17.27552,79.9005,Bay of Bengal,1.9135,9.2069,137.28
2023-10-11T19:15:32.805392+00:00,-3.03411,77.65519,Indian Ocean,1.7913,8.8311,252.74
2023-05-22T11:48:51.328823+00:00,9.9164,62.53859,Arabian Sea,1.9231,7.262,174.95
2023-04-16T22:51:29.977044+00:00,13.67021,75.29429,Arabian Sea,1.907,8.8897,177.39
2023-06-11T22:45:07.373749+00:00,17.34043,63.2141,Arabian Sea,2.3865,9.097,202.39
2023-12-07T18:22:08.691199+00:00,10.04963,60.30772,Arabian Sea,1.813,7.8575,286.06
2024-08-14T15:25:40.144145+00:00,10.77057,66.99788,Arabian Sea,1.54,8.5855,228.61
2024-11-29T11:50:38.935311+00:00,12.16345,77.04773,Arabian Sea,2.6207,10.0688,251.28
2023-05-02T11:12:09.414839+00:00,18.91783,76.38099,Arabian Sea,2.3399,9.9737,188.03
2025-11-11T00:16:40.108230+00:00,23.97203,83.78336,Indian Ocean,1.6739,7.6608,259.71
2024-04-01T08:15:03.500769+00:00,-4.76076,80.46207,Indian Ocean,1.3366,6.4433,194.16
2024-06-13T18:37:29.454827+00:00,15.55913,75.82279,Arabian Sea,1.7346,8.4827,226.37
2025-04-22T23:58:03.459707+00:00,17.49932,75.87607,Arabian Sea,2.714,9.7434,123.96
2025-03-15T02:13:13.067625+00:00,-2.59503,97.16206,Indian Ocean,1.8918,9.3892,179.63
2025-06-18T17:42:39.133163+00:00,-4.62751,65.1494,Indian Ocean,1.2842,9.1291,149.92
2024-05-16T22:17:52.966000+00:00,1.39885,76.82719,Indian Ocean,1.724,8.5939,178.85
2023-05-03T21:33:55.120916+00:00,13.11215,62.78637,Arabian Sea,2.0611,8.3359,142.59
2023-02-27T16:31:55.031035+00:00,-1.35645,86.03554,Indian Ocean,1.4668,7.1086,142.98
2024-10-06T16:06:43.855237+00:00,7.79909,62.5889,Arabian Sea,2.1972,8.6456,286.5
2023-12-18T08:51:24.550605+00:00,-2.2637,95.84351,Indian Ocean,1.5381,8.8911,203.36
2024-10-18T08:59:27.149265+00:00,5.49886,76.66897,Arabian Sea,2.8962,9.2214,271.6
2024-10-18T05:32:44.234880+00:00,12.35924,71.2919,Arabian Sea,2.4288,9.2488,279.16
2024-09-25T15:05:54.914801+00:00,-4.34421,89.64133,Indian Ocean,1.9036,8.6689,260.81
2025-09-15T10:45:01.764450+00:00,17.95632,69.32863,Arabian Sea,2.0948,9.6896,248.8
2024-01-31T06:59:16.452187+00:00,-0.18952,84.25714,Indian Ocean,2.2165,10.352,167.62
2024-02-20T14:47:58.340310+00:00,18.72416,75.43178,Arabian Sea,2.4641,7.963,186.03
2025-02-02T05:41:21.786005+00:00,23.80493,99.97952,Indian Ocean,1.9166,8.4218,133.33
2024-03-21T01:44:19.011400+00:00,22.24503,76.11942,Arabian Sea,2.6894,8.969,129.59
2025-05-10T09:37:40.838580+00:00,-0.04304,78.17594,Indian Ocean,1.698,8.3057,180.21
2023-01-11T12:30:38.313319+00:00,5.04637,97.6274,Bay of Bengal,2.1247,8.0514,172.87
2024-04-14T19:56:24.168230+00:00,22.91665,71.96426,Arabian Sea,1.7406,10.9408,142.87
2024-11-07T21:32:13.345879+00:00,0.62638,79.53864,Indian Ocean,2.2816,10.0085,257.34
2025-01-29T19:35:44.890538+00:00,13.57078,87.96852,Bay of Bengal,1.6262,7.8336,201.26
2025-03-22T02:45:16.151899+00:00,6.38066,69.80045,Arabian Sea,2.9996,9.9419,195.33
2025-10-04T18:15:04.439451+00:00,22.04215,62.83422,Arabian Sea,2.2747,9.8654,269.05
2025-08-26T21:23:11.427715+00:00,12.02913,97.03404,Bay of Bengal,1.8836,8.0803,278.69
2023-02-23T08:36:46.473956+00:00,4.64128,85.4223,Indian Ocean,1.6226,7.8593,170.96
2023-05-30T22:40:35.410632+00:00,-4.73822,93.3078,Indian Ocean,1.665,7.3682,235.26
2023-02-25T07:18:51.986112+00:00,22.37738,60.16738,Arabian Sea,2.3961,9.2257,209.27
2025-06-20T18:35:31.655903+00:00,8.11211,94.79233,Bay of Bengal,1.8025,9.5437,242.07
2025-12-10T09:31:34.771887+00:00,-0.78755,91.83366,Andaman Sea,1.4606,8.3286,168.33
2023-05-01T23:06:49.801138+00:00,15.67393,79.62894,Bay of Bengal,2.2299,10.7395,156.78
2023-01-05T13:22:51.673216+00:00,1.49905,82.72785,Indian Ocean,1.2443,9.3347,228.54
2024-11-21T12:30:34.421347+00:00,9.47211,93.04854,Bay of Bengal,2.2047,10.641,230.21
2023-02-03T19:36:00.183652+00:00,16.15485,63.83007,Arabian Sea,2.1935,9.0781,202.17
2025-11-13T20:11:05.976942+00:00,2.8555,86.49402,Indian Ocean,2.3448,10.2325,249.06
2024-11-27T05:23:56.253934+00:00,1.46274,67.55686,Indian Ocean,2.0095,8.4409,228.71
2023-03-26T05:06:16.454512+00:00,9.99964,92.99924,Bay of Bengal,2.3405,10.0731,164.84
2024-01-08T13:29:35.933960+00:00,19.52487,89.47434,Bay of Bengal,1.8014,8.3922,151.97
2024-08-17T11:48:06.331344+00:00,19.9794,77.96799,Arabian Sea,2.3296,9.7053,270.5
2024-12-12T21:27:16.660902+00:00,12.01527,93.81791,Bay of Bengal,1.8175,8.439,192.23
2023-01-15T09:26:34.968101+00:00,2.9498,63.10669,Indian Ocean,1.591,8.2129,230.22
2025-05-21T04:35:20.033473+00:00,18.62606,64.16818,Arabian Sea,2.1539,8.7664,128.76
2025-03-11T23:06:34.127357+00:00,5.32868,67.07698,Arabian Sea,2.3857,9.7381,224.32
2024-03-15T02:44:25.642288+00:00,3.79997,90.20993,Andaman Sea,1.931,7.2085,195.81
2024-08-30T06:22:57.038742+00:00,4.00814,72.58538,Indian Ocean,2.213,9.2789,260.78
2023-12-04T08:46:38.775797+00:00,20.89428,62.42742,Arabian Sea,1.9722,10.4872,247.07
2025-01-11T21:26:08.744034+00:00,-3.9877,80.25199,Indian Ocean,2.3652,9.7903,167.41
2023-09-25T23:20:46.358300+00:00,12.66122,86.37524,Bay of Bengal,2.2542,8.401,278.91
2025-05-23T21:37:13.226154+00:00,1.3002,76.00096,Indian Ocean,2.1458,9.4071,162.7
2023-01-28T07:41:56.672586+00:00,13.43185,60.326,Arabian Sea,1.8102,7.545,238.88
2023-07-31T23:24:12.378102+00:00,17.55635,62.11672,Arabian Sea,1.7826,7.8921,249.75
2023-11-19T22:40:30.054243+00:00,23.12057,79.01672,Indian Ocean,1.5663,9.0586,253.7
2025-03-17T13:43:27.944532+00:00,-2.48677,86.84425,Indian Ocean,2.015,9.42,175.19
2024-12-21T22:44:18.282974+00:00,-4.85804,80.89352,Indian Ocean,1.2941,8.6105,240.74
2025-01-01T08:24:25.205370+00:00,-4.01212,73.29168,Indian Ocean,1.3772,7.0868,249.52
2023-08-10T20:36:27.183416+00:00,13.99549,97.62198,Bay of Bengal,1.5966,7.8628,289.14
2023-05-13T02:19:45.740351+00:00,14.88075,61.08374,Arabian Sea,1.5374,7.6022,179.65
2024-09-18T05:30:38.081104+00:00,11.56713,74.16836,Arabian Sea,2.2965,10.5225,259.33
2025-08-17T12:28:14.317803+00:00,10.50475,84.40636,Bay of Bengal,2.0705,9.1184,258.65
2024-02-27T17:46:21.227996+00:00,15.85573,61.839,Arabian Sea,1.8319,8.6601,204.92
2023-03-21T19:42:33.456816+00:00,6.78451,82.25125,Bay of Bengal,2.0065,8.025,176.91
2023-04-21T10:27:42.663933+00:00,14.44165,81.77878,Bay of Bengal,2.5207,10.0659,167.49
2025-05-28T09:58:50.750766+00:00,18.89785,82.83671,Bay of Bengal,1.7552,9.2878,185.48
2023-11-29T19:43:41.809075+00:00,15.55156,71.96746,Arabian Sea,2.2114,8.7048,231.54
2025-05-30T05:44:31.063057+00:00,16.60875,62.92964,Arabian Sea,1.8313,8.424,164.24
2023-05-27T19:26:59.908648+00:00,11.33292,76.5803,Arabian Sea,1.9042,6.9639,194.27
2023-04-21T00:06:17.885879+00:00,4.31157,71.36869,Indian Ocean,2.0562,9.1675,159.06
2023-03-08T06:56:42.914986+00:00,17.02362,99.9393,Bay of Bengal,2.6104,8.1843,149.82
2025-03-16T05:33:01.688316+00:00,-0.28649,86.82539,Indian Ocean,1.9776,9.3872,175.8
2024-06-06T17:48:49.410548+00:00,-0.49962,78.58227,Indian Ocean,1.1212,8.2059,175.79
2025-12-20T23:41:23.944575+00:00,12.11313,72.61538,Arabian Sea,1.6548,9.9084,245.05
2023-10-31T10:34:03.807846+00:00,-3.14193,99.12846,Indian Ocean,1.9013,7.7794,218.91
2024-12-28T02:04:21.841201+00:00,5.23656,65.78854,Arabian Sea,2.001,8.1589,240.27
2025-09-19T12:16:28.803597+00:00,14.44647,94.17515,Bay of Bengal,2.47,9.8349,327.4
2024-03-11T06:07:16.539403+00:00,14.61487,89.94342,Bay of Bengal,2.2349,8.6012,172.57
2023-01-06T14:20:24.517071+00:00,3.16803,78.14202,Indian Ocean,1.2313,7.658,203.54
2023-04-26T16:14:24.026309+00:00,13.72217,67.75104,Arabian Sea,2.4745,8.3428,171.83
2025-02-13T07:36:39.848035+00:00,3.29044,92.63934,Andaman Sea,1.716,8.2442,189.6
2023-05-04T21:38:59.372826+00:00,-4.90144,61.32433,Indian Ocean,1.9693,8.8917,163.44
2024-08-19T16:21:07.581489+00:00,2.34787,96.43771,Andaman Sea,1.8995,10.1919,276.92
2023-03-17T21:47:42.393300+00:00,19.22933,84.37703,Bay of Bengal,2.0517,10.277,158.16
2024-04-04T13:38:08.599290+00:00,0.67331,94.32203,Andaman Sea,1.7962,9.0165,177.17
2023-12-06T00:36:50.348482+00:00,17.35667,78.97501,Bay of Bengal,2.3082,8.5735,228.83
2024-01-17T09:59:13.028471+00:00,12.15175,96.19082,Bay of Bengal,1.6341,7.3756,189.33
2025-08-24T23:38:30.320071+00:00,-3.66038,97.56457,Indian Ocean,1.9769,7.9796,251.22
2023-12-10T12:36:47.866601+00:00,0.11846,69.18664,Indian Ocean,1.6194,8.131,237.58
2023-12-30T00:38:26.419303+00:00,2.58177,71.41052,Indian Ocean,1.5933,7.5638,241.7
2023-06-01T20:04:19.636090+00:00,8.18676,73.96143,Arabian Sea,1.7551,7.6294,171.9
2024-12-06T10:54:50.833892+00:00,14.85165,84.86929,Bay of Bengal,1.9705,8.4313,235.8
2025-10-02T17:29:08.522483+00:00,3.38306,85.85623,Indian Ocean,1.9617,8.3406,276.36
2023-07-02T05:53:35.148784+00:00,-1.70552,90.04067,Andaman Sea,1.9699,8.7786,226.82
2024-02-01T21:56:45.229649+00:00,19.12661,77.88245,Arabian Sea,2.3602,7.9294,154.33
2024-09-24T16:38:02.704925+00:00,-2.41406,72.03665,Indian Ocean,1.9746,10.0399,285.36
2023-02-02T04:13:23.761901+00:00,16.25829,81.64334,Bay of Bengal,1.8218,7.3316,207.35
2024-03-29T02:49:50.819656+00:00,18.82993,82.29692,Bay of Bengal,2.0437,9.0512,208.51
2025-09-28T22:55:46.174495+00:00,5.8821,64.96447,Arabian Sea,2.5086,9.1845,289.58
2023-12-27T21:11:50.949063+00:00,18.12163,86.43294,Bay of Bengal,1.5564,8.8848,225.67
2024-03-29T18:23:48.220001+00:00,1.76696,87.42239,Indian Ocean,1.9343,9.3559,145.59
2025-10-31T12:52:34.238999+00:00,5.62228,82.02431,Bay of Bengal,2.1592,8.1498,276.86
2025-04-25T08:12:12.749307+00:00,15.85826,91.56007,Bay of Bengal,1.7151,7.6814,178.3
2023-03-23T16:02:38.135052+00:00,0.39243,86.04379,Indian Ocean,2.292,8.0054,179.19
2023-08-25T03:11:51.060096+00:00,15.50902,90.38599,Bay of Bengal,2.1193,8.3054,269.35
2025-03-27T03:59:41.377070+00:00,14.29224,67.0006,Arabian Sea,2.6654,9.7756,155.37
2024-01-05T10:38:05.277929+00:00,1.84001,71.61819,Indian Ocean,1.3811,7.5238,221.56
2023-08-02T05:03:09.908200+00:00,9.36006,61.52168,Arabian Sea,2.6114,9.205,221.24
2025-08-22T10:38:46.280445+00:00,0.83678,67.96646,Indian Ocean,1.8375,9.3267,251.37
2023-08-29T05:17:15.847924+00:00,-4.58535,75.48092,Indian Ocean,2.238,9.1118,240.17
2025-06-23T21:04:34.916964+00:00,15.65192,89.18763,Bay of Bengal,1.498,7.6329,244.86
2024-03-22T12:08:46.441215+00:00,17.62784,61.27013,Arabian Sea,2.7007,11.4607,160.68
2025-03-13T06:14:26.303097+00:00,9.44221,63.68489,Arabian Sea,2.5571,9.6682,199.27
2023-06-04T15:31:40.414042+00:00,-2.74834,98.86931,Indian Ocean,1.7428,8.8037,247.36
2025-12-08T14:48:03.743516+00:00,11.01565,61.80233,Arabian Sea,1.4923,7.3686,293.8
2024-11-19T07:43:45.836674+00:00,7.84449,88.3202,Bay of Bengal,1.7211,9.4675,242.77
2024-03-25T18:48:37.345411+00:00,5.50826,75.45025,Arabian Sea,2.5869,10.1137,152.75
2024-10-28T15:54:00.586524+00:00,19.50588,65.70175,Arabian Sea,1.6543,8.8756,263.57
2024-11-27T13:06:10.057115+00:00,20.76749,71.46188,Arabian Sea,2.219,9.4389,236.97
2023-01-09T23:29:30.436995+00:00,18.76397,70.1709,Arabian Sea,1.8419,8.2948,254.54
2025-05-31T05:21:09.080036+00:00,13.6078,69.41947,Arabian Sea,2.3158,9.1728,201.65
2024-03-22T22:35:41.705083+00:00,8.6617,95.92598,Bay of Bengal,1.9222,8.2038,170.2
2024-12-22T17:27:11.573686+00:00,-1.40215,77.81136,Indian Ocean,1.5212,8.7663,251.03
2023-03-10T07:07:35.729806+00:00,18.5551,66.65955,Arabian Sea,2.2082,8.8008,188.53
2024-04-03T08:19:15.984803+00:00,21.46916,71.07364,Arabian Sea,1.8734,8.4463,124.44
2024-04-03T13:54:43.175136+00:00,10.92188,62.36728,Arabian Sea,2.3907,8.9685,182.94
2023-10-17T14:58:45.989211+00:00,1.03182,74.99302,Indian Ocean,1.4859,8.2183,235.89
2025-04-26T18:42:15.450248+00:00,14.63042,93.59389,Bay of Bengal,2.127,8.3431,205.91
2024-03-19T12:38:32.244698+00:00,5.07065,90.91308,Bay of Bengal,2.1391,9.2283,173.9
2025-03-19T02:49:06.926209+00:00,12.68862,84.8376,Bay of Bengal,2.5316,7.983,162.27
2025-03-27T15:35:05.223739+00:00,5.17685,89.80625,Bay of Bengal,2.1789,7.7843,190.98
2023-06-28T01:45:42.406911+00:00,12.72638,87.59592,Bay of Bengal,1.7159,9.5921,230.2
2024-11-22T14:38:18.659558+00:00,-4.797,78.1312,Indian Ocean,1.9549,9.8795,245.69
2025-07-31T00:59:00.009595+00:00,22.78303,97.24108,Indian Ocean,1.8485,6.8975,270.28
2023-07-17T12:05:55.186419+00:00,18.93039,74.74466,Arabian Sea,2.0162,8.7903,216.06
2023-10-11T00:07:46.844712+00:00,16.67822,86.00105,Bay of Bengal,2.4894,8.9196,257.26
2024-02-21T06:11:28.859253+00:00,2.33982,88.30422,Indian Ocean,1.7908,7.8339,173.24
2025-04-07T21:55:45.238468+00:00,0.59052,84.80697,Indian Ocean,1.8596,6.816,174.12
2023-04-01T17:25:38.126171+00:00,23.57654,79.50669,Indian Ocean,2.4085,10.5451,169.94
2025-04-21T14:55:00.296915+00:00,16.7931,68.68774,Arabian Sea,2.0796,7.3365,152.19
2025-02-24T02:53:45.464822+00:00,18.80884,89.12866,Bay of Bengal,1.9477,9.5729,160.39
2025-05-11T06:25:10.436219+00:00,-4.05529,76.29703,Indian Ocean,2.0928,8.0796,188.21
2024-04-04T03:48:51.237911+00:00,10.9234,91.4108,Bay of Bengal,2.2476,9.565,163.53
2023-02-04T05:52:14.728588+00:00,13.37569,76.70678,Arabian Sea,2.1223,9.7834,188.69
2023-03-16T23:13:18.369920+00:00,-1.4155,94.3399,Andaman Sea,2.2418,9.2992,193.69
2024-01-29T05:07:08.833989+00:00,5.65811,61.92899,Arabian Sea,2.2852,9.4043,210.73
2023-07-22T12:14:02.658678+00:00,10.23419,66.80435,Arabian Sea,2.1892,9.09,234.45
2025-01-04T10:49:04.181233+00:00,6.98867,74.77132,Arabian Sea,1.6899,7.209,208.61
2025-09-21T07:19:19.635833+00:00,12.29153,91.74747,Bay of Bengal,2.2536,7.5638,288.07
2023-01-13T10:45:50.459655+00:00,10.03852,73.32803,Arabian Sea,1.6244,7.7491,237.75
2025-05-27T03:21:53.237597+00:00,0.52634,90.97508,Andaman Sea,1.5412,8.1888,174.42
2023-11-28T00:04:13.718053+00:00,-2.45136,90.81317,Indian Ocean,1.5277,8.3552,218.78
2023-05-31T17:12:27.863258+00:00,13.76992,70.51941,Arabian Sea,1.6817,7.1007,178.68
2024-05-11T13:28:04.987307+00:00,12.67487,96.76407,Bay of Bengal,2.0644,9.388,204.77
2025-02-21T14:09:27.131429+00:00,16.08972,60.78129,Arabian Sea,2.2909,9.4878,183.58
2023-02-21T13:41:44.915862+00:00,17.80933,63.12853,Arabian Sea,2.2617,9.3007,207.97
2023-11-07T07:19:11.501596+00:00,12.33003,93.01212,Bay of Bengal,1.6289,8.9456,261.68
2024-12-20T20:26:41.258688+00:00,9.31365,74.28217,Arabian Sea,1.5348,9.3415,229.55
2023-08-13T23:41:26.283919+00:00,21.7504,97.97131,Bay of Bengal,2.2782,9.3437,253.12
2024-03-19T06:42:03.441755+00:00,23.49072,91.55474,Indian Ocean,2.1043,8.4095,170.99
2025-10-08T09:09:34.528418+00:00,13.44555,92.34574,Bay of Bengal,2.7916,8.9146,258.32
2024-06-12T10:22:14.485833+00:00,-1.29501,73.66634,Indian Ocean,1.5077,8.6524,208.91
2023-06-13T05:33:23.822344+00:00,5.84873,75.62873,Arabian Sea,2.1969,8.7451,180.6
2025-10-05T19:34:12.283979+00:00,6.39764,81.50638,Bay of Bengal,2.1189,10.2268,287.52
2025-09-17T16:42:03.304571+00:00,-0.59008,86.20727,Indian Ocean,1.8085,8.8261,255.49
2024-01-19T22:49:51.044416+00:00,8.23043,73.30162,Arabian Sea,1.5676,9.3132,199.82
2023-08-16T23:49:18.516442+00:00,15.08039,90.0404,Bay of Bengal,1.8121,9.4127,300.69
2024-08-06T14:58:21.173638+00:00,11.80326,84.00633,Bay of Bengal,1.907,8.5942,295.29
2025-05-08T06:00:08.193399+00:00,-3.414,74.82224,Indian Ocean,2.057,9.4188,165.91
2025-08-22T12:09:20.792259+00:00,18.74815,70.6941,Arabian Sea,2.2432,8.6579,259.46
2023-04-15T15:11:38.337327+00:00,3.85611,87.18227,Indian Ocean,2.2172,9.3993,183.77
2023-02-23T01:14:04.142206+00:00,-4.91881,85.80683,Indian Ocean,2.0989,8.0861,147.75
2025-03-19T01:03:50.469831+00:00,11.31654,62.51237,Arabian Sea,2.4945,10.0112,193.95
2024-02-24T06:35:38.927230+00:00,23.45118,80.9943,Indian Ocean,1.8899,8.7082,176.35
2023-06-02T06:23:14.359106+00:00,17.59468,90.13026,Bay of Bengal,1.6048,8.8432,223.13
2025-02-09T17:21:50.417442+00:00,0.61722,79.24895,Indian Ocean,2.0305,8.1856,145.2
2024-02-05T19:44:42.195870+00:00,3.01098,75.86087,Indian Ocean,1.7629,8.4083,168.25
2024-12-19T15:22:42.913241+00:00,0.19684,99.91854,Andaman Sea,1.0918,7.4645,150.95
2023-04-02T19:25:11.127391+00:00,15.72315,97.84768,Bay of Bengal,2.3263,8.8877,161.14
2024-04-29T14:22:51.160123+00:00,9.5382,61.37601,Arabian Sea,1.7319,8.9719,182.12
2024-05-03T13:37:06.241964+00:00,1.81822,61.57762,Indian Ocean,2.1284,9.2853,162.53
2025-10-31T20:14:06.459370+00:00,5.30368,82.80563,Bay of Bengal,2.1607,7.824,255.32
2024-08-01T20:04:53.603716+00:00,22.08824,67.72679,Arabian Sea,2.0319,8.0183,225.37
2025-10-14T23:34:29.789999+00:00,18.69667,74.68985,Arabian Sea,2.2293,8.8889,303.2
2023-08-16T12:02:23.125496+00:00,22.76785,66.24562,Arabian Sea,1.8653,8.7998,220.34
2024-01-23T20:32:40.484522+00:00,20.19565,67.80409,Arabian Sea,1.9441,8.0201,215.1
2023-12-17T18:28:27.358993+00:00,6.5293,95.43885,Bay of Bengal,1.6817,8.7208,203.23
2023-05-08T08:10:21.893657+00:00,23.12908,70.54013,Arabian Sea,2.1606,7.461,155.73
2024-05-03T16:05:19.755083+00:00,21.43448,86.74638,Bay of Bengal,1.9931,9.5162,167.79
2023-07-06T23:01:29.320572+00:00,-0.88848,76.63831,Indian Ocean,1.261,9.4613,187.96
2024-11-08T09:40:58.022346+00:00,12.83599,89.63823,Bay of Bengal,2.3354,9.2751,241.61
2023-05-05T04:39:46.909062+00:00,5.86502,69.69268,Arabian Sea,2.3651,10.7687,184.9
2024-11-10T16:43:41.938046+00:00,19.2415,97.78785,Bay of Bengal,1.9036,7.5018,195.55
2024-09-08T15:15:09.954829+00:00,7.3553,75.59686,Arabian Sea,2.4215,8.5887,287.88
2023-07-02T19:46:30.792929+00:00,11.25039,71.20179,Arabian Sea,1.5224,8.2394,182.59
2025-07-17T01:46:48.215806+00:00,3.5901,60.74093,Indian Ocean,1.4777,6.6638,183.41
2025-01-17T17:07:32.186966+00:00,6.2265,87.99491,Bay of Bengal,1.9033,8.3988,208.35
2025-11-22T07:39:38.622544+00:00,22.33044,63.00814,Arabian Sea,2.3669,9.4382,278.17
2023-09-05T22:18:45.429351+00:00,20.95495,96.13455,Bay of Bengal,2.1129,9.2295,267.9
2023-01-30T19:04:39.230217+00:00,9.54868,84.57467,Bay of Bengal,1.6717,8.2906,195.95
2023-04-05T03:45:50.132669+00:00,13.38967,84.58697,Bay of Bengal,2.1419,9.3151,197.66
2025-05-19T10:24:34.444506+00:00,10.25074,79.81098,Bay of Bengal,1.948,8.3932,191.41
2024-07-26T00:30:08.837835+00:00,9.59417,60.32754,Arabian Sea,2.447,9.9173,201.92
2023-03-12T09:55:32.713777+00:00,2.12336,65.72479,Indian Ocean,1.5762,8.5304,169.36
2023-09-24T06:58:06.653611+00:00,19.61307,63.67996,Arabian Sea,2.8963,9.9663,268.39
2024-12-01T13:44:37.962275+00:00,8.06521,90.32418,Bay of Bengal,1.4529,7.543,221.63
2025-02-12T00:12:16.432348+00:00,-3.5352,87.35644,Indian Ocean,1.9701,8.3814,160.5
2024-03-07T01:22:19.235582+00:00,18.10868,68.22645,Arabian Sea,2.6668,10.2487,187.54
2025-04-22T23:45:33.301870+00:00,-1.79934,97.19235,Andaman Sea,1.9749,8.7086,229.03
2024-06-22T08:18:44.026219+00:00,7.34082,68.02554,Arabian Sea,2.0027,9.4444,131.18
2023-07-16T01:50:44.847215+00:00,14.70943,73.64401,Arabian Sea,1.9597,7.5729,238.31
2024-10-11T22:21:25.857254+00:00,17.96589,67.96793,Arabian Sea,2.1253,8.9107,247.22
2024-05-23T00:11:30.226456+00:00,8.46263,75.9618,Arabian Sea,1.863,9.5113,177.79
2023-01-03T08:17:30.466488+00:00,0.5238,64.76036,Indian Ocean,0.9134,5.8452,220.99
2025-04-10T13:37:42.247854+00:00,1.51366,88.56203,Indian Ocean,2.3503,8.8973,178.34
2024-06-04T20:37:23.476979+00:00,3.76074,80.85267,Indian Ocean,1.5434,9.8759,210.26
2024-04-11T11:48:24.539334+00:00,13.99771,67.31264,Arabian Sea,2.2495,10.1745,189.67
2024-11-22T06:31:47.156615+00:00,16.76475,68.09548,Arabian Sea,2.1721,9.4542,271.39
2023-12-30T07:49:12.059472+00:00,-3.95486,74.58953,Indian Ocean,0.916,8.1712,199.31
2025-04-01T18:46:28.706440+00:00,1.42485,85.19551,Indian Ocean,2.1065,9.4537,160.52
2024-04-14T11:20:07.439189+00:00,4.18997,74.01378,Indian Ocean,2.1022,9.9252,158.88
2023-02-12T17:28:10.111911+00:00,-3.78799,94.3477,Indian Ocean,2.1884,9.3573,181.43
2024-03-20T19:45:37.466747+00:00,3.52843,78.29653,Indian Ocean,1.6694,5.9895,149.32
2024-09-26T14:58:31.193171+00:00,7.38934,62.3209,Arabian Sea,1.9658,10.0645,280.24
2024-06-05T11:23:02.477510+00:00,21.22658,78.77883,Bay of Bengal,1.9252,9.127,229.61
2023-07-25T03:12:18.089040+00:00,19.62013,69.70248,Arabian Sea,1.5677,7.638,202.99
2024-12-05T01:38:56.830517+00:00,15.89513,89.70873,Bay of Bengal,2.278,9.5587,212.54
2025-09-03T05:50:02.619397+00:00,-3.8194,76.96595,Indian Ocean,2.1299,9.6911,297.83
2023-12-18T02:47:53.034238+00:00,16.38594,93.67722,Bay of Bengal,1.4298,9.1057,178.44
2025-01-23T04:00:56.138001+00:00,19.04988,74.68211,Arabian Sea,2.0895,9.3264,240.36
2024-01-06T04:10:15.469486+00:00,3.03951,81.6787,Indian Ocean,1.5401,7.7677,181.2
2025-01-27T15:14:31.329382+00:00,14.31609,92.25768,Bay of Bengal,2.0366,8.5771,142.36
2023-06-20T21:12:02.470968+00:00,0.69117,61.58193,Indian Ocean,1.4914,8.8495,176.8
2025-07-24T11:41:09.023114+00:00,11.26566,96.51773,Bay of Bengal,1.4826,7.2505,278.98
2024-02-19T04:13:25.945300+00:00,7.26961,62.7935,Arabian Sea,2.1169,8.6385,217.83
2025-11-30T01:55:51.411475+00:00,7.93329,79.01107,Bay of Bengal,1.5735,7.1006,233.67
2025-05-17T05:08:02.754453+00:00,23.34574,76.368,Arabian Sea,2.1155,9.7547,188.35
2024-04-12T23:08:17.464233+00:00,12.61052,89.2636,Bay of Bengal,2.7276,8.177,180.59
2024-04-04T05:59:40.085230+00:00,17.50082,72.36756,Arabian Sea,2.6343,9.5896,190.41
2024-04-08T03:22:53.748368+00:00,5.36236,89.04995,Bay of Bengal,2.2909,8.6073,176.33
2023-10-20T23:55:09.897518+00:00,3.36914,71.0954,Indian Ocean,2.0189,9.3748,303.5
2023-06-17T08:13:51.325655+00:00,15.42984,78.71785,Bay of Bengal,1.4406,7.812,209.06
2024-04-29T18:31:20.108176+00:00,9.63317,96.34638,Bay of Bengal,2.2447,9.4919,167.49
2025-12-26T10:57:44.619067+00:00,5.80584,91.22005,Bay of Bengal,1.8868,7.4216,189.9
2025-07-29T05:36:57.237700+00:00,15.30486,83.51858,Bay of Bengal,2.1264,7.7541,244.24
2025-10-07T06:52:22.823670+00:00,2.49689,62.46953,Indian Ocean,2.3132,7.8926,264.51
2023-01-07T09:42:35.119841+00:00,-3.064,70.53924,Indian Ocean,1.5373,8.6282,228.96
2023-02-15T19:51:07.737191+00:00,22.74697,97.52964,Indian Ocean,1.5985,7.8864,166.01
2025-06-02T23:21:10.001788+00:00,-2.23092,95.8981,Indian Ocean,1.2226,5.9621,256.46
2024-06-30T01:32:17.621102+00:00,5.71274,68.95372,Arabian Sea,2.0212,9.7802,212.29
2023-04-18T11:20:56.792176+00:00,1.483,64.15666,Indian Ocean,2.1188,9.2004,201.9
2024-06-06T23:58:17.419571+00:00,8.95362,62.9693,Arabian Sea,2.5627,9.6779,167.96
2024-10-16T13:48:44.157651+00:00,-4.50219,68.17948,Indian Ocean,2.1077,9.3212,273.78
2024-03-25T12:34:13.752443+00:00,4.68128,72.40084,Indian Ocean,2.4002,8.6521,168.03
2023-01-20T18:37:22.677856+00:00,23.85,63.90716,Arabian Sea,1.7091,7.2739,213.2
2025-09-10T08:24:03.321622+00:00,7.27694,70.85951,Arabian Sea,2.6136,8.777,283.22
2023-02-14T13:44:05.470887+00:00,7.58518,69.89339,Arabian Sea,2.5909,9.8898,219.95
2025-09-22T07:21:22.921732+00:00,3.17224,69.6122,Indian Ocean,2.3834,9.4968,280.19
2024-09-21T15:00:08.290998+00:00,21.33258,90.69121,Bay of Bengal,2.6767,9.4954,266.74
2023-05-16T07:01:51.343103+00:00,15.3197,96.20377,Bay of Bengal,2.1112,7.7701,207.25
2025-05-31T18:40:06.983078+00:00,-0.29438,95.75962,Andaman Sea,1.623,8.757,240.38
2023-09-01T23:59:02.978635+00:00,18.49147,86.71247,Bay of Bengal,2.1038,10.1166,296.78
2025-08-04T13:06:13.606138+00:00,21.83767,65.81452,Arabian Sea,2.0692,8.789,240.6
2023-08-27T21:40:31.816242+00:00,9.90774,87.91516,Bay of Bengal,2.357,9.1642,268.8
2023-10-22T00:22:07.345751+00:00,14.66138,84.80907,Bay of Bengal,2.4251,10.7952,280.25
2024-01-06T20:51:38.388579+00:00,1.3636,81.3694,Indian Ocean,1.5635,6.8012,185.66
2025-01-05T08:39:17.769399+00:00,6.63869,82.30646,Bay of Bengal,1.3084,7.614,220.6
2024-09-23T14:05:09.934094+00:00,10.61089,76.66782,Arabian Sea,2.4572,10.1862,270.13
2025-09-08T14:12:04.006620+00:00,9.59718,74.41749,Arabian Sea,1.7461,8.3185,235.51
2024-05-10T07:40:14.999140+00:00,4.69861,69.02018,Indian Ocean,1.1892,8.1,156.36
2023-05-12T05:47:37.630709+00:00,14.02361,80.06875,Bay of Bengal,2.145,8.9652,170.56
2024-08-23T20:38:11.910381+00:00,13.40814,82.57916,Bay of Bengal,2.6426,9.0742,278.37
2023-08-20T17:04:03.100550+00:00,19.95228,74.95242,Arabian Sea,2.0894,9.2833,262.52
2025-06-25T17:38:32.570711+00:00,-4.49079,67.55354,Indian Ocean,1.6221,9.4988,165.9
2025-01-07T19:16:28.279093+00:00,14.50121,71.15983,Arabian Sea,1.3652,9.4181,224.07
2025-09-02T21:23:13.099539+00:00,7.72723,70.64183,Arabian Sea,3.0228,9.2513,264.91
2023-07-06T18:32:46.678355+00:00,2.44009,85.32391,Indian Ocean,1.4361,6.9501,240.38
2024-09-14T17:39:01.553674+00:00,-1.64194,62.64514,Indian Ocean,2.1256,9.8548,251.74
2024-10-23T01:34:55.765354+00:00,23.54698,99.8497,Indian Ocean,2.3201,10.0805,207.58
2023-03-19T22:28:29.414483+00:00,-4.08055,76.01565,Indian Ocean,2.2798,8.2443,150.56
2024-04-02T04:56:47.636905+00:00,21.64046,60.62056,Arabian Sea,2.5997,10.1737,146.48
2025-02-08T12:15:42.526124+00:00,-2.25378,61.46564,Indian Ocean,1.775,7.3476,207.85
2024-02-13T08:09:34.222777+00:00,21.67813,63.97649,Arabian Sea,2.0741,9.5527,183.59
2024-08-12T00:14:19.625333+00:00,4.00294,73.15403,Indian Ocean,1.8305,8.1845,229.63
2024-01-27T15:36:08.812087+00:00,16.9423,87.75196,Bay of Bengal,2.0648,8.7632,178.81
2025-07-04T09:06:57.369496+00:00,13.61144,74.89303,Arabian Sea,1.9933,8.8154,237.77
2025-06-08T06:36:49.112322+00:00,5.48261,74.91218,Arabian Sea,2.3989,8.4643,195.48
2023-08-16T23:10:58.388796+00:00,23.04632,76.2238,Arabian Sea,2.4257,8.271,276.93
2023-05-23T04:39:45.664958+00:00,12.29488,65.1715,Arabian Sea,1.5544,7.9541,157.48
2023-05-18T00:23:15.515348+00:00,8.81531,87.98129,Bay of Bengal,1.4329,8.5986,186.44
2023-09-26T10:45:07.620593+00:00,0.97414,87.04637,Indian Ocean,1.9308,9.4345,307.18
2024-10-15T11:54:58.767747+00:00,3.98254,99.24004,Andaman Sea,1.8354,8.7418,219.02
2025-10-26T15:04:12.207817+00:00,-4.46808,91.65471,Indian Ocean,2.1278,8.4706,234.55
2023-03-17T11:49:27.664955+00:00,-4.90203,65.30621,Indian Ocean,1.848,7.8538,162.6
2024-09-12T16:19:13.908314+00:00,0.03114,87.2574,Indian Ocean,2.1552,8.771,247.26
2025-03-08T09:10:04.909379+00:00,21.51599,90.03125,Bay of Bengal,2.4136,9.8841,166.25
2023-11-03T06:36:03.398512+00:00,7.28666,72.05301,Arabian Sea,2.3216,9.0922,247.95
2025-11-12T09:55:35.661995+00:00,12.33582,86.1709,Bay of Bengal,2.3309,8.0999,220.63
2023-03-25T19:22:19.130846+00:00,-2.15781,79.81486,Indian Ocean,2.6453,8.4716,149.4
2025-07-31T11:26:17.083967+00:00,4.10437,88.55478,Indian Ocean,1.913,7.8865,306.94
2023-10-10T06:36:07.262363+00:00,0.15111,70.39175,Indian Ocean,2.2984,9.0294,252.76
2023-08-18T08:16:41.474478+00:00,4.51009,96.74124,Andaman Sea,2.058,8.5843,299.19
2023-02-07T22:17:39.723293+00:00,4.61015,87.58028,Indian Ocean,1.6595,8.1239,168.47
2024-03-02T14:58:47.279087+00:00,1.26686,68.30087,Indian Ocean,2.2144,8.2283,163.46
2024-09-06T07:37:21.428819+00:00,14.60522,61.62074,Arabian Sea,2.1015,9.6814,246.29
2024-09-30T23:59:57.596667+00:00,20.82476,61.22618,Arabian Sea,2.5049,8.8497,268.1
2025-01-02T08:15:13.165385+00:00,9.23633,94.30309,Bay of Bengal,1.7169,7.9741,150.93
2024-01-30T20:11:04.009758+00:00,19.31739,87.47954,Bay of Bengal,1.4734,8.2946,201.16
2024-03-14T03:45:32.915155+00:00,0.21807,62.05107,Indian Ocean,1.9901,9.6051,172.58
2025-05-19T12:14:22.778335+00:00,1.64561,65.64518,Indian Ocean,2.0968,8.3587,174.32
2024-08-19T06:56:29.182575+00:00,5.0898,70.02947,Arabian Sea,2.1799,8.7001,252.73
2024-01-31T08:31:59.255690+00:00,17.23681,71.33717,Arabian Sea,2.2217,8.8673,208.57
2024-01-21T14:18:49.642032+00:00,17.25211,90.85899,Bay of Bengal,1.8293,9.8188,193.88
2023-04-04T11:42:13.815165+00:00,1.71422,94.39892,Andaman Sea,2.1757,9.1415,155.09
2023-07-06T05:39:01.408406+00:00,-4.20489,79.86487,Indian Ocean,1.219,8.5042,222.2
2023-06-05T12:07:13.756895+00:00,20.43981,88.54523,Bay of Bengal,1.771,8.209,215.29
2024-06-10T04:19:29.997792+00:00,13.27175,65.55046,Arabian Sea,2.0018,8.9883,163.46
2023-09-26T02:04:46.101054+00:00,21.33137,66.00788,Arabian Sea,1.8402,7.9878,280.85
2025-10-01T02:38:57.090149+00:00,7.00333,71.87946,Arabian Sea,1.7187,10.1472,274.05
2023-02-05T18:59:18.633084+00:00,16.10132,96.0126,Bay of Bengal,2.1261,8.2816,180.64
2024-01-08T20:13:17.012556+00:00,1.56282,74.27957,Indian Ocean,1.6053,8.3923,226.82
2023-04-30T11:57:29.453861+00:00,10.07042,90.81109,Bay of Bengal,2.1783,8.6068,203.41
2025-02-19T12:20:31.743671+00:00,3.008,93.44837,Andaman Sea,2.2917,8.34,172.74
2024-12-03T08:38:18.042599+00:00,10.88364,63.87645,Arabian Sea,2.5495,8.5294,297.67
2024-02-11T14:36:08.365827+00:00,6.1548,72.39359,Arabian Sea,1.9344,9.9536,183.31
2023-02-13T20:03:25.293577+00:00,-1.00748,66.38127,Indian Ocean,2.0926,9.6069,232.87
2025-06-03T22:38:55.118411+00:00,20.01451,62.80064,Arabian Sea,1.9548,9.1253,178.35
2025-06-23T00:12:52.371595+00:00,7.31123,97.83635,Bay of Bengal,1.306,9.0338,245.16
2023-09-27T10:07:17.280864+00:00,17.0722,69.9825,Arabian Sea,2.2022,9.0495,262.53
2025-10-04T02:52:21.468184+00:00,9.18165,98.25491,Bay of Bengal,2.4416,8.261,244.74
2025-04-01T21:08:16.758935+00:00,21.95277,96.29588,Bay of Bengal,2.5675,10.3193,176.38
2025-10-25T17:23:03.699609+00:00,13.14795,67.17855,Arabian Sea,2.1355,9.2881,285.17
2023-01-07T05:03:38.507099+00:00,21.22621,92.80172,Bay of Bengal,1.7538,10.0836,197.66
2023-02-12T19:35:22.624068+00:00,2.28909,97.78735,Andaman Sea,1.6372,8.4915,155.74
2023-07-05T21:07:01.681525+00:00,-2.91879,77.0696,Indian Ocean,0.9915,8.6707,223.69
2025-09-20T17:21:49.120275+00:00,21.56979,91.28214,Bay of Bengal,2.4868,8.4597,281.68
2025-07-07T03:38:03.185634+00:00,14.4466,62.24869,Arabian Sea,1.9569,8.5976,196.21
2025-04-14T15:02:05.334160+00:00,20.17303,84.96363,Bay of Bengal,2.2553,8.6135,147.85
2024-02-15T07:01:01.776437+00:00,14.13755,74.71257,Arabian Sea,2.2947,9.3094,198.77
2023-12-13T13:25:26.516436+00:00,18.07154,70.6011,Arabian Sea,1.8492,9.4893,267.83
2024-04-08T23:15:57.116243+00:00,14.43342,93.25812,Bay of Bengal,2.1119,8.8936,178.29
2025-02-08T19:10:47.615866+00:00,8.32554,65.72133,Arabian Sea,1.8851,10.4715,156.2
2024-10-30T11:56:41.714896+00:00,-4.25222,74.96544,Indian Ocean,1.8867,8.8296,244.58
2023-07-03T10:38:37.342436+00:00,17.85053,79.96962,Bay of Bengal,1.2506,8.5289,214.29
2023-04-26T07:04:03.342239+00:00,5.5473,66.03852,Arabian Sea,2.0074,8.1382,166.33
2025-08-13T13:54:02.820279+00:00,22.33857,99.48584,Indian Ocean,2.4143,8.0823,256.06
2023-02-17T07:35:58.668564+00:00,15.00158,65.77062,Arabian Sea,2.7091,10.7471,208.28
2023-07-31T23:45:22.537544+00:00,7.5273,78.90124,Bay of Bengal,2.0143,9.6503,244.81
2025-01-11T05:24:01.654365+00:00,-1.81888,85.94605,Indian Ocean,1.7023,8.6204,223.59
2023-12-02T11:31:30.333463+00:00,-1.05223,98.91873,Andaman Sea,1.9102,8.4859,227.91
2025-05-15T19:45:55.579115+00:00,22.80055,78.64227,Indian Ocean,1.5745,8.1886,186.36
2023-01-30T10:30:18.836400+00:00,15.64864,63.05459,Arabian Sea,1.9274,8.4396,210.42
2023-02-14T04:55:19.769211+00:00,21.04469,72.66627,Arabian Sea,2.2249,8.0933,181.74
2024-06-23T14:41:48.510068+00:00,5.64041,61.43608,Arabian Sea,1.4836,7.4356,200.62
2024-12-14T03:12:19.265902+00:00,23.37831,90.05772,Indian Ocean,1.6502,7.269,209.19
2025-12-31T17:21:31.563779+00:00,13.40154,79.67312,Bay of Bengal,1.3312,7.5252,182.64
2025-02-13T06:10:34.685883+00:00,-0.53203,99.8065,Andaman Sea,1.7888,8.5658,167.1
2023-06-05T04:00:33.980760+00:00,23.86493,68.98649,Arabian Sea,2.1731,8.502,168.36
2024-10-21T09:51:22.101386+00:00,21.45779,85.38095,Bay of Bengal,2.5708,9.8739,247.0
2023-05-15T19:57:42.996966+00:00,2.3516,98.23877,Andaman Sea,1.6437,8.4305,219.95
2024-02-14T09:12:07.069173+00:00,17.22622,61.75013,Arabian Sea,2.0588,9.2959,243.25
2025-02-06T14:25:45.162682+00:00,6.04925,74.56492,Arabian Sea,1.7579,7.8151,191.55
2023-01-28T15:17:55.987306+00:00,7.97312,98.0323,Bay of Bengal,2.3535,8.9393,181.47
2023-12-01T03:13:43.519989+00:00,20.31194,78.89271,Bay of Bengal,1.9963,8.2146,244.24
2024-10-22T23:19:12.155617+00:00,16.97835,83.67813,Bay of Bengal,2.4646,9.3881,285.39
2023-09-17T09:15:36.281097+00:00,-4.1048,81.06952,Indian Ocean,2.7779,10.3564,283.87
2023-04-24T23:30:22.705324+00:00,23.70165,92.49881,Indian Ocean,1.6522,8.2897,220.62
2024-10-20T23:52:16.895869+00:00,6.81892,97.88488,Bay of Bengal,2.023,8.4023,224.06
2023-12-21T14:38:40.600730+00:00,4.70016,73.86837,Indian Ocean,0.9785,7.3225,200.96
2025-05-26T19:15:45.362802+00:00,-4.90426,60.49024,Indian Ocean,1.6152,9.5791,184.72
2023-10-19T11:30:23.954414+00:00,7.59948,97.80819,Bay of Bengal,2.1465,8.987,238.13
2023-08-22T13:03:05.145496+00:00,5.50046,66.79335,Arabian Sea,2.3856,9.0788,233.62
2024-04-08T11:51:17.194187+00:00,5.65304,68.3193,Arabian Sea,2.2878,8.5379,154.27
2023-12-11T07:10:32.895889+00:00,7.61622,94.12547,Bay of Bengal,2.1307,9.8375,169.04
2025-08-20T05:45:59.120679+00:00,4.74036,86.61312,Indian Ocean,1.8242,7.2527,275.47
2025-09-30T09:09:21.958186+00:00,21.95977,72.55149,Arabian Sea,2.3893,9.4375,276.18
2024-12-07T04:37:26.870628+00:00,-2.04936,66.06252,Indian Ocean,1.8916,8.7065,234.29
2023-01-13T20:04:00.080983+00:00,-3.08644,93.2408,Indian Ocean,1.8451,7.3751,146.47
2025-07-27T13:41:48.040662+00:00,23.89479,63.50718,Arabian Sea,1.4215,8.9072,201.07
2025-11-07T14:04:39.875562+00:00,19.28458,86.74412,Bay of Bengal,2.0,9.8708,213.63
2024-01-26T19:41:07.487072+00:00,-4.19056,71.01666,Indian Ocean,1.159,7.3302,183.36
2025-04-27T09:54:24.734440+00:00,6.66067,98.35562,Bay of Bengal,1.9294,10.6326,213.46
2023-01-14T16:26:25.689498+00:00,4.58068,65.17356,Indian Ocean,1.4534,9.5344,264.59
2025-06-01T22:30:15.745816+00:00,10.12885,90.23696,Bay of Bengal,1.736,8.3586,189.13
2023-12-13T19:54:22.438722+00:00,16.88129,71.14704,Arabian Sea,2.0194,10.0518,203.7
2025-03-01T19:49:08.035719+00:00,14.48573,76.99522,Arabian Sea,2.4624,9.1014,147.25
2025-04-19T19:16:02.184288+00:00,6.16663,70.19265,Arabian Sea,2.4792,9.9256,153.87
2024-07-11T18:48:58.711244+00:00,-1.16745,67.80868,Indian Ocean,1.2444,8.1413,231.66
2024-07-17T23:53:30.580006+00:00,10.33771,70.20503,Arabian Sea,1.7554,7.2891,218.23
2025-01-14T22:58:41.475470+00:00,1.75054,96.1751,Andaman Sea,1.7402,7.8011,155.85
2025-07-25T16:56:08.620800+00:00,11.39362,96.49447,Bay of Bengal,1.5247,8.1586,251.85
2024-05-01T15:01:30.956799+00:00,9.36519,94.32621,Bay of Bengal,1.8819,8.6576,191.23
2024-04-05T17:52:53.518067+00:00,1.3237,78.92442,Indian Ocean,2.2898,9.7865,148.96
2025-12-03T21:11:54.651940+00:00,-4.39172,73.62957,Indian Ocean,2.2596,9.8457,283.12
2023-11-03T13:54:00.664869+00:00,-1.77469,92.01323,Andaman Sea,2.6118,9.5395,239.44
2025-05-24T11:55:56.821297+00:00,7.52576,69.30831,Arabian Sea,2.3805,10.112,168.88
2025-10-17T16:41:21.572298+00:00,3.63973,97.5646,Andaman Sea,1.903,9.4461,232.81
2025-03-17T08:52:55.417995+00:00,21.55379,80.54727,Bay of Bengal,2.2482,10.2749,183.57
2023-12-13T05:34:29.078490+00:00,-3.95969,81.95232,Indian Ocean,2.075,8.2934,230.55
2025-09-28T08:36:59.142022+00:00,22.80359,82.89811,Indian Ocean,2.1793,8.4406,280.74
2023-08-22T01:33:20.805835+00:00,22.34457,93.82719,Indian Ocean,1.6032,8.5531,289.74
2024-06-13T06:48:35.381659+00:00,11.89109,91.29564,Bay of Bengal,1.5056,7.221,233.54
2024-10-26T10:59:15.988117+00:00,23.70166,76.42501,Arabian Sea,1.9151,8.7566,246.16
2023-06-03T12:40:28.784451+00:00,14.60649,92.06932,Bay of Bengal,1.9066,9.6078,182.27
2023-08-01T04:50:14.457081+00:00,14.29918,71.10407,Arabian Sea,2.1461,9.6607,232.36
2025-07-21T21:47:06.750127+00:00,14.19794,71.19528,Arabian Sea,1.7162,7.563,198.12
2023-12-23T10:25:36.037914+00:00,3.88491,78.54091,Indian Ocean,1.8843,8.0418,251.58
2023-12-10T05:17:59.411664+00:00,8.71346,93.45556,Bay of Bengal,1.9105,9.8893,201.78
2024-10-03T15:11:52.380876+00:00,17.88146,60.44417,Arabian Sea,2.3698,8.2716,266.49
2023-02-13T23:59:47.809770+00:00,-0.57045,86.64188,Indian Ocean,1.303,9.1921,171.68
2024-04-14T04:43:04.200559+00:00,22.09339,74.67192,Arabian Sea,1.9987,8.1462,168.77
2024-05-10T08:15:21.929056+00:00,16.47582,79.90954,Bay of Bengal,2.1349,10.3729,184.27
2025-11-28T07:53:37.903132+00:00,20.0904,98.48103,Bay of Bengal,2.4916,8.6246,180.68
2025-03-23T00:02:23.136829+00:00,13.35317,90.27213,Bay of Bengal,1.7668,9.5075,169.64
2024-09-05T04:38:40.072129+00:00,-0.74909,74.21603,Indian Ocean,2.09,8.4067,292.13
2025-09-26T16:32:27.358824+00:00,11.50155,69.80519,Arabian Sea,2.4046,10.6584,267.46
2023-03-15T20:38:25.093305+00:00,18.79613,60.93924,Arabian Sea,2.0804,9.7629,165.6
2025-12-23T00:16:15.429795+00:00,17.66453,64.88544,Arabian Sea,1.6838,9.0972,250.62
2023-04-14T22:55:38.315023+00:00,3.57356,73.3281,Indian Ocean,2.2172,8.8832,156.52
2023-05-10T00:27:56.682701+00:00,1.09157,82.45234,Indian Ocean,1.7806,7.4979,185.2
2025-03-24T08:42:53.033350+00:00,22.67682,75.53236,Arabian Sea,2.1264,8.1631,148.84
2023-10-03T00:37:24.572155+00:00,20.88643,80.38762,Bay of Bengal,2.5211,10.3572,269.36
2025-02-21T10:28:27.864732+00:00,9.45144,66.7285,Arabian Sea,2.3153,8.7795,179.57
2023-07-14T15:18:27.547194+00:00,-3.33516,81.32022,Indian Ocean,1.4937,7.7361,243.25
2024-06-07T07:11:11.619793+00:00,8.1513,71.15013,Arabian Sea,1.6628,9.2684,185.71
2023-07-26T03:20:58.717043+00:00,7.79533,73.34373,Arabian Sea,2.1044,8.8622,248.1
2023-07-21T19:14:09.838687+00:00,0.03327,71.43263,Indian Ocean,1.3327,8.5908,264.66
2024-01-26T15:15:10.184522+00:00,7.566,94.53412,Bay of Bengal,1.285,7.8939,194.2
2024-12-09T12:28:49.855942+00:00,-2.42292,83.43745,Indian Ocean,1.1857,6.9191,241.03
2024-11-02T00:16:02.744216+00:00,7.17132,75.74083,Arabian Sea,2.1526,8.0781,240.55
2023-02-11T02:12:07.211726+00:00,-3.93895,82.37492,Indian Ocean,1.4699,7.6612,164.11
2024-08-03T07:42:31.637571+00:00,13.97185,68.30889,Arabian Sea,2.0993,8.192,218.77
2024-07-23T22:04:31.722903+00:00,5.75612,85.00632,Bay of Bengal,1.2279,7.7777,240.52
2023-08-21T05:16:00.427310+00:00,1.46736,84.23895,Indian Ocean,1.9162,7.4949,282.21
2024-11-24T10:14:02.286592+00:00,22.94109,93.2304,Indian Ocean,1.6785,8.9653,209.56
2023-07-04T04:59:09.750563+00:00,-2.24704,65.69381,Indian Ocean,1.3387,7.4829,206.7
2024-10-11T16:30:21.164614+00:00,16.45937,87.98662,Bay of Bengal,2.4529,9.1183,260.44
2024-07-02T17:37:17.898679+00:00,0.12808,60.9481,Indian Ocean,0.9415,9.1032,205.9
2024-04-06T18:08:45.452932+00:00,13.09099,90.91188,Bay of Bengal,2.2868,9.254,177.05
2023-06-10T23:31:57.687004+00:00,21.33703,76.52781,Arabian Sea,2.1905,9.2327,171.2
2024-06-16T18:50:34.791426+00:00,10.71504,81.22153,Bay of Bengal,2.2155,9.3743,185.78
2025-09-07T10:28:43.845754+00:00,15.07672,73.65218,Arabian Sea,2.3345,10.0028,266.1
2025-02-04T16:24:29.384286+00:00,11.69524,64.6341,Arabian Sea,1.869,9.0474,212.13
2024-12-29T14:27:25.007405+00:00,23.00967,71.64004,Arabian Sea,1.504,8.1442,237.68
2024-03-29T18:03:53.436964+00:00,0.67899,82.71219,Indian Ocean,2.5212,9.5015,145.7
2025-08-15T16:56:29.542725+00:00,2.09619,82.35762,Indian Ocean,1.4924,9.3004,270.27
2025-11-09T23:02:45.499850+00:00,2.31944,82.28913,Indian Ocean,1.5637,8.8659,259.75
2025-10-07T08:13:02.465073+00:00,21.10815,80.25831,Bay of Bengal,2.3667,8.596,291.03
2023-10-16T05:32:15.981700+00:00,16.7844,74.46815,Arabian Sea,1.8442,9.2595,274.93
2024-10-21T07:11:06.565455+00:00,-1.75678,91.26117,Andaman Sea,1.8492,8.6143,265.43
2023-11-21T06:57:21.778014+00:00,15.76517,91.61724,Bay of Bengal,1.9908,8.9121,238.05
2025-09-24T08:11:57.579972+00:00,0.61256,82.58704,Indian Ocean,2.2109,8.6871,264.82
2025-07-15T02:58:35.589445+00:00,-2.78791,77.07208,Indian Ocean,1.0286,7.5791,202.55
2023-10-18T16:29:17.200691+00:00,17.45373,85.14836,Bay of Bengal,2.2872,8.4127,271.12
2025-05-28T17:39:51.045616+00:00,21.15409,68.50607,Arabian Sea,2.4373,8.2213,209.65
2025-04-09T15:30:41.821750+00:00,21.7826,76.8059,Arabian Sea,2.4279,8.6031,180.76
2025-04-05T04:58:55.948960+00:00,3.2481,99.36665,Andaman Sea,2.2037,8.6029,202.14
2025-10-03T08:02:58.495192+00:00,4.32315,64.07254,Indian Ocean,2.032,8.6285,289.79
2025-02-10T20:15:05.231906+00:00,13.68523,85.4264,Bay of Bengal,2.2945,8.434,193.27
2023-09-21T13:32:32.915446+00:00,20.77989,70.34871,Arabian Sea,1.9206,8.19,271.46
2025-07-11T01:36:24.512947+00:00,2.69299,68.94487,Indian Ocean,0.7784,6.4069,198.89
2025-08-10T23:02:39.197760+00:00,11.70374,69.82331,Arabian Sea,2.1155,10.3113,234.9
2023-09-27T04:49:38.912773+00:00,3.04201,85.91442,Indian Ocean,2.3791,10.6512,280.43
2024-10-13T03:20:22.361748+00:00,-0.04857,94.57315,Andaman Sea,2.1995,7.761,262.08
2025-08-29T13:36:11.858222+00:00,4.27444,62.95903,Indian Ocean,1.7084,8.3097,239.58
2024-03-28T20:06:42.633832+00:00,10.16356,67.93039,Arabian Sea,2.0001,9.7976,171.45
2023-09-17T07:38:30.053297+00:00,12.31452,94.47541,Bay of Bengal,2.2655,9.8038,292.45
2023-10-31T03:07:37.265249+00:00,17.80292,84.9991,Bay of Bengal,2.6159,8.4914,261.63
2024-06-03T05:37:34.653142+00:00,16.20362,82.66636,Bay of Bengal,1.4124,8.561,202.38
2024-04-20T12:13:25.396579+00:00,7.38697,89.37568,Bay of Bengal,1.9771,8.5398,183.22
2024-07-14T16:23:44.625391+00:00,7.97658,99.33185,Bay of Bengal,1.5933,8.8818,273.96
2025-04-27T21:01:07.816387+00:00,-3.71186,82.62085,Indian Ocean,2.5173,9.9735,148.79
2025-10-12T20:01:05.615939+00:00,13.74448,96.61971,Bay of Bengal,2.3391,8.1991,277.15
2023-08-31T00:06:46.028323+00:00,23.43809,84.46513,Indian Ocean,1.9389,9.347,271.23
2024-06-24T18:11:47.014899+00:00,8.02709,78.30205,Bay of Bengal,1.5877,7.8032,227.61
2025-12-22T10:35:15.828829+00:00,3.5123,64.21417,Indian Ocean,0.9592,7.3935,265.92
2024-03-01T09:39:47.982406+00:00,13.2283,85.22382,Bay of Bengal,1.6483,7.8034,156.82
2025-06-21T06:27:01.572179+00:00,8.62206,67.69473,Arabian Sea,1.8131,8.2803,162.99
2025-02-04T00:18:09.325106+00:00,21.42439,93.02689,Bay of Bengal,2.1421,9.0191,184.47
2024-10-16T04:52:39.407670+00:00,10.16154,84.56035,Bay of Bengal,2.3083,7.8571,274.92
2024-10-04T01:15:17.981998+00:00,7.18449,65.29535,Arabian Sea,2.505,8.4176,270.83
2023-06-22T08:55:30.725606+00:00,-0.61132,85.89957,Indian Ocean,0.997,6.6481,240.78
2023-04-16T00:09:54.240803+00:00,0.26176,62.15698,Indian Ocean,2.1256,10.5013,159.01
2024-04-15T04:45:54.541356+00:00,-1.47767,92.43541,Andaman Sea,2.0631,9.2424,162.0
2025-03-21T06:14:10.217577+00:00,21.78849,64.29706,Arabian Sea,2.6514,7.6954,176.2
2023-03-16T07:39:02.247701+00:00,22.62276,96.32972,Indian Ocean,2.0199,8.7864,142.97
2023-02-06T05:30:35.807308+00:00,20.88538,89.91344,Bay of Bengal,1.9008,9.39,157.05
2023-07-21T15:04:40.310979+00:00,15.71686,60.00398,Arabian Sea,1.9427,7.9079,185.29
2023-12-04T06:21:22.927159+00:00,21.74484,78.33592,Bay of Bengal,1.7076,7.9003,250.99
2025-06-01T06:02:18.887342+00:00,7.8867,63.5594,Arabian Sea,1.9678,7.4287,191.28
2024-11-25T22:54:57.596059+00:00,9.48681,99.1941,Bay of Bengal,1.8133,8.6324,201.94
2025-08-03T06:23:13.788072+00:00,6.10833,87.33667,Bay of Bengal,1.7606,8.9579,286.72
2023-05-02T02:20:17.006912+00:00,8.29548,90.5159,Bay of Bengal,2.1358,8.1913,178.26
2024-12-02T23:42:57.511678+00:00,19.54859,73.28123,Arabian Sea,1.8147,7.3204,235.47
2025-03-23T00:50:33.587564+00:00,18.09087,68.80533,Arabian Sea,2.2174,9.7313,195.01
2025-08-07T10:32:56.428347+00:00,4.79915,71.19842,Indian Ocean,1.1741,8.0877,245.67
2023-12-19T16:11:00.111927+00:00,4.76523,65.35137,Indian Ocean,1.1648,7.3655,269.9
2024-08-15T09:51:04.450175+00:00,20.28985,89.26,Bay of Bengal,2.1712,7.4085,269.0
2024-07-13T17:31:25.368737+00:00,3.82928,98.65493,Andaman Sea,1.4652,7.4028,256.63
2024-02-10T14:28:13.030968+00:00,18.83731,80.80836,Bay of Bengal,2.0446,9.2604,197.45
2024-12-25T03:26:47.561592+00:00,1.40037,79.91594,Indian Ocean,1.5764,7.9388,253.05
2024-12-28T12:06:58.890227+00:00,21.07678,90.90707,Bay of Bengal,1.6807,8.8073,206.0
2023-01-07T04:41:52.590598+00:00,-1.65176,62.27468,Indian Ocean,0.8263,6.5038,268.41
2024-08-01T01:21:30.585460+00:00,6.34453,60.93757,Arabian Sea,2.2621,7.6504,225.09
2025-07-05T23:17:40.153338+00:00,10.63274,88.7104,Bay of Bengal,1.5466,7.645,244.51
2025-01-10T13:01:46.352312+00:00,1.00258,60.24763,Indian Ocean,1.2336,7.5345,238.84
2024-08-10T02:00:13.757944+00:00,0.17249,71.05572,Indian Ocean,1.5388,8.3213,272.58
2025-07-16T21:56:23.917393+00:00,-0.73657,87.38111,Indian Ocean,1.9748,10.0856,267.46
2025-08-28T16:30:05.860092+00:00,12.6688,88.03002,Bay of Bengal,2.3401,9.2388,269.23
2024-12-02T10:50:12.681589+00:00,22.98471,72.5096,Arabian Sea,2.0276,8.0413,214.55
2024-01-11T17:47:19.950407+00:00,12.76548,76.66261,Arabian Sea,1.6618,8.7644,231.0
2024-03-04T23:39:01.502630+00:00,16.16848,78.46645,Bay of Bengal,1.5646,8.2875,173.72
2023-11-11T01:57:28.897572+00:00,5.14116,71.15153,Arabian Sea,2.2248,8.5997,271.02
2024-01-04T04:16:23.093187+00:00,5.76263,92.96979,Bay of Bengal,1.2485,8.2399,190.21
2024-01-26T11:07:36.723770+00:00,7.60808,89.07018,Bay of Bengal,1.3478,8.9182,163.51
2023-03-21T19:09:44.437374+00:00,2.0345,99.04383,Andaman Sea,2.264,7.6218,185.36
2023-11-23T17:35:36.794530+00:00,20.69514,61.11831,Arabian Sea,2.0528,8.0609,284.8
2024-06-06T00:38:45.388231+00:00,9.52612,67.16979,Arabian Sea,1.9801,9.6552,168.53
2024-01-29T08:44:23.363330+00:00,5.17133,67.93802,Arabian Sea,2.1776,9.0039,209.07
2025-05-20T14:44:43.171954+00:00,11.33461,96.55687,Bay of Bengal,1.9545,8.0793,221.43
2024-08-20T14:45:23.729546+00:00,3.49089,82.39555,Indian Ocean,1.438,8.4726,273.42
2024-12-01T09:18:46.733227+00:00,23.8542,81.20396,Indian Ocean,1.9019,10.3524,231.45
2023-10-07T04:26:13.860842+00:00,18.72455,76.98869,Arabian Sea,2.6094,8.245,272.04
2024-05-19T18:31:50.471537+00:00,-2.26763,91.46781,Indian Ocean,1.9969,9.1278,200.16
2025-01-09T20:57:32.741448+00:00,5.30461,88.95076,Bay of Bengal,1.8579,8.3595,167.86
2023-11-27T02:35:54.082177+00:00,11.57159,70.128,Arabian Sea,2.2227,8.8702,258.31
2023-05-13T13:25:53.753608+00:00,13.69759,94.5103,Bay of Bengal,1.8727,6.7969,206.03
2025-12-08T04:10:55.593538+00:00,18.59885,81.95218,Bay of Bengal,1.6834,8.0239,215.04
2025-12-16T22:36:21.218816+00:00,6.49642,78.23174,Bay of Bengal,1.4001,7.5678,232.49
2024-03-22T09:49:06.751404+00:00,-1.77271,99.81957,Andaman Sea,2.0808,9.7596,178.28
2024-02-02T09:50:48.904490+00:00,8.82953,68.17356,Arabian Sea,1.8114,6.9084,228.75
2025-02-09T05:06:16.074942+00:00,11.67757,84.14302,Bay of Bengal,1.8183,7.2724,153.14
2025-12-15T15:50:13.709899+00:00,-1.87197,63.12422,Indian Ocean,0.9068,8.1223,254.81
2025-09-15T07:35:05.790843+00:00,14.06079,79.54333,Bay of Bengal,1.9749,8.3809,229.99
2025-01-29T08:02:05.693520+00:00,12.41242,89.30887,Bay of Bengal,1.6121,8.0726,200.39
2025-11-05T15:42:25.358542+00:00,11.05434,76.60621,Arabian Sea,2.1638,9.2553,239.71
2024-02-03T01:40:49.173373+00:00,10.96538,85.15477,Bay of Bengal,1.8284,8.8081,178.82
2023-04-21T22:27:19.385780+00:00,17.72599,81.33354,Bay of Bengal,1.9518,8.1801,183.98
2023-11-23T22:56:11.507033+00:00,3.94152,80.86066,Indian Ocean,2.3188,8.4188,256.96
2025-01-16T18:33:26.177531+00:00,13.93063,89.74955,Bay of Bengal,1.558,7.5467,163.04
2025-09-23T01:49:27.061433+00:00,0.23929,68.82354,Indian Ocean,2.5295,9.5307,244.08
2025-07-11T08:01:13.311227+00:00,16.04452,87.92309,Bay of Bengal,1.8935,10.1131,226.55
2023-12-08T23:38:21.216094+00:00,4.10555,71.38989,Indian Ocean,1.4628,8.2248,257.68
2024-10-21T15:14:02.366777+00:00,19.55478,63.54556,Arabian Sea,2.2781,8.3864,289.73
2023-08-04T12:26:26.816194+00:00,0.24915,81.39279,Indian Ocean,1.6274,8.1259,265.65
2025-06-05T11:23:56.590322+00:00,2.04709,93.60736,Andaman Sea,1.1379,7.3435,239.13
2024-07-22T20:28:21.001305+00:00,-0.4129,99.52448,Andaman Sea,1.7544,8.1515,288.5
2024-07-12T22:50:15.273490+00:00,11.76086,73.7446,Arabian Sea,1.8913,8.5902,229.53
2024-02-17T16:47:29.306704+00:00,11.72414,60.455,Arabian Sea,1.712,9.2699,209.12
2025-08-26T10:16:52.151086+00:00,10.29624,84.09553,Bay of Bengal,2.0478,8.6019,265.34
2024-04-05T08:25:08.587935+00:00,21.29164,69.1619,Arabian Sea,2.5713,10.6101,122.09
2024-07-17T11:00:05.578563+00:00,11.71166,84.32176,Bay of Bengal,1.7336,8.8289,239.34
2024-10-27T03:34:31.001004+00:00,-3.45806,61.49424,Indian Ocean,2.0234,8.0198,302.22
2025-03-08T15:12:30.247669+00:00,21.54744,77.90037,Arabian Sea,2.1008,9.8129,150.93
2024-05-18T14:23:35.434923+00:00,12.42924,92.24389,Bay of Bengal,1.8096,9.8808,212.73
2024-06-11T13:32:35.752202+00:00,23.85238,81.09781,Indian Ocean,1.7617,6.9609,244.14
2025-06-19T10:18:06.078120+00:00,14.75763,63.24626,Arabian Sea,1.8851,7.9299,186.14
2024-04-13T05:03:20.052009+00:00,23.22192,79.34396,Indian Ocean,2.547,10.9925,148.21
2025-07-17T18:09:31.145716+00:00,-3.82287,66.10003,Indian Ocean,1.5927,8.955,222.32
2023-01-03T15:59:23.138781+00:00,-0.42523,76.79905,Indian Ocean,1.3713,7.5522,204.74
2024-04-27T12:01:16.003807+00:00,-0.30566,67.36324,Indian Ocean,1.822,7.7173,173.18
2024-08-23T02:32:47.054781+00:00,-0.69358,77.14508,Indian Ocean,1.7297,8.2676,269.24
2024-02-19T00:44:03.029969+00:00,-2.62305,79.04564,Indian Ocean,2.2213,9.5418,147.51
2024-10-02T04:43:53.565055+00:00,12.2109,95.38409,Bay of Bengal,2.1712,8.2791,257.72
2023-06-01T20:30:12.555032+00:00,18.51787,69.25535,Arabian Sea,2.2295,9.3166,187.06
2023-09-02T07:40:21.039938+00:00,7.42445,88.20357,Bay of Bengal,1.5346,8.0424,275.82
2025-03-11T06:57:07.186952+00:00,-0.70374,68.57593,Indian Ocean,2.2573,9.4984,186.42
2024-05-10T10:31:54.311036+00:00,6.93308,97.58923,Bay of Bengal,1.8352,8.005,196.76
2023-09-02T13:09:46.177492+00:00,14.44099,85.04524,Bay of Bengal,1.4926,8.5659,232.65
2023-10-13T21:41:16.770924+00:00,5.15358,64.20959,Arabian Sea,2.0977,10.1673,288.85
2025-03-11T22:48:12.799913+00:00,17.87122,80.70225,Bay of Bengal,2.5938,9.5736,149.46
2023-10-31T11:41:57.936026+00:00,19.32811,90.89248,Bay of Bengal,1.754,7.6282,262.39
2025-04-03T05:29:55.779750+00:00,-2.74977,80.42641,Indian Ocean,2.1045,9.3723,142.25
2024-12-01T02:01:54.461121+00:00,-3.32802,88.6488,Indian Ocean,1.9537,8.5253,218.21
2025-08-10T03:40:54.400960+00:00,1.29138,98.01618,Andaman Sea,1.6421,6.9101,307.55
2023-05-26T14:13:15.328493+00:00,-3.1999,67.63866,Indian Ocean,1.5475,9.3804,185.32
2023-03-05T15:41:21.401637+00:00,15.11694,69.13798,Arabian Sea,1.5658,8.061,176.68
2023-05-30T19:47:11.658231+00:00,6.02004,64.17969,Arabian Sea,2.2477,8.2398,175.19
2023-08-07T04:35:14.204152+00:00,14.12125,77.13211,Arabian Sea,2.3283,9.1527,227.68
2023-09-19T22:31:57.242029+00:00,16.22719,74.7613,Arabian Sea,2.4106,9.9403,264.51
2025-03-17T11:18:03.814484+00:00,-0.61212,66.38704,Indian Ocean,2.1245,9.8104,216.86
2023-09-09T19:42:17.653567+00:00,0.27154,66.61366,Indian Ocean,1.7517,9.4124,282.09
2025-06-18T05:41:18.111175+00:00,7.28109,76.54405,Arabian Sea,1.0921,7.5996,224.52
2024-02-23T19:39:18.948477+00:00,19.59887,65.58245,Arabian Sea,1.9227,9.5109,184.32
2025-06-30T18:11:23.716402+00:00,-3.98904,60.69692,Indian Ocean,1.5167,8.7676,177.8
2024-09-19T03:55:06.367166+00:00,17.38748,99.18009,Bay of Bengal,1.658,7.1935,278.91
2023-05-26T19:23:01.058692+00:00,3.4674,97.96236,Andaman Sea,2.1717,8.5415,204.13
2024-07-22T09:02:13.510616+00:00,2.19709,76.1318,Indian Ocean,1.7901,8.4577,220.2
2023-04-30T04:02:38.210671+00:00,2.38175,60.7192,Indian Ocean,2.1048,10.3161,178.46
2023-05-09T10:26:05.704247+00:00,20.22876,88.86093,Bay of Bengal,1.7406,6.8184,178.64
2025-03-02T11:03:44.548370+00:00,8.75888,82.39288,Bay of Bengal,2.2163,9.4632,179.67
2025-02-20T09:22:24.660083+00:00,0.55108,95.00765,Andaman Sea,2.0258,8.0043,177.72
2023-08-29T11:14:40.472999+00:00,2.76026,72.22062,Indian Ocean,2.0577,8.8198,244.19
2024-07-03T19:45:36.544453+00:00,6.83991,78.69105,Bay of Bengal,1.5076,8.6201,208.71
2023-04-27T10:34:24.064667+00:00,0.00411,60.45376,Indian Ocean,1.9703,8.3956,160.59
2025-04-02T09:13:56.073654+00:00,3.60677,60.40075,Indian Ocean,1.5388,8.8676,176.79
2024-11-28T17:24:56.175115+00:00,4.58065,97.39914,Andaman Sea,1.8308,9.095,181.68
2024-03-25T02:23:54.459432+00:00,8.19299,63.5354,Arabian Sea,2.3748,8.0046,156.76
2023-06-07T06:46:27.204753+00:00,10.03786,90.5038,Bay of Bengal,2.1679,8.7842,238.05
2024-02-14T20:41:24.211260+00:00,23.85194,95.67931,Indian Ocean,2.1016,9.7513,155.49
2024-11-30T17:16:06.858693+00:00,23.52398,67.2124,Arabian Sea,2.3345,10.1152,300.57
2024-05-03T17:28:42.647742+00:00,9.46628,76.08359,Arabian Sea,2.4027,8.3427,193.11
2025-04-23T02:13:27.237371+00:00,-0.43636,74.53721,Indian Ocean,1.9623,8.6128,139.27
2025-12-04T16:26:19.372086+00:00,-1.425,70.50972,Indian Ocean,1.5175,7.7432,279.5
2025-06-03T20:04:01.467812+00:00,23.60271,93.5403,Indian Ocean,1.6422,8.1877,238.03
2025-10-09T09:26:23.126008+00:00,21.27264,74.05308,Arabian Sea,1.4228,8.449,258.85
2023-10-26T03:21:28.790545+00:00,-0.00233,87.06719,Indian Ocean,2.0431,8.0772,259.85
2024-01-13T13:57:52.497475+00:00,5.73973,91.5786,Bay of Bengal,1.3093,8.9045,185.28
2024-03-29T22:16:41.728066+00:00,0.90973,78.69982,Indian Ocean,1.8903,8.4574,182.19
2023-09-17T18:56:49.320025+00:00,5.99873,77.66623,Arabian Sea,1.928,7.9795,253.14
2024-09-22T03:35:06.320120+00:00,23.78275,64.66523,Arabian Sea,2.0558,9.6537,274.02
2025-01-18T14:37:06.997650+00:00,0.73435,92.88106,Andaman Sea,1.3885,8.4105,199.14
2025-03-03T20:01:19.503129+00:00,17.53902,61.98932,Arabian Sea,2.4823,10.513,206.89
2025-09-12T14:56:13.401170+00:00,21.51691,92.8843,Bay of Bengal,2.2863,7.7569,233.19
2023-02-11T18:30:54.791441+00:00,1.58377,93.73792,Andaman Sea,1.594,7.4826,186.34
2024-09-06T09:02:11.612219+00:00,12.99165,66.3875,Arabian Sea,2.4608,8.2379,239.94
2023-08-23T07:17:19.189982+00:00,4.20725,91.84509,Andaman Sea,1.5617,7.8023,278.23
2024-03-22T07:31:02.008724+00:00,7.29514,64.72698,Arabian Sea,2.1975,7.7936,171.77
2023-01-18T11:45:46.119224+00:00,21.23152,88.20601,Bay of Bengal,1.9495,9.0704,162.54
2023-03-28T09:28:56.357714+00:00,-1.50822,93.96875,Andaman Sea,1.8544,9.635,164.85
2024-12-11T07:07:35.810496+00:00,-0.8645,73.57599,Indian Ocean,1.6747,8.872,240.75
2024-10-01T01:16:00.638224+00:00,2.21821,95.22328,Andaman Sea,2.4539,9.4233,251.41
2025-10-18T18:45:22.119626+00:00,8.44877,74.87615,Arabian Sea,2.2674,9.778,293.52
2023-10-24T19:21:10.084165+00:00,-0.10354,82.42334,Indian Ocean,1.6697,8.4478,238.64
2023-09-14T08:13:48.089295+00:00,2.71131,70.97977,Indian Ocean,2.2687,9.1095,249.99
2023-08-13T22:23:32.447407+00:00,20.1544,63.9861,Arabian Sea,2.2752,8.6509,233.2
2025-04-19T12:16:45.155855+00:00,21.58818,91.18047,Bay of Bengal,1.9119,8.5642,149.9
2024-07-24T11:48:06.753457+00:00,1.81062,95.30564,Andaman Sea,1.8248,8.2457,272.67
2024-08-08T09:11:51.703989+00:00,7.1948,99.94089,Bay of Bengal,2.3532,8.5882,296.54
2024-05-20T00:23:57.602439+00:00,2.81641,93.84943,Andaman Sea,2.0612,8.7152,188.77
2024-10-29T04:56:33.197620+00:00,1.18867,85.44974,Indian Ocean,2.4178,8.9916,256.91
2023-05-12T21:24:46.970191+00:00,-0.91264,91.22472,Andaman Sea,2.0929,8.6302,179.01
2025-05-04T05:31:47.219584+00:00,9.97591,68.03044,Arabian Sea,1.8972,7.6707,167.68
2025-02-24T11:52:44.157835+00:00,3.39357,86.61111,Indian Ocean,1.9197,7.6362,185.21
2024-12-07T08:03:43.231432+00:00,18.34781,94.69501,Bay of Bengal,1.5931,9.1121,166.81
2023-01-16T03:21:19.758178+00:00,7.16886,82.69546,Bay of Bengal,1.5822,7.523,179.94
2023-10-07T13:48:46.949326+00:00,17.2053,86.07676,Bay of Bengal,2.6852,9.7554,276.52
2024-04-15T10:54:04.940589+00:00,16.32383,98.24815,Bay of Bengal,2.1559,9.0254,168.89
2025-09-12T23:59:58.167333+00:00,14.70171,87.87819,Bay of Bengal,2.0264,8.5695,274.46
2025-12-15T07:31:12.305763+00:00,8.2059,81.81141,Bay of Bengal,1.6673,7.6104,249.44
2025-11-06T00:03:10.719632+00:00,-1.47082,96.07328,Andaman Sea,1.6551,8.6537,226.5
2025-10-15T01:11:09.941623+00:00,2.12061,74.12417,Indian Ocean,2.1783,11.3595,238.83
2023-09-13T15:25:16.946136+00:00,10.81816,62.79903,Arabian Sea,2.4025,9.3884,242.7
2024-08-13T23:55:55.198501+00:00,9.16324,77.44985,Arabian Sea,1.9539,10.0469,246.25
2024-08-14T20:27:40.259369+00:00,10.129,79.60592,Bay of Bengal,1.8984,8.2712,300.22
2023-04-22T17:09:35.506992+00:00,-3.95985,80.41503,Indian Ocean,2.44,8.9115,173.61
2023-03-26T18:18:39.680918+00:00,9.99755,92.66304,Bay of Bengal,1.8505,7.4439,157.89
2023-04-17T01:20:53.578413+00:00,23.32048,65.07097,Arabian Sea,2.1208,9.7875,164.04
2024-01-04T21:35:21.230291+00:00,13.04826,69.56476,Arabian Sea,1.5372,8.7435,222.55
2023-02-18T04:40:42.440727+00:00,0.46308,85.35353,Indian Ocean,2.2013,7.1035,190.7
2024-03-11T02:31:27.140699+00:00,22.82887,89.30317,Indian Ocean,2.2368,10.1749,198.56
2025-02-10T06:29:10.835614+00:00,-2.27117,87.43755,Indian Ocean,2.0146,8.5706,199.03
2025-08-11T00:48:02.708062+00:00,22.09965,79.46917,Indian Ocean,2.0274,8.7317,253.1
2025-09-12T01:20:53.939329+00:00,16.93447,87.86612,Bay of Bengal,2.3319,10.6889,296.97
2025-12-16T18:53:40.706796+00:00,9.24861,74.41669,Arabian Sea,1.4498,8.9424,258.33
2023-02-07T12:31:35.914262+00:00,1.78378,76.20618,Indian Ocean,2.0392,9.6704,219.6
2024-04-02T11:24:28.878332+00:00,-0.25693,95.2425,Andaman Sea,2.3179,8.7768,167.46
2025-11-11T23:50:57.723857+00:00,6.28852,67.95375,Arabian Sea,2.2551,9.4443,250.47
2025-03-27T17:11:46.857758+00:00,22.254,95.55722,Indian Ocean,2.2924,9.3171,164.47
2024-10-05T02:47:34.137672+00:00,17.54001,94.70614,Bay of Bengal,1.9522,8.3772,256.31
2025-01-26T19:22:15.841324+00:00,19.52398,93.54366,Bay of Bengal,1.948,8.2728,166.81
2023-12-26T03:39:18.754195+00:00,-3.41966,67.58474,Indian Ocean,1.0232,6.57,278.66
2023-02-19T07:56:58.957858+00:00,6.66052,76.25323,Arabian Sea,1.9422,8.4083,183.24
2023-05-17T12:56:43.810677+00:00,13.70471,98.73609,Bay of Bengal,1.7418,8.6518,250.34
2023-09-04T06:26:08.823018+00:00,7.46918,98.06233,Bay of Bengal,2.4953,10.8821,276.06
2024-09-22T11:00:02.404035+00:00,5.23698,65.84873,Arabian Sea,2.3482,8.2147,277.76
2024-09-17T13:04:17.346636+00:00,-2.42873,72.99452,Indian Ocean,2.0782,8.1123,275.54
2023-07-15T01:52:36.343375+00:00,23.157,70.46274,Arabian Sea,1.9332,8.3125,219.9
2024-07-12T08:26:54.439407+00:00,-2.2792,90.47686,Indian Ocean,1.6917,9.016,243.85
2023-10-13T23:18:23.001146+00:00,10.784,88.81139,Bay of Bengal,1.6914,9.0311,294.93
2023-04-16T18:27:22.020339+00:00,22.17206,87.83051,Indian Ocean,2.2616,9.2099,143.71
2023-07-10T10:39:35.083811+00:00,1.58093,75.1523,Indian Ocean,0.8427,7.5946,204.99
2025-06-01T20:17:43.340713+00:00,14.3061,78.47282,Bay of Bengal,1.6123,7.7172,215.45
2023-09-07T14:56:49.566176+00:00,2.55341,64.8372,Indian Ocean,2.1099,9.0033,293.1
2023-10-04T20:55:16.509342+00:00,2.11131,77.64015,Indian Ocean,1.7106,7.0234,253.07
2025-09-30T11:53:17.087229+00:00,19.06357,76.02225,Arabian Sea,2.323,8.0429,284.03
2023-06-08T03:20:11.869261+00:00,23.83357,68.31938,Arabian Sea,1.9663,9.6087,193.25
2025-04-07T23:28:01.942773+00:00,1.51078,89.75196,Indian Ocean,2.3187,8.8211,196.25
2025-03-07T21:10:28.125882+00:00,8.11128,85.63935,Bay of Bengal,1.9695,8.3831,182.13
2025-01-21T01:26:14.684674+00:00,0.89069,66.67742,Indian Ocean,1.2608,6.4398,228.71
2025-05-18T23:50:28.505604+00:00,-0.78981,90.0668,Andaman Sea,2.4551,10.3046,188.96
2024-04-20T17:06:23.700074+00:00,0.78286,74.68252,Indian Ocean,2.2117,8.3597,145.04
2023-01-31T03:01:49.114718+00:00,10.65799,94.44002,Bay of Bengal,2.1055,7.5785,143.5
2023-07-23T07:26:27.968941+00:00,22.54831,73.3579,Arabian Sea,2.257,8.735,198.91
2024-10-09T02:27:19.850995+00:00,-4.08317,61.52663,Indian Ocean,2.4332,8.5867,267.39
2024-01-04T09:53:02.672606+00:00,21.06038,78.08957,Bay of Bengal,1.7856,7.4203,238.34
2023-01-25T12:30:29.383815+00:00,-2.34997,98.94113,Indian Ocean,1.6853,9.118,171.72
2023-03-16T00:42:11.710315+00:00,7.25544,80.2239,Bay of Bengal,1.5802,8.0615,168.13
2024-03-30T13:50:02.278498+00:00,-3.67956,81.22608,Indian Ocean,2.4185,9.9301,173.1
2024-04-01T10:50:51.432998+00:00,22.76113,87.59852,Indian Ocean,2.171,8.5016,152.88
2025-08-27T06:19:30.013634+00:00,0.53392,88.55219,Indian Ocean,1.9069,9.1315,235.82
2025-01-13T17:07:21.525448+00:00,1.757,96.54794,Andaman Sea,1.3252,7.9806,189.04
2024-11-22T10:26:54.727871+00:00,6.84805,70.55,Arabian Sea,1.9755,7.6995,267.73
2023-08-27T09:56:47.751481+00:00,9.5424,72.07247,Arabian Sea,2.3405,10.0819,240.59
2023-03-27T06:00:36.435596+00:00,10.26965,86.31435,Bay of Bengal,2.0238,9.4245,152.57
2023-04-07T01:50:26.956334+00:00,9.58521,76.70258,Arabian Sea,2.2851,8.5037,161.46
2023-04-18T14:22:47.313002+00:00,8.24856,66.03346,Arabian Sea,2.1519,7.7617,211.14
2025-02-22T04:51:55.530733+00:00,8.39135,75.72906,Arabian Sea,2.0004,7.8718,178.63
2024-09-18T22:06:05.736352+00:00,10.84154,97.95906,Bay of Bengal,2.5946,8.268,277.68
2023-06-27T09:51:21.657019+00:00,4.57052,62.05186,Indian Ocean,1.5493,8.3431,185.26
2024-04-30T17:11:40.439991+00:00,13.21135,60.41428,Arabian Sea,2.4886,9.6625,168.37
2024-12-25T00:02:57.828607+00:00,4.79703,78.51355,Indian Ocean,1.4302,8.4352,242.52
2023-02-21T21:43:51.098087+00:00,14.9884,97.00218,Bay of Bengal,1.8349,9.8371,173.95
2023-11-26T09:35:05.973682+00:00,-4.66987,75.83336,Indian Ocean,1.5977,8.9673,277.26
2024-12-01T00:53:38.950068+00:00,1.6949,98.38062,Andaman Sea,1.567,7.4762,215.81
2023-04-12T14:20:02.898106+00:00,9.2634,67.15846,Arabian Sea,2.0191,8.6072,174.26
2024-04-08T19:59:11.679569+00:00,5.57742,80.60485,Bay of Bengal,2.521,9.406,161.13
2024-09-12T17:31:09.782986+00:00,17.8552,77.50758,Arabian Sea,2.6245,9.2497,262.06
2025-09-02T06:06:44.402780+00:00,22.86363,91.93727,Indian Ocean,1.1865,6.9665,256.88
2024-08-17T14:42:57.669201+00:00,12.58108,76.80556,Arabian Sea,2.3754,8.4865,257.03
2024-11-02T12:44:59.367269+00:00,18.34446,93.84205,Bay of Bengal,2.5888,9.8227,240.01
2025-03-21T20:49:48.784582+00:00,6.49155,82.51322,Bay of Bengal,2.2406,8.6313,178.65
2023-04-15T09:02:11.345858+00:00,11.60314,86.55814,Bay of Bengal,2.4113,9.8162,155.25
2023-01-12T10:06:52.924458+00:00,-1.96817,61.21756,Indian Ocean,1.3597,7.8106,249.64
2025-05-28T22:58:43.988742+00:00,16.06684,82.79648,Bay of Bengal,1.6183,9.1932,209.33
2025-12-02T08:38:55.902489+00:00,-2.61927,70.1343,Indian Ocean,1.365,7.8721,268.4
2023-05-18T22:32:27.555851+00:00,16.84612,92.98775,Bay of Bengal,1.7854,8.6641,211.57
2023-08-14T11:19:12.367033+00:00,1.55089,88.06947,Indian Ocean,1.9504,8.486,312.42
2025-04-08T13:44:55.722182+00:00,21.87448,62.66772,Arabian Sea,2.8554,8.4813,158.62
2025-04-13T09:35:28.576238+00:00,-1.75434,91.59418,Andaman Sea,1.9845,7.393,193.05
2023-04-09T10:23:33.365138+00:00,-0.84818,81.89267,Indian Ocean,1.6979,7.5497,146.18
2024-03-23T18:51:47.112165+00:00,-2.79482,71.27767,Indian Ocean,2.1585,8.0579,198.54
2023-04-22T03:25:55.114259+00:00,10.95636,78.46374,Bay of Bengal,2.2345,9.2522,177.32
2023-01-26T18:07:31.957004+00:00,2.02064,85.73592,Indian Ocean,1.7247,9.1156,181.62
2025-04-17T22:54:17.118476+00:00,19.76076,87.97093,Bay of Bengal,1.9854,8.7316,160.84
2024-05-08T23:55:16.828813+00:00,19.76631,83.59015,Bay of Bengal,2.5072,9.4376,206.4
2023-06-29T04:28:06.982511+00:00,7.96586,86.6303,Bay of Bengal,1.7716,9.2952,234.95
2024-09-24T17:01:59.285728+00:00,-1.9736,62.97034,Indian Ocean,1.8376,7.7768,248.65
2023-06-28T02:21:32.974871+00:00,5.06403,91.11186,Bay of Bengal,1.1323,6.7483,246.49
2025-10-12T18:48:59.625211+00:00,-2.07634,84.57658,Indian Ocean,2.2154,10.5512,279.41
2023-08-11T23:35:28.252309+00:00,2.40538,66.63978,Indian Ocean,1.8399,9.2891,240.44
2025-03-24T21:30:40.851482+00:00,1.38376,83.49861,Indian Ocean,1.6208,8.6121,154.49
2024-05-14T09:46:12.247939+00:00,3.71129,84.35268,Indian Ocean,1.9187,9.0217,190.4
2025-08-10T13:46:45.919764+00:00,8.58744,61.79212,Arabian Sea,1.9718,9.0012,233.63
2023-12-14T06:37:55.740296+00:00,12.92422,83.0269,Bay of Bengal,1.5925,7.8235,190.72
2025-08-22T06:03:44.968244+00:00,15.19238,61.31776,Arabian Sea,2.252,9.8112,215.18
2024-03-28T07:51:25.342281+00:00,3.4827,73.47666,Indian Ocean,2.6169,9.9009,176.12
2023-04-21T05:36:45.430123+00:00,11.61145,99.65281,Bay of Bengal,1.6584,8.9185,202.44
2024-09-16T08:54:10.094286+00:00,13.2716,83.47019,Bay of Bengal,2.1367,8.297,294.28
2024-10-27T14:51:14.428790+00:00,16.22194,91.52147,Bay of Bengal,1.9503,8.2817,245.51
2025-06-08T21:02:47.233952+00:00,2.45624,91.84892,Andaman Sea,1.2884,8.226,216.98
2025-08-15T07:31:36.668164+00:00,12.14331,70.87453,Arabian Sea,2.3075,8.5909,230.11
2023-03-10T06:43:50.402916+00:00,17.60734,67.05265,Arabian Sea,2.2084,8.0951,182.39
2025-12-13T12:29:12.990423+00:00,-3.28652,97.22049,Indian Ocean,1.4645,8.1244,218.59
2023-08-20T07:43:39.289403+00:00,4.7089,64.59001,Indian Ocean,1.4303,6.5413,251.79
2024-01-05T00:37:26.528337+00:00,7.64421,60.58976,Arabian Sea,1.9151,9.5505,241.3
2024-05-17T17:40:16.492276+00:00,8.05506,88.48949,Bay of Bengal,2.2188,9.8439,205.76
2024-03-09T09:11:59.810690+00:00,-1.97593,90.14364,Andaman Sea,1.7103,8.7133,147.53
2024-12-10T21:47:58.405834+00:00,16.89516,70.08229,Arabian Sea,2.5885,9.7506,253.41
2025-08-31T16:25:24.914996+00:00,19.76572,83.77733,Bay of Bengal,2.1909,8.3734,260.4
2025-08-09T14:05:58.554949+00:00,6.31817,71.10432,Arabian Sea,2.3382,9.8461,224.94
2024-06-12T05:38:59.087127+00:00,0.46721,62.68912,Indian Ocean,1.6385,8.6558,197.6
2025-04-06T10:27:18.788289+00:00,23.96172,70.53305,Arabian Sea,2.0403,8.8155,189.59
2025-05-07T09:48:27.567403+00:00,17.37244,91.05529,Bay of Bengal,2.1412,8.9517,193.13
2024-03-15T05:43:55.868530+00:00,18.68868,63.05016,Arabian Sea,2.3661,8.9818,177.6
2023-01-14T04:25:42.268330+00:00,6.5647,61.73908,Arabian Sea,1.8777,8.6225,268.42
2025-04-09T03:27:37.856674+00:00,-2.02065,77.7855,Indian Ocean,2.1341,7.4875,166.0
2023-05-31T01:01:27.908358+00:00,5.99512,78.25024,Bay of Bengal,1.5502,7.5888,178.97
2025-05-23T19:29:20.641564+00:00,-1.81228,78.75957,Indian Ocean,2.0369,8.256,191.03
2023-09-07T12:11:48.063296+00:00,-2.81181,87.56793,Indian Ocean,2.1013,8.277,289.06
2025-09-01T07:06:23.813174+00:00,18.6019,95.51945,Bay of Bengal,2.276,7.0954,330.19
2024-02-18T07:33:12.229584+00:00,16.01486,94.87193,Bay of Bengal,2.1674,8.4278,170.2
2024-09-12T17:19:41.410930+00:00,1.85713,90.40166,Andaman Sea,2.1027,8.7662,265.12
2023-09-05T15:17:21.747039+00:00,15.83367,75.08234,Arabian Sea,2.2166,10.1209,262.42
2024-01-12T23:48:11.985917+00:00,17.71058,92.58941,Bay of Bengal,1.6699,8.016,187.24
2024-09-09T03:04:06.635190+00:00,16.46392,73.06105,Arabian Sea,2.4205,8.1708,275.33
2024-05-06T13:39:29.937978+00:00,6.60164,99.11801,Bay of Bengal,1.9386,8.5268,226.94
2024-04-27T06:42:23.506066+00:00,-3.41542,91.99599,Indian Ocean,1.868,9.3293,211.12
2023-04-11T11:24:30.668212+00:00,-3.68921,76.36739,Indian Ocean,2.1238,8.6422,158.53
2023-08-05T19:51:19.661055+00:00,3.85063,68.78044,Indian Ocean,1.9809,9.9699,205.07
2023-01-25T12:33:01.807446+00:00,17.68369,82.90319,Bay of Bengal,1.5589,7.5798,181.37
2024-12-07T23:26:19.961622+00:00,9.57646,99.1419,Bay of Bengal,1.948,7.9183,197.82
2024-05-10T21:46:25.540578+00:00,0.1022,93.02107,Andaman Sea,1.4916,7.5031,228.37
2023-08-05T03:00:02.235548+00:00,18.54561,77.41853,Arabian Sea,1.7226,9.2066,206.48
2023-11-13T16:23:42.078263+00:00,2.62825,73.65154,Indian Ocean,1.7363,8.4321,254.28
2025-09-29T10:56:10.043878+00:00,14.16842,60.64559,Arabian Sea,2.61,9.919,230.82
2024-02-08T21:38:12.513810+00:00,4.52562,88.95226,Indian Ocean,1.6493,9.4891,180.57
2024-07-19T20:08:25.118066+00:00,2.99946,75.65379,Indian Ocean,1.5745,7.4832,191.39
2025-02-21T11:23:20.697667+00:00,7.40368,60.22601,Arabian Sea,2.0975,8.9405,200.79
2023-12-01T22:36:56.441869+00:00,0.37793,64.76088,Indian Ocean,1.6016,9.8878,251.92
2025-05-03T23:16:44.500355+00:00,14.9847,92.82101,Bay of Bengal,1.6127,8.5612,183.71
2024-01-10T21:30:16.871411+00:00,9.9526,75.51006,Arabian Sea,1.7087,6.7155,203.52
2024-11-25T12:24:09.240050+00:00,15.02425,63.68658,Arabian Sea,2.2902,9.217,259.39
2024-08-28T21:59:22.113360+00:00,15.38661,90.48347,Bay of Bengal,2.2513,8.5008,269.13
2024-08-13T05:48:11.543549+00:00,11.20723,66.17876,Arabian Sea,2.5058,9.5055,239.36
2023-12-01T07:04:25.686356+00:00,-1.08351,90.23201,Andaman Sea,1.0764,9.5778,232.03
2024-04-29T18:44:25.635134+00:00,3.59319,98.3623,Andaman Sea,2.064,8.1934,187.47
2025-11-12T19:49:58.365627+00:00,5.88437,83.92306,Bay of Bengal,1.6296,8.7551,260.35
2025-08-15T01:38:27.981869+00:00,0.32345,76.62302,Indian Ocean,1.6419,9.1192,261.01
2023-05-05T08:20:46.017156+00:00,0.15733,76.17398,Indian Ocean,1.8157,9.9184,160.92
2023-11-03T03:32:14.425094+00:00,21.6072,92.32314,Bay of Bengal,1.6703,7.4469,210.88
2024-09-20T15:42:15.732953+00:00,-2.3139,67.38458,Indian Ocean,2.7342,9.2226,278.84
2025-03-16T16:17:30.387492+00:00,1.55508,71.06659,Indian Ocean,2.4479,9.5405,172.08
2025-03-24T00:09:58.453795+00:00,-1.83228,60.44717,Indian Ocean,2.0776,8.3824,180.52
2024-01-25T04:14:22.046782+00:00,-0.24405,84.21668,Indian Ocean,1.9806,8.1629,208.3
2023-12-02T22:25:49.235540+00:00,5.85759,93.75585,Bay of Bengal,1.8844,7.9232,241.75
2023-08-29T05:37:16.024249+00:00,-2.50704,79.91343,Indian Ocean,2.2375,10.1551,295.0
2025-12-16T22:48:27.226376+00:00,10.67041,86.17488,Bay of Bengal,1.9108,8.4979,262.63
2024-09-19T18:43:35.399359+00:00,20.40732,81.14014,Bay of Bengal,2.4297,9.3844,246.85
2025-06-05T02:03:42.994534+00:00,0.58613,88.0489,Indian Ocean,1.7885,9.1329,224.2
2024-04-15T10:27:08.059341+00:00,1.56325,98.96108,Andaman Sea,2.1011,10.0207,201.23
2023-12-24T07:57:49.745089+00:00,-2.63723,61.01745,Indian Ocean,1.0484,7.1064,291.54
2025-08-16T11:58:16.869978+00:00,18.74186,76.98982,Arabian Sea,2.0646,9.3116,261.11
2025-08-29T10:21:37.511617+00:00,11.10845,68.80192,Arabian Sea,2.6168,9.4272,262.57
2023-11-23T14:58:30.049915+00:00,10.23561,65.92345,Arabian Sea,1.7978,7.9997,243.86
2023-04-05T04:52:27.273921+00:00,12.80931,64.02065,Arabian Sea,2.1589,8.8456,179.38
2025-03-23T16:53:38.160377+00:00,8.87913,65.48396,Arabian Sea,2.2416,9.6176,174.31
2025-03-30T14:29:41.367238+00:00,17.5976,97.61024,Bay of Bengal,2.2299,8.084,185.77
2024-04-29T14:37:19.291810+00:00,18.23313,63.61308,Arabian Sea,2.2164,8.1658,149.26
2025-02-25T04:39:38.682190+00:00,14.3207,97.1717,Bay of Bengal,2.0915,10.4611,154.09
2025-12-09T10:52:39.496799+00:00,19.49595,95.4963,Bay of Bengal,1.4718,7.9979,210.88
2024-05-27T20:27:30.032361+00:00,0.93479,92.86579,Andaman Sea,1.5914,8.3423,222.19
2025-11-01T00:22:35.787467+00:00,7.96995,76.48764,Arabian Sea,2.2034,9.1211,289.91
2023-07-05T06:25:20.989255+00:00,10.20552,71.95244,Arabian Sea,1.457,7.2583,208.6
2023-01-18T05:49:52.590952+00:00,15.73527,86.89127,Bay of Bengal,1.7695,9.4488,166.36
2024-11-12T16:13:11.090153+00:00,14.58788,91.68882,Bay of Bengal,2.134,9.5707,229.65
2024-06-25T15:54:59.423577+00:00,18.06456,72.88883,Arabian Sea,1.6192,8.3316,240.5
2023-08-23T16:45:11.906508+00:00,5.56296,74.21387,Arabian Sea,2.1081,7.5698,288.42
2024-05-02T00:49:15.737276+00:00,18.73685,66.09204,Arabian Sea,2.5226,10.3452,165.22
2025-12-20T18:57:26.776889+00:00,17.10731,94.39405,Bay of Bengal,1.2521,7.408,192.17
2023-04-10T07:13:50.940332+00:00,13.41853,72.1558,Arabian Sea,2.2239,10.0085,190.23
2025-12-25T13:10:13.603938+00:00,14.27519,94.76715,Bay of Bengal,1.0254,7.5877,186.29
2023-10-31T12:02:56.291719+00:00,1.23145,65.61337,Indian Ocean,2.1549,8.6267,271.92
2024-01-05T10:38:14.048781+00:00,8.84221,69.02946,Arabian Sea,1.9211,8.5688,221.42
2024-11-12T22:09:25.676118+00:00,15.69579,87.58303,Bay of Bengal,1.9673,9.1071,238.11
2024-06-20T15:35:08.983939+00:00,22.97672,70.68471,Arabian Sea,1.8797,8.4036,220.82
2025-08-10T05:34:56.534743+00:00,0.63224,65.36768,Indian Ocean,1.8804,9.3443,211.29
2025-09-29T14:29:32.695309+00:00,5.73117,98.27726,Bay of Bengal,2.2312,8.9311,273.01
2025-10-28T21:09:04.147641+00:00,13.8872,71.8573,Arabian Sea,2.2875,8.7072,273.49
2023-12-12T00:28:23.185011+00:00,-3.61419,65.31192,Indian Ocean,1.0514,8.6761,228.75
2025-10-14T13:58:16.545876+00:00,-3.94766,72.6033,Indian Ocean,2.3249,8.6502,274.27
2024-09-04T15:26:28.971229+00:00,1.39634,67.57205,Indian Ocean,1.8483,11.1315,260.59
2024-04-07T19:09:29.401683+00:00,19.9658,86.58147,Bay of Bengal,2.3738,9.6514,155.93
2025-03-09T12:38:17.339369+00:00,3.12829,89.03273,Indian Ocean,1.5225,6.9723,148.75
2025-09-14T00:22:16.551772+00:00,5.18893,85.0426,Bay of Bengal,1.6535,7.3674,279.04
2023-03-16T15:14:15.593452+00:00,7.47305,99.72608,Bay of Bengal,2.251,9.4027,194.98
2024-05-09T23:43:38.428613+00:00,13.16947,94.78401,Bay of Bengal,2.6418,8.4115,207.95
2024-09-27T08:36:18.548436+00:00,23.26558,79.35149,Indian Ocean,1.7435,9.31,303.89
2023-08-24T02:09:22.699699+00:00,11.33504,67.63081,Arabian Sea,2.0089,8.1097,233.98
2025-08-08T08:45:53.190242+00:00,18.38777,60.99063,Arabian Sea,2.5216,10.5891,217.79
2024-11-24T18:47:08.070190+00:00,-2.26635,80.81075,Indian Ocean,1.2547,7.193,226.5
2023-03-15T05:49:18.609824+00:00,9.73988,95.04606,Bay of Bengal,2.1025,8.9645,131.7
2025-09-13T00:33:20.489889+00:00,-1.03601,66.69691,Indian Ocean,1.8622,7.9923,266.39
2023-04-02T10:07:00.170472+00:00,18.79423,79.99342,Bay of Bengal,2.0999,9.3228,137.73
2025-01-03T19:13:37.915954+00:00,15.72303,70.47756,Arabian Sea,2.0863,10.7033,219.92
2023-10-27T01:07:49.430275+00:00,-3.94033,65.08385,Indian Ocean,1.7234,8.4677,274.7
2024-09-06T23:32:28.973513+00:00,11.85081,89.73421,Bay of Bengal,2.9914,9.2006,268.09
2024-04-02T09:34:23.039048+00:00,4.70382,71.19733,Indian Ocean,1.6542,9.0394,162.95
2025-09-06T12:27:02.728000+00:00,17.77185,66.04028,Arabian Sea,2.415,8.9352,237.75
2024-01-14T10:44:10.153478+00:00,14.20267,99.33117,Bay of Bengal,1.1787,7.9721,168.08
2024-06-08T02:08:03.296820+00:00,3.68118,62.53791,Indian Ocean,1.5727,8.8536,165.41
2023-10-18T18:28:15.543529+00:00,-4.36109,63.13362,Indian Ocean,1.9651,9.5062,297.21
2023-05-10T21:33:05.737699+00:00,4.04887,82.99814,Indian Ocean,1.8652,10.0302,165.25
2025-01-31T21:16:46.012192+00:00,17.88062,94.62619,Bay of Bengal,2.0285,9.0274,204.32
2024-08-19T22:12:38.415999+00:00,4.47008,83.24779,Indian Ocean,1.6869,7.7176,263.67
2023-05-20T15:16:22.531783+00:00,1.57804,96.77468,Andaman Sea,1.7195,8.1259,253.68
2024-02-14T06:47:26.304444+00:00,20.52331,78.84291,Bay of Bengal,1.7249,7.4681,180.96
2025-05-14T14:35:30.345036+00:00,6.25299,74.23776,Arabian Sea,1.9908,7.8726,194.64
2023-09-19T01:10:31.792051+00:00,17.64003,80.26959,Bay of Bengal,2.2027,9.7332,295.8
2025-09-15T13:00:20.896139+00:00,-1.72343,67.10406,Indian Ocean,2.4276,9.0248,245.19
2023-03-23T05:22:53.815461+00:00,4.52898,76.05372,Indian Ocean,2.0142,7.3079,133.95
2024-06-29T05:57:49.503478+00:00,2.10425,75.64142,Indian Ocean,1.4311,9.0374,204.28
2023-09-01T23:17:16.483388+00:00,19.56692,79.49706,Bay of Bengal,2.0978,9.9311,307.49
2025-07-24T09:21:45.618165+00:00,-3.13041,77.87074,Indian Ocean,1.675,6.1485,251.0
2023-08-07T00:37:45.893696+00:00,-1.36208,79.61809,Indian Ocean,1.9761,8.8683,286.68
2023-10-06T18:46:49.117629+00:00,19.84604,77.89483,Arabian Sea,2.2992,10.7113,272.37
2024-04-10T09:32:37.932405+00:00,5.0016,93.87832,Bay of Bengal,2.3169,8.7787,195.26
2023-03-03T10:54:27.239351+00:00,20.00185,85.71477,Bay of Bengal,1.7933,9.0569,169.16
2023-12-04T15:32:23.099022+00:00,21.38868,95.58343,Bay of Bengal,1.3108,7.7675,219.71
2024-07-02T05:46:44.337370+00:00,9.9094,96.9398,Bay of Bengal,1.6517,7.9821,265.76
2025-03-30T06:12:52.555059+00:00,17.36471,61.56335,Arabian Sea,2.2196,9.0732,171.47
2025-12-06T18:36:16.849223+00:00,22.04968,76.45564,Arabian Sea,1.6592,8.3547,257.1
2023-11-17T11:24:04.466407+00:00,13.16263,93.22951,Bay of Bengal,2.3707,8.1836,236.35
2025-09-13T21:38:20.260642+00:00,10.92359,74.29056,Arabian Sea,2.2345,8.8394,289.45
2024-04-12T06:47:58.952046+00:00,12.83656,77.06493,Arabian Sea,2.6154,8.9766,166.06
2023-10-26T02:06:09.613405+00:00,2.7831,87.64704,Indian Ocean,2.0556,9.3387,252.07
2023-01-24T14:36:32.173608+00:00,3.87387,62.83814,Indian Ocean,2.0818,9.1267,249.66
2023-01-12T01:40:27.818944+00:00,7.49997,81.7261,Bay of Bengal,1.57,7.9671,192.21
2023-08-29T19:32:18.756176+00:00,16.46933,68.65466,Arabian Sea,2.1252,9.3562,240.84
2025-02-06T10:02:17.870778+00:00,17.14259,89.48888,Bay of Bengal,2.1105,8.3502,146.24
2023-06-10T04:02:11.094818+00:00,15.57405,63.45719,Arabian Sea,1.6742,9.3103,149.19
2025-02-18T21:48:37.403493+00:00,15.48023,66.53494,Arabian Sea,2.2585,8.8772,200.5
2025-07-10T04:19:38.138399+00:00,21.19831,83.52787,Bay of Bengal,1.9988,8.6047,250.7
2025-06-15T07:13:38.488010+00:00,-0.00608,90.72867,Andaman Sea,1.2223,7.598,222.36
2025-03-24T10:49:33.196147+00:00,0.7397,71.09903,Indian Ocean,2.2127,9.8943,186.74
2024-07-30T22:20:34.036390+00:00,18.92459,64.72659,Arabian Sea,1.8393,8.302,219.35
2024-01-01T14:11:18.210782+00:00,9.53574,74.72873,Arabian Sea,1.5815,8.2884,220.59
2023-05-04T23:57:43.616342+00:00,4.23199,62.56003,Indian Ocean,2.2865,10.3612,170.67
2025-05-12T23:24:52.190359+00:00,19.5909,98.57922,Bay of Bengal,1.8928,8.2962,219.19
2023-12-31T23:31:44.001934+00:00,14.21861,96.0118,Bay of Bengal,1.3661,6.4566,172.43
2024-02-22T08:36:19.464638+00:00,12.41561,95.7656,Bay of Bengal,2.3622,9.4056,169.81
2025-07-07T05:53:44.752675+00:00,6.35103,74.70417,Arabian Sea,2.3866,8.6354,193.01
2025-09-23T10:16:05.187454+00:00,10.41629,61.18157,Arabian Sea,2.2769,11.4224,250.78
2025-08-07T05:38:21.547066+00:00,21.06261,76.64521,Arabian Sea,2.1243,9.0821,235.92
2024-02-11T13:04:57.244215+00:00,7.97989,80.13168,Bay of Bengal,1.6453,7.0571,163.8
2023-09-16T11:36:53.554787+00:00,9.21756,69.67843,Arabian Sea,2.1377,9.5373,260.69
2024-11-06T07:46:06.182483+00:00,19.0865,93.15385,Bay of Bengal,1.6457,7.9032,240.59
2025-03-30T03:35:47.747053+00:00,11.94348,98.47116,Bay of Bengal,1.5662,8.9361,168.67
2023-09-21T15:33:04.855532+00:00,20.79753,96.06779,Bay of Bengal,2.2519,9.3673,244.74
2025-09-26T21:00:55.258717+00:00,0.59018,84.55541,Indian Ocean,1.6024,7.0801,291.0
2023-06-02T11:10:27.446393+00:00,23.75317,91.35128,Indian Ocean,1.8745,7.5761,214.08
2023-05-01T01:23:42.361185+00:00,20.61335,90.19966,Bay of Bengal,1.9688,8.5761,178.49
2024-10-25T21:48:40.223113+00:00,22.43257,74.96094,Arabian Sea,2.3083,8.6903,258.81
2023-04-18T11:06:08.627282+00:00,1.17903,62.11609,Indian Ocean,2.3111,10.5286,175.94
2023-11-05T13:19:36.980456+00:00,-0.06682,87.23839,Indian Ocean,1.9319,9.0526,291.69
2023-03-10T14:28:05.170298+00:00,11.41512,92.93001,Bay of Bengal,2.3517,8.9942,159.47
2023-04-25T18:14:10.047481+00:00,2.32386,85.83081,Indian Ocean,2.4616,10.0367,189.49
2024-12-24T20:29:07.625707+00:00,4.98055,71.39641,Indian Ocean,1.3123,7.7798,225.34
2024-01-26T17:41:14.371884+00:00,4.3317,76.06042,Indian Ocean,1.6387,7.9531,203.98
2025-10-31T23:12:51.437199+00:00,11.40326,64.97886,Arabian Sea,1.9628,7.8673,288.69
2025-01-01T17:13:39.021897+00:00,13.46317,74.52323,Arabian Sea,1.1857,7.0156,249.61
2024-01-09T07:21:22.681596+00:00,0.39353,86.64013,Indian Ocean,1.8354,8.388,175.51
2025-07-31T14:19:48.879823+00:00,16.2025,79.72464,Bay of Bengal,1.3421,7.6564,288.64
2024-07-31T10:19:06.802269+00:00,22.75548,78.22079,Indian Ocean,1.6424,8.0516,280.45
2025-12-17T01:27:38.176054+00:00,4.50364,91.05352,Andaman Sea,1.727,9.5727,203.2
2025-09-18T19:14:27.668346+00:00,4.98328,96.49743,Andaman Sea,1.8977,8.0722,263.33
2023-09-11T04:44:05.886074+00:00,16.90227,85.35001,Bay of Bengal,1.9985,7.9506,295.98
2024-01-31T21:18:51.701865+00:00,21.1211,87.95715,Bay of Bengal,1.7524,8.1351,194.04
2024-12-21T03:31:06.295910+00:00,-4.46858,98.46587,Indian Ocean,1.5889,8.7702,152.99
2023-07-08T16:28:40.638086+00:00,10.41796,95.00551,Bay of Bengal,1.1825,8.6465,274.99
2025-07-04T16:04:52.386419+00:00,18.37203,89.09296,Bay of Bengal,1.384,9.0907,240.89
2024-11-24T08:25:16.712161+00:00,-1.61769,69.9136,Indian Ocean,1.7494,8.5214,259.88
2023-01-08T22:38:52.915638+00:00,7.7755,63.67736,Arabian Sea,1.3401,7.5507,245.76
2025-07-01T14:56:06.069599+00:00,2.70859,70.24771,Indian Ocean,1.8111,8.9664,224.38
2025-02-03T08:43:18.813584+00:00,-2.05496,97.47421,Indian Ocean,2.1526,9.9249,172.55
2023-09-08T17:49:12.403432+00:00,8.32778,71.9848,Arabian Sea,2.5554,7.5107,255.63
2023-10-23T13:27:05.372921+00:00,-0.8042,73.34232,Indian Ocean,2.1456,8.83,280.97
2024-07-21T08:40:03.281652+00:00,23.16688,92.73236,Indian Ocean,1.1816,7.9703,258.17
2025-01-27T12:16:03.648093+00:00,13.61472,87.93559,Bay of Bengal,1.4936,8.9519,182.1
2025-04-04T22:52:17.311816+00:00,22.10506,83.19314,Indian Ocean,2.3856,9.6136,185.75
2024-10-22T05:19:11.760917+00:00,19.80314,67.82999,Arabian Sea,2.4156,10.0941,255.93
2023-07-29T18:36:48.769148+00:00,20.29114,71.02741,Arabian Sea,2.0921,8.4308,203.56
2023-07-28T08:36:14.582183+00:00,1.1606,82.22801,Indian Ocean,1.6249,9.7431,246.38
2023-06-26T23:15:44.123199+00:00,21.07087,67.93235,Arabian Sea,1.5421,7.8598,200.88
2025-09-05T11:59:34.286970+00:00,15.0447,76.75407,Arabian Sea,2.5188,7.4608,246.08
2025-05-27T22:49:44.782890+00:00,4.98571,65.88512,Indian Ocean,1.7893,8.1011,185.74
2024-11-16T21:05:41.620743+00:00,8.90857,85.8984,Bay of Bengal,1.8437,8.9341,200.59
2025-06-23T04:39:06.200154+00:00,-4.32579,81.98945,Indian Ocean,1.9762,7.7241,221.95
2023-10-24T21:57:19.615401+00:00,7.95563,61.88454,Arabian Sea,2.4981,8.2412,272.76
2025-11-12T16:49:58.728114+00:00,3.23828,93.53677,Andaman Sea,2.0178,8.9168,251.29
2025-10-07T19:26:08.227970+00:00,-0.31987,87.66244,Indian Ocean,1.7256,7.8369,260.67
2024-01-27T13:10:12.368669+00:00,1.68674,90.34364,Andaman Sea,1.599,6.3516,188.47
2024-08-13T14:24:24.292437+00:00,-0.1782,87.91549,Indian Ocean,1.7783,7.1959,243.0
2024-12-31T08:10:37.556715+00:00,-0.87342,99.40481,Andaman Sea,1.3649,7.1225,174.94
2023-03-31T06:05:45.215760+00:00,22.24196,64.86374,Arabian Sea,2.5865,9.3025,155.55
2025-07-03T17:39:22.040615+00:00,10.25247,75.23737,Arabian Sea,1.7797,7.2936,199.13
2025-08-19T20:25:33.939911+00:00,-0.99762,72.84365,Indian Ocean,1.6334,8.0807,260.1
2024-12-05T02:56:46.374549+00:00,14.91729,77.28703,Arabian Sea,2.0795,9.0413,258.44
2025-02-17T13:19:07.371599+00:00,6.84815,83.19465,Bay of Bengal,2.6398,9.1264,170.3
2024-07-18T07:07:40.489672+00:00,20.61821,85.71959,Bay of Bengal,2.1313,7.553,264.65
2024-07-29T17:32:57.039026+00:00,-1.84252,77.20872,Indian Ocean,1.7979,8.6437,254.0
2023-12-12T20:53:51.284628+00:00,23.73228,86.15133,Indian Ocean,1.5588,8.2453,255.69
2024-09-23T03:23:35.935559+00:00,7.49409,85.0393,Bay of Bengal,2.0982,10.2121,247.63
2025-09-29T20:50:20.219315+00:00,-1.16504,72.43903,Indian Ocean,1.977,8.8274,285.41
2025-03-03T06:57:34.191183+00:00,-0.82936,85.53398,Indian Ocean,2.5449,10.1808,166.57
2024-10-26T15:02:27.228321+00:00,-0.97733,72.66418,Indian Ocean,1.9217,8.8905,293.58
2025-12-15T00:02:20.446226+00:00,6.97033,70.56767,Arabian Sea,2.0611,8.7344,270.27
2025-11-09T05:23:56.285162+00:00,16.22225,87.63149,Bay of Bengal,1.9913,7.9577,249.13
2023-10-04T20:07:18.217758+00:00,13.75557,77.19023,Arabian Sea,2.1388,9.5946,239.38
2024-03-09T07:10:16.581866+00:00,-0.37586,71.22809,Indian Ocean,2.4746,9.1905,171.72
2023-10-06T01:09:27.017670+00:00,22.99912,69.46209,Arabian Sea,1.6926,8.6858,280.57
2024-03-26T20:46:55.342619+00:00,-2.23414,98.91475,Indian Ocean,1.7337,7.1344,188.18
2023-05-07T04:30:42.943291+00:00,-4.97056,64.61929,Indian Ocean,1.3519,7.794,180.28
2024-02-25T19:58:46.326234+00:00,17.73427,88.23306,Bay of Bengal,2.2275,10.2956,164.43
2024-11-13T06:38:13.472839+00:00,0.06797,98.45416,Andaman Sea,1.8604,8.1711,230.77
2023-06-13T06:26:47.274418+00:00,14.89957,60.71969,Arabian Sea,2.4822,9.5006,176.29
2025-04-07T19:51:34.312544+00:00,12.44016,75.37502,Arabian Sea,2.3217,8.9077,172.23
2023-12-19T05:19:50.092633+00:00,16.65386,63.68265,Arabian Sea,2.0491,8.0528,257.3
2024-06-15T06:42:40.072618+00:00,15.18435,68.18142,Arabian Sea,1.8598,10.0614,192.71
2023-05-18T16:30:24.628154+00:00,20.06999,91.88293,Bay of Bengal,1.9935,7.0609,187.7
2023-07-29T02:33:39.304051+00:00,21.49827,71.47323,Arabian Sea,2.2179,8.2702,217.52
2024-07-26T13:07:42.514412+00:00,2.12679,93.36981,Andaman Sea,1.8692,9.5499,265.83
2023-03-20T06:13:44.312572+00:00,-2.44369,73.35462,Indian Ocean,2.313,8.1613,190.73
2025-09-27T22:30:44.066687+00:00,15.57528,90.50177,Bay of Bengal,2.3575,9.1402,237.12
2024-12-20T07:07:46.026812+00:00,6.28015,71.0414,Arabian Sea,1.6129,8.5285,221.62
2025-04-08T14:48:37.109399+00:00,-3.58138,86.819,Indian Ocean,2.1857,9.4761,142.07
2024-09-28T04:55:45.042129+00:00,21.66321,60.2419,Arabian Sea,2.0519,9.0362,273.13
2025-08-25T12:11:59.419382+00:00,13.06762,75.97025,Arabian Sea,2.0361,7.6692,275.59
2025-02-25T16:42:42.023930+00:00,19.8365,77.24912,Arabian Sea,1.8549,8.9397,177.17
2025-09-18T15:24:14.254095+00:00,6.7047,86.61221,Bay of Bengal,1.9262,9.6417,245.96
2023-01-22T19:24:27.097581+00:00,2.60513,60.63887,Indian Ocean,1.7462,9.2061,277.74
2023-02-10T23:14:53.161823+00:00,7.87518,88.30382,Bay of Bengal,1.9814,8.7165,179.36
2025-11-24T02:35:55.603779+00:00,5.27484,62.18452,Arabian Sea,2.3582,11.0758,254.6
2024-01-20T12:57:36.526580+00:00,11.89505,63.65412,Arabian Sea,1.4344,6.4662,227.3
2025-08-28T13:43:56.470104+00:00,13.20776,68.22507,Arabian Sea,2.419,10.1324,239.64
2023-10-10T06:26:41.858515+00:00,16.36452,86.38604,Bay of Bengal,1.7942,8.8446,273.92
2025-05-25T23:06:49.684677+00:00,20.53686,99.36668,Bay of Bengal,1.5071,8.0286,232.56
2024-12-23T07:04:28.553215+00:00,23.25712,99.99025,Indian Ocean,1.1799,7.3592,186.59
2025-05-25T22:46:08.625289+00:00,8.23585,94.21254,Bay of Bengal,1.9991,8.9733,206.52
2025-07-03T05:59:23.354403+00:00,10.69985,71.22163,Arabian Sea,1.5088,8.539,195.55
2025-06-24T17:40:18.051025+00:00,7.89079,85.58419,Bay of Bengal,1.4132,8.9109,204.32
2025-02-01T14:36:07.182958+00:00,15.68553,67.5332,Arabian Sea,2.4841,9.1092,196.36
2025-10-29T12:00:45.754736+00:00,22.90715,64.5612,Arabian Sea,2.5957,10.3472,277.03
2023-02-16T17:55:25.827264+00:00,1.01204,75.93949,Indian Ocean,2.4293,9.2599,200.46
2025-03-30T20:18:25.461226+00:00,0.9445,97.30352,Andaman Sea,1.9439,9.0278,172.94
2023-11-18T23:21:35.264901+00:00,11.9782,92.6036,Bay of Bengal,1.9397,9.4313,229.23
2023-01-23T15:44:57.147471+00:00,2.68139,87.42872,Indian Ocean,1.468,8.453,168.35
2023-05-25T18:22:37.431359+00:00,-0.16274,89.95834,Indian Ocean,1.8198,8.1513,218.42
2023-05-10T03:59:32.385347+00:00,10.32519,82.47481,Bay of Bengal,1.9207,10.1703,184.8
2024-03-06T08:25:48.737945+00:00,4.20192,75.77733,Indian Ocean,1.7644,10.0922,173.18
2024-08-26T08:04:33.238886+00:00,1.63294,77.95838,Indian Ocean,2.0918,8.3538,243.61
2024-04-21T13:13:59.581186+00:00,16.86169,99.68669,Bay of Bengal,2.2962,10.7555,228.11
2024-10-03T21:10:19.143699+00:00,23.72975,81.6033,Indian Ocean,2.3026,8.5693,287.96
2025-01-16T10:14:33.454566+00:00,12.0308,61.98251,Arabian Sea,1.5561,7.9275,226.3
2023-10-23T05:56:13.059084+00:00,16.1151,83.48545,Bay of Bengal,1.6236,8.612,287.2
2023-06-10T23:04:15.213930+00:00,-0.51431,84.53694,Indian Ocean,1.3441,7.0106,230.51
2025-02-07T20:18:58.063783+00:00,-4.81692,93.68205,Indian Ocean,1.3801,8.4539,177.25
2024-12-23T06:01:59.944749+00:00,-2.90979,76.09539,Indian Ocean,0.9901,6.968,235.33
2024-02-05T21:09:49.813819+00:00,16.36775,73.38269,Arabian Sea,1.3478,7.8646,171.77
2023-01-12T23:44:19.955902+00:00,14.17985,90.74062,Bay of Bengal,2.0806,7.6705,172.04
2023-05-12T05:20:08.543017+00:00,3.56611,82.98225,Indian Ocean,1.6297,8.0678,191.37
2025-06-14T09:02:20.265597+00:00,7.8405,69.49913,Arabian Sea,1.4408,8.3692,200.97
2024-12-20T12:18:30.634614+00:00,13.44806,96.354,Bay of Bengal,1.4561,9.9013,208.2
2023-06-21T16:37:07.554941+00:00,9.5301,61.24928,Arabian Sea,2.0929,6.871,181.85
2025-04-29T23:32:34.337240+00:00,9.17275,88.3302,Bay of Bengal,2.3419,9.6928,163.77
2023-01-03T09:12:56.025364+00:00,15.36687,62.68468,Arabian Sea,1.3731,9.0661,266.09
2023-12-14T17:39:30.006909+00:00,2.85886,73.68228,Indian Ocean,1.3204,8.3063,233.15
2025-03-03T02:17:47.353489+00:00,0.24642,94.34657,Andaman Sea,2.0075,9.526,159.66
2023-12-08T18:01:15.206987+00:00,23.20511,64.67517,Arabian Sea,1.6382,8.9563,266.67
2023-03-04T08:18:28.646272+00:00,8.23637,67.15314,Arabian Sea,2.0547,7.9204,217.69
2023-02-07T03:23:19.681301+00:00,4.40502,73.19926,Indian Ocean,1.9633,9.6936,192.05
2023-10-07T06:55:42.679679+00:00,17.01838,69.39865,Arabian Sea,2.3375,8.0993,289.84
2025-11-05T14:41:12.169083+00:00,14.66504,94.11417,Bay of Bengal,1.2979,7.6564,247.6
2025-08-23T15:03:25.671650+00:00,-0.42695,72.81703,Indian Ocean,2.1924,8.8779,253.93
2025-08-12T18:20:00.385250+00:00,3.85295,68.6648,Indian Ocean,1.7564,8.5884,244.73
2023-08-09T19:18:15.109417+00:00,15.68347,64.22577,Arabian Sea,2.3541,9.6126,184.12
2025-12-23T00:25:35.415936+00:00,2.32754,91.13935,Andaman Sea,1.6825,8.3939,185.18
2025-03-24T00:30:45.000433+00:00,12.17877,83.48626,Bay of Bengal,2.611,8.7282,164.05
2024-04-04T03:11:27.960517+00:00,6.49106,93.43966,Bay of Bengal,2.9795,8.7693,163.66
2024-06-16T08:44:50.363475+00:00,12.25567,82.15094,Bay of Bengal,1.6935,9.6225,246.75
2025-05-24T10:58:23.355347+00:00,-1.83929,80.3104,Indian Ocean,1.502,8.9129,196.72
2023-09-02T07:05:01.094776+00:00,23.59523,87.75943,Indian Ocean,1.9032,7.5234,275.46
2025-06-10T16:29:48.620320+00:00,18.57459,88.26918,Bay of Bengal,1.7692,8.9286,229.2
2024-07-01T04:44:51.079531+00:00,-4.33089,70.57654,Indian Ocean,1.9397,9.3049,200.78
2023-05-04T13:03:47.490549+00:00,0.63112,81.40733,Indian Ocean,1.6589,7.6037,179.63
2024-06-08T06:03:27.657815+00:00,4.53562,86.63958,Indian Ocean,1.8216,8.092,193.99
2023-07-04T04:29:26.523760+00:00,18.30477,91.63589,Bay of Bengal,1.2449,8.4918,236.16
2023-01-09T23:16:05.551453+00:00,20.33995,97.28404,Bay of Bengal,1.5857,8.8859,186.55
2024-12-23T02:21:39.810858+00:00,-3.12636,68.11305,Indian Ocean,1.5658,8.602,276.97
2024-12-29T22:37:54.415933+00:00,21.37771,77.50433,Arabian Sea,1.6879,9.039,234.52
2024-08-13T09:58:47.890640+00:00,1.84331,81.17573,Indian Ocean,1.3227,8.5095,252.58
2025-09-09T13:51:18.176093+00:00,21.20924,86.92383,Bay of Bengal,1.9491,8.5273,249.05
2023-08-13T03:21:32.469756+00:00,23.78799,61.62462,Arabian Sea,2.0775,9.1596,228.67
2024-09-18T21:07:45.782336+00:00,2.58808,95.93537,Andaman Sea,1.9829,9.4635,282.3
2024-04-07T00:43:37.681059+00:00,21.8522,95.71179,Bay of Bengal,2.4778,11.6521,191.57
2024-02-17T15:35:16.722203+00:00,22.77492,95.81574,Indian Ocean,2.3755,9.8013,156.05
2025-01-08T20:21:18.802379+00:00,-2.87885,85.38222,Indian Ocean,1.8062,8.1229,201.35
2024-04-10T18:36:36.139399+00:00,23.38228,77.06307,Arabian Sea,2.4785,9.1325,188.41
2025-09-20T16:50:45.849289+00:00,10.54683,68.45789,Arabian Sea,2.4871,10.9653,259.68
2024-05-31T19:48:59.389364+00:00,10.50846,73.58213,Arabian Sea,1.7913,7.744,179.98
2025-08-02T23:51:11.669688+00:00,23.53573,84.35914,Indian Ocean,1.8901,9.5977,240.8
2025-08-03T08:37:15.530000+00:00,-1.74985,89.96635,Indian Ocean,1.6179,9.0622,264.22
2024-02-12T20:10:31.065144+00:00,17.39177,65.41397,Arabian Sea,2.1599,8.764,215.82
2025-11-22T19:27:17.432415+00:00,21.00533,62.51196,Arabian Sea,2.1483,9.1998,253.27
2025-04-16T06:30:03.509410+00:00,-1.43464,99.05894,Andaman Sea,2.2916,9.615,166.15
2024-03-07T21:50:44.956197+00:00,14.8154,98.86958,Bay of Bengal,2.3149,7.2527,184.13
2023-10-10T08:57:11.809939+00:00,10.83087,83.12487,Bay of Bengal,2.163,8.6565,298.32
2023-07-14T11:40:58.924575+00:00,-1.2155,83.71298,Indian Ocean,1.5471,8.4991,268.27
2025-03-03T05:46:25.259696+00:00,21.82449,99.48784,Bay of Bengal,2.5413,9.8685,170.94
2023-12-11T20:53:17.067965+00:00,20.96302,63.80156,Arabian Sea,1.7172,7.2577,253.72
2024-12-02T14:45:51.754299+00:00,19.6466,67.74338,Arabian Sea,2.5122,10.3142,278.16
2024-05-06T10:55:09.791994+00:00,13.75161,76.27691,Arabian Sea,2.3224,8.1897,164.29
2023-07-11T10:44:57.469206+00:00,-0.80641,62.6327,Indian Ocean,1.3931,8.9397,177.41
2023-04-28T10:09:51.875629+00:00,3.08023,68.80418,Indian Ocean,1.8377,8.3916,169.08
2023-10-08T14:43:44.953866+00:00,5.15037,62.43526,Arabian Sea,1.9317,9.9611,246.61
2024-07-31T23:03:56.539551+00:00,13.14599,80.44271,Bay of Bengal,1.0421,7.3209,265.7
2025-10-29T02:25:28.949938+00:00,16.29075,97.16372,Bay of Bengal,2.4928,9.5344,250.61
2023-11-30T06:30:32.626692+00:00,-2.11413,73.41121,Indian Ocean,1.8018,8.7119,247.38
2025-03-08T09:31:19.812243+00:00,7.24935,85.47766,Bay of Bengal,2.2458,7.313,145.87
2023-08-16T06:57:40.994446+00:00,10.36201,82.71689,Bay of Bengal,1.9523,9.0083,270.3
2025-11-08T09:54:50.513910+00:00,2.90574,71.43714,Indian Ocean,1.8467,8.3355,280.09
2024-04-29T23:37:01.331434+00:00,15.24007,62.12811,Arabian Sea,2.3742,7.9688,137.05
2024-01-23T00:33:48.739968+00:00,23.49988,88.03178,Indian Ocean,1.4628,7.2028,187.68
2024-09-03T08:38:23.023050+00:00,11.98476,91.87954,Bay of Bengal,2.1951,9.2405,254.42
2024-04-18T23:18:11.100651+00:00,8.05568,85.15231,Bay of Bengal,1.8651,7.4057,160.69
2023-03-31T03:04:08.603291+00:00,12.28306,91.32667,Bay of Bengal,1.8235,8.8464,147.24
2024-01-29T16:38:33.140428+00:00,0.60331,70.54534,Indian Ocean,2.1305,9.4522,208.66
2025-11-04T10:53:45.389497+00:00,1.86552,65.37398,Indian Ocean,1.8468,7.3013,286.26
2024-11-29T01:19:35.174297+00:00,13.82002,97.97391,Bay of Bengal,1.7859,8.376,235.38
2025-01-15T22:04:55.384078+00:00,11.64644,75.26185,Arabian Sea,1.6008,9.1061,209.23
2025-07-13T11:04:32.955782+00:00,16.0554,66.37162,Arabian Sea,1.9012,8.2523,192.77
2024-01-21T19:25:45.783033+00:00,14.21315,94.85803,Bay of Bengal,2.107,8.6497,194.6
2024-10-16T09:48:09.564493+00:00,8.16717,72.27332,Arabian Sea,2.118,8.2358,260.81
2024-04-04T06:02:52.477149+00:00,23.7803,88.14576,Indian Ocean,2.391,9.448,168.17
2024-02-22T23:52:15.767474+00:00,9.02624,76.28848,Arabian Sea,2.5255,9.4907,153.28
2024-01-14T09:07:14.617466+00:00,23.39266,67.58784,Arabian Sea,1.7972,7.6886,226.36
2025-05-29T12:56:46.119990+00:00,-1.09257,60.39159,Indian Ocean,1.3894,7.9152,189.68
2023-04-11T19:08:33.319547+00:00,23.52225,89.70993,Indian Ocean,2.2782,9.091,185.44
2024-01-31T19:52:31.674626+00:00,18.145,73.29176,Arabian Sea,1.7467,7.4391,210.15
2023-02-18T15:27:13.938477+00:00,14.40339,82.55906,Bay of Bengal,2.2866,8.9864,183.29
2025-07-17T10:05:00.751981+00:00,10.60718,90.39389,Bay of Bengal,1.9379,8.9133,266.42
2023-06-18T18:24:13.218223+00:00,21.27669,80.35081,Bay of Bengal,1.3504,9.038,200.04
2025-06-17T21:55:49.449255+00:00,9.78098,94.89275,Bay of Bengal,1.804,9.9452,220.58
2025-07-02T01:37:53.890775+00:00,3.2925,96.30101,Andaman Sea,0.798,8.4224,280.56
2025-11-17T17:12:52.183153+00:00,4.61813,60.62876,Indian Ocean,1.7351,7.9604,281.33
2024-06-17T00:05:14.630628+00:00,-0.91925,75.00582,Indian Ocean,1.5081,7.3303,199.18
2024-09-30T17:49:09.778491+00:00,15.06488,60.86584,Arabian Sea,2.2148,8.3756,262.54
2025-12-12T07:33:01.522006+00:00,7.92351,94.3832,Bay of Bengal,1.78,8.1579,242.94
2025-02-20T14:17:35.182831+00:00,10.10237,61.72647,Arabian Sea,2.6968,8.9743,208.97
2024-03-24T14:19:35.538328+00:00,12.20424,68.30033,Arabian Sea,2.1699,8.5522,134.38
2023-07-19T11:25:51.207385+00:00,1.33667,94.41816,Andaman Sea,1.3214,7.9937,252.95
2025-03-05T11:46:01.679477+00:00,21.99055,96.59585,Bay of Bengal,1.9446,9.0839,150.66
2023-11-13T23:24:36.405581+00:00,4.43728,89.80859,Indian Ocean,1.9863,9.3436,238.29
2024-11-19T12:20:14.889576+00:00,20.20453,60.84882,Arabian Sea,1.7271,8.5934,274.31
2024-06-03T11:12:25.759944+00:00,-3.37438,70.46957,Indian Ocean,1.7575,9.3804,226.86
2024-08-07T15:17:38.380666+00:00,-4.19956,92.87025,Indian Ocean,1.6423,8.827,261.02
2023-07-22T20:15:09.152476+00:00,14.75336,91.56872,Bay of Bengal,1.7307,7.7929,264.79
2024-12-26T04:28:29.809739+00:00,3.45474,85.53588,Indian Ocean,1.7362,10.3615,201.48
2025-05-25T22:15:35.631186+00:00,23.47623,80.08466,Indian Ocean,1.9471,8.4891,173.92
2025-10-03T15:44:29.658929+00:00,14.96124,75.77947,Arabian Sea,2.8271,9.4636,272.12
2023-10-07T05:33:25.827761+00:00,13.82142,85.53742,Bay of Bengal,2.637,9.401,260.25
2024-08-14T16:36:28.052037+00:00,-1.69999,82.34852,Indian Ocean,1.4648,8.1461,258.4
2025-01-17T06:19:04.742450+00:00,8.37418,63.30812,Arabian Sea,1.999,9.2486,243.33
2025-02-06T01:20:40.722547+00:00,6.03048,96.2953,Bay of Bengal,1.8136,8.9028,184.93
2023-06-16T21:18:41.306392+00:00,-2.63507,72.88302,Indian Ocean,1.8917,7.7947,198.85
2023-11-06T20:12:25.175475+00:00,2.97506,96.12692,Andaman Sea,2.3163,9.9534,240.09
2024-03-27T16:14:50.397272+00:00,-1.11495,62.07615,Indian Ocean,1.9868,9.4968,179.37
2024-12-13T01:42:13.491048+00:00,21.09442,89.22486,Bay of Bengal,1.2871,8.9483,210.4
2024-12-25T05:50:33.283633+00:00,17.64769,81.9147,Bay of Bengal,1.4596,9.415,186.59
2024-08-03T07:17:39.340102+00:00,7.20959,86.60163,Bay of Bengal,1.2275,7.9267,253.6
2024-03-11T03:45:33.132094+00:00,12.56351,86.54365,Bay of Bengal,1.9809,8.9799,167.26
2023-02-26T02:28:49.158369+00:00,0.6168,75.36673,Indian Ocean,1.9208,9.5659,147.07
2025-02-05T23:30:42.526939+00:00,1.88049,74.13498,Indian Ocean,1.7911,7.4324,193.77
2024-10-12T18:48:33.467692+00:00,2.21645,89.1206,Indian Ocean,2.7495,8.6343,282.54
2023-04-07T09:45:23.825752+00:00,19.59479,65.07004,Arabian Sea,2.3791,9.0089,189.02
2025-05-31T22:16:39.128939+00:00,5.15775,71.96256,Arabian Sea,2.2614,9.5486,179.88
2024-11-22T21:13:47.374124+00:00,-1.33351,93.4003,Andaman Sea,1.9702,9.6211,231.24
2025-03-24T03:07:47.156955+00:00,6.90937,61.09202,Arabian Sea,2.5721,9.1515,166.92
2023-05-20T19:48:12.223461+00:00,21.67262,79.29615,Bay of Bengal,2.03,9.0151,179.4
2024-01-26T03:36:58.486832+00:00,14.90857,80.15747,Bay of Bengal,1.5607,8.7763,188.53
2023-05-25T10:08:07.251218+00:00,1.9649,86.10985,Indian Ocean,1.261,8.355,211.72
2023-01-05T00:12:47.158951+00:00,-1.99583,74.44935,Indian Ocean,1.303,8.4428,190.66
2023-12-22T04:18:47.500725+00:00,17.16604,72.75053,Arabian Sea,1.7745,7.7071,278.01
2025-02-01T17:14:07.526497+00:00,8.59853,60.61862,Arabian Sea,2.0845,8.8706,233.34
2024-03-28T20:47:01.272338+00:00,16.61168,80.88977,Bay of Bengal,2.1873,10.0344,200.44
2023-12-26T09:41:22.204008+00:00,1.29317,85.32882,Indian Ocean,1.0675,7.5636,222.69
2023-03-16T16:08:06.840873+00:00,-3.45086,93.97771,Indian Ocean,1.7029,9.7781,184.6
2024-11-03T20:50:13.095512+00:00,0.62371,73.39937,Indian Ocean,1.6113,8.4654,273.65
2025-09-15T16:24:08.726752+00:00,1.88717,99.26816,Andaman Sea,1.7247,8.8361,302.95
2024-01-01T08:55:36.170355+00:00,0.32981,74.81373,Indian Ocean,1.7389,8.218,232.34
2025-06-18T11:41:25.709011+00:00,7.5251,94.15874,Bay of Bengal,2.0367,9.3402,253.76
2024-10-31T01:21:55.019229+00:00,9.86766,98.70658,Bay of Bengal,2.0633,9.4519,262.82
2025-04-27T23:34:28.732273+00:00,1.61848,92.96325,Andaman Sea,1.2689,8.8685,197.93
2024-07-23T19:44:34.020856+00:00,23.43385,90.35759,Indian Ocean,1.5027,8.0246,268.34
2023-10-24T23:41:29.159149+00:00,23.3711,65.88277,Arabian Sea,2.4722,9.1104,291.46
2024-08-20T04:29:39.630691+00:00,5.01123,72.13419,Arabian Sea,1.841,8.8013,246.67
2025-04-13T09:58:28.168766+00:00,-1.79114,75.71529,Indian Ocean,2.2577,9.433,166.02
2024-08-27T09:09:46.583798+00:00,-2.76139,72.92334,Indian Ocean,2.2145,9.3994,267.57
2025-05-29T01:32:39.539970+00:00,17.87278,87.65884,Bay of Bengal,1.6689,8.7518,227.09
2023-04-19T09:42:28.396936+00:00,21.26717,65.63489,Arabian Sea,1.9629,8.4324,143.01
2024-05-01T22:51:17.981776+00:00,22.3795,70.6296,Arabian Sea,2.0887,9.179,160.71
2023-07-15T15:28:12.476297+00:00,19.02656,65.90952,Arabian Sea,1.9603,10.038,235.92
2023-06-16T12:12:24.472415+00:00,14.86027,79.1425,Bay of Bengal,1.5441,7.5875,186.75
2023-04-25T01:10:46.777962+00:00,5.63541,84.4663,Bay of Bengal,2.7482,9.5644,152.09
2023-08-21T12:08:28.601650+00:00,2.93679,65.67925,Indian Ocean,1.8919,8.2682,266.22
2023-06-15T08:52:21.111197+00:00,6.35702,79.39648,Bay of Bengal,1.2351,7.6788,199.35
2025-04-06T05:47:26.211620+00:00,5.75616,89.007,Bay of Bengal,2.3266,9.3072,166.55
2024-08-09T12:05:06.485453+00:00,14.51304,60.25976,Arabian Sea,2.1531,8.7306,210.65
2023-06-07T20:13:09.018226+00:00,14.7471,79.0636,Bay of Bengal,1.9372,10.123,200.47
2025-06-04T21:46:46.090947+00:00,11.07755,70.91899,Arabian Sea,1.6667,6.3875,205.26
2023-11-26T03:18:29.533969+00:00,-4.29884,63.23523,Indian Ocean,1.9034,7.9976,271.14
2024-02-18T23:24:00.647260+00:00,-1.10205,86.70961,Indian Ocean,1.7553,9.2283,194.15
2023-11-16T09:05:21.894021+00:00,-0.30078,98.06308,Andaman Sea,1.9626,8.424,198.23
2024-10-17T00:16:02.638578+00:00,6.5313,88.94213,Bay of Bengal,2.4457,8.5573,227.02
2025-07-21T11:26:51.521498+00:00,-4.02463,69.57648,Indian Ocean,1.9451,8.9322,214.05
2023-08-23T05:36:08.465902+00:00,6.41889,76.48283,Arabian Sea,1.9257,8.7875,255.56
2023-07-08T07:16:52.986230+00:00,19.82755,91.72485,Bay of Bengal,1.4698,7.915,211.6
2024-04-26T05:12:21.775808+00:00,13.25897,73.18905,Arabian Sea,2.1651,9.7329,140.0
2023-12-11T05:21:30.545392+00:00,4.56548,98.34677,Andaman Sea,1.5444,6.8251,214.49
2025-11-20T22:28:35.737671+00:00,7.17013,71.95733,Arabian Sea,2.012,9.5545,264.94
2023-11-11T15:01:23.609881+00:00,9.00729,82.78336,Bay of Bengal,1.9303,7.6214,268.58
2023-11-28T01:18:06.250062+00:00,-0.14539,88.3963,Indian Ocean,2.0762,7.4527,227.58
2025-03-30T09:31:57.306250+00:00,7.85981,75.42674,Arabian Sea,1.9331,9.9157,192.22
2025-04-01T07:41:22.909526+00:00,19.68712,86.81637,Bay of Bengal,2.5979,8.528,152.66
2023-11-17T22:57:45.425616+00:00,18.6107,97.57036,Bay of Bengal,1.8014,8.5233,224.54
2023-10-24T20:42:39.681086+00:00,10.84676,98.40068,Bay of Bengal,2.2211,8.9388,241.68
2023-03-26T00:09:26.449372+00:00,17.06487,83.63831,Bay of Bengal,2.2354,10.3014,174.1
2023-03-07T03:41:06.989022+00:00,20.36796,89.30252,Bay of Bengal,1.7443,9.1621,184.86
2024-03-20T16:20:50.786371+00:00,18.54492,70.53632,Arabian Sea,2.6436,9.6915,160.41
2023-07-23T02:01:12.392353+00:00,7.8928,72.63886,Arabian Sea,1.9557,8.1074,209.68
2023-10-06T22:59:33.814925+00:00,-0.14842,93.65995,Andaman Sea,2.5054,9.1665,282.19
2024-01-15T11:13:22.703886+00:00,12.69291,87.70988,Bay of Bengal,1.9079,9.1659,175.27
2023-02-08T16:27:05.671946+00:00,8.09021,84.54834,Bay of Bengal,1.6584,8.5724,189.31
2023-05-24T10:17:26.298105+00:00,21.99198,97.66696,Bay of Bengal,2.3339,9.0629,195.47
2023-06-23T11:53:56.140564+00:00,22.66144,65.8072,Arabian Sea,1.6393,8.1918,198.31
2025-09-23T17:46:38.077101+00:00,13.3569,95.6091,Bay of Bengal,2.6162,10.3139,297.18
2025-06-19T12:46:01.812291+00:00,4.81422,78.02278,Indian Ocean,1.4827,8.711,220.42
2025-04-01T17:28:04.953232+00:00,1.70968,66.12978,Indian Ocean,2.162,8.2836,168.66
2024-07-11T17:12:24.079431+00:00,19.13122,82.73946,Bay of Bengal,1.2445,8.0951,234.16
2025-07-06T05:15:39.867356+00:00,14.68755,69.39976,Arabian Sea,1.7874,8.5838,195.48
2024-05-05T06:37:30.052437+00:00,16.04923,87.40595,Bay of Bengal,2.1176,10.4616,208.99
2024-03-03T03:32:53.551603+00:00,18.60425,65.47996,Arabian Sea,2.0247,8.3119,197.78
2023-04-05T23:20:14.725068+00:00,12.01819,99.66493,Bay of Bengal,2.1869,8.3367,208.88
2024-11-02T11:23:16.866870+00:00,4.19846,92.72347,Andaman Sea,2.0027,8.5387,272.24
2025-12-31T02:17:37.338181+00:00,9.10652,69.16465,Arabian Sea,1.0714,8.232,250.23
2024-09-20T05:34:41.839925+00:00,10.41881,94.72025,Bay of Bengal,1.366,7.8489,256.92
2023-02-18T16:03:20.042014+00:00,4.35575,79.82513,Indian Ocean,1.8716,9.6389,193.34
2023-01-30T21:25:15.326660+00:00,8.64703,94.8904,Bay of Bengal,1.9136,9.4806,187.04
2025-12-23T05:20:53.082507+00:00,11.1855,86.80662,Bay of Bengal,1.6009,7.4143,198.33
2023-10-27T16:01:23.894154+00:00,15.72718,61.76166,Arabian Sea,2.1816,9.9734,277.41
2025-09-14T23:20:42.363084+00:00,10.38293,81.93027,Bay of Bengal,1.6994,9.6021,244.1
2025-11-17T12:51:50.180983+00:00,12.71211,79.62567,Bay of Bengal,1.4634,6.1207,239.47
2025-02-27T09:19:37.700237+00:00,-3.85519,74.19861,Indian Ocean,1.5799,7.6858,171.03
2024-11-11T14:53:07.531128+00:00,8.6373,70.90326,Arabian Sea,2.1975,8.1205,264.43
2023-06-20T12:39:31.953529+00:00,17.39392,69.439,Arabian Sea,1.688,9.1389,198.38
2023-09-11T06:17:20.748890+00:00,12.81284,64.0955,Arabian Sea,2.3715,9.2636,245.88
2023-01-26T08:19:20.342486+00:00,19.10017,93.71622,Bay of Bengal,2.0839,7.3911,184.24
2025-06-11T10:21:24.620776+00:00,-3.94286,64.35825,Indian Ocean,1.7951,7.2986,201.07
2024-10-28T22:37:05.811639+00:00,20.73855,89.29991,Bay of Bengal,2.3455,8.9159,241.76
2023-01-29T13:22:58.182561+00:00,5.56354,88.33755,Bay of Bengal,2.1082,9.1065,173.58
2025-08-25T12:30:52.406114+00:00,7.39326,82.00872,Bay of Bengal,1.8317,8.8954,274.49
2024-12-26T03:51:55.629997+00:00,-2.19895,86.18312,Indian Ocean,1.9712,8.3154,224.64
2025-12-31T13:23:44.701327+00:00,4.52488,98.14668,Andaman Sea,1.5162,6.9905,164.21
2025-12-20T17:18:32.747977+00:00,22.94302,73.03792,Arabian Sea,2.2534,7.9958,211.21
2025-12-22T15:25:08.245213+00:00,12.72453,64.52487,Arabian Sea,1.9672,9.1044,284.78
2024-02-17T12:25:29.672298+00:00,12.69878,94.65512,Bay of Bengal,1.7373,9.4162,165.69
2025-04-29T13:06:50.146248+00:00,20.49787,96.19261,Bay of Bengal,1.366,6.8564,199.92
2023-10-13T12:19:03.799472+00:00,21.81054,60.80838,Arabian Sea,2.5971,8.3567,282.35
2025-11-06T13:30:37.696381+00:00,15.6018,74.48164,Arabian Sea,1.9385,8.1827,268.52
2024-03-11T20:43:48.531637+00:00,-4.65392,81.97653,Indian Ocean,1.9336,8.6701,136.9
2023-09-13T08:54:26.030297+00:00,18.16883,91.71736,Bay of Bengal,2.5681,9.1505,280.28
2024-08-04T00:25:50.218496+00:00,-3.46562,94.27579,Indian Ocean,1.7696,8.5288,279.41
2025-05-05T15:36:37.288220+00:00,10.24784,95.0879,Bay of Bengal,2.0546,8.2392,223.61
2024-05-29T17:09:19.849718+00:00,8.40637,92.03596,Bay of Bengal,1.9055,7.3421,221.97
2025-04-20T01:28:02.942744+00:00,20.634,85.27857,Bay of Bengal,2.2417,7.9072,167.44
2025-07-26T19:24:30.789140+00:00,19.97917,93.38633,Bay of Bengal,2.1354,9.5589,261.67
2023-12-04T13:49:03.319242+00:00,4.6616,79.72891,Indian Ocean,1.6395,8.4809,217.89
2025-06-23T11:35:58.184044+00:00,8.82831,93.0365,Bay of Bengal,1.6821,7.3357,280.16
2024-02-15T18:44:58.866784+00:00,4.44704,96.98909,Andaman Sea,1.6356,9.4069,149.62
2023-09-16T18:16:43.788795+00:00,18.70489,87.66314,Bay of Bengal,1.7681,8.3222,281.96
2023-02-06T02:04:28.611340+00:00,20.46554,71.75746,Arabian Sea,2.0855,8.1334,269.38
2025-01-15T21:18:54.670784+00:00,-3.14466,78.62163,Indian Ocean,1.3275,7.725,221.04
2023-12-06T08:27:43.976241+00:00,18.0581,96.54234,Bay of Bengal,1.7383,9.1385,195.34
2025-08-15T15:35:09.033233+00:00,-0.43235,63.98136,Indian Ocean,1.5466,8.8304,247.38
2024-09-24T00:58:09.487252+00:00,16.17767,65.02204,Arabian Sea,2.5234,8.6782,230.96
2024-09-27T06:42:34.649790+00:00,11.36737,69.45668,Arabian Sea,2.4447,10.0978,260.81
2024-07-25T15:01:08.960438+00:00,16.57574,77.2095,Arabian Sea,1.8601,8.0062,251.95
2024-07-08T06:46:08.076544+00:00,-0.85991,98.43612,Andaman Sea,1.6282,8.5899,277.5
2024-06-25T15:48:16.211785+00:00,20.62103,97.40624,Bay of Bengal,1.4997,7.8004,260.87
2025-05-16T20:13:52.317994+00:00,-2.30699,60.81179,Indian Ocean,1.7336,7.2314,179.92
2025-06-12T18:02:58.881762+00:00,16.42199,84.6902,Bay of Bengal,1.8963,9.3921,202.76
2024-07-01T20:52:15.893640+00:00,10.27182,97.00806,Bay of Bengal,1.2145,7.7944,263.79
2025-03-08T00:57:38.528502+00:00,-1.05468,73.86975,Indian Ocean,2.0904,8.5363,178.74
2024-07-13T15:08:41.048984+00:00,21.48034,77.12475,Arabian Sea,1.7445,7.3736,240.45
2025-01-26T02:40:59.002823+00:00,20.16458,73.64006,Arabian Sea,1.8745,10.4627,205.82
2024-03-25T23:23:54.459285+00:00,14.31567,81.53538,Bay of Bengal,2.2785,9.2024,179.5
2023-10-23T08:45:45.594024+00:00,18.3734,92.42687,Bay of Bengal,1.7804,9.059,286.69
2024-11-28T13:04:55.624772+00:00,12.64192,78.58525,Bay of Bengal,2.0977,8.3047,212.63
2024-10-27T21:50:56.984176+00:00,-4.46526,64.18061,Indian Ocean,2.3871,9.2176,284.85
2024-11-25T23:56:03.779695+00:00,22.86094,67.43192,Arabian Sea,1.8847,8.9332,280.24
2025-12-08T06:51:36.153524+00:00,12.54642,97.38696,Bay of Bengal,1.8555,8.4777,193.44
2025-12-15T17:31:09.809122+00:00,19.5741,78.96647,Bay of Bengal,1.8183,7.7736,255.6
2025-01-12T05:03:54.936099+00:00,15.57326,71.56893,Arabian Sea,1.8031,10.1042,192.66
2024-10-24T00:44:52.448467+00:00,10.56105,67.94561,Arabian Sea,2.4299,8.3306,296.25
2024-02-27T15:02:17.530492+00:00,-0.95618,85.69593,Indian Ocean,2.2597,10.4346,144.84
2025-06-08T08:54:29.330813+00:00,15.67931,93.29865,Bay of Bengal,1.9804,10.2894,222.61
2025-02-04T05:35:59.719602+00:00,-1.01315,60.43211,Indian Ocean,1.5536,7.0823,239.27
2025-09-27T22:59:41.002007+00:00,3.81024,88.18519,Indian Ocean,2.3118,9.2268,300.26
2023-08-17T21:25:42.187625+00:00,9.94848,92.62897,Bay of Bengal,1.6077,8.1845,300.19
2024-06-28T18:00:56.703457+00:00,-4.95738,99.60193,Indian Ocean,1.2275,9.3689,261.09
2025-10-23T17:57:08.166964+00:00,12.72998,62.39684,Arabian Sea,2.2613,10.0,249.2
2025-05-22T06:00:37.514141+00:00,3.29416,74.61042,Indian Ocean,2.4935,8.6164,193.29
2024-11-30T09:00:35.480645+00:00,-0.69571,78.1576,Indian Ocean,1.2467,7.9856,262.31
2023-06-10T10:22:27.820891+00:00,1.49857,98.24587,Andaman Sea,1.2882,7.5338,242.04
2025-05-31T18:52:03.597892+00:00,20.03472,96.33299,Bay of Bengal,2.1303,8.5973,231.45
2025-04-05T13:12:56.935455+00:00,1.25584,69.93824,Indian Ocean,2.1014,9.1503,173.07
2025-01-07T22:13:55.192521+00:00,-2.87323,85.90284,Indian Ocean,1.5019,9.2532,210.62
2025-01-08T22:43:29.547227+00:00,9.18386,79.40021,Bay of Bengal,1.3451,8.081,196.0
2024-05-16T05:20:07.197639+00:00,20.80154,69.55487,Arabian Sea,1.9917,7.9019,210.12
2025-03-10T03:54:49.431891+00:00,19.68644,63.88962,Arabian Sea,2.0988,9.3602,154.81
2023-10-05T15:49:38.252611+00:00,2.04249,83.41365,Indian Ocean,2.3676,9.3242,287.59
2025-08-17T15:01:52.886988+00:00,5.20686,87.94192,Bay of Bengal,1.9158,8.08,297.76
2023-04-19T00:51:55.308493+00:00,8.42334,60.16133,Arabian Sea,2.4431,8.9432,203.6
2025-02-10T04:12:48.248843+00:00,3.3315,62.53526,Indian Ocean,1.959,8.6211,228.06
2025-09-30T16:18:34.884274+00:00,12.3234,91.96082,Bay of Bengal,1.9983,8.9558,251.47
2024-02-13T02:34:36.560201+00:00,-1.45494,85.29309,Indian Ocean,1.6879,9.8203,136.21
2025-02-03T11:11:11.971835+00:00,16.84893,94.16731,Bay of Bengal,1.6637,8.6944,149.1
2025-01-07T12:43:53.522547+00:00,19.15922,73.34704,Arabian Sea,1.4246,7.2856,202.33
2023-02-05T15:09:08.195096+00:00,-4.40279,97.00897,Indian Ocean,2.0955,10.0846,162.51
2024-03-19T00:57:39.885931+00:00,15.03705,91.8735,Bay of Bengal,2.1288,7.0835,185.41
2025-10-14T12:51:15.390602+00:00,6.67993,71.39726,Arabian Sea,2.1652,7.3238,284.83
2023-11-30T03:31:46.758903+00:00,10.70471,92.05303,Bay of Bengal,1.7581,6.7697,224.0
2024-03-16T14:41:44.631179+00:00,12.84869,66.64095,Arabian Sea,2.4256,9.1991,168.72
2025-04-20T13:33:32.904049+00:00,23.76086,69.09496,Arabian Sea,2.4649,9.9394,165.36
2023-06-16T15:32:30.004724+00:00,-2.81516,99.40361,Indian Ocean,0.8064,8.3844,250.45
2024-04-28T01:41:58.605604+00:00,23.99341,81.79948,Indian Ocean,1.7537,7.3181,188.26
2024-03-28T13:01:21.624743+00:00,5.28118,96.31429,Bay of Bengal,2.4011,8.8599,157.38
2024-06-30T01:15:32.325929+00:00,11.29174,88.06721,Bay of Bengal,1.376,6.8958,265.03
2023-01-02T08:42:22.749219+00:00,-0.52064,62.81016,Indian Ocean,1.5157,8.3125,220.51
2025-05-20T01:06:37.858067+00:00,16.34903,80.48964,Bay of Bengal,1.6978,8.9229,200.45
2024-11-24T22:49:34.014122+00:00,5.49805,88.84114,Bay of Bengal,1.7166,7.2782,221.5
2023-09-04T08:47:27.076052+00:00,18.51542,76.73006,Arabian Sea,1.9596,7.5616,244.74
2024-05-06T13:25:34.533787+00:00,-4.74448,69.1304,Indian Ocean,2.5327,9.7449,191.16
2025-06-12T08:42:20.180490+00:00,-2.84751,99.8834,Indian Ocean,2.2351,8.6104,250.18
2024-11-12T10:24:36.613779+00:00,20.88637,77.31594,Arabian Sea,2.4911,9.5437,268.55
2025-05-18T05:40:12.409958+00:00,5.83404,89.41285,Bay of Bengal,2.504,9.6628,236.47
2025-02-26T10:07:37.588200+00:00,21.8932,92.43131,Bay of Bengal,2.9116,9.4947,181.49
2024-01-09T01:18:17.694649+00:00,17.13785,63.89063,Arabian Sea,1.7469,10.4428,234.38
2024-07-18T09:41:44.463081+00:00,5.33278,68.8658,Arabian Sea,1.351,8.2011,189.64
2025-10-05T14:15:06.302059+00:00,13.86272,81.37278,Bay of Bengal,2.3746,9.3244,298.16
2025-07-28T08:24:46.773703+00:00,8.61144,62.52771,Arabian Sea,1.5572,9.3837,212.24
2024-11-11T10:37:04.536637+00:00,2.91236,78.35177,Indian Ocean,2.2157,8.6939,241.05
2023-09-06T20:55:55.888600+00:00,0.06509,69.91324,Indian Ocean,2.2089,8.3242,259.93
2025-03-27T14:28:40.185791+00:00,-4.55373,85.44766,Indian Ocean,1.8982,8.7661,186.18
2024-01-13T00:52:30.527436+00:00,7.25064,70.86206,Arabian Sea,1.8773,8.3203,233.07
2025-12-01T21:44:15.652341+00:00,3.47615,79.248,Indian Ocean,1.4256,7.1292,240.7
2024-07-11T09:40:55.862924+00:00,0.70902,82.98095,Indian Ocean,1.5451,7.7389,273.65
2023-01-01T22:11:01.221023+00:00,0.09319,93.32217,Andaman Sea,1.0734,7.3143,186.97
2024-09-04T15:48:53.693604+00:00,1.51548,89.94487,Indian Ocean,2.0805,8.797,276.89
2023-05-27T20:36:32.352129+00:00,18.46715,93.19006,Bay of Bengal,1.6506,9.3112,224.22
2023-08-01T14:28:07.674273+00:00,16.11182,86.85271,Bay of Bengal,1.8142,10.1351,285.79
2023-06-18T19:37:24.621959+00:00,18.72599,98.6654,Bay of Bengal,2.1844,8.627,232.73
2023-04-04T16:00:25.759921+00:00,-2.42393,84.9755,Indian Ocean,1.8624,8.8386,185.85
2024-07-07T12:17:33.207940+00:00,18.38907,64.17245,Arabian Sea,1.1916,8.0075,220.17
2023-04-30T09:11:34.064205+00:00,5.92988,88.66578,Bay of Bengal,1.6335,7.8562,176.15
2025-10-22T11:56:23.187829+00:00,-0.32331,71.15542,Indian Ocean,2.1474,7.3105,266.05
2025-06-19T23:47:11.456772+00:00,23.47394,96.50721,Indian Ocean,1.455,6.5732,238.11
2023-07-13T20:42:18.340585+00:00,12.61069,95.85097,Bay of Bengal,1.4388,7.8441,267.91
2024-11-15T16:07:38.867178+00:00,8.33215,78.6704,Bay of Bengal,1.6667,8.6381,243.52
2025-07-10T08:54:20.988177+00:00,21.55196,81.28232,Bay of Bengal,1.2764,8.3316,232.63
2024-01-23T23:57:30.014922+00:00,6.22351,85.44762,Bay of Bengal,2.1745,9.4436,193.82
2023-06-19T12:45:04.156799+00:00,14.43082,85.11965,Bay of Bengal,1.7775,8.5949,236.11
2023-12-20T07:13:55.268483+00:00,10.67722,85.90354,Bay of Bengal,1.2862,8.175,210.65
2025-11-08T07:27:45.429657+00:00,-1.22564,97.2124,Andaman Sea,1.6997,7.0428,208.99
2024-03-02T19:49:00.530542+00:00,16.38788,63.53043,Arabian Sea,2.9671,10.2086,206.31
2024-04-08T22:07:55.349484+00:00,22.32657,82.79039,Indian Ocean,2.1985,8.5961,173.22
2025-01-27T22:52:37.477221+00:00,14.7752,62.69806,Arabian Sea,2.0712,8.3943,206.53
2025-10-05T09:28:25.567159+00:00,10.95167,80.78845,Bay of Bengal,2.8244,10.5715,254.96
2025-08-21T21:45:02.804377+00:00,22.536,62.79377,Arabian Sea,2.3694,9.2694,232.22
2023-03-16T19:22:15.850098+00:00,20.98426,87.48049,Bay of Bengal,2.3334,9.9486,174.18
2023-08-20T12:48:12.018430+00:00,5.58585,94.61432,Bay of Bengal,1.7005,9.1059,267.25
2025-01-02T17:50:58.637470+00:00,20.86462,78.37909,Bay of Bengal,1.9123,9.3126,249.03
2023-10-23T00:30:17.763953+00:00,22.94267,89.01595,Indian Ocean,2.0383,9.2172,274.69
2025-03-11T09:03:32.930930+00:00,6.42807,86.25697,Bay of Bengal,2.988,8.4706,189.95
2025-09-14T18:34:52.203451+00:00,11.41836,90.66811,Bay of Bengal,2.3034,8.5099,260.71
2024-07-17T01:50:28.185321+00:00,22.33822,96.69531,Indian Ocean,1.6042,7.4551,272.21
2023-12-31T16:44:25.452679+00:00,21.58103,89.50234,Bay of Bengal,1.6914,9.0566,190.03
2023-04-23T04:01:34.051187+00:00,23.40365,77.36867,Arabian Sea,2.2926,9.5944,174.95
2023-02-18T09:42:50.378748+00:00,2.11294,93.839,Andaman Sea,1.9462,9.0104,180.0
2023-12-29T11:44:17.113263+00:00,1.27689,73.16907,Indian Ocean,1.055,8.0518,196.06
2024-07-26T14:59:36.738030+00:00,22.54201,60.45904,Arabian Sea,2.0934,9.2657,211.94
2023-02-04T10:48:38.729880+00:00,10.22847,69.18428,Arabian Sea,1.9755,6.8743,202.51
2025-08-10T08:55:33.269342+00:00,15.88093,96.02914,Bay of Bengal,2.0948,8.7924,270.12
2023-01-09T14:55:11.901449+00:00,8.62403,60.17381,Arabian Sea,1.8484,9.3301,262.05
2025-03-20T15:11:12.425681+00:00,-1.8933,89.14329,Indian Ocean,2.0023,8.8577,152.98
2025-06-29T08:34:52.917726+00:00,22.25818,75.74923,Arabian Sea,1.3041,8.1792,194.12
2025-11-20T18:41:12.144209+00:00,7.35223,85.73407,Bay of Bengal,1.6413,9.4598,241.3
2025-07-06T02:04:30.455474+00:00,18.86138,66.20347,Arabian Sea,1.8104,8.4418,187.28
2025-04-18T16:36:00.938914+00:00,17.14986,98.73252,Bay of Bengal,2.0517,7.7885,168.43
2025-08-09T08:59:52.724630+00:00,11.40792,60.04564,Arabian Sea,1.8024,9.3986,154.9
2025-11-27T20:03:02.852912+00:00,18.44865,93.71593,Bay of Bengal,1.8505,9.4493,232.77
2024-09-21T19:07:30.870451+00:00,15.39154,93.22207,Bay of Bengal,2.2727,8.1702,260.51
2025-09-16T02:29:50.093340+00:00,8.1553,76.76253,Arabian Sea,2.0042,8.1195,301.6
2025-09-19T02:30:13.506052+00:00,14.13835,62.5035,Arabian Sea,2.3763,10.0534,257.22
2025-12-31T20:30:44.372695+00:00,22.21432,85.53076,Indian Ocean,1.267,6.9699,228.46
2025-10-10T00:02:25.773012+00:00,4.98552,95.59263,Andaman Sea,1.9532,10.237,267.93
2023-06-20T16:06:30.305289+00:00,16.11197,98.93215,Bay of Bengal,1.6683,8.7501,240.16
2024-08-29T16:11:39.637004+00:00,13.32678,64.7672,Arabian Sea,2.2456,8.6571,293.61
2023-03-17T19:41:06.501448+00:00,7.62068,69.17085,Arabian Sea,2.1301,9.4231,196.46
2025-02-22T18:30:11.361973+00:00,16.51963,83.5154,Bay of Bengal,2.2151,9.3349,140.62
2023-02-04T04:50:43.812443+00:00,15.49415,62.54522,Arabian Sea,1.7789,9.2988,233.46
2024-10-12T16:07:39.000601+00:00,-1.48464,69.73949,Indian Ocean,2.1921,7.8223,262.48
2025-05-25T19:14:26.821836+00:00,2.11753,89.83223,Indian Ocean,2.0294,8.3116,178.96
2024-03-08T06:26:40.031584+00:00,14.61353,94.96721,Bay of Bengal,1.8538,6.4622,168.33
2023-01-19T08:18:17.504198+00:00,23.65935,67.69056,Arabian Sea,1.7447,9.1073,230.92
2023-12-11T00:16:51.498962+00:00,-1.69486,83.38761,Indian Ocean,1.0317,8.3054,201.36
2023-03-29T10:45:42.111398+00:00,4.99201,86.40066,Indian Ocean,2.3168,9.2233,171.49
2024-06-01T16:47:59.519432+00:00,17.25405,72.91307,Arabian Sea,1.8411,9.3222,215.95
2023-03-19T12:22:36.362618+00:00,7.88639,99.53525,Bay of Bengal,1.6376,8.912,173.0
2023-06-27T01:48:19.716685+00:00,18.8455,63.79834,Arabian Sea,1.487,8.3279,186.95
2024-05-24T05:34:38.050832+00:00,2.29557,72.03248,Indian Ocean,1.403,8.314,166.78
2025-12-21T21:24:33.421675+00:00,0.49162,66.24644,Indian Ocean,1.7153,9.8931,250.02
2023-04-27T10:11:18.418141+00:00,10.99332,95.55426,Bay of Bengal,1.6014,8.5293,187.74
2024-12-05T20:15:10.005945+00:00,-4.48764,90.29244,Indian Ocean,1.9386,7.6296,216.64
2025-11-05T17:07:36.628786+00:00,4.4434,87.97187,Indian Ocean,2.1164,9.937,258.89
2023-02-14T08:54:53.080109+00:00,-4.87146,68.16311,Indian Ocean,1.8465,8.0659,160.29
2025-06-16T21:57:17.844659+00:00,1.19362,94.1026,Andaman Sea,1.3269,8.334,271.53
2025-12-27T23:04:58.025108+00:00,11.96733,91.14182,Bay of Bengal,1.716,8.2897,208.82
2023-08-05T04:33:30.698988+00:00,0.19699,67.80485,Indian Ocean,2.2985,8.8577,200.32
2024-02-29T13:08:17.199800+00:00,5.39131,94.17342,Bay of Bengal,1.9889,7.4405,177.18
2023-08-10T18:32:28.779021+00:00,7.01132,85.68546,Bay of Bengal,1.9921,7.7158,304.47
2024-11-28T06:16:59.969899+00:00,17.93571,95.65361,Bay of Bengal,1.5172,8.3224,207.02
2023-09-14T21:37:58.459408+00:00,21.78768,60.52483,Arabian Sea,1.9997,8.6322,240.74
2024-01-01T15:55:49.903447+00:00,21.07646,65.90665,Arabian Sea,1.5667,7.2229,264.96
2024-04-12T09:52:38.999442+00:00,12.9599,68.93258,Arabian Sea,2.531,8.2739,168.19
2025-03-02T17:26:56.674038+00:00,3.0075,81.40718,Indian Ocean,2.0055,8.7143,192.52
2024-12-31T23:21:31.009773+00:00,-4.42097,94.21426,Indian Ocean,1.2814,8.5964,209.59
2024-08-09T06:20:55.260727+00:00,9.13086,86.75814,Bay of Bengal,1.8029,7.7497,249.8
2025-04-14T03:50:39.846737+00:00,16.75135,91.13041,Bay of Bengal,1.8337,9.3345,158.94
2023-09-10T14:28:32.316279+00:00,10.92304,80.89364,Bay of Bengal,2.2808,8.0576,301.97
2024-02-09T06:49:57.789340+00:00,12.06576,61.8244,Arabian Sea,1.951,7.7388,189.56
2024-08-20T01:51:15.717624+00:00,19.11082,71.12183,Arabian Sea,2.6968,9.66,250.01
2025-07-31T06:23:52.744269+00:00,12.50819,70.30595,Arabian Sea,1.6128,8.3973,216.76
2024-09-04T17:05:52.684658+00:00,23.0306,69.67576,Arabian Sea,1.1625,7.4723,276.23
2024-08-24T09:19:44.443938+00:00,13.80879,90.77623,Bay of Bengal,2.4407,9.3329,252.2
2025-12-14T15:00:57.397815+00:00,18.01906,72.18963,Arabian Sea,2.0982,9.0447,243.3
2025-06-02T17:07:23.366500+00:00,22.54767,91.83063,Indian Ocean,1.8583,9.4328,220.67
2023-04-01T17:20:59.775699+00:00,0.0427,76.57533,Indian Ocean,2.2792,8.0922,172.27
2025-02-19T07:37:10.522069+00:00,20.37647,79.48347,Bay of Bengal,2.1423,8.5576,178.56
2024-02-12T00:58:53.480703+00:00,5.61836,88.00227,Bay of Bengal,1.8785,9.0944,157.88
2025-02-22T20:54:03.649970+00:00,22.50486,77.65119,Arabian Sea,2.1504,8.7442,164.46
2023-10-01T13:08:29.504943+00:00,11.31521,90.11475,Bay of Bengal,2.3436,10.0791,288.61
2024-11-03T01:42:10.173603+00:00,5.92866,81.01159,Bay of Bengal,2.1084,8.6507,246.63
2025-12-08T00:24:03.730562+00:00,-0.91072,81.79704,Indian Ocean,1.2479,7.9676,226.43
2023-06-07T07:12:33.966790+00:00,1.59765,69.72845,Indian Ocean,1.9185,8.0405,166.05
2023-05-16T20:03:31.480440+00:00,-2.49191,83.622,Indian Ocean,1.8634,8.0986,193.94
2023-08-13T05:40:46.366294+00:00,-0.77106,94.49189,Andaman Sea,1.8944,8.0548,240.5
2025-08-12T18:40:03.444249+00:00,15.17389,99.67339,Bay of Bengal,1.9475,8.5966,292.92
2024-08-09T05:19:10.938392+00:00,20.59697,79.70458,Bay of Bengal,1.9786,9.2944,279.22
2024-02-11T13:47:36.539401+00:00,-1.15371,71.44582,Indian Ocean,1.8497,9.1358,207.63
2023-06-03T16:48:18.110138+00:00,12.62425,85.69852,Bay of Bengal,1.7691,7.3157,226.85
2025-11-28T10:57:13.532933+00:00,17.62583,95.92195,Bay of Bengal,1.8718,8.9101,202.68
2023-12-01T02:07:00.113451+00:00,21.237,74.49494,Arabian Sea,1.7913,8.4466,268.57
2025-08-17T13:50:46.862637+00:00,7.34492,87.58856,Bay of Bengal,1.6163,8.9437,274.25
2023-08-19T23:51:26.258308+00:00,1.82734,89.58739,Indian Ocean,2.0324,9.5297,276.01
2025-08-15T09:47:12.620822+00:00,5.83383,61.28675,Arabian Sea,2.3552,10.4035,216.75
2025-11-11T22:58:02.584956+00:00,22.43059,83.73869,Indian Ocean,1.6639,8.9139,247.93
2023-09-16T12:04:22.264760+00:00,5.37084,98.95046,Bay of Bengal,1.745,8.9109,269.84
2024-05-23T11:29:38.926535+00:00,13.96509,86.62357,Bay of Bengal,1.85,8.5856,230.27
2023-04-23T20:11:52.567502+00:00,-4.07037,60.32271,Indian Ocean,1.7995,8.6184,177.13
2023-02-24T06:29:19.374510+00:00,18.63894,76.9266,Arabian Sea,2.7746,10.0331,183.77
2025-08-10T21:09:33.818509+00:00,12.26515,88.35559,Bay of Bengal,1.7788,9.4242,257.88
2023-05-15T15:45:01.443563+00:00,8.77697,94.20912,Bay of Bengal,2.252,9.8004,238.52
2025-11-23T15:36:05.840928+00:00,10.87305,76.70419,Arabian Sea,2.0595,8.7737,289.1
2024-04-03T20:43:15.851766+00:00,-0.83099,72.78482,Indian Ocean,2.6252,8.7233,204.63
2023-09-10T06:41:36.591613+00:00,22.63963,93.42434,Indian Ocean,1.9087,8.5855,271.26
2025-06-15T22:25:08.812349+00:00,0.97075,96.48858,Andaman Sea,0.8261,6.4116,205.8
2025-11-05T00:25:37.135643+00:00,18.67739,82.23489,Bay of Bengal,1.9382,9.0748,262.52
2023-09-30T21:22:34.361563+00:00,-0.08687,98.05395,Andaman Sea,2.5447,9.1831,260.03
2023-06-30T06:15:55.305650+00:00,-3.96684,74.54936,Indian Ocean,1.111,8.5706,212.81
2023-01-21T02:32:50.842283+00:00,12.3525,64.65171,Arabian Sea,1.5583,7.6951,216.43
2023-01-26T11:31:33.304481+00:00,23.9248,68.21249,Arabian Sea,1.8999,8.2413,220.87
2023-11-04T14:53:31.784060+00:00,21.97801,76.93692,Arabian Sea,1.8843,9.9162,270.12
2024-04-05T04:42:23.848022+00:00,12.17379,99.30286,Bay of Bengal,2.039,9.7016,167.08
2024-10-16T17:23:06.999436+00:00,-1.08535,69.25185,Indian Ocean,1.911,7.9494,300.11
2024-10-23T11:30:29.875288+00:00,22.0412,91.45151,Indian Ocean,1.7109,7.9383,244.55
2024-09-25T04:21:49.525372+00:00,2.58288,80.31706,Indian Ocean,2.0677,8.8872,265.06
2023-07-05T23:27:20.154419+00:00,5.78402,80.8511,Bay of Bengal,2.1228,9.3164,216.1
2025-06-24T05:51:42.406567+00:00,-0.73077,82.34929,Indian Ocean,0.9202,7.3763,198.9
2025-05-23T01:19:22.815384+00:00,8.44328,86.22405,Bay of Bengal,1.8525,6.8852,150.41
2025-12-20T12:28:11.308905+00:00,-0.26702,64.13843,Indian Ocean,1.335,7.9925,225.54
2025-01-29T22:36:31.995208+00:00,19.69419,95.99082,Bay of Bengal,1.8321,8.5526,158.84
2024-08-08T22:20:58.413455+00:00,13.09381,91.88771,Bay of Bengal,1.9892,9.5715,273.8
2025-11-07T03:56:18.716748+00:00,-3.62361,98.18034,Indian Ocean,1.3042,7.9668,213.11
2025-12-02T18:23:38.272789+00:00,17.92809,63.68757,Arabian Sea,2.2278,9.2481,268.6
2025-02-02T10:05:12.640276+00:00,5.99479,60.30585,Arabian Sea,1.6038,6.7411,220.33
2023-07-10T16:49:19.269935+00:00,-0.77676,92.24683,Andaman Sea,1.3756,6.7413,246.42
2023-11-15T03:33:21.451546+00:00,-0.30451,72.95576,Indian Ocean,1.74,6.7853,251.91
2024-03-07T12:52:32.876742+00:00,17.27985,87.13187,Bay of Bengal,2.1201,9.0983,172.9
2023-01-21T05:36:37.930383+00:00,10.86801,95.87764,Bay of Bengal,1.5262,8.546,138.45
2024-06-10T06:43:16.172522+00:00,6.17689,71.26928,Arabian Sea,1.639,7.924,229.83
2024-03-24T16:25:35.254027+00:00,18.84101,71.11398,Arabian Sea,2.6177,9.3369,140.08
2024-07-05T03:24:54.510313+00:00,19.14718,60.07048,Arabian Sea,2.3231,9.0343,175.4
2023-03-25T13:50:58.861544+00:00,14.39175,77.49305,Arabian Sea,2.4585,9.1394,182.24
2024-10-18T03:41:39.099774+00:00,1.75721,80.06919,Indian Ocean,2.134,9.0511,248.45
2024-03-14T04:02:30.423038+00:00,18.86295,89.88253,Bay of Bengal,1.5782,9.0498,159.42
2024-04-26T16:02:25.039008+00:00,5.75101,85.48696,Bay of Bengal,2.2377,8.1778,193.6
2024-01-03T21:39:04.419979+00:00,3.51439,94.62975,Andaman Sea,1.1348,7.0054,209.93
2023-03-08T08:46:40.577841+00:00,1.84718,96.15596,Andaman Sea,2.1149,10.2612,148.1
2024-07-19T12:17:44.512670+00:00,7.40255,83.29441,Bay of Bengal,1.1233,7.1367,247.05
2025-04-10T23:42:46.487598+00:00,-4.83734,98.80307,Indian Ocean,2.8286,10.5888,232.43
2025-01-20T08:43:09.807343+00:00,21.39289,92.52368,Bay of Bengal,1.9165,8.7996,181.93
2024-10-16T23:43:55.755564+00:00,12.33354,76.31708,Arabian Sea,2.032,8.4741,273.22
2025-06-17T13:54:45.964065+00:00,20.68487,93.61626,Bay of Bengal,1.3337,6.6922,256.17
2024-06-11T14:58:26.656088+00:00,17.80693,99.19239,Bay of Bengal,1.4255,8.4168,234.01
2023-02-05T06:21:40.434437+00:00,15.01623,85.98398,Bay of Bengal,1.6739,8.893,173.23
2024-12-13T19:48:30.310588+00:00,4.18473,60.3897,Indian Ocean,0.9082,7.063,290.1
2025-03-23T23:30:57.901906+00:00,19.34474,98.19479,Bay of Bengal,2.1324,9.7911,186.65
2023-11-20T01:25:23.099088+00:00,16.10139,79.04611,Bay of Bengal,1.7125,9.0407,255.15
2024-12-19T06:54:04.768941+00:00,5.26014,81.32288,Bay of Bengal,1.7334,9.3697,241.92
2024-11-25T07:50:50.261819+00:00,14.24054,89.19056,Bay of Bengal,1.4878,9.1315,224.43
2023-05-27T08:40:41.895768+00:00,15.9371,93.51809,Bay of Bengal,1.4399,8.2293,217.28
2023-01-12T05:39:14.070454+00:00,7.18675,94.27463,Bay of Bengal,1.6972,6.8083,199.05
2025-02-27T16:15:46.478268+00:00,16.43106,67.72153,Arabian Sea,2.7631,9.072,202.77
2023-06-08T00:04:11.134277+00:00,11.91571,88.60835,Bay of Bengal,1.2988,7.5226,206.12
2024-03-25T10:01:32.384885+00:00,0.3702,63.37967,Indian Ocean,2.0527,9.3168,172.77
2023-12-09T19:16:08.525556+00:00,22.25314,90.15885,Indian Ocean,1.2464,7.1759,218.84
2023-02-07T00:42:47.464412+00:00,13.05455,61.40024,Arabian Sea,1.8957,9.0435,229.17
2025-01-28T10:57:15.636094+00:00,-1.6182,80.02274,Indian Ocean,2.001,10.7129,189.24
2023-05-26T14:08:51.651088+00:00,19.61962,65.41932,Arabian Sea,2.3605,10.8276,142.13
2023-11-19T17:51:56.432184+00:00,-1.49903,65.2387,Indian Ocean,1.5313,8.7843,299.56
2024-01-16T08:23:00.928703+00:00,-3.68906,81.39037,Indian Ocean,1.2679,8.3256,171.85
2023-11-19T06:09:49.011356+00:00,1.05966,81.46329,Indian Ocean,1.8116,8.6046,231.43
2023-05-05T22:47:17.252829+00:00,-1.00784,94.92053,Andaman Sea,2.061,8.5624,191.96
2024-04-30T04:06:08.692166+00:00,-0.47682,72.87418,Indian Ocean,1.9667,8.0212,175.15
2023-11-19T08:14:09.719370+00:00,5.9572,73.99709,Arabian Sea,2.2315,7.3748,259.98
2023-03-17T11:14:35.685580+00:00,2.06061,97.52298,Andaman Sea,2.138,8.6818,185.88
2024-01-01T06:59:25.958005+00:00,0.14943,74.46559,Indian Ocean,1.4615,7.7864,225.21
2025-09-10T12:41:04.277535+00:00,11.37736,73.84133,Arabian Sea,1.6988,8.2846,264.4
2024-01-04T03:05:17.034057+00:00,-1.89601,76.90299,Indian Ocean,1.1421,9.8409,258.72
2024-07-04T21:43:34.255420+00:00,20.65743,75.03111,Arabian Sea,1.7646,8.6012,208.39
2024-10-19T10:06:44.936222+00:00,16.77764,81.75975,Bay of Bengal,1.9782,8.6792,268.19
2023-01-13T07:45:34.240979+00:00,-3.60151,63.13911,Indian Ocean,1.3762,8.8845,224.86
2023-08-03T11:02:57.863806+00:00,10.83557,66.44771,Arabian Sea,1.8436,7.7952,208.33
2025-06-29T04:24:53.395545+00:00,4.42417,90.91292,Andaman Sea,1.933,8.3142,231.8
2023-10-16T11:56:16.296114+00:00,9.08274,65.27355,Arabian Sea,2.3033,8.7177,227.68
2024-01-19T18:12:49.887067+00:00,4.82574,99.27064,Andaman Sea,1.6765,8.2399,158.11
2024-05-07T07:48:55.042070+00:00,12.45411,81.50018,Bay of Bengal,1.7309,8.3307,185.55
2024-01-31T18:24:21.074472+00:00,9.29158,62.67529,Arabian Sea,1.9894,9.0313,223.66
2025-01-17T15:50:19.250308+00:00,5.5606,71.6217,Arabian Sea,1.6296,7.9073,273.71
2023-11-29T14:09:14.345221+00:00,-4.8727,92.36815,Indian Ocean,1.8426,8.8958,217.47
2023-11-01T07:04:08.077223+00:00,19.30831,92.31728,Bay of Bengal,2.1582,10.3169,248.14
2024-07-03T13:13:11.251854+00:00,-2.52982,65.91897,Indian Ocean,1.1336,7.5389,175.75
2025-01-02T00:33:40.498698+00:00,14.07087,85.96787,Bay of Bengal,1.3932,7.683,224.43
2025-05-17T13:48:04.074001+00:00,-1.40091,81.85339,Indian Ocean,1.7826,9.032,186.11
2024-06-18T12:59:30.479965+00:00,22.33133,81.46792,Indian Ocean,1.7114,7.216,221.52
2025-01-19T17:58:11.480759+00:00,20.13656,87.51953,Bay of Bengal,2.0507,7.7852,168.43
2024-11-21T18:41:16.699321+00:00,-2.2651,91.39684,Indian Ocean,2.0116,8.0431,197.0
2025-08-31T23:56:32.198147+00:00,15.03976,63.03425,Arabian Sea,1.7416,8.5592,255.81
2025-12-05T09:48:53.785629+00:00,14.90841,69.58003,Arabian Sea,1.4277,8.1771,240.7
2025-06-20T02:11:50.939268+00:00,-1.8672,96.19125,Andaman Sea,1.6179,9.0027,270.31
2023-08-28T01:44:55.480536+00:00,7.73351,86.96041,Bay of Bengal,1.6733,8.6351,287.96
2025-11-25T03:42:26.420461+00:00,-0.48215,78.72286,Indian Ocean,1.85,9.362,230.54
2023-09-10T09:48:58.738533+00:00,-3.44392,97.43452,Indian Ocean,1.6584,8.9838,272.17
2025-05-08T20:06:14.783267+00:00,19.62301,75.4408,Arabian Sea,2.4549,9.8957,157.52
2025-10-01T18:14:07.588731+00:00,16.64809,99.52535,Bay of Bengal,1.706,8.1009,245.39
2025-03-21T06:34:24.224070+00:00,18.70524,94.69617,Bay of Bengal,2.1796,7.2682,161.84
2023-01-18T02:11:33.537875+00:00,6.16299,66.97458,Arabian Sea,1.335,8.9268,232.16
2025-12-15T06:57:56.212642+00:00,11.93177,94.18022,Bay of Bengal,1.6168,8.5024,172.58
2023-06-09T17:01:43.815913+00:00,15.4445,73.72902,Arabian Sea,1.897,8.1254,226.14
2023-06-25T18:26:13.660221+00:00,22.10675,75.76471,Arabian Sea,1.624,8.9755,190.77
2025-05-09T12:30:05.716953+00:00,19.88871,60.67328,Arabian Sea,1.8848,8.2147,175.21
2023-10-30T21:56:43.087373+00:00,20.08552,88.68272,Bay of Bengal,2.3668,8.1393,283.52
2023-09-08T02:03:57.655536+00:00,0.33311,91.01354,Andaman Sea,1.8408,8.612,270.53
2024-08-11T09:37:25.944273+00:00,0.56049,65.7552,Indian Ocean,2.2028,8.7538,246.68
2023-06-04T12:03:27.743839+00:00,-0.17206,96.80442,Andaman Sea,1.9088,8.5542,228.1
2024-10-28T10:41:46.911280+00:00,19.53299,92.30887,Bay of Bengal,2.2101,8.8211,284.75
2025-02-03T18:01:55.576956+00:00,7.70223,90.67916,Bay of Bengal,1.6964,7.2889,195.81
2025-07-22T16:41:13.985745+00:00,23.96286,83.34395,Indian Ocean,2.0888,9.6374,268.79
2025-03-19T01:39:54.651177+00:00,6.47791,62.84426,Arabian Sea,2.3077,10.7289,181.3
2024-10-23T03:30:37.694930+00:00,-3.20392,70.26749,Indian Ocean,2.0614,8.4541,250.62
2024-07-30T21:18:29.806678+00:00,22.76022,64.37316,Arabian Sea,1.8855,8.6128,241.37
2023-01-27T05:03:45.696729+00:00,9.10185,84.47008,Bay of Bengal,2.103,10.1967,193.22
2023-03-21T11:19:50.479760+00:00,19.055,60.65987,Arabian Sea,1.9983,9.3283,218.91
2023-02-25T09:16:35.283943+00:00,6.64558,97.71115,Bay of Bengal,2.33,7.8611,157.52
2023-11-15T11:55:47.515446+00:00,8.78088,73.31731,Arabian Sea,2.1695,9.8315,274.55
2025-04-02T22:55:27.053760+00:00,8.99288,74.87271,Arabian Sea,1.8566,8.4829,182.87
2023-10-12T20:51:16.914770+00:00,4.13899,75.21872,Indian Ocean,2.0519,9.0335,281.3
2024-07-29T04:07:15.358231+00:00,21.38056,74.36732,Arabian Sea,1.714,7.7638,205.16
2023-07-16T07:04:41.200489+00:00,1.47004,87.23604,Indian Ocean,1.7078,7.7055,238.61
2023-12-08T09:47:13.512239+00:00,1.20959,92.6271,Andaman Sea,1.9952,8.85,204.8
2023-12-31T18:19:36.534577+00:00,3.68881,97.19944,Andaman Sea,1.1075,10.2447,213.42
2024-03-18T08:10:22.202258+00:00,16.62932,99.40906,Bay of Bengal,2.3054,9.2241,168.74
2023-12-12T02:17:04.447436+00:00,-4.92079,82.10405,Indian Ocean,1.7484,7.2604,245.95
2024-09-18T11:39:25.609029+00:00,-1.44963,68.26021,Indian Ocean,2.0516,9.9487,249.06
2025-05-16T13:42:28.914728+00:00,20.3788,79.67647,Bay of Bengal,2.1761,10.6978,194.42
2024-03-26T00:03:37.315841+00:00,5.34452,90.90459,Bay of Bengal,2.4957,9.241,142.15
2025-11-05T00:33:14.255741+00:00,1.93312,71.43964,Indian Ocean,1.5004,8.3181,280.29
2025-10-16T17:16:44.676041+00:00,-1.09007,72.54951,Indian Ocean,2.0052,11.0733,293.17
2024-08-08T15:43:42.025158+00:00,21.88781,68.1736,Arabian Sea,2.401,8.8976,211.38
2025-08-17T21:37:44.662524+00:00,10.45321,70.19593,Arabian Sea,2.0569,8.607,212.19
2024-05-19T10:14:13.158054+00:00,18.22767,80.96978,Bay of Bengal,1.6386,8.3126,178.58
2023-09-13T03:15:54.151061+00:00,10.91996,63.71469,Arabian Sea,1.9448,8.973,260.18
2023-12-07T02:49:44.236265+00:00,17.28549,92.24457,Bay of Bengal,1.5815,8.7132,192.11
2024-07-09T13:19:28.784429+00:00,3.43813,89.4198,Indian Ocean,1.6026,8.5677,232.35
2025-02-18T19:00:39.000035+00:00,18.92911,95.85994,Bay of Bengal,1.9241,9.2887,173.01
2023-09-02T03:05:27.906787+00:00,22.1048,96.61702,Indian Ocean,1.4116,8.7188,274.41
2024-04-07T01:47:22.227955+00:00,4.84936,63.80321,Indian Ocean,2.617,9.217,180.82
2025-02-18T12:55:03.503775+00:00,8.41847,64.97834,Arabian Sea,2.0948,9.0695,183.22
2023-05-02T17:48:19.113840+00:00,14.55657,90.28438,Bay of Bengal,2.2881,9.7008,213.34
2024-04-23T06:03:20.550341+00:00,16.86845,70.99567,Arabian Sea,2.4894,8.5592,158.87
2023-09-30T20:35:59.999772+00:00,13.9729,77.44463,Arabian Sea,2.6172,8.6914,266.94
2023-10-21T16:41:06.687947+00:00,14.59162,79.74946,Bay of Bengal,2.1146,8.5494,297.19
2024-09-21T01:59:08.652112+00:00,-4.71014,81.54297,Indian Ocean,2.0202,7.466,260.11
2025-11-16T19:42:17.310719+00:00,18.26042,92.26707,Bay of Bengal,1.7658,7.7395,222.84
2024-02-08T11:24:20.839048+00:00,21.32511,75.04176,Arabian Sea,2.1493,10.3734,185.88
2024-08-13T16:53:22.367625+00:00,-0.06081,67.23732,Indian Ocean,1.9394,10.4733,232.92
2023-09-02T08:24:14.265171+00:00,10.00408,65.26795,Arabian Sea,2.3328,9.0734,268.97
2024-03-07T08:03:45.534232+00:00,23.01796,82.06079,Indian Ocean,1.7661,8.2379,169.39
2023-05-30T06:36:47.477752+00:00,-4.84295,71.57505,Indian Ocean,2.0763,10.0181,176.87
2024-06-02T17:39:02.184689+00:00,22.52042,61.31114,Arabian Sea,2.1235,8.461,182.41
2025-04-28T19:20:45.184962+00:00,5.16557,87.89265,Bay of Bengal,2.1006,10.4442,164.19
2025-09-13T20:41:56.840456+00:00,0.63743,90.54772,Andaman Sea,2.2911,9.2733,281.83
2025-06-01T17:57:11.036603+00:00,23.58181,69.5511,Arabian Sea,2.4062,8.497,167.87
2023-04-08T02:53:32.833477+00:00,-2.39034,74.88001,Indian Ocean,1.8731,8.5124,178.28
2024-11-24T20:05:56.705761+00:00,0.8123,84.62563,Indian Ocean,1.9467,8.505,242.65
2023-05-05T18:38:39.703284+00:00,14.58372,61.54085,Arabian Sea,2.0328,7.9059,183.67
2024-12-01T07:56:13.507055+00:00,-0.9578,80.43256,Indian Ocean,1.8902,9.736,253.78
2024-09-24T06:44:25.163580+00:00,0.08409,84.00915,Indian Ocean,2.5665,8.5707,299.16
2023-11-21T19:36:37.948347+00:00,0.11951,93.86088,Andaman Sea,2.0488,8.3033,214.6
2023-10-05T07:50:06.098017+00:00,11.50705,83.06451,Bay of Bengal,2.3884,8.3621,291.0
2025-04-09T03:23:19.565520+00:00,19.90245,95.17964,Bay of Bengal,2.2219,8.9409,160.04
2023-03-05T21:39:46.705300+00:00,19.527,79.54024,Bay of Bengal,2.1149,8.842,122.16
2023-12-31T02:17:14.130805+00:00,0.35965,85.41647,Indian Ocean,1.3748,7.2356,179.85
2025-05-02T03:25:28.246700+00:00,11.97492,82.25777,Bay of Bengal,1.7664,7.9977,183.38
2023-12-04T18:27:23.322151+00:00,5.05236,95.41002,Bay of Bengal,1.7318,9.5293,219.3
2024-02-25T07:09:19.538316+00:00,1.27171,68.1593,Indian Ocean,2.3065,9.2437,205.12
2023-08-05T17:50:11.039919+00:00,13.1998,73.73298,Arabian Sea,2.3793,9.5206,234.82
2024-11-09T00:49:12.776566+00:00,-3.40935,80.98567,Indian Ocean,1.5152,8.023,252.02
2025-03-09T17:11:21.911357+00:00,2.07072,73.54224,Indian Ocean,1.8336,8.0495,152.66
2024-09-22T03:26:04.872490+00:00,1.26063,90.26998,Andaman Sea,1.9666,9.2537,299.25
2024-03-17T08:10:35.054898+00:00,-2.81619,88.19918,Indian Ocean,1.8239,9.0649,159.39
2024-02-06T09:38:20.875932+00:00,8.64774,72.38791,Arabian Sea,2.4531,9.6773,216.59
2023-03-12T05:18:32.371589+00:00,9.70563,91.19429,Bay of Bengal,2.1949,9.9121,159.36
2024-08-02T08:51:55.960910+00:00,13.9437,73.14169,Arabian Sea,2.4595,9.6988,228.76
2025-07-10T10:17:49.974473+00:00,5.75935,63.31847,Arabian Sea,1.5193,8.8914,156.03
2025-05-25T07:04:50.114478+00:00,12.39824,76.74125,Arabian Sea,2.2082,8.4281,149.44
2023-06-12T22:18:09.993605+00:00,2.57006,65.34308,Indian Ocean,1.35,7.6648,167.73
2024-04-19T12:21:25.400534+00:00,8.78121,66.12744,Arabian Sea,2.7607,8.6703,173.18
2023-03-27T20:48:12.880459+00:00,0.18021,87.98655,Indian Ocean,1.7353,8.6674,158.49
2025-11-13T17:13:56.443226+00:00,21.31267,70.79713,Arabian Sea,2.2696,8.2123,263.46
2025-05-22T14:51:13.129687+00:00,5.76346,77.00023,Arabian Sea,2.0911,8.3558,185.2
2024-01-23T11:08:19.857817+00:00,17.82295,69.3282,Arabian Sea,2.0841,10.0828,206.79
2024-07-28T20:32:15.366850+00:00,-4.28543,99.97657,Indian Ocean,1.5347,8.7331,288.12
2025-01-17T17:02:36.056772+00:00,13.33423,84.14894,Bay of Bengal,1.7916,9.4111,198.06
2023-06-19T17:16:40.627641+00:00,8.31066,64.7226,Arabian Sea,1.3875,8.5552,201.35
2024-11-29T03:20:00.939760+00:00,8.63582,65.60385,Arabian Sea,2.2056,9.281,236.9
2024-04-09T09:38:35.513155+00:00,6.76593,67.03644,Arabian Sea,2.8949,10.7939,161.65
2025-02-27T06:49:12.833090+00:00,15.14943,88.38836,Bay of Bengal,2.3009,10.0562,158.01
2025-03-07T22:22:47.977520+00:00,5.17155,98.79578,Bay of Bengal,2.4743,8.1498,134.53
2025-02-05T08:59:40.298829+00:00,23.00762,67.86533,Arabian Sea,1.8209,9.0251,221.02
2025-01-16T15:05:45.792492+00:00,9.16796,93.10305,Bay of Bengal,1.5697,7.9698,186.2
2023-02-04T16:47:42.235472+00:00,1.96987,80.73954,Indian Ocean,1.5606,7.611,172.87
2025-06-24T07:28:17.504564+00:00,0.01147,79.60122,Indian Ocean,1.687,8.6503,200.23
2023-01-21T12:28:27.636714+00:00,12.58089,99.74345,Bay of Bengal,1.9466,8.0343,184.27
2023-03-03T00:36:56.606986+00:00,21.23182,61.52222,Arabian Sea,2.2798,8.058,219.61
2025-09-22T01:59:45.541852+00:00,16.25348,95.06824,Bay of Bengal,2.2148,7.4921,283.36
2023-12-16T16:14:32.994907+00:00,12.56035,98.83681,Bay of Bengal,1.2405,7.7632,183.74
2024-10-11T13:36:25.060110+00:00,22.31367,75.22689,Arabian Sea,2.7322,10.9531,267.27
2024-01-20T18:37:07.257290+00:00,8.39199,85.00254,Bay of Bengal,1.3305,7.9453,207.1
2024-04-07T01:09:00.650249+00:00,2.17096,89.45003,Indian Ocean,1.8091,9.6341,168.79
2025-01-01T09:48:40.352926+00:00,1.88212,84.57385,Indian Ocean,1.3423,9.0222,238.36
2023-11-27T10:09:54.294598+00:00,21.56973,65.39559,Arabian Sea,1.7093,8.1849,274.82
2025-10-09T10:41:27.682145+00:00,8.19915,94.80148,Bay of Bengal,2.3392,9.2977,237.54
2023-06-14T16:14:17.974076+00:00,13.36101,84.9615,Bay of Bengal,1.7906,6.9672,223.98
2023-08-15T06:33:56.238670+00:00,10.77739,75.55101,Arabian Sea,2.1341,8.8829,227.07
2025-10-17T00:55:11.151772+00:00,0.23861,78.99227,Indian Ocean,2.0417,9.4765,273.31
2025-10-06T21:16:59.020162+00:00,14.39811,85.19663,Bay of Bengal,2.4863,9.8432,247.12
2023-09-06T21:48:43.815452+00:00,-3.07918,99.45845,Indian Ocean,2.1077,10.382,275.34
2025-07-16T01:40:08.848449+00:00,-2.49111,66.3201,Indian Ocean,1.4984,7.6878,227.24
2024-10-11T15:56:14.090279+00:00,2.93414,68.71771,Indian Ocean,2.9193,9.747,272.25
2025-06-04T01:36:54.701727+00:00,-1.62288,80.3106,Indian Ocean,1.8612,7.4331,185.07
2025-01-23T09:04:03.440755+00:00,14.0335,71.63483,Arabian Sea,1.9325,7.9846,215.24
2023-09-26T23:50:07.021996+00:00,13.52336,81.75625,Bay of Bengal,2.3373,9.7648,275.47
2023-05-28T09:37:50.165479+00:00,11.66265,86.7827,Bay of Bengal,1.6745,8.7817,216.92
2023-08-31T23:49:51.685747+00:00,7.30631,78.76219,Bay of Bengal,1.9537,8.6162,274.84
2024-09-28T09:07:33.067069+00:00,13.51165,77.136,Arabian Sea,2.6974,8.6069,273.52
2025-10-01T18:38:00.109708+00:00,9.44344,69.8122,Arabian Sea,2.3292,8.3079,249.78
2024-09-17T07:55:40.624261+00:00,0.56425,68.26492,Indian Ocean,1.7559,9.0564,253.62
2025-11-14T18:47:48.557284+00:00,20.56717,66.62649,Arabian Sea,2.7501,10.4004,265.21
2024-01-19T21:18:31.391024+00:00,13.35212,96.88952,Bay of Bengal,1.5628,8.2805,180.49
2025-06-05T17:23:18.887838+00:00,6.39098,60.02619,Arabian Sea,2.1011,7.9847,149.98
2025-09-11T16:56:30.672248+00:00,1.26247,67.86156,Indian Ocean,2.1013,10.2849,252.76
2023-04-07T01:15:46.110964+00:00,10.32987,74.56253,Arabian Sea,1.9975,8.6061,192.38
2023-03-19T15:40:50.883269+00:00,19.05636,78.84314,Bay of Bengal,2.5252,8.524,133.85
2023-12-19T04:57:13.696821+00:00,22.63117,60.50844,Arabian Sea,1.5853,9.1679,257.9
2025-03-01T14:23:50.144350+00:00,19.54712,62.40486,Arabian Sea,2.1914,9.2448,198.96
2024-08-31T13:12:23.011618+00:00,7.85801,63.23107,Arabian Sea,2.0736,9.3216,250.73
2025-04-10T19:24:09.495524+00:00,-2.16046,63.55898,Indian Ocean,2.2891,8.9751,197.2
2025-04-11T21:26:21.518379+00:00,11.08911,71.12162,Arabian Sea,1.9083,10.5159,185.71
2024-12-26T13:11:23.942222+00:00,19.11598,61.92835,Arabian Sea,1.6371,8.1955,289.69
2023-07-04T00:00:08.729981+00:00,13.42266,89.17821,Bay of Bengal,1.2827,7.0299,244.42
2023-08-29T06:59:39.731874+00:00,3.89957,68.28885,Indian Ocean,1.8477,8.7927,277.43
2025-09-11T00:44:18.244454+00:00,-3.31989,79.05489,Indian Ocean,2.5108,9.7478,256.25
2023-09-10T10:54:56.972660+00:00,7.66674,78.81357,Bay of Bengal,2.6295,9.7697,276.0
2025-10-04T17:17:19.240866+00:00,13.41372,89.77451,Bay of Bengal,2.447,8.5089,253.87
2025-07-09T00:51:03.371127+00:00,12.51746,79.76798,Bay of Bengal,1.3601,8.6469,222.22
2025-07-16T21:47:41.694494+00:00,5.82181,89.74062,Bay of Bengal,1.2131,8.1818,252.4
2025-12-12T18:52:55.047950+00:00,21.5163,93.23578,Bay of Bengal,1.7568,8.176,209.4
2023-06-24T18:58:01.578281+00:00,13.64887,92.63901,Bay of Bengal,1.2584,7.6401,221.47
2024-05-03T13:35:49.123194+00:00,12.97436,67.61973,Arabian Sea,2.5281,10.233,135.95
2023-05-09T10:26:40.753154+00:00,-4.34094,69.47305,Indian Ocean,1.782,9.1196,159.18
2024-02-22T14:07:49.617752+00:00,0.92897,93.77552,Andaman Sea,2.0139,8.6869,129.49
2024-01-15T15:52:31.172345+00:00,17.24717,92.60041,Bay of Bengal,1.4924,7.661,185.7
2023-03-09T08:14:48.616933+00:00,12.74318,95.4263,Bay of Bengal,2.35,10.064,127.17
2024-02-28T22:40:46.848984+00:00,10.37587,69.38935,Arabian Sea,2.04,9.2042,190.52
2024-05-19T21:06:02.647222+00:00,3.75468,71.80806,Indian Ocean,2.0694,7.2276,202.65
2024-11-28T08:04:20.919683+00:00,-4.76444,72.86909,Indian Ocean,1.3312,7.7531,229.7
2024-04-24T01:21:52.853355+00:00,11.01533,81.27506,Bay of Bengal,2.318,9.6507,147.66
2023-10-26T13:49:06.746296+00:00,18.57317,91.4738,Bay of Bengal,2.7479,8.651,244.67
2023-01-03T11:52:46.340526+00:00,22.12599,76.33446,Arabian Sea,1.994,9.1506,206.7
2023-10-20T07:48:21.958830+00:00,0.74413,68.47554,Indian Ocean,2.1145,8.9609,249.82
2023-04-26T02:24:40.427722+00:00,5.35712,95.58095,Bay of Bengal,1.7787,9.6315,187.9
2024-06-01T08:57:17.557774+00:00,10.48231,89.66746,Bay of Bengal,1.7876,9.0052,232.27
2024-06-21T23:52:45.331866+00:00,-3.28036,69.42613,Indian Ocean,1.6441,8.7833,183.66
2025-11-17T21:18:46.666660+00:00,14.76392,73.27968,Arabian Sea,1.8469,8.1361,256.94
2025-07-03T19:21:12.716748+00:00,9.54914,95.15189,Bay of Bengal,1.6591,8.8346,238.97
2023-08-10T04:53:49.871738+00:00,19.63841,83.72571,Bay of Bengal,2.0074,8.8123,250.93
2023-05-05T05:24:31.326785+00:00,7.53113,84.8798,Bay of Bengal,2.5649,9.6613,135.75
2024-03-23T22:55:01.308114+00:00,5.02496,76.55748,Arabian Sea,2.3895,8.4475,166.64
2025-12-05T21:32:51.641346+00:00,3.80985,74.62291,Indian Ocean,1.3714,8.2477,262.86
2023-02-17T02:46:29.011392+00:00,21.54523,93.08904,Bay of Bengal,2.0024,9.2902,168.62
2025-05-20T17:02:35.140675+00:00,4.20048,78.22661,Indian Ocean,1.581,8.3016,173.55
2025-08-16T07:40:01.899896+00:00,-0.12049,74.79758,Indian Ocean,1.6937,8.0362,212.19
2025-06-16T19:07:07.049701+00:00,11.89245,61.9358,Arabian Sea,1.7793,7.6347,172.88
2023-02-03T08:28:41.722958+00:00,12.55418,84.63385,Bay of Bengal,2.5573,10.0628,142.11
2023-07-24T10:30:28.236115+00:00,15.44116,71.22861,Arabian Sea,1.3063,7.3745,231.04
2025-05-03T17:21:11.837876+00:00,-4.84236,98.38732,Indian Ocean,2.1367,7.4186,238.93
2025-10-31T15:10:31.534197+00:00,14.97398,80.39885,Bay of Bengal,2.036,8.9641,247.27
2025-06-30T16:09:22.175192+00:00,8.25285,60.49334,Arabian Sea,2.1166,8.6875,172.4
2023-06-09T10:49:06.086795+00:00,23.62056,79.34986,Indian Ocean,1.5945,9.0492,203.44
2024-06-15T22:15:45.647483+00:00,3.67601,68.06039,Indian Ocean,1.1229,8.9992,183.75
2025-06-20T05:53:28.435297+00:00,4.8132,82.61329,Indian Ocean,1.0216,7.2482,216.28
2025-04-18T03:41:07.344969+00:00,13.16255,98.49098,Bay of Bengal,2.2777,8.27,161.71
2023-08-12T17:53:34.976887+00:00,7.00207,77.90344,Arabian Sea,2.0615,6.8165,278.15
2025-05-01T22:23:22.551898+00:00,-2.60555,60.50986,Indian Ocean,2.3223,10.5739,151.28
2024-09-16T04:42:48.672588+00:00,11.88221,83.02314,Bay of Bengal,2.5765,9.7319,262.59
2024-11-14T06:49:48.069154+00:00,20.7592,99.69768,Bay of Bengal,2.4958,9.7393,232.48
2023-10-16T19:52:35.265106+00:00,8.24469,90.43774,Bay of Bengal,2.4588,9.0957,260.92
2025-10-16T02:46:30.733240+00:00,2.8901,89.17297,Indian Ocean,2.4169,8.3288,275.06
2023-09-27T09:36:10.840430+00:00,3.67249,98.43541,Andaman Sea,2.11,9.7169,247.21
2025-11-24T13:42:33.374217+00:00,3.56326,69.94579,Indian Ocean,1.8673,7.0895,273.39
2023-11-08T21:17:46.180147+00:00,14.2177,62.46222,Arabian Sea,2.2411,9.4264,273.1
2024-11-29T21:44:53.921629+00:00,5.74583,64.51237,Arabian Sea,2.1334,8.9642,269.05
2024-04-29T12:36:48.110379+00:00,18.08451,63.36962,Arabian Sea,2.4628,10.2671,174.33
2024-06-29T01:30:04.712825+00:00,6.17754,80.88759,Bay of Bengal,1.3326,7.4465,209.78
2024-05-20T01:08:49.307595+00:00,-0.62345,66.30829,Indian Ocean,1.4323,7.6275,138.99
2025-08-03T14:13:15.627361+00:00,13.71829,66.82629,Arabian Sea,2.0295,8.5838,242.26
2025-06-26T08:36:01.227509+00:00,10.28839,87.5637,Bay of Bengal,1.8387,8.6084,245.68
2023-10-20T02:32:08.385020+00:00,8.62417,63.79625,Arabian Sea,2.1821,10.7115,248.72
2025-09-16T08:17:14.759619+00:00,17.06321,60.91778,Arabian Sea,2.7142,10.2227,252.48
2025-06-12T16:37:31.118784+00:00,-3.89767,62.56421,Indian Ocean,1.7294,9.7497,150.21
2023-02-27T09:53:07.929737+00:00,-2.03084,93.2501,Indian Ocean,1.5235,7.4152,156.17
2025-05-04T08:49:12.760050+00:00,-3.43843,81.82206,Indian Ocean,1.3825,8.1334,172.8
2024-08-31T20:16:24.450054+00:00,21.31832,63.98085,Arabian Sea,2.508,9.4733,242.38
2025-09-22T08:07:52.847560+00:00,22.26193,81.88639,Indian Ocean,2.2766,9.0041,243.44
2024-07-16T17:44:20.761636+00:00,5.88294,70.98305,Arabian Sea,1.3753,8.0405,225.45
2023-06-07T11:43:17.499734+00:00,14.69313,96.88097,Bay of Bengal,1.3994,7.9851,228.67
2023-02-16T21:50:50.889143+00:00,-1.90418,63.9181,Indian Ocean,1.8586,9.9618,195.29
2025-05-23T07:23:47.977484+00:00,22.39765,83.94741,Indian Ocean,1.6021,8.0164,196.92
2025-05-31T07:18:43.396733+00:00,14.19717,73.57835,Arabian Sea,2.4108,8.0871,206.11
2023-05-03T12:15:11.799001+00:00,1.73537,66.18953,Indian Ocean,1.6718,7.6241,162.81
2024-12-07T08:56:52.137535+00:00,15.95875,71.91665,Arabian Sea,1.4956,7.9959,268.75
2023-12-09T13:03:45.006756+00:00,22.3337,97.32012,Indian Ocean,1.9417,7.3724,223.15
2025-02-04T21:58:38.058751+00:00,18.29452,99.00781,Bay of Bengal,1.8691,7.4804,160.82
2024-07-23T11:39:05.391849+00:00,1.79021,82.12945,Indian Ocean,1.8862,9.24,213.8
2023-01-31T23:25:45.224743+00:00,-0.49311,98.76902,Andaman Sea,1.8889,9.0706,154.32
2025-01-04T13:27:44.486439+00:00,13.10296,67.01378,Arabian Sea,2.0497,9.1509,227.63
2024-09-14T21:48:09.923262+00:00,20.46567,77.82066,Arabian Sea,2.1257,7.9894,270.87
2025-09-27T14:13:28.471133+00:00,14.39015,60.41589,Arabian Sea,2.4721,8.1129,289.61
2023-12-10T17:05:46.325343+00:00,8.0422,65.45172,Arabian Sea,2.1213,8.6684,278.91
2023-10-03T03:00:42.198180+00:00,22.53784,94.29459,Indian Ocean,1.7099,8.5591,293.78
2025-03-25T22:31:25.196032+00:00,8.95722,93.96549,Bay of Bengal,2.5976,10.0459,139.61
2024-05-31T14:34:19.671993+00:00,17.31495,89.34655,Bay of Bengal,1.5784,8.4515,212.17
2025-07-23T00:25:46.371654+00:00,20.14754,82.71866,Bay of Bengal,2.3297,8.6203,229.07
2025-12-08T09:38:56.242612+00:00,15.86949,72.25595,Arabian Sea,2.1073,9.9589,282.46
2025-11-10T06:33:42.043638+00:00,13.94542,99.0136,Bay of Bengal,2.3096,9.3126,233.18
2024-04-28T03:59:01.774889+00:00,-1.99296,80.39253,Indian Ocean,1.606,8.1568,191.1
2023-03-26T09:50:28.047244+00:00,19.97657,71.11936,Arabian Sea,2.5153,8.6138,136.74
2025-02-09T13:17:08.030846+00:00,7.10596,74.01827,Arabian Sea,2.1567,10.1163,198.64
2024-06-17T05:18:36.898976+00:00,14.8707,92.46092,Bay of Bengal,1.5448,7.6465,210.52
2024-06-02T15:06:20.380246+00:00,12.45756,99.04227,Bay of Bengal,1.6737,8.1031,233.84
2025-04-02T04:32:00.055458+00:00,3.31998,94.30257,Andaman Sea,1.9505,9.7859,164.45
2025-11-22T01:49:05.908789+00:00,15.12366,99.72954,Bay of Bengal,1.5168,7.9585,187.24
2025-07-29T17:05:39.294034+00:00,1.5044,68.29308,Indian Ocean,1.6341,7.9804,221.08
2024-05-26T15:54:48.922992+00:00,7.35224,91.29979,Bay of Bengal,2.1773,9.0588,240.15
2025-12-21T08:55:55.900779+00:00,17.61247,80.61679,Bay of Bengal,1.4347,8.5507,219.46
2024-11-20T01:31:31.790117+00:00,10.70926,83.44686,Bay of Bengal,1.7916,8.1368,260.73
2023-01-14T13:38:35.282624+00:00,5.4801,65.30163,Arabian Sea,2.0689,9.21,233.28
2025-05-04T13:54:36.430540+00:00,5.60839,70.13449,Arabian Sea,1.8367,9.3109,145.88
2024-03-30T08:51:35.744552+00:00,0.60211,60.78778,Indian Ocean,1.9605,9.6826,186.35
2024-04-27T14:31:46.821841+00:00,12.5508,69.5764,Arabian Sea,2.4538,9.8667,172.0
2024-08-28T11:03:51.841704+00:00,22.96339,83.64672,Indian Ocean,1.7342,7.9951,262.1
2023-11-06T07:29:29.128411+00:00,0.99801,87.71501,Indian Ocean,1.4558,8.427,225.05
2025-11-01T23:44:21.755700+00:00,20.94048,84.73357,Bay of Bengal,1.3327,8.712,233.99
2023-12-13T08:59:33.890983+00:00,15.52924,84.51357,Bay of Bengal,1.3894,7.2536,215.05
2025-03-19T23:36:46.404315+00:00,19.41532,71.39837,Arabian Sea,2.5234,7.96,194.94
2024-10-19T03:37:08.121859+00:00,0.18021,86.49297,Indian Ocean,2.2782,9.0804,274.48
2023-10-06T20:22:03.516887+00:00,5.92951,65.3059,Arabian Sea,2.4036,8.41,270.11
2024-01-27T05:08:11.691241+00:00,-4.0393,68.7994,Indian Ocean,1.6183,9.4333,215.27
2025-10-06T17:07:59.571448+00:00,13.45601,91.66047,Bay of Bengal,2.0959,9.1111,255.78
2024-01-14T21:19:31.054135+00:00,3.84794,84.58267,Indian Ocean,1.4906,8.8979,208.18
2025-02-23T05:06:37.305466+00:00,-0.80344,83.93438,Indian Ocean,1.5759,7.837,177.39
2025-05-02T03:39:01.110073+00:00,1.37654,66.49125,Indian Ocean,2.2248,10.7044,166.84
2023-01-04T00:05:31.387710+00:00,12.74449,89.79667,Bay of Bengal,1.8614,9.2276,169.09
2025-02-02T11:15:40.530459+00:00,7.14014,61.54083,Arabian Sea,2.1486,9.2387,240.31
2023-12-29T19:49:43.368272+00:00,0.06017,77.81352,Indian Ocean,1.1888,9.075,219.97
2024-10-06T11:34:49.994636+00:00,11.92568,86.95359,Bay of Bengal,2.0223,8.8088,270.65
2024-06-08T20:29:33.776648+00:00,13.50821,71.65328,Arabian Sea,1.8777,7.873,170.93
2024-07-19T13:55:11.455912+00:00,21.29898,96.25751,Bay of Bengal,1.5836,9.5648,287.03
2025-12-26T09:13:51.498391+00:00,-2.41364,86.28907,Indian Ocean,1.3207,8.3933,213.93
2025-01-11T13:54:32.145043+00:00,23.12506,93.63239,Indian Ocean,1.4145,8.9392,183.16
2025-03-23T11:23:06.423731+00:00,-1.30835,92.54613,Andaman Sea,2.3779,10.3204,149.87
2023-04-03T05:59:27.609088+00:00,13.06918,78.06713,Bay of Bengal,2.2531,9.1204,151.23
2023-10-07T13:51:48.314418+00:00,9.43584,64.111,Arabian Sea,2.0283,10.3062,265.85
2023-10-02T05:35:15.999842+00:00,7.31889,62.74305,Arabian Sea,2.546,10.1458,250.13
2023-03-13T13:04:26.276312+00:00,6.77002,61.46578,Arabian Sea,2.3239,8.7852,214.99
2025-03-10T16:53:47.745731+00:00,3.3159,70.96973,Indian Ocean,2.4832,8.2524,190.71
2024-08-17T03:44:00.229387+00:00,6.21465,67.03248,Arabian Sea,2.7291,9.7459,235.1
2023-08-11T03:08:58.980407+00:00,22.65816,61.18257,Arabian Sea,2.752,8.6798,233.96
2024-12-16T04:02:31.906380+00:00,17.35522,93.38392,Bay of Bengal,1.7956,9.6221,207.25
2025-04-17T19:30:38.585629+00:00,9.81322,93.80256,Bay of Bengal,2.3388,9.0859,189.5
2024-05-16T14:42:56.164359+00:00,4.48723,95.73193,Andaman Sea,1.7904,8.8634,198.17
2024-02-21T15:12:25.514833+00:00,6.27943,70.72556,Arabian Sea,1.8708,8.7738,183.96
2024-01-25T05:19:42.769876+00:00,10.70418,95.84827,Bay of Bengal,1.4766,7.4639,179.94
2023-05-11T10:05:40.668014+00:00,-0.90987,64.04569,Indian Ocean,2.4147,7.9281,168.55
2023-01-03T07:05:15.078621+00:00,-4.5641,75.56449,Indian Ocean,1.4041,9.185,226.17
2024-12-28T10:12:51.394037+00:00,4.05873,95.74854,Andaman Sea,1.3825,7.6245,194.92
2024-05-17T13:32:23.552607+00:00,17.65586,96.55144,Bay of Bengal,1.8456,9.2375,209.0
2025-07-28T13:50:53.208829+00:00,12.18031,74.47015,Arabian Sea,1.4708,8.0094,251.23
2024-04-01T14:22:15.869040+00:00,21.66275,81.56711,Bay of Bengal,2.3213,9.7066,144.3
2024-03-25T08:54:21.441465+00:00,21.75376,78.47584,Bay of Bengal,2.0848,8.2038,138.24
2024-06-15T09:26:27.453463+00:00,17.95486,66.72658,Arabian Sea,1.6052,7.1197,181.21
2024-08-20T22:50:41.368596+00:00,18.44678,89.17423,Bay of Bengal,1.7526,8.9696,251.01
2024-07-12T10:27:58.407445+00:00,-3.23021,75.77432,Indian Ocean,1.4041,8.0213,230.87
2023-10-05T16:57:37.758910+00:00,18.16495,73.45197,Arabian Sea,2.3788,10.2312,293.46
2024-06-04T14:15:18.304144+00:00,20.04065,81.07816,Bay of Bengal,1.5374,7.9742,163.95
2025-03-17T04:21:24.636505+00:00,10.34291,96.76196,Bay of Bengal,2.0661,9.5617,155.37
2024-01-06T06:12:04.949647+00:00,-1.55944,78.52003,Indian Ocean,1.5789,7.4752,207.69
2024-09-05T16:01:41.475758+00:00,6.5166,60.65873,Arabian Sea,2.5201,8.5923,233.99
2024-11-04T07:40:53.855707+00:00,4.94613,98.28367,Andaman Sea,1.8328,8.5706,248.69
2025-12-13T08:43:37.757305+00:00,22.25612,95.42491,Indian Ocean,1.6441,9.1359,195.69
2024-10-01T23:58:30.680573+00:00,21.23352,80.27304,Bay of Bengal,2.1963,10.9335,278.3
2025-07-15T21:29:51.224783+00:00,20.72037,92.99962,Bay of Bengal,1.5769,10.6207,260.21
2023-02-16T03:29:42.972520+00:00,20.59448,65.05473,Arabian Sea,2.2863,10.1168,180.32
2023-05-07T17:01:27.223736+00:00,23.36233,69.40665,Arabian Sea,2.0199,9.1471,173.48
2023-12-16T15:39:04.000055+00:00,4.63407,70.66949,Indian Ocean,1.6888,9.6063,255.12
2023-06-08T10:47:09.351368+00:00,19.28363,67.49965,Arabian Sea,2.4666,9.6004,168.45
2023-03-30T09:37:08.638767+00:00,16.58799,88.68177,Bay of Bengal,2.1083,9.3794,154.64
2023-06-22T19:15:39.889555+00:00,15.92259,88.1028,Bay of Bengal,1.1354,7.2486,218.85
2025-10-18T05:56:25.526970+00:00,23.49666,96.27835,Indian Ocean,1.8372,9.0916,245.41
2024-10-10T11:13:54.405704+00:00,5.3584,71.15283,Arabian Sea,2.975,9.9375,258.91
2024-11-16T16:18:09.178450+00:00,15.19254,76.44203,Arabian Sea,1.6715,9.2861,240.9
2023-05-23T14:58:47.734895+00:00,22.24313,81.75519,Indian Ocean,1.4609,8.189,186.84
2024-03-09T14:43:28.938382+00:00,-3.36688,81.96439,Indian Ocean,2.6965,10.5715,158.43
2023-07-02T17:38:47.752109+00:00,4.23068,97.74132,Andaman Sea,1.117,8.894,252.18
2025-02-04T07:17:23.025159+00:00,14.76136,90.99856,Bay of Bengal,1.8782,8.7781,159.7
2025-03-21T13:10:33.717116+00:00,10.5763,70.79395,Arabian Sea,2.329,9.7313,167.51
2023-05-08T17:05:56.102150+00:00,0.44379,99.93525,Andaman Sea,1.5044,8.199,211.12
2025-04-27T03:59:05.505456+00:00,-0.36821,60.54001,Indian Ocean,2.1952,6.8102,158.86
2023-08-18T10:56:48.426127+00:00,6.17926,93.2478,Bay of Bengal,1.7117,9.0425,283.76
2025-04-23T21:17:43.491401+00:00,10.76574,65.48883,Arabian Sea,2.5032,9.2345,165.54
2023-03-24T07:31:28.190113+00:00,12.73254,95.8606,Bay of Bengal,2.1769,9.4506,169.49
2024-02-25T22:44:29.966902+00:00,8.44319,82.71013,Bay of Bengal,2.1677,7.8204,140.9
2025-03-15T02:18:05.346647+00:00,21.60695,97.98475,Bay of Bengal,2.0523,9.5141,162.52
2025-04-22T14:30:07.715598+00:00,-3.65076,89.52025,Indian Ocean,2.0627,9.7266,221.87
2023-05-29T14:05:57.588742+00:00,14.45459,76.88724,Arabian Sea,2.2726,9.1437,184.33
2023-02-05T01:10:38.851529+00:00,15.32598,70.10723,Arabian Sea,2.0282,8.9021,195.29
2025-08-05T21:12:38.496062+00:00,-0.27023,69.20768,Indian Ocean,1.3301,7.5735,226.45
2023-04-22T07:42:34.273327+00:00,23.26313,64.95416,Arabian Sea,2.8043,11.1933,156.69
2025-11-02T16:46:57.798579+00:00,14.94254,71.68611,Arabian Sea,2.2444,8.7269,255.4
2025-02-22T19:11:58.628006+00:00,3.99643,86.13058,Indian Ocean,2.4727,9.3054,160.82
2024-06-28T00:46:29.864519+00:00,12.71522,93.45921,Bay of Bengal,1.2463,7.7439,233.34
2023-12-01T14:39:22.594947+00:00,6.62745,80.1714,Bay of Bengal,2.3073,9.9067,238.75
2024-01-05T10:39:03.315235+00:00,22.1959,85.05926,Indian Ocean,1.4102,6.6997,208.76
2024-02-05T04:37:26.638683+00:00,-4.16167,74.38061,Indian Ocean,1.8996,8.7878,197.49
2025-08-14T16:21:12.264410+00:00,2.30349,67.9171,Indian Ocean,1.783,8.2789,245.65
2025-05-23T12:50:35.814395+00:00,0.08114,89.28507,Indian Ocean,2.2615,9.2957,214.1
2023-11-29T06:30:56.918414+00:00,5.408,87.73277,Bay of Bengal,1.689,9.9523,240.77
2025-04-03T16:05:05.403303+00:00,20.86339,92.30383,Bay of Bengal,2.2146,9.5027,180.94
2024-07-23T14:43:01.238413+00:00,21.9004,74.74653,Arabian Sea,1.9419,8.6681,222.01
2024-05-11T23:06:20.693436+00:00,9.79518,77.71902,Arabian Sea,2.0659,10.1365,196.19
2024-05-22T22:07:35.130085+00:00,-2.13182,83.25593,Indian Ocean,1.8009,8.9575,183.42
2025-01-11T17:33:26.943530+00:00,1.24829,75.88607,Indian Ocean,1.6306,8.6036,207.81
2024-01-18T06:27:49.482326+00:00,1.43732,75.7485,Indian Ocean,1.511,7.8029,233.99
2023-09-14T14:36:50.427867+00:00,5.19573,87.40389,Bay of Bengal,2.4343,10.1089,294.66
2025-09-12T07:18:36.555812+00:00,12.9817,80.50725,Bay of Bengal,1.9408,8.8035,296.82
2025-06-26T18:07:38.603050+00:00,10.67736,66.6446,Arabian Sea,1.6519,8.4463,185.62
2024-05-05T02:38:52.361038+00:00,3.65249,85.12961,Indian Ocean,2.1531,9.1992,195.21
2024-04-22T15:23:51.855214+00:00,8.78243,87.59115,Bay of Bengal,2.7468,9.0371,180.77
2025-09-11T17:16:08.663778+00:00,2.49325,82.34895,Indian Ocean,2.567,9.9647,275.03
2024-02-09T00:56:47.522071+00:00,18.83008,79.90505,Bay of Bengal,1.9153,8.5722,192.38
2024-10-24T18:52:57.312547+00:00,22.7124,67.19532,Arabian Sea,2.4439,9.0555,275.99
2025-01-18T00:43:09.343345+00:00,11.52941,97.65421,Bay of Bengal,1.6241,9.4686,147.12
2023-10-05T15:41:26.951427+00:00,2.40592,70.40076,Indian Ocean,2.1758,10.1912,272.89
2025-06-18T07:58:55.717694+00:00,21.81646,91.49272,Bay of Bengal,1.5433,7.9105,234.09
2023-04-30T10:15:28.190969+00:00,10.64967,68.0913,Arabian Sea,2.6497,8.8099,155.77
2024-07-03T16:50:39.493982+00:00,20.04228,68.97102,Arabian Sea,1.7904,9.3929,197.76
2025-12-19T06:16:21.403735+00:00,7.36425,83.85829,Bay of Bengal,1.3793,7.6069,264.44
2023-01-30T02:50:41.214449+00:00,-0.17244,73.6624,Indian Ocean,1.7109,7.5817,200.23
2024-04-17T17:03:37.739568+00:00,16.22203,94.1859,Bay of Bengal,2.7457,10.0164,183.84
2024-10-25T07:58:44.611575+00:00,4.77545,76.0117,Indian Ocean,1.635,8.9334,285.87
2025-08-25T00:01:54.535828+00:00,22.10798,97.19076,Indian Ocean,1.991,8.71,277.87
2023-09-15T09:10:49.506626+00:00,-1.02993,94.32802,Andaman Sea,2.1824,8.7273,265.03
2023-05-14T02:44:54.979962+00:00,3.98492,60.89142,Indian Ocean,2.1284,7.5699,201.93
2024-10-16T13:48:57.153240+00:00,7.06797,87.59299,Bay of Bengal,2.3947,9.7308,257.45
2023-05-13T12:29:10.639750+00:00,21.87537,97.98325,Bay of Bengal,2.8624,7.9726,237.17
2023-11-06T00:50:34.668165+00:00,15.38386,81.2487,Bay of Bengal,1.9367,7.5695,242.45
2025-04-21T06:00:13.756569+00:00,18.12103,93.26563,Bay of Bengal,2.3546,8.6379,160.74
2024-02-13T04:29:57.906670+00:00,17.26413,64.20421,Arabian Sea,2.1933,8.8712,200.56
2025-01-03T12:30:35.748789+00:00,20.80441,92.00778,Bay of Bengal,1.6529,9.4704,216.22
2025-05-26T05:52:57.923158+00:00,21.99176,62.05739,Arabian Sea,2.1346,9.936,209.04
2024-07-25T07:22:45.013813+00:00,-4.3928,66.59992,Indian Ocean,1.1915,8.5902,214.54
2024-06-04T05:06:17.021114+00:00,14.89508,79.48264,Bay of Bengal,2.2938,9.2686,207.7
2025-01-03T06:38:56.691530+00:00,20.06794,90.68041,Bay of Bengal,1.6547,9.1597,185.24
2025-04-23T19:31:46.191044+00:00,23.64514,73.26684,Arabian Sea,1.968,8.6659,156.99
2024-07-22T10:15:51.978116+00:00,-4.86442,71.97176,Indian Ocean,1.731,8.7203,190.06
2025-07-20T07:50:45.410989+00:00,0.52712,96.31907,Andaman Sea,1.6554,9.4802,272.88
2025-03-17T14:20:00.966206+00:00,-3.64587,80.51588,Indian Ocean,1.812,8.9518,145.89
2023-10-24T17:30:47.005708+00:00,-0.31241,62.86667,Indian Ocean,2.355,8.2127,264.44
2023-05-26T14:38:42.992301+00:00,11.41161,83.21806,Bay of Bengal,2.3536,9.0073,213.39
2024-03-30T20:55:57.739271+00:00,11.12257,82.19627,Bay of Bengal,1.9065,8.0993,159.3
2025-11-21T07:27:42.814085+00:00,3.85135,68.29819,Indian Ocean,1.8564,8.3305,290.96
2025-09-16T02:23:57.306947+00:00,23.1254,85.80901,Indian Ocean,1.7028,8.3374,267.19
2023-12-15T09:02:54.113408+00:00,13.63601,65.30676,Arabian Sea,1.5137,8.0129,237.22
2023-11-30T20:45:22.360540+00:00,-0.04001,83.39658,Indian Ocean,1.7251,8.2187,246.23
2024-09-08T08:34:46.657448+00:00,16.73367,87.78183,Bay of Bengal,1.9339,8.6066,250.62
2023-10-07T07:25:02.395185+00:00,6.45428,89.44337,Bay of Bengal,2.5905,9.1468,281.74
2023-09-29T15:19:43.368560+00:00,11.46309,88.78535,Bay of Bengal,2.0704,8.0514,290.28
2023-05-05T10:15:09.469444+00:00,23.4422,66.76698,Arabian Sea,1.861,7.8831,147.71
2023-01-08T11:31:44.369943+00:00,15.6628,72.31124,Arabian Sea,1.8937,8.9856,218.51
2023-08-11T14:10:04.196754+00:00,3.83046,93.42739,Andaman Sea,1.9971,8.7538,277.84
2023-02-07T14:01:52.025334+00:00,8.02439,95.54704,Bay of Bengal,2.1588,7.0347,185.04
2025-10-10T20:21:38.840117+00:00,-1.34923,70.46812,Indian Ocean,2.0743,8.8822,274.69
2025-03-16T23:59:45.985922+00:00,15.24831,71.82972,Arabian Sea,2.6051,9.1495,169.89
2024-01-03T17:02:40.052730+00:00,-4.17073,60.03903,Indian Ocean,1.6949,7.6566,270.02
2023-06-17T07:36:27.147631+00:00,2.12012,67.48483,Indian Ocean,1.8482,8.6337,178.41
2025-10-18T10:49:52.735423+00:00,-0.07135,70.27256,Indian Ocean,1.8464,9.858,287.48
2024-05-05T12:33:48.503840+00:00,6.05169,73.08532,Arabian Sea,2.3942,9.7995,194.22
2025-04-08T08:04:37.637826+00:00,18.19711,69.98919,Arabian Sea,2.2883,8.8028,169.76
2024-01-01T06:53:06.431146+00:00,20.11314,94.62243,Bay of Bengal,1.6674,9.631,218.66
2023-12-29T20:39:21.977224+00:00,13.73323,72.11174,Arabian Sea,1.3443,8.0138,225.28
2024-05-09T01:30:15.584969+00:00,4.76109,86.58489,Indian Ocean,2.3261,9.2354,179.67
2023-03-30T21:37:55.564031+00:00,-0.58076,72.55167,Indian Ocean,2.3285,7.9306,128.32
2025-04-17T08:32:32.843931+00:00,17.15105,65.47313,Arabian Sea,2.3017,8.8558,161.12
2024-12-01T23:16:32.029624+00:00,19.32307,60.43791,Arabian Sea,2.308,8.8661,270.37
2023-01-14T17:04:58.130318+00:00,9.81876,91.65312,Bay of Bengal,1.8273,8.6197,146.46
2024-09-16T22:41:28.917511+00:00,12.47326,97.89088,Bay of Bengal,1.8094,8.0899,251.06
2025-01-20T15:12:01.013586+00:00,-4.78509,99.33466,Indian Ocean,1.6891,8.7184,155.02
2025-01-08T18:06:31.993548+00:00,-3.28232,80.34607,Indian Ocean,1.4381,7.8631,206.72
2025-04-11T16:12:21.322982+00:00,8.58882,84.12168,Bay of Bengal,2.2605,7.6711,194.0
2023-02-19T12:32:15.922044+00:00,12.4242,92.89925,Bay of Bengal,2.7722,10.0914,174.55
2024-08-13T22:33:01.301692+00:00,3.83368,64.80078,Indian Ocean,1.7235,8.0301,221.78
2025-11-24T21:09:58.336517+00:00,1.23306,61.04757,Indian Ocean,1.4352,7.4019,256.61
2024-10-25T23:44:21.960660+00:00,-1.62739,60.86867,Indian Ocean,2.1688,8.3159,258.8
2023-10-22T00:16:39.084617+00:00,20.18377,75.09414,Arabian Sea,2.4307,9.0035,272.42
2025-01-16T00:36:26.018705+00:00,7.71821,81.7391,Bay of Bengal,1.2219,8.2853,202.93
2024-04-22T23:21:24.835053+00:00,9.26016,70.31131,Arabian Sea,2.0174,9.2502,179.98
2025-10-19T09:28:51.315519+00:00,13.70225,88.44922,Bay of Bengal,2.4257,9.1888,259.34
2023-07-30T21:37:27.304571+00:00,-0.79782,82.43399,Indian Ocean,1.765,9.3765,240.95
2024-05-03T23:02:46.693241+00:00,6.83482,71.70821,Arabian Sea,2.5385,8.8553,204.86
2025-10-14T03:52:59.018562+00:00,20.64544,79.60124,Bay of Bengal,2.2131,8.9042,289.92
2025-03-21T23:07:22.524165+00:00,1.2719,62.92175,Indian Ocean,2.7731,9.6789,208.39
2024-01-16T09:39:20.247535+00:00,0.21352,86.46673,Indian Ocean,1.3985,8.731,213.17
2023-07-05T14:59:36.120278+00:00,3.50228,70.02484,Indian Ocean,2.0765,9.5482,180.43
2023-03-30T13:17:58.906167+00:00,5.61301,98.98078,Bay of Bengal,2.0609,9.6195,218.85
2025-10-07T04:52:46.725537+00:00,15.34528,69.86245,Arabian Sea,2.6637,9.4434,254.68
2024-03-10T08:14:52.791044+00:00,12.05182,75.84564,Arabian Sea,2.013,7.9996,158.78
2024-12-13T12:59:30.954954+00:00,13.06991,77.54964,Arabian Sea,1.5608,8.6479,222.43
2023-07-23T10:54:50.820998+00:00,2.75314,97.4463,Andaman Sea,1.5569,7.6582,251.01
2024-09-04T08:29:23.544450+00:00,-1.20302,64.31557,Indian Ocean,1.8518,9.5303,292.56
2023-07-31T10:13:59.765182+00:00,12.11702,92.42839,Bay of Bengal,2.0309,7.3211,278.95
2024-10-05T16:50:47.696162+00:00,8.1573,85.01678,Bay of Bengal,2.1109,8.8947,290.38
2024-03-11T07:03:57.724178+00:00,-0.76691,77.77673,Indian Ocean,1.742,7.15,156.28
2023-02-24T05:07:46.327622+00:00,-0.5665,82.53119,Indian Ocean,1.9453,8.3219,177.71
2023-09-21T11:29:53.133303+00:00,12.06421,72.57745,Arabian Sea,2.6914,8.9867,288.35
2024-08-08T03:36:26.072311+00:00,11.5864,62.40331,Arabian Sea,2.1623,9.8669,225.07
2024-12-20T20:23:42.225492+00:00,13.36156,97.3625,Bay of Bengal,1.2718,7.4246,175.77
2023-12-27T23:31:49.640548+00:00,16.31227,79.80631,Bay of Bengal,2.0096,7.5948,211.46
2025-12-18T18:48:43.165380+00:00,-0.66186,73.09583,Indian Ocean,2.0124,7.4542,229.17
2023-01-17T22:14:11.804585+00:00,18.74315,73.41622,Arabian Sea,1.2887,8.2309,199.32
2025-10-13T18:38:06.397862+00:00,11.7182,62.56916,Arabian Sea,2.4025,10.0961,222.09
2024-05-19T10:55:25.714972+00:00,5.89038,65.64929,Arabian Sea,2.0402,9.2759,167.62
2024-03-26T17:01:18.521998+00:00,8.03452,92.28377,Bay of Bengal,1.9135,10.3397,153.92
2024-03-29T09:27:34.702841+00:00,18.03649,67.94589,Arabian Sea,2.1559,9.0153,154.24
2024-03-22T05:42:16.728711+00:00,15.93869,99.59791,Bay of Bengal,2.3254,9.9117,211.9
2025-02-12T03:50:37.766165+00:00,5.3855,97.02691,Bay of Bengal,1.8209,8.1855,152.56
2025-12-29T21:02:09.772984+00:00,17.838,73.31872,Arabian Sea,1.2685,7.7309,244.97
2023-10-04T07:11:53.959915+00:00,9.92691,93.29815,Bay of Bengal,2.6231,10.1242,259.32
2024-06-20T03:27:13.003817+00:00,18.70363,95.22679,Bay of Bengal,1.9056,9.6101,240.38
2023-11-19T08:59:40.993866+00:00,19.04195,68.66452,Arabian Sea,1.9023,8.9406,258.12
2025-05-01T17:12:56.074986+00:00,3.34459,82.87365,Indian Ocean,2.0309,8.405,181.02
2024-12-04T17:32:21.437323+00:00,10.03867,84.99585,Bay of Bengal,1.934,8.1758,222.58
2024-12-23T15:09:49.123764+00:00,10.41506,63.10746,Arabian Sea,1.5978,9.0318,250.19
2023-02-09T22:37:26.566716+00:00,21.55577,80.08651,Bay of Bengal,1.7846,7.615,176.41
2024-10-29T23:32:35.153067+00:00,11.03335,86.59734,Bay of Bengal,1.8645,8.7988,243.12
2024-09-28T23:53:04.766655+00:00,16.05058,80.46919,Bay of Bengal,2.2676,8.8135,271.07
2025-12-08T08:08:43.233458+00:00,3.41681,80.16497,Indian Ocean,1.7883,8.2295,271.38
2024-02-22T16:05:02.371089+00:00,9.14054,95.0255,Bay of Bengal,2.1883,8.5809,178.26
2025-12-14T16:50:33.251362+00:00,17.42443,80.80022,Bay of Bengal,1.6487,8.923,244.25
2024-08-22T14:52:41.675370+00:00,11.45341,99.53432,Bay of Bengal,2.4788,11.2743,278.22
2024-11-29T14:46:53.737959+00:00,16.50144,66.02163,Arabian Sea,2.5027,9.3668,267.19
2025-05-02T09:17:31.224569+00:00,20.45634,80.03457,Bay of Bengal,1.8742,8.0695,158.94
2024-08-03T16:45:50.212020+00:00,22.97253,77.3987,Arabian Sea,2.4647,9.1379,240.23
2025-02-13T10:43:16.356697+00:00,20.10617,93.0311,Bay of Bengal,2.2029,9.1181,151.68
2025-10-03T18:11:48.484714+00:00,15.40533,89.47121,Bay of Bengal,2.1095,8.444,272.81
2023-10-16T01:34:18.414189+00:00,20.42009,68.03568,Arabian Sea,2.9269,9.8995,284.17
2025-04-15T12:19:37.839961+00:00,18.25742,76.16389,Arabian Sea,2.4274,10.0705,162.64
2023-11-10T03:24:48.914459+00:00,3.19593,63.54783,Indian Ocean,2.1721,8.4967,297.49
2023-10-05T12:41:46.673291+00:00,-0.72255,96.64489,Andaman Sea,2.5857,9.8689,275.59
2024-04-02T19:01:31.897334+00:00,6.53818,62.60926,Arabian Sea,2.7798,9.4395,172.38
2025-06-11T19:12:11.037596+00:00,10.91719,89.46683,Bay of Bengal,1.8589,8.8338,213.62
2024-05-10T10:10:37.050099+00:00,10.20267,74.41796,Arabian Sea,2.1205,9.4811,193.31
2025-05-28T10:18:42.639459+00:00,8.18684,65.21282,Arabian Sea,1.7038,8.445,178.72
2023-03-27T12:23:27.183181+00:00,6.04181,61.92104,Arabian Sea,2.2822,10.3052,155.97
2024-04-20T06:55:23.498142+00:00,3.46109,91.95203,Andaman Sea,2.2143,7.1371,173.04
2023-03-30T16:25:59.185528+00:00,7.59556,80.66503,Bay of Bengal,2.559,9.0091,176.33
2024-09-24T22:22:30.101948+00:00,6.27692,65.56531,Arabian Sea,2.1451,7.2985,296.11
2025-12-06T17:24:11.077529+00:00,-0.28682,87.34212,Indian Ocean,1.8943,7.3709,240.3
2025-02-09T21:04:35.020559+00:00,18.02769,73.43137,Arabian Sea,1.7791,9.2115,182.26
2023-11-11T04:47:27.847124+00:00,4.0136,70.12552,Indian Ocean,2.178,8.3245,280.38
2025-08-15T02:30:02.282607+00:00,6.27496,81.97893,Bay of Bengal,2.2611,9.0999,287.61
2023-11-24T15:25:33.489532+00:00,1.84452,72.33179,Indian Ocean,1.6669,7.2253,261.72
2025-03-04T21:37:47.673708+00:00,-3.59352,70.14796,Indian Ocean,1.8379,9.0489,170.89
2024-03-07T14:32:10.747964+00:00,5.52038,74.36,Arabian Sea,2.0662,9.5068,185.29
2025-09-14T01:03:50.997585+00:00,12.73869,83.57027,Bay of Bengal,2.1587,8.1341,285.78
2024-08-09T01:16:07.235339+00:00,2.01672,84.13318,Indian Ocean,2.0937,7.4181,263.48
2025-06-03T17:47:38.034709+00:00,22.30978,88.39252,Indian Ocean,1.8179,11.3804,208.66
2024-04-07T18:07:47.265394+00:00,12.65246,67.31652,Arabian Sea,2.0626,8.7789,148.83
2024-11-05T21:57:54.541027+00:00,4.7408,77.36121,Indian Ocean,2.2478,7.1611,239.16
2024-02-11T06:51:10.621616+00:00,0.30221,86.05555,Indian Ocean,1.5551,9.1597,190.31
2024-04-01T13:57:30.912140+00:00,-0.39523,78.7492,Indian Ocean,2.282,10.4473,159.25
2024-12-23T11:23:55.126829+00:00,17.27037,65.96089,Arabian Sea,1.3266,8.5641,254.83
2025-07-11T09:10:36.726358+00:00,19.28335,79.66996,Bay of Bengal,1.2917,7.6884,265.02
2023-10-31T12:55:27.476864+00:00,15.42286,65.68008,Arabian Sea,2.3456,9.2815,313.53
2023-09-06T01:19:05.538665+00:00,8.454,94.91109,Bay of Bengal,1.4936,9.1976,262.81
2023-06-15T18:59:59.738058+00:00,19.77099,81.6863,Bay of Bengal,2.1249,9.34,204.2
2023-07-24T22:55:06.874825+00:00,9.44062,95.87245,Bay of Bengal,2.1496,9.4742,250.19
2025-09-18T03:12:06.705675+00:00,18.97401,65.22775,Arabian Sea,1.9484,8.0102,208.55
2025-05-30T01:10:56.361062+00:00,10.19105,78.27932,Bay of Bengal,1.7377,7.6368,189.85
2025-03-30T10:49:35.711480+00:00,7.34755,90.1039,Bay of Bengal,2.5549,9.3014,157.81
2025-02-23T09:22:41.489688+00:00,6.15209,73.53453,Arabian Sea,1.8163,9.3374,195.26
2024-12-15T13:01:08.739423+00:00,3.61402,60.6836,Indian Ocean,1.2987,8.4474,259.01
2023-07-16T09:42:31.036427+00:00,1.05068,98.22593,Andaman Sea,1.465,7.3642,285.71
2025-06-25T17:31:44.546935+00:00,23.47252,61.70145,Arabian Sea,1.1649,8.1555,148.77
2024-10-05T18:31:46.821379+00:00,11.19752,90.64355,Bay of Bengal,2.311,9.6928,253.76
2024-03-05T00:30:04.476503+00:00,22.75189,97.56296,Indian Ocean,2.1969,8.9118,156.81
2023-01-06T16:59:31.927254+00:00,7.21619,88.71046,Bay of Bengal,0.9045,7.9064,194.52
2025-10-12T14:19:25.304286+00:00,13.31022,98.75881,Bay of Bengal,2.3013,8.641,260.18
2023-09-03T03:04:48.972892+00:00,23.33421,62.83808,Arabian Sea,2.2879,8.3364,252.85
2025-09-18T01:06:53.609542+00:00,1.44282,77.51118,Indian Ocean,1.9535,8.5129,248.32
2023-08-24T10:51:47.018437+00:00,15.36919,99.23718,Bay of Bengal,1.7162,8.5199,274.21
2023-09-22T21:57:24.176559+00:00,21.17926,65.88471,Arabian Sea,1.7593,8.363,253.33
2023-11-28T12:20:52.220763+00:00,9.32449,69.79056,Arabian Sea,2.1206,9.3889,271.38
2023-04-12T20:03:01.328503+00:00,-2.33447,99.57681,Indian Ocean,1.7648,8.3747,174.17
2025-06-15T07:11:06.125544+00:00,15.39504,91.44479,Bay of Bengal,1.9741,7.6418,246.45
2023-08-08T17:55:51.267455+00:00,21.79519,79.77729,Bay of Bengal,1.7633,9.5428,232.03
2025-07-21T09:44:09.185270+00:00,23.73579,74.05616,Arabian Sea,1.8344,8.3569,259.85
2024-04-26T13:24:55.772341+00:00,22.28983,65.90573,Arabian Sea,2.5081,7.0076,158.11
2023-11-11T00:05:28.946909+00:00,0.00558,85.10931,Indian Ocean,1.5883,8.7319,242.84
2025-01-20T17:46:27.089949+00:00,17.66684,82.08448,Bay of Bengal,1.5018,7.7396,204.26
2024-07-13T23:22:59.673654+00:00,-2.23196,86.96824,Indian Ocean,1.3704,7.4902,259.38
2025-10-28T04:58:49.319081+00:00,-3.84891,71.07381,Indian Ocean,2.1739,7.8028,285.79
2024-11-12T00:59:49.886550+00:00,8.96553,77.04196,Arabian Sea,2.2771,8.7322,244.87
2023-01-03T14:26:43.503294+00:00,3.90774,63.62287,Indian Ocean,1.5855,7.8336,259.02
2023-04-01T17:04:03.908366+00:00,14.80668,83.60554,Bay of Bengal,2.6601,9.197,159.19
2025-05-19T14:50:36.402664+00:00,8.55002,68.06772,Arabian Sea,2.6338,9.6439,183.9
2025-04-15T09:48:35.164898+00:00,-1.47757,79.8887,Indian Ocean,2.4114,7.7205,163.0
2024-06-22T20:56:15.236715+00:00,11.17982,78.62924,Bay of Bengal,1.1048,7.2416,224.89
2025-10-18T10:18:45.756920+00:00,12.93064,68.5696,Arabian Sea,2.5374,9.8184,309.9
2023-10-05T19:20:53.493688+00:00,-1.74624,76.30927,Indian Ocean,1.755,7.9541,271.98
2024-08-02T19:21:39.093443+00:00,6.84321,91.83329,Bay of Bengal,2.1384,9.3118,283.65
2023-02-10T02:36:44.214905+00:00,16.34134,82.46351,Bay of Bengal,2.228,9.257,170.24
2025-07-05T22:51:28.306103+00:00,10.28392,79.76981,Bay of Bengal,1.3069,9.2308,244.93
2024-08-21T23:20:49.613080+00:00,1.59118,83.78841,Indian Ocean,2.059,8.924,254.62
2025-03-17T05:22:42.485318+00:00,-2.08248,80.4451,Indian Ocean,1.7974,6.9358,147.92
2023-09-30T20:00:40.235391+00:00,16.50672,71.06933,Arabian Sea,2.7739,11.6653,264.97
2025-06-03T14:46:14.495321+00:00,9.84673,84.57258,Bay of Bengal,1.7041,9.1163,223.58
2023-04-12T19:01:49.445238+00:00,12.60393,64.91516,Arabian Sea,2.403,10.7566,150.44
2023-01-06T18:22:11.998599+00:00,2.72519,60.52847,Indian Ocean,1.5542,7.4879,249.72
2024-10-16T14:40:21.459244+00:00,23.99474,78.22199,Indian Ocean,1.6951,7.2864,271.25
2024-09-24T15:33:48.614995+00:00,21.55426,73.21031,Arabian Sea,2.6993,9.5704,250.74
2024-11-23T20:28:31.221049+00:00,0.08296,88.07766,Indian Ocean,1.437,7.9072,214.67
2024-03-07T10:23:59.715758+00:00,15.70219,92.32481,Bay of Bengal,2.191,7.9281,132.0
2023-01-14T17:46:08.948571+00:00,23.93259,70.88025,Arabian Sea,1.7685,7.7128,234.75
2023-10-12T13:02:07.484219+00:00,14.02397,87.51046,Bay of Bengal,2.5453,9.2691,243.36
2023-12-23T02:27:12.110491+00:00,19.36325,72.25072,Arabian Sea,2.1737,9.4358,263.71
2025-11-13T12:33:39.647714+00:00,4.71275,74.60486,Indian Ocean,1.7038,8.3412,249.15
2024-10-04T20:33:51.187737+00:00,10.18683,79.08906,Bay of Bengal,1.8883,9.1671,278.41
2024-09-10T22:01:31.000343+00:00,11.09171,69.96436,Arabian Sea,2.8641,10.7763,261.12
2024-09-26T08:17:03.516320+00:00,14.42312,69.56415,Arabian Sea,2.0492,10.0551,289.41
2025-06-17T15:21:58.684295+00:00,9.56955,76.03583,Arabian Sea,1.5129,8.3829,237.82
2025-12-22T08:03:30.451734+00:00,17.86675,97.23714,Bay of Bengal,1.7609,8.3816,166.46
2023-02-20T11:56:44.508627+00:00,23.49261,81.97584,Indian Ocean,1.9135,8.3682,193.9
2025-09-29T11:00:35.306900+00:00,19.688,82.81454,Bay of Bengal,2.2003,7.4591,286.55
2024-08-04T16:57:46.031514+00:00,-3.00842,94.79848,Indian Ocean,1.5583,7.8184,281.87
2025-07-18T21:01:36.667986+00:00,13.28003,69.93577,Arabian Sea,2.1763,8.381,252.79
2024-05-04T17:41:43.512571+00:00,19.61829,68.42133,Arabian Sea,2.5623,9.4522,147.92
2025-03-17T13:42:07.638444+00:00,1.12159,67.36217,Indian Ocean,2.5832,8.0319,176.56
2025-03-14T19:12:41.854430+00:00,10.54656,97.15612,Bay of Bengal,2.4247,8.2318,157.65
2024-10-26T14:35:24.349590+00:00,7.6561,80.90369,Bay of Bengal,2.3189,8.6468,250.65
2024-08-07T22:03:47.877759+00:00,0.79792,96.23012,Andaman Sea,1.8569,8.0773,266.17
2025-07-31T19:32:00.012791+00:00,9.81175,70.99953,Arabian Sea,2.0308,6.5316,239.8
2023-07-01T07:38:22.294094+00:00,8.76668,93.05219,Bay of Bengal,1.3962,7.1521,232.52
2024-08-13T03:12:29.616593+00:00,8.24168,71.14883,Arabian Sea,2.0396,8.3314,265.3
2024-08-25T03:30:24.137424+00:00,21.09,76.01609,Arabian Sea,1.656,7.5339,265.47
2025-03-15T00:46:57.387680+00:00,4.26852,83.6312,Indian Ocean,1.8689,9.3685,153.41
2024-06-22T08:52:22.271101+00:00,17.48592,68.43015,Arabian Sea,1.799,8.0606,191.95
2025-05-15T22:49:40.147693+00:00,10.91381,72.24515,Arabian Sea,2.4345,9.2052,154.7
2025-04-19T23:04:38.465512+00:00,17.47707,68.66764,Arabian Sea,2.1725,10.3139,157.81
2025-08-27T21:10:28.483692+00:00,-3.0096,78.29658,Indian Ocean,1.9277,7.1725,271.89
2024-08-27T16:29:22.128456+00:00,7.70714,89.73501,Bay of Bengal,2.2104,10.6507,302.7
2024-03-12T01:52:40.106998+00:00,6.83359,99.9639,Bay of Bengal,1.9841,9.0782,191.76
2023-05-29T04:10:41.396517+00:00,16.85196,94.83531,Bay of Bengal,1.8709,8.6715,208.93
2023-03-18T15:39:16.090645+00:00,11.48628,94.08286,Bay of Bengal,2.3097,9.0245,158.12
2023-05-27T22:32:40.271571+00:00,13.47334,73.87744,Arabian Sea,1.9772,9.5998,174.64
2024-07-17T05:09:46.108172+00:00,7.70642,73.72209,Arabian Sea,1.4648,8.0448,209.34
2025-03-10T02:19:34.520387+00:00,0.03288,68.49353,Indian Ocean,2.2189,9.8417,209.1
2023-08-15T20:21:24.562844+00:00,4.86258,99.27991,Andaman Sea,1.7072,8.1975,268.59
2023-06-25T22:47:11.548541+00:00,3.39889,80.87992,Indian Ocean,1.5123,6.7519,220.62
2023-08-22T18:53:17.046911+00:00,7.4184,89.28711,Bay of Bengal,2.0432,9.3303,254.18
2024-02-29T04:07:45.507903+00:00,-4.77488,64.15278,Indian Ocean,1.9664,8.8598,192.72
2025-09-16T12:22:51.867625+00:00,12.64103,65.50625,Arabian Sea,2.2722,10.0359,265.12
2023-12-16T14:44:50.061863+00:00,-4.59898,79.49274,Indian Ocean,1.3859,6.4529,274.48
2024-10-03T04:31:10.873174+00:00,3.47101,64.04972,Indian Ocean,2.0095,8.4705,260.29
2024-07-16T20:39:56.139611+00:00,19.05086,83.6842,Bay of Bengal,1.5745,8.4437,235.7
2025-10-19T18:19:12.206109+00:00,11.29995,65.76917,Arabian Sea,2.0558,9.7575,273.63
2024-03-22T07:28:36.497248+00:00,-4.60259,99.04037,Indian Ocean,2.1348,9.4107,205.5
2024-09-06T01:11:03.898402+00:00,10.06384,89.94726,Bay of Bengal,2.4935,9.1309,264.33
2024-05-13T08:35:35.281609+00:00,2.78845,61.87272,Indian Ocean,1.8374,8.7393,164.27
2025-03-31T15:34:56.174783+00:00,15.25709,74.28163,Arabian Sea,2.0815,8.6553,178.55
2024-10-08T12:17:16.236559+00:00,8.37096,71.02465,Arabian Sea,2.3375,9.2357,275.66
2024-11-18T00:47:11.662993+00:00,4.76212,90.57095,Andaman Sea,1.8239,8.8175,193.53
2023-07-15T17:26:34.148814+00:00,15.26508,61.80503,Arabian Sea,1.8711,8.9598,189.84
2024-06-14T18:00:32.411994+00:00,1.10558,85.44372,Indian Ocean,1.4926,7.8683,215.5
2023-05-24T07:52:21.398866+00:00,11.60559,81.71947,Bay of Bengal,2.301,8.0114,204.79
2025-05-06T21:11:41.362795+00:00,11.10893,82.577,Bay of Bengal,1.9762,8.7433,224.77
2025-03-18T09:44:02.873143+00:00,3.07002,73.87189,Indian Ocean,2.6158,9.2275,164.56
2023-02-05T22:33:56.977193+00:00,3.03327,82.95499,Indian Ocean,2.2592,8.1075,203.65
2023-10-10T12:17:14.694013+00:00,15.76363,89.25233,Bay of Bengal,1.8238,8.0366,274.84
2024-04-12T16:13:16.606955+00:00,-3.14347,92.45688,Indian Ocean,1.9058,8.2101,170.39
2025-11-26T22:36:05.444413+00:00,18.6822,70.29478,Arabian Sea,1.8586,9.1663,290.03
2025-07-31T05:50:24.802694+00:00,16.29364,96.59078,Bay of Bengal,1.2745,7.9936,271.47
2025-01-31T01:58:48.945368+00:00,0.5709,77.55755,Indian Ocean,1.766,9.9942,200.38
2024-12-11T07:21:14.369417+00:00,2.22633,94.53243,Andaman Sea,1.4635,8.1651,229.65
2024-01-18T04:32:35.872358+00:00,7.03394,70.36975,Arabian Sea,2.5688,8.3908,241.81
2025-02-25T01:35:43.717853+00:00,3.51283,65.80574,Indian Ocean,2.0347,7.6763,235.79
2024-07-24T23:23:06.647833+00:00,5.95824,82.90813,Bay of Bengal,1.15,8.8829,225.82
2023-11-14T18:44:17.319334+00:00,16.99251,61.26718,Arabian Sea,2.2925,7.7867,299.29
2024-11-17T10:57:48.505706+00:00,17.06413,67.26935,Arabian Sea,1.981,9.2446,281.67
2025-10-08T03:46:41.853488+00:00,8.31376,70.91327,Arabian Sea,2.0765,8.3504,286.2
2024-07-13T12:19:20.196669+00:00,19.5785,68.30852,Arabian Sea,1.8611,9.6719,192.73
2024-07-27T02:53:21.804180+00:00,5.08576,90.54379,Bay of Bengal,1.7063,8.7264,282.33
2024-06-19T14:51:03.323707+00:00,7.52175,68.29308,Arabian Sea,1.6819,7.5209,206.81
2025-02-07T19:11:24.136180+00:00,4.04811,90.19782,Andaman Sea,2.2174,9.5869,167.18
2025-05-05T22:31:03.146936+00:00,0.44885,66.07055,Indian Ocean,1.9811,10.0012,185.91
2025-07-23T11:52:40.550236+00:00,1.40061,61.00447,Indian Ocean,1.6425,7.3696,201.7
2023-07-29T12:08:40.512081+00:00,-1.48112,99.96689,Andaman Sea,1.8388,7.6144,263.65
2025-07-21T22:01:20.832851+00:00,-4.69134,67.26168,Indian Ocean,1.4786,8.1093,190.93
2025-12-31T10:23:20.052935+00:00,3.95483,67.60524,Indian Ocean,1.3919,7.33,234.46
2024-03-15T06:59:54.993751+00:00,20.571,88.43507,Bay of Bengal,2.3304,9.9719,172.74
2025-03-11T06:30:24.811186+00:00,16.57348,90.24192,Bay of Bengal,1.972,10.2425,186.55
2024-02-16T03:43:44.459259+00:00,7.16989,91.24166,Bay of Bengal,1.8766,9.948,156.46
2025-12-16T14:08:24.083081+00:00,-1.37484,83.72157,Indian Ocean,1.5646,9.2852,218.05
2023-03-22T01:35:21.610672+00:00,2.16204,76.61337,Indian Ocean,2.6216,9.9943,137.07
2023-06-24T09:42:32.111143+00:00,0.72497,80.26585,Indian Ocean,1.5256,7.7659,203.12
2025-06-01T09:37:40.401706+00:00,6.91447,67.95573,Arabian Sea,2.5119,9.8043,188.83
2025-03-02T04:03:57.568385+00:00,6.49867,65.77343,Arabian Sea,1.6504,8.4593,190.6
2024-02-25T00:57:27.763113+00:00,17.48149,68.03731,Arabian Sea,1.9128,8.7364,196.95
2025-05-05T13:12:43.455115+00:00,13.42417,74.97421,Arabian Sea,2.5237,9.5185,153.63
2023-03-02T10:04:36.487509+00:00,19.58168,93.25652,Bay of Bengal,2.0962,9.4582,156.15
2024-03-30T05:17:43.115283+00:00,9.92293,64.94307,Arabian Sea,2.0344,9.5685,151.48
2023-12-06T21:50:39.879484+00:00,1.94835,67.78005,Indian Ocean,1.7498,8.846,265.45
2023-07-05T03:14:45.319323+00:00,22.65147,82.31385,Indian Ocean,1.4886,7.1944,250.28
2024-06-18T08:00:29.149063+00:00,-3.59758,86.45162,Indian Ocean,1.2694,8.0955,197.4
2025-08-09T13:44:47.516857+00:00,18.81732,90.39038,Bay of Bengal,2.1449,8.6205,238.7
2023-02-19T10:48:39.506809+00:00,16.0546,73.51017,Arabian Sea,2.2627,9.6668,186.8
2024-12-31T03:15:43.652094+00:00,14.57425,88.817,Bay of Bengal,1.025,7.6465,236.14
2025-09-13T21:01:57.994018+00:00,9.86888,73.45674,Arabian Sea,2.154,7.8709,250.76
2025-08-29T10:02:38.856719+00:00,-4.49411,76.59501,Indian Ocean,2.087,9.3501,259.52
2025-05-07T12:26:09.650395+00:00,-4.80283,94.44267,Indian Ocean,2.2909,11.1504,200.21
2025-09-06T09:50:44.920610+00:00,-4.68483,71.06581,Indian Ocean,1.918,9.0696,281.78
2023-06-24T22:01:52.656559+00:00,20.28568,87.26251,Bay of Bengal,0.9027,7.8608,264.33
2024-05-18T15:15:43.508607+00:00,22.56993,90.24581,Indian Ocean,1.3724,8.8179,201.04
2025-09-03T03:21:07.411519+00:00,8.97235,68.04234,Arabian Sea,2.0025,9.1863,266.74
2025-02-23T00:14:54.651075+00:00,7.92902,76.28746,Arabian Sea,1.9165,8.4711,179.21
2024-04-09T21:35:34.554073+00:00,4.09116,86.48628,Indian Ocean,2.3919,9.8468,170.95
2023-05-07T02:19:53.573051+00:00,1.09738,64.12534,Indian Ocean,1.8784,7.5798,154.41
2024-02-03T20:38:59.119094+00:00,10.44855,86.85395,Bay of Bengal,1.7106,8.8934,183.99
2025-07-30T09:37:07.994209+00:00,10.29953,63.70353,Arabian Sea,1.6215,8.6708,249.9
2024-02-20T07:13:20.653123+00:00,5.42051,95.9106,Bay of Bengal,2.1834,9.9927,195.92
2023-02-13T22:07:48.645276+00:00,-4.0252,80.23383,Indian Ocean,1.7013,8.8249,167.7
2024-07-14T18:55:07.627992+00:00,-4.68174,86.75665,Indian Ocean,1.7543,7.7936,267.54
2024-12-06T23:48:51.914114+00:00,-1.73017,85.47374,Indian Ocean,2.0816,9.5034,227.08
2024-05-02T09:04:53.298250+00:00,8.38003,95.25381,Bay of Bengal,2.0777,9.0495,195.25
2025-06-02T01:38:55.078528+00:00,-1.43953,72.92553,Indian Ocean,1.5461,8.5867,189.49
2024-07-15T08:15:14.318639+00:00,18.42848,75.45758,Arabian Sea,1.8297,9.8543,213.79
2024-01-21T04:04:40.173256+00:00,13.99128,79.79485,Bay of Bengal,1.4365,7.7732,221.43
2024-01-24T11:01:35.709771+00:00,-1.83054,89.44166,Indian Ocean,1.9641,9.9328,158.7
2024-01-17T03:32:44.828496+00:00,8.89989,77.03523,Arabian Sea,1.7122,8.1907,193.09
2024-05-31T14:44:37.417768+00:00,4.09746,73.25338,Indian Ocean,1.6171,7.6883,160.78
2023-05-27T21:39:37.944124+00:00,11.10071,80.17772,Bay of Bengal,1.8695,7.7361,208.73
2024-11-22T20:17:57.355202+00:00,-3.00807,89.53487,Indian Ocean,1.5769,8.8467,248.04
2024-01-19T09:46:16.872606+00:00,13.7527,69.60958,Arabian Sea,1.8971,7.5333,243.02
2024-06-01T08:50:27.374863+00:00,2.54636,86.51654,Indian Ocean,2.018,8.2824,217.53
2023-08-27T04:15:12.022455+00:00,13.42466,66.18366,Arabian Sea,2.1553,10.0115,241.66
2025-06-12T01:51:27.762213+00:00,3.23258,63.89814,Indian Ocean,1.6105,9.4944,181.02
2024-05-18T05:34:43.988849+00:00,14.4844,67.10201,Arabian Sea,1.8672,8.9139,204.84
2025-06-08T01:12:01.061792+00:00,0.34035,92.56447,Andaman Sea,1.988,9.5512,236.19
2024-07-06T13:08:03.685686+00:00,23.60983,69.51607,Arabian Sea,1.6382,8.1884,219.52
2023-07-15T23:08:52.944245+00:00,-2.98967,92.9433,Indian Ocean,1.4706,7.5764,242.9
2025-07-12T13:43:23.469644+00:00,3.73963,77.05699,Indian Ocean,1.8156,7.6498,206.07
2025-06-17T11:16:56.109472+00:00,3.53219,88.74856,Indian Ocean,1.7506,7.1773,233.57
2023-11-04T12:24:03.823259+00:00,19.66627,93.0625,Bay of Bengal,2.6088,9.5099,235.91
2025-01-02T05:36:52.457300+00:00,13.00092,88.52061,Bay of Bengal,1.419,9.1448,180.12
2025-03-01T13:37:50.524616+00:00,3.31996,84.242,Indian Ocean,1.933,7.3406,156.19
2023-06-19T11:03:57.475571+00:00,9.57529,77.09399,Arabian Sea,1.9983,7.325,200.19
2024-08-07T18:15:59.468406+00:00,7.26763,86.18267,Bay of Bengal,1.6685,8.7621,295.96
2024-03-10T20:01:02.316648+00:00,23.56373,87.45132,Indian Ocean,2.455,10.0655,157.15
2023-04-06T23:45:11.742202+00:00,2.709,74.6188,Indian Ocean,1.9502,7.0839,156.57
2023-09-13T18:06:12.628900+00:00,-0.40953,67.9821,Indian Ocean,1.496,6.978,300.96
2025-01-10T08:06:22.590620+00:00,8.66412,70.67525,Arabian Sea,2.0976,9.1178,227.3
2025-09-14T09:16:03.541344+00:00,8.28687,61.11804,Arabian Sea,2.5687,9.359,217.88
2023-04-24T12:42:58.833065+00:00,-4.43113,68.67629,Indian Ocean,2.041,10.0329,160.9
2024-10-31T00:25:14.545385+00:00,22.88812,64.09736,Arabian Sea,1.9158,7.6398,268.8
2024-01-12T19:06:27.931695+00:00,23.14245,66.8597,Arabian Sea,1.5619,8.5905,234.85
2023-09-05T14:11:11.435630+00:00,12.86631,76.92926,Arabian Sea,2.3889,9.6648,277.87
2023-05-19T18:00:27.991324+00:00,21.64586,99.53752,Bay of Bengal,2.4673,9.2829,216.05
2025-11-25T07:25:24.491815+00:00,-2.7708,95.1095,Indian Ocean,1.2638,8.6837,180.03
2024-03-17T07:51:04.754352+00:00,-0.55613,76.01176,Indian Ocean,2.3013,8.0967,172.82
2023-04-09T13:05:51.909694+00:00,0.95407,97.21974,Andaman Sea,2.2053,8.7793,179.97
2023-06-07T18:20:04.976259+00:00,12.16923,90.10023,Bay of Bengal,1.3095,7.6825,219.9
2025-06-30T09:20:50.025055+00:00,6.27972,78.30293,Bay of Bengal,1.2444,7.8701,228.68
2025-05-10T21:34:37.040886+00:00,23.62888,65.92182,Arabian Sea,2.1847,8.2857,155.33
2025-10-07T21:27:23.887376+00:00,19.68658,65.18569,Arabian Sea,2.4992,10.398,290.96
2024-06-12T10:14:32.698663+00:00,14.82899,85.10381,Bay of Bengal,1.6452,8.889,240.03
2024-06-25T10:37:55.059010+00:00,-3.44649,76.3347,Indian Ocean,1.5351,8.7732,200.33
2025-02-03T13:17:25.106965+00:00,18.19525,79.76277,Bay of Bengal,2.0531,6.9713,196.26
2025-07-25T18:01:17.580612+00:00,11.86066,82.81376,Bay of Bengal,1.702,8.4698,271.83
2025-09-26T02:37:09.121735+00:00,-1.38374,88.34167,Indian Ocean,1.8346,8.4065,292.35
2024-02-12T23:35:16.938416+00:00,23.67455,61.91557,Arabian Sea,1.8656,9.9119,229.02
2025-08-03T22:23:36.985594+00:00,-4.41057,89.65957,Indian Ocean,1.709,9.746,257.36
2023-05-31T06:50:15.589572+00:00,6.84783,84.88651,Bay of Bengal,1.977,9.889,212.59
2024-05-26T14:38:46.168403+00:00,3.51069,71.60331,Indian Ocean,1.8918,7.5249,181.86
2023-07-12T05:11:16.624637+00:00,23.98198,63.90247,Arabian Sea,1.5656,8.0132,187.78
2023-05-19T13:46:23.494616+00:00,2.40049,82.52511,Indian Ocean,1.5551,7.9774,173.64
2024-05-09T21:05:02.292708+00:00,0.63549,66.20584,Indian Ocean,2.0444,8.1449,150.17
2025-01-13T10:12:34.252467+00:00,9.03057,88.92403,Bay of Bengal,1.2209,8.2842,191.0
2024-08-27T09:04:04.466027+00:00,19.37303,75.44437,Arabian Sea,2.6161,9.9464,275.47
2025-11-02T07:40:12.545809+00:00,11.60146,93.67417,Bay of Bengal,2.1759,9.0928,238.22
2024-06-02T07:50:27.435375+00:00,0.0368,72.59979,Indian Ocean,1.3565,7.0019,188.03
2024-03-13T04:02:18.146626+00:00,16.41847,60.09626,Arabian Sea,2.4024,9.2777,188.08
2024-02-27T11:26:37.538137+00:00,6.12823,69.38835,Arabian Sea,2.5446,9.5595,199.02
2023-07-10T20:59:08.805395+00:00,8.99089,84.38946,Bay of Bengal,1.123,8.5437,238.93
2023-03-28T07:35:05.696114+00:00,7.73447,81.01129,Bay of Bengal,2.2957,9.5075,145.93
2024-05-09T20:16:32.076076+00:00,10.68051,70.12516,Arabian Sea,2.2348,8.8366,159.96
2023-01-16T16:43:21.869275+00:00,-0.79905,96.91822,Andaman Sea,1.3476,8.1022,155.6
2023-10-02T16:44:32.092505+00:00,0.45761,97.98756,Andaman Sea,1.5418,9.2399,268.4
2024-03-23T08:04:20.144676+00:00,23.5231,81.51029,Indian Ocean,2.2899,7.9506,173.08
2023-02-07T12:20:33.644281+00:00,-1.89976,62.82003,Indian Ocean,1.7183,8.567,194.26
2024-04-24T00:47:12.702580+00:00,8.56984,95.79894,Bay of Bengal,2.024,10.9914,201.19
2023-12-21T12:29:38.368630+00:00,19.45359,84.83889,Bay of Bengal,1.3906,10.4419,202.18
2025-01-15T17:05:21.391603+00:00,2.27083,90.09993,Andaman Sea,1.6882,7.3918,172.29
2024-01-10T15:20:02.304607+00:00,11.06576,93.61035,Bay of Bengal,1.4357,7.6065,200.34
2024-02-25T12:41:20.613561+00:00,3.84778,93.48666,Andaman Sea,1.4453,7.2451,131.5
2025-09-28T00:54:16.864004+00:00,10.38615,63.32773,Arabian Sea,2.2716,11.2932,301.79
2023-06-17T10:39:21.779349+00:00,1.83351,88.46934,Indian Ocean,1.499,8.5719,254.25
2025-02-22T13:26:48.062217+00:00,2.19503,83.43044,Indian Ocean,1.7362,8.4007,177.92
2023-04-25T22:40:48.262044+00:00,8.94173,89.61347,Bay of Bengal,2.2239,9.0089,190.68
2023-01-28T14:26:14.756989+00:00,23.01851,84.74696,Indian Ocean,1.3677,7.9276,200.02
2024-06-21T16:52:52.672673+00:00,-3.44352,63.84522,Indian Ocean,1.1194,8.1449,197.99
2023-10-10T21:46:49.702282+00:00,23.34879,70.8101,Arabian Sea,2.1392,8.6931,289.31
2025-10-07T21:37:21.799784+00:00,7.28692,97.97019,Bay of Bengal,2.5068,10.2687,231.94
2024-08-11T04:23:47.073252+00:00,-1.59766,96.92227,Andaman Sea,1.9345,8.957,240.0
2023-04-28T11:38:50.315790+00:00,16.9459,86.48124,Bay of Bengal,2.3668,9.2497,151.89
2023-07-13T00:42:14.052436+00:00,14.93111,76.06134,Arabian Sea,1.1557,7.3377,164.14
2023-08-30T08:18:48.207621+00:00,5.96353,66.8967,Arabian Sea,2.1325,10.035,281.83
2023-07-06T01:47:52.525269+00:00,20.92074,63.35011,Arabian Sea,1.4971,8.2919,214.0
2024-04-18T01:29:16.654598+00:00,3.46242,93.35349,Andaman Sea,2.3017,7.5494,148.43
2024-12-11T07:45:39.696078+00:00,-2.18883,73.39952,Indian Ocean,1.6729,8.5658,261.9
2024-02-09T07:27:31.079070+00:00,16.02105,60.93715,Arabian Sea,1.9733,9.8085,219.61
2025-10-23T00:18:54.392075+00:00,21.39077,81.75716,Bay of Bengal,2.3023,9.1496,301.41
2025-06-16T19:05:44.012829+00:00,5.24354,91.65387,Bay of Bengal,1.4196,7.8014,244.17
2024-01-23T02:29:09.094694+00:00,-1.4059,88.18986,Indian Ocean,1.5643,7.1195,164.34
2023-11-23T13:55:43.475704+00:00,7.38038,78.85133,Bay of Bengal,2.3949,9.3423,254.17
2025-02-07T10:15:50.855376+00:00,1.79333,84.43097,Indian Ocean,1.789,9.7877,170.68
2023-12-31T21:59:50.554588+00:00,15.479,87.81233,Bay of Bengal,1.4188,9.2256,211.05
2023-03-22T16:00:36.093174+00:00,3.27103,68.22073,Indian Ocean,2.2562,8.8429,150.02
2023-01-07T01:00:04.153650+00:00,12.02501,81.89191,Bay of Bengal,1.9107,9.1523,183.73
2025-10-29T17:25:46.066269+00:00,19.9225,81.05827,Bay of Bengal,2.1281,9.8659,276.53
2025-04-16T12:07:16.750355+00:00,10.9424,76.34469,Arabian Sea,2.0803,9.354,225.34
2024-11-07T22:15:07.596358+00:00,15.3863,61.4987,Arabian Sea,2.0697,9.3555,290.57
2023-04-26T11:55:10.685412+00:00,1.82916,61.2246,Indian Ocean,2.1308,9.0574,140.58
2025-05-10T21:15:39.099339+00:00,8.53953,93.19929,Bay of Bengal,1.7164,9.1201,197.16
2024-08-17T20:54:09.191047+00:00,0.42837,93.25287,Andaman Sea,1.6761,7.6381,270.26
2025-04-25T13:43:58.691180+00:00,20.72329,78.77093,Bay of Bengal,2.0745,8.631,153.04
2024-11-28T12:19:08.693911+00:00,9.89477,96.04566,Bay of Bengal,1.5783,9.7402,232.51
2023-08-26T01:23:49.831862+00:00,23.45886,70.30946,Arabian Sea,3.3168,10.417,250.95
2024-11-14T04:04:21.642377+00:00,1.21281,90.03877,Andaman Sea,1.4789,9.0261,242.66
2024-05-02T06:47:49.716044+00:00,8.8121,98.44968,Bay of Bengal,2.2728,7.571,195.32
2025-08-04T09:36:04.955742+00:00,21.09318,65.17313,Arabian Sea,2.5065,8.3631,217.8
2024-04-18T03:35:02.570590+00:00,20.81826,77.91815,Arabian Sea,2.5489,10.8566,149.0
2024-08-16T03:06:34.227408+00:00,11.68592,97.99481,Bay of Bengal,1.6982,8.0899,294.53
2024-07-15T23:41:12.240191+00:00,14.09024,81.41659,Bay of Bengal,1.5821,8.5351,255.64
2025-01-02T17:24:44.747326+00:00,3.26652,67.9026,Indian Ocean,1.3313,9.0471,251.92
2025-01-12T13:05:20.862232+00:00,23.0384,92.88591,Indian Ocean,1.2037,7.51,175.22
2023-04-18T09:05:43.628115+00:00,13.0305,79.44701,Bay of Bengal,2.1514,9.8203,152.21
2024-07-11T22:06:43.921695+00:00,-2.41562,89.53536,Indian Ocean,0.8074,8.0478,259.97
2023-10-16T08:05:52.435162+00:00,9.35967,76.0249,Arabian Sea,1.6969,5.728,292.06
2023-12-01T00:24:04.266091+00:00,11.6526,87.9723,Bay of Bengal,2.4501,9.5227,222.28
2024-05-28T13:21:13.730015+00:00,15.14105,87.54212,Bay of Bengal,1.6198,9.0639,202.67
2025-07-13T21:41:01.963023+00:00,4.63786,96.90526,Andaman Sea,1.7725,10.9864,267.98
2025-09-30T04:34:38.313077+00:00,21.89406,61.00979,Arabian Sea,1.7501,9.511,258.06
2025-11-22T01:13:07.445072+00:00,12.34257,63.03959,Arabian Sea,2.0884,8.7078,301.36
2025-08-14T21:07:07.466346+00:00,10.11791,98.71774,Bay of Bengal,1.9448,9.3143,234.08
2024-11-21T23:01:16.156827+00:00,14.3288,78.03215,Bay of Bengal,1.6092,9.2605,243.12
2025-02-27T19:36:10.595803+00:00,16.69842,89.19949,Bay of Bengal,1.7464,8.2815,189.48
2024-06-13T09:07:37.582095+00:00,23.06487,80.02663,Indian Ocean,2.1466,8.3993,196.31
2023-10-05T22:27:53.735618+00:00,6.86147,74.8439,Arabian Sea,1.917,9.7253,270.44
2024-04-25T13:07:02.101768+00:00,0.81135,98.09992,Andaman Sea,1.7246,7.5491,205.96
2025-11-03T12:59:29.293198+00:00,0.50996,69.39598,Indian Ocean,2.1724,9.569,261.06
2025-05-21T11:51:00.862296+00:00,-1.73931,66.84278,Indian Ocean,1.9358,8.0977,168.44
2024-03-09T15:19:57.232103+00:00,11.43508,88.00539,Bay of Bengal,2.4509,9.4643,178.54
2025-11-27T03:26:12.655628+00:00,19.73069,96.96115,Bay of Bengal,1.6537,8.4546,203.79
2025-05-06T23:42:08.740075+00:00,-3.58726,94.6518,Indian Ocean,2.2578,7.931,218.36
2024-02-28T10:17:39.504324+00:00,7.9431,96.16155,Bay of Bengal,1.942,9.4188,145.06
2023-01-18T07:03:55.471966+00:00,-2.55868,61.33962,Indian Ocean,1.6965,8.9873,205.6
2025-03-26T12:12:54.406479+00:00,21.47763,86.66403,Bay of Bengal,2.2726,9.5968,196.89
2024-03-15T11:30:31.247461+00:00,19.38525,71.23693,Arabian Sea,1.9199,8.5455,200.65
2024-05-10T14:01:41.181769+00:00,7.8175,76.68347,Arabian Sea,2.6494,10.0879,193.31
2023-12-05T04:09:08.056307+00:00,11.76731,66.55835,Arabian Sea,1.5693,8.4239,265.94
2023-07-15T21:36:52.795105+00:00,11.90734,71.66471,Arabian Sea,1.6935,8.2569,213.22
2024-12-07T11:23:33.049973+00:00,-3.18589,79.54082,Indian Ocean,1.8326,8.4876,249.18
2023-06-25T08:48:14.975896+00:00,4.35732,85.90477,Indian Ocean,1.4557,8.7679,270.13
2025-12-06T05:21:51.423283+00:00,7.08933,67.76553,Arabian Sea,1.7675,9.3607,248.12
2025-07-31T21:53:18.792311+00:00,21.04096,74.20146,Arabian Sea,2.0326,7.829,264.73
2024-08-17T18:22:22.394609+00:00,1.69356,82.99377,Indian Ocean,1.5852,8.6785,282.27
2025-07-05T08:12:28.591223+00:00,-1.13928,99.91978,Andaman Sea,1.5362,9.1842,261.04
2024-12-23T08:21:22.023312+00:00,14.46362,84.95566,Bay of Bengal,1.5083,8.9331,220.58
2025-08-26T09:31:57.031305+00:00,22.40786,85.08599,Indian Ocean,1.9063,9.3854,252.48
2025-04-03T06:19:56.817139+00:00,6.34154,87.82355,Bay of Bengal,2.1293,6.9757,170.33
2023-12-28T02:24:57.445293+00:00,-4.26258,60.61814,Indian Ocean,1.3338,8.3261,275.58
2024-03-15T11:57:51.453781+00:00,-4.15623,91.08946,Indian Ocean,2.3321,9.2411,173.15
2025-04-05T12:47:05.602483+00:00,-4.97172,93.78889,Indian Ocean,1.9374,9.2468,176.42
2025-03-23T14:24:42.276002+00:00,18.47175,87.6832,Bay of Bengal,2.2557,9.9021,151.53
2025-12-05T06:18:34.557492+00:00,-4.81826,88.83196,Indian Ocean,1.3694,7.8691,212.55
2023-05-07T12:12:42.247459+00:00,21.25443,64.64635,Arabian Sea,2.6401,11.146,171.26
2023-09-07T18:23:01.737570+00:00,14.90863,91.47797,Bay of Bengal,2.2209,9.439,282.82
2023-10-07T17:42:44.625964+00:00,6.29056,60.7065,Arabian Sea,2.2754,7.8438,274.94
2025-06-01T18:32:13.722305+00:00,20.31306,83.00315,Bay of Bengal,1.7351,8.7261,189.23
2024-01-12T16:08:46.017758+00:00,-0.22508,86.65838,Indian Ocean,0.9202,6.9117,189.6
2025-07-29T23:42:20.039295+00:00,12.79096,99.84471,Bay of Bengal,1.7195,6.798,263.15
2023-09-30T03:24:00.640924+00:00,14.74382,98.31568,Bay of Bengal,2.1024,9.7264,264.45
2024-12-24T00:49:52.705434+00:00,14.10797,75.9882,Arabian Sea,1.5284,8.0568,257.57
2024-10-10T17:51:07.078209+00:00,3.45482,95.53412,Andaman Sea,2.1949,9.0479,259.78
2024-08-13T04:43:17.572103+00:00,3.46278,91.8125,Andaman Sea,1.689,8.9433,287.07
2023-12-10T10:27:18.277928+00:00,-0.2613,88.98347,Indian Ocean,1.7623,7.7255,235.55
2025-04-28T06:35:54.022431+00:00,10.62015,77.57058,Arabian Sea,2.4465,9.6334,180.13
2023-10-31T06:12:20.129249+00:00,5.00666,63.84382,Arabian Sea,1.9164,9.2807,245.87
2023-08-17T15:41:00.614470+00:00,14.18262,77.43208,Arabian Sea,1.8324,8.3609,274.13
2025-03-20T19:20:08.470381+00:00,12.41811,75.80329,Arabian Sea,2.3884,9.0037,181.47
2024-03-14T14:54:09.975614+00:00,7.79184,92.70381,Bay of Bengal,2.0797,9.241,162.33
2024-08-21T23:53:53.962210+00:00,-3.57953,75.34718,Indian Ocean,2.2404,9.5989,216.4
2023-11-28T23:59:25.346068+00:00,13.70668,85.20167,Bay of Bengal,1.8713,7.8251,237.28
2024-03-27T16:09:07.705246+00:00,15.44383,65.63854,Arabian Sea,2.2361,10.0617,176.63
2024-12-19T20:52:49.953973+00:00,15.7037,85.95446,Bay of Bengal,1.7707,6.9006,230.0
2023-03-26T13:19:02.421588+00:00,21.57001,83.95161,Bay of Bengal,2.1833,9.6963,164.54
2023-09-28T08:31:15.680181+00:00,16.45727,73.52771,Arabian Sea,2.6379,9.1145,279.3
2025-03-16T22:04:25.555831+00:00,-1.01357,74.33922,Indian Ocean,1.9395,8.6779,165.04
2023-08-29T00:06:09.305053+00:00,16.71502,81.02522,Bay of Bengal,2.2813,8.4453,289.26
2024-07-05T22:15:34.699990+00:00,13.65807,71.69686,Arabian Sea,1.8013,8.4091,186.02
2023-07-07T17:32:32.178607+00:00,4.51873,84.4479,Indian Ocean,1.4469,7.9422,238.39
2023-07-16T23:55:34.384115+00:00,7.18826,89.65211,Bay of Bengal,1.6957,6.5923,260.56
2023-01-20T09:34:23.950464+00:00,11.059,90.42699,Bay of Bengal,1.9012,9.3738,182.34
2025-07-10T00:45:11.912416+00:00,-4.33277,78.82309,Indian Ocean,1.5297,7.4369,239.45
2024-07-03T19:59:46.081790+00:00,-3.13844,90.85846,Indian Ocean,1.1478,8.1279,233.29
2025-05-17T01:44:41.308286+00:00,10.90858,83.52629,Bay of Bengal,1.4145,7.4012,164.65
2025-07-12T09:16:12.661168+00:00,-3.15216,98.08463,Indian Ocean,1.7525,9.7742,269.28
2023-03-23T14:52:37.251297+00:00,3.71106,81.05825,Indian Ocean,2.2069,10.6068,190.33
2024-08-02T15:39:09.675571+00:00,3.84022,91.66354,Andaman Sea,1.7058,9.0037,254.0
2024-11-14T07:33:05.222517+00:00,-1.43582,83.39416,Indian Ocean,1.9086,9.223,232.96
2023-04-05T13:05:41.794516+00:00,-1.66763,68.10744,Indian Ocean,1.7477,9.1127,177.55
2024-02-21T11:35:05.564995+00:00,5.09381,77.97499,Arabian Sea,2.9859,9.7097,184.34
2024-07-11T17:00:35.855710+00:00,16.78733,99.44693,Bay of Bengal,1.1521,7.3942,251.46
2024-07-30T09:35:20.588027+00:00,12.20418,72.47299,Arabian Sea,1.8683,9.7037,224.5
2024-04-18T10:24:09.962083+00:00,-2.1365,61.38579,Indian Ocean,1.9801,10.565,167.98
2025-06-09T12:14:38.629836+00:00,15.75187,86.42199,Bay of Bengal,1.4711,8.8987,252.7
2025-02-28T02:53:31.962460+00:00,-0.02553,94.41559,Andaman Sea,2.0934,9.431,153.0
2024-04-04T22:14:21.932561+00:00,-0.21639,68.77921,Indian Ocean,1.8738,7.3518,185.5
2024-07-12T09:42:48.952948+00:00,11.66447,95.14252,Bay of Bengal,2.0679,8.8974,260.3
2024-07-10T05:05:31.226424+00:00,16.12532,94.2368,Bay of Bengal,2.068,8.0435,274.88
2025-08-28T07:51:03.496949+00:00,-1.79368,89.09531,Indian Ocean,1.8678,8.8176,246.21
2024-09-18T14:29:36.558368+00:00,-0.53303,95.49601,Andaman Sea,1.9567,10.313,275.37
2023-06-09T19:46:07.684353+00:00,14.18966,67.21171,Arabian Sea,1.6686,8.6585,191.93
2023-02-26T06:11:22.313005+00:00,-1.54021,97.0931,Andaman Sea,2.3292,9.8099,114.01
2023-09-29T17:58:14.402741+00:00,-4.23615,78.3219,Indian Ocean,1.8633,7.2149,247.2
2023-11-21T05:58:22.777094+00:00,3.89143,61.09528,Indian Ocean,1.9731,8.394,263.35
2023-08-08T10:03:01.327065+00:00,-4.63008,86.77773,Indian Ocean,1.7849,8.3327,232.29
2024-03-09T12:50:42.588330+00:00,5.85881,84.49431,Bay of Bengal,1.8859,9.5761,128.58
2023-06-25T18:21:38.539248+00:00,9.65662,91.76344,Bay of Bengal,1.2914,7.7318,207.0
2024-11-23T01:02:13.156354+00:00,21.38384,71.3406,Arabian Sea,2.2973,9.6887,271.07
2023-02-28T14:42:36.586911+00:00,-0.39483,90.52037,Andaman Sea,1.5124,8.9166,201.33
2024-10-05T13:48:46.708839+00:00,-0.86393,87.2084,Indian Ocean,1.856,8.6006,271.75
2024-07-09T02:16:48.556929+00:00,-0.03372,85.72433,Indian Ocean,1.5177,8.0464,205.36
2023-05-10T18:07:02.833503+00:00,4.76676,82.60974,Indian Ocean,2.1136,9.8051,174.37
2024-02-07T08:42:12.140684+00:00,5.12708,84.51091,Bay of Bengal,1.6887,8.2327,176.32
2024-12-21T02:12:58.328092+00:00,21.18378,67.00965,Arabian Sea,1.6397,8.6575,257.81
2023-07-13T09:57:22.579509+00:00,21.53439,99.93843,Bay of Bengal,1.2635,7.4846,249.77
2024-09-21T01:15:58.823419+00:00,6.00026,87.82743,Bay of Bengal,2.5791,9.6309,234.25
2025-01-17T01:24:13.095271+00:00,2.68659,62.65353,Indian Ocean,1.1497,8.3385,247.46
2025-05-13T02:19:46.052319+00:00,14.33413,73.43109,Arabian Sea,2.2662,10.2215,147.44
2025-04-22T18:51:23.255607+00:00,20.27208,76.90312,Arabian Sea,2.461,8.4391,172.5
2024-06-28T08:39:54.383224+00:00,3.0872,71.9277,Indian Ocean,1.1545,6.7013,199.68
2025-03-26T23:02:31.585194+00:00,10.11523,72.4134,Arabian Sea,2.6339,9.7973,186.6
2024-07-21T19:37:39.125657+00:00,21.95053,70.68359,Arabian Sea,2.018,9.6828,193.69
2023-11-24T02:29:24.557111+00:00,-1.30361,78.39637,Indian Ocean,1.1938,8.1003,227.35
2023-11-14T18:33:22.434442+00:00,-0.22596,90.49889,Andaman Sea,1.8001,7.8607,260.42
2024-05-22T14:02:52.751923+00:00,22.81541,66.59588,Arabian Sea,1.61,9.1628,172.19
2024-04-06T15:13:36.672695+00:00,12.94601,66.22768,Arabian Sea,2.1069,9.7815,181.55
2024-07-05T12:00:26.260297+00:00,12.18457,80.52708,Bay of Bengal,1.5365,9.1616,232.25
2024-01-16T20:48:07.107877+00:00,1.63714,99.31277,Andaman Sea,1.6375,8.2433,170.17
2024-08-26T00:04:12.600604+00:00,9.19678,62.67162,Arabian Sea,2.0882,7.7565,206.55
2024-10-31T09:23:03.515029+00:00,20.97282,72.51999,Arabian Sea,2.1053,8.7974,277.39
2023-03-03T12:43:18.627935+00:00,6.46369,75.54487,Arabian Sea,2.4304,7.7487,219.15
2023-05-29T06:03:13.933233+00:00,10.66986,82.96559,Bay of Bengal,1.3559,8.4298,201.63
2025-07-10T15:00:05.068365+00:00,-1.96346,68.04761,Indian Ocean,1.6917,8.5073,192.5
2023-03-06T09:09:08.660390+00:00,7.2536,90.87603,Bay of Bengal,2.1495,8.5481,182.73
2024-06-13T15:38:54.833428+00:00,0.33918,78.788,Indian Ocean,1.407,7.8088,222.67
2024-09-18T20:14:01.193396+00:00,10.69934,68.11242,Arabian Sea,2.7413,10.1077,261.61
2023-03-27T14:41:21.272787+00:00,22.72748,71.04905,Arabian Sea,2.1171,9.3324,179.96
2023-03-21T23:01:49.655610+00:00,4.13935,65.81913,Indian Ocean,2.3671,7.6917,188.08
2023-11-21T23:50:40.836295+00:00,7.2792,95.73184,Bay of Bengal,2.242,7.7365,234.41
2025-10-01T17:46:36.843670+00:00,23.77536,93.01315,Indian Ocean,2.4649,9.5397,286.96
2023-09-27T21:06:16.361755+00:00,16.79971,67.15916,Arabian Sea,2.2178,9.4162,238.31
2024-07-11T16:01:20.464128+00:00,16.86949,91.42908,Bay of Bengal,1.3163,7.7482,270.6
2023-01-21T14:18:55.476240+00:00,15.65805,64.02622,Arabian Sea,1.2423,6.6319,240.3
2024-01-17T07:00:16.797324+00:00,0.47545,93.98593,Andaman Sea,1.8024,8.4548,153.85
2023-08-26T12:53:41.050699+00:00,23.54179,86.29381,Indian Ocean,1.026,8.4415,267.56
2024-09-18T22:11:13.716438+00:00,5.28502,81.69625,Bay of Bengal,2.0867,9.5377,291.74
2025-03-06T12:25:54.369711+00:00,17.56607,99.47896,Bay of Bengal,2.186,9.074,192.03
2023-11-22T13:59:23.047682+00:00,14.70435,64.55575,Arabian Sea,2.3751,8.2347,270.02
2024-07-04T00:21:34.205723+00:00,18.7675,94.61617,Bay of Bengal,1.4593,7.9012,256.08
2023-09-23T16:15:05.302485+00:00,9.01088,64.93523,Arabian Sea,2.0038,9.3514,285.21
2025-10-31T17:08:10.985163+00:00,0.03525,60.21837,Indian Ocean,1.9046,9.5709,298.26
2023-10-04T14:26:43.838543+00:00,4.85461,63.18013,Indian Ocean,2.0933,9.3903,271.83
2023-10-06T12:27:41.984764+00:00,3.37587,83.75133,Indian Ocean,1.9016,10.0973,301.24
2024-10-11T05:34:23.776404+00:00,7.02247,92.69849,Bay of Bengal,2.5024,9.3499,273.62
2025-12-28T22:13:40.209152+00:00,19.17274,64.44779,Arabian Sea,2.0915,7.5352,246.0
2023-05-09T20:51:17.773783+00:00,19.27253,72.39682,Arabian Sea,2.6879,9.2205,154.71
2024-05-26T01:04:25.080550+00:00,6.97598,87.69785,Bay of Bengal,2.197,8.3082,206.89
2023-01-16T09:06:32.484021+00:00,19.41602,82.7652,Bay of Bengal,1.8238,7.8488,143.95
2024-01-02T12:27:50.838397+00:00,-2.33227,86.22477,Indian Ocean,1.5789,9.2096,190.48
2025-07-22T00:32:20.577475+00:00,-1.28931,76.34897,Indian Ocean,1.7017,9.2711,266.1
2024-04-15T12:39:09.975708+00:00,6.25676,74.29402,Arabian Sea,2.0884,8.5699,166.91
2025-01-09T02:53:07.910628+00:00,21.19993,93.03969,Bay of Bengal,2.1449,9.1336,177.37
2023-08-02T19:59:23.180847+00:00,21.77047,68.39418,Arabian Sea,2.1506,8.8911,202.13
2024-08-04T03:27:22.547100+00:00,20.62252,85.62313,Bay of Bengal,1.7017,7.8704,243.56
2024-04-19T09:11:05.710813+00:00,17.48702,83.47991,Bay of Bengal,2.2911,9.6004,136.67
2023-10-01T11:47:35.371080+00:00,-0.29112,77.00452,Indian Ocean,2.1391,9.0834,299.74
2025-09-20T20:13:22.508605+00:00,-4.05213,94.12224,Indian Ocean,1.8493,10.337,283.2
2025-11-29T20:05:52.697126+00:00,8.01258,60.25075,Arabian Sea,1.9667,10.5973,227.49
2024-11-03T19:52:14.979318+00:00,2.31321,87.54689,Indian Ocean,2.0469,8.6704,253.23
2023-06-26T00:21:04.790860+00:00,14.747,78.25007,Bay of Bengal,1.1723,8.8227,225.2
2023-08-05T17:53:33.675081+00:00,1.85377,98.86045,Andaman Sea,1.8476,9.5703,305.37
2023-05-23T19:31:52.657846+00:00,12.98985,91.52227,Bay of Bengal,1.6935,9.1515,214.18
2023-07-22T05:51:01.055080+00:00,-2.2208,62.85507,Indian Ocean,1.9477,9.6439,219.18
2024-03-17T05:37:17.845600+00:00,-3.12424,89.51488,Indian Ocean,2.3848,9.2093,143.32
2025-05-20T23:58:57.526009+00:00,9.65867,84.44206,Bay of Bengal,1.7912,7.403,161.45
2023-11-07T15:09:04.911003+00:00,3.49205,70.97524,Indian Ocean,1.5898,8.1883,249.55
2025-10-25T02:54:56.951898+00:00,12.5306,64.13834,Arabian Sea,2.1312,8.0203,278.93
2025-01-12T20:26:34.862905+00:00,22.36533,62.30524,Arabian Sea,1.7858,9.1591,241.26
2023-08-29T23:46:56.035026+00:00,0.09407,92.05417,Andaman Sea,1.8955,7.9857,284.09
2023-12-18T03:52:57.026109+00:00,-2.02471,67.16963,Indian Ocean,1.6859,9.6582,257.33
2023-03-28T21:51:11.662401+00:00,8.93947,85.39776,Bay of Bengal,1.9285,8.7685,165.96
2025-09-18T18:53:04.660964+00:00,8.49488,96.03207,Bay of Bengal,2.7348,10.1538,315.34
2023-10-01T22:25:12.602950+00:00,22.80628,78.74653,Indian Ocean,2.4934,8.6821,250.84
2024-10-14T20:29:21.428507+00:00,15.87327,68.63813,Arabian Sea,2.0782,8.2766,270.44
2025-08-27T06:01:59.903022+00:00,3.30397,74.61792,Indian Ocean,2.4551,10.261,241.08
2023-12-15T11:07:55.388769+00:00,17.7597,79.64773,Bay of Bengal,1.4945,8.1407,230.75
2023-11-18T04:35:41.493596+00:00,9.6107,96.12298,Bay of Bengal,2.1049,7.9695,208.75
2023-08-21T11:29:40.819424+00:00,19.15763,83.27683,Bay of Bengal,2.1108,9.8549,263.69
2025-12-29T23:06:23.507476+00:00,15.45448,95.08637,Bay of Bengal,2.075,7.9447,190.09
2023-11-11T19:30:14.499651+00:00,-4.0428,67.36372,Indian Ocean,2.3549,8.9921,283.26
2025-01-30T16:58:33.971509+00:00,15.74998,74.001,Arabian Sea,1.8976,9.5117,204.2
2025-01-05T17:10:54.136023+00:00,15.2183,84.82329,Bay of Bengal,1.7176,8.0273,195.95
2023-08-28T00:35:04.254837+00:00,20.45733,80.81843,Bay of Bengal,1.743,8.3358,239.67
2025-05-16T17:03:31.095694+00:00,9.80472,73.98152,Arabian Sea,2.3003,8.6377,164.97
2025-11-01T20:42:34.767969+00:00,11.5304,82.00459,Bay of Bengal,1.7388,8.9034,277.27
2024-04-21T22:32:07.401195+00:00,3.71921,75.69006,Indian Ocean,1.4534,8.1124,124.13
2023-02-03T05:26:10.880920+00:00,7.06357,71.56375,Arabian Sea,2.3458,8.987,200.0
2023-04-21T05:35:54.328674+00:00,23.69629,90.43052,Indian Ocean,2.4231,7.8588,165.34
2024-11-16T18:29:33.289614+00:00,3.67962,82.92558,Indian Ocean,1.5713,6.7337,210.71
2023-08-16T14:43:39.901899+00:00,2.36351,82.09261,Indian Ocean,2.1947,7.9334,253.43
2023-07-24T14:50:49.758938+00:00,15.59081,85.18395,Bay of Bengal,1.5058,9.2933,261.73
2024-07-06T12:56:45.853908+00:00,21.29739,61.23653,Arabian Sea,2.0274,7.7642,173.93
2024-08-25T18:10:15.081069+00:00,13.33063,88.37598,Bay of Bengal,1.9002,8.7382,250.84
2023-02-28T23:02:37.317861+00:00,12.96707,90.44105,Bay of Bengal,1.8194,10.3321,154.76
2024-02-08T09:56:42.636719+00:00,9.01519,93.12692,Bay of Bengal,1.6382,8.5723,152.24
2023-05-15T01:20:03.424224+00:00,-0.06999,71.9396,Indian Ocean,2.1731,10.3939,179.54
2024-05-29T18:41:59.585681+00:00,5.71741,84.21011,Bay of Bengal,1.9971,9.0366,179.19
2025-01-04T02:18:52.771509+00:00,13.23946,89.30397,Bay of Bengal,2.0411,7.8271,180.26
2023-06-25T06:18:08.502796+00:00,8.67811,97.90261,Bay of Bengal,1.0297,8.1478,252.56
2023-10-19T13:37:01.228471+00:00,19.84629,74.44708,Arabian Sea,2.1708,9.9393,287.45
2023-02-07T15:32:04.410541+00:00,21.43916,79.84742,Bay of Bengal,1.9055,8.8557,185.31
2025-01-23T01:56:39.721004+00:00,9.26466,78.50556,Bay of Bengal,1.2638,6.5468,208.73
2025-09-11T12:37:13.064041+00:00,21.03394,95.87827,Bay of Bengal,2.0383,8.4317,301.56
2025-03-15T14:47:00.954356+00:00,3.96057,85.44833,Indian Ocean,2.1899,9.2906,171.15
2024-12-09T06:03:39.217334+00:00,10.65302,60.19856,Arabian Sea,2.2862,9.6094,272.86
2024-02-22T10:15:14.090277+00:00,21.19021,86.20796,Bay of Bengal,2.3168,9.7364,159.93
2023-05-07T15:35:53.672164+00:00,19.74082,92.96051,Bay of Bengal,1.8032,9.744,206.32
2023-05-02T06:28:44.361282+00:00,5.92448,95.6425,Bay of Bengal,2.1152,8.9562,232.99
2025-12-06T16:46:12.781455+00:00,1.03058,79.87916,Indian Ocean,1.6843,8.47,228.59
2023-12-31T05:54:32.533130+00:00,4.63559,69.87286,Indian Ocean,1.2206,8.3649,225.98
2025-08-17T20:34:57.948779+00:00,-4.74473,66.80228,Indian Ocean,1.755,7.9826,233.62
2023-04-19T15:11:33.451632+00:00,-4.99971,62.3895,Indian Ocean,1.7779,8.2039,117.24
2024-03-13T03:07:05.047283+00:00,13.85303,89.49232,Bay of Bengal,1.8916,9.7653,193.92
2025-06-05T18:12:09.100076+00:00,23.36132,69.47324,Arabian Sea,1.6642,6.4162,188.48
2025-11-05T08:47:05.628325+00:00,17.094,75.86987,Arabian Sea,2.2183,9.5522,238.39
2024-12-06T04:42:16.099485+00:00,18.59715,81.73148,Bay of Bengal,1.5166,7.714,238.86
2023-04-14T16:22:56.102797+00:00,8.41718,90.52154,Bay of Bengal,2.4776,9.1253,178.67
2023-04-24T11:36:08.804157+00:00,14.48969,79.14724,Bay of Bengal,1.9069,9.0842,174.3
2025-03-02T13:42:31.447708+00:00,6.85851,66.89442,Arabian Sea,2.0539,9.2268,203.44
2023-08-21T14:44:24.955119+00:00,7.42752,91.67178,Bay of Bengal,1.9877,9.174,301.63
2023-04-10T21:17:43.317970+00:00,17.41399,62.23321,Arabian Sea,2.1317,10.0549,155.52
2025-04-28T22:44:03.848204+00:00,-3.63506,86.54979,Indian Ocean,1.7642,8.3701,169.46
2024-03-27T12:29:38.625666+00:00,20.36878,82.76905,Bay of Bengal,1.9172,7.629,154.76
2023-05-02T11:48:32.675012+00:00,19.37389,79.12392,Bay of Bengal,2.1312,8.4909,182.6
2023-09-12T07:07:19.538308+00:00,-0.72761,71.93096,Indian Ocean,1.5794,8.3933,269.72
2025-05-29T02:59:57.482863+00:00,-3.22965,81.75981,Indian Ocean,1.5274,6.6609,181.46
2023-05-04T14:28:42.505525+00:00,4.3559,79.4087,Indian Ocean,2.3353,9.013,145.32
2024-01-08T02:15:52.137721+00:00,13.73236,65.40067,Arabian Sea,1.419,6.8771,234.62
2023-09-28T11:17:35.503212+00:00,-2.44336,82.06325,Indian Ocean,2.3339,9.2777,302.37
2023-10-31T09:31:30.434034+00:00,17.59435,73.80877,Arabian Sea,2.1846,8.1887,252.99
2024-07-15T12:15:17.102367+00:00,21.48831,87.4446,Bay of Bengal,1.2733,6.3362,237.4
2024-02-16T13:14:38.249895+00:00,15.82882,97.74672,Bay of Bengal,1.5457,8.0267,174.07
2024-03-31T22:15:32.408034+00:00,17.8946,70.96487,Arabian Sea,2.0081,10.0892,202.04
2025-12-22T09:35:20.978651+00:00,-0.72316,86.59852,Indian Ocean,1.1059,8.6759,220.78
2023-01-01T12:42:55.938594+00:00,23.54657,68.30514,Arabian Sea,1.8764,7.7354,257.9
2025-05-02T19:18:10.776304+00:00,5.86811,92.45599,Bay of Bengal,2.22,8.7622,195.47
2024-03-20T02:19:16.011582+00:00,19.61507,77.73513,Arabian Sea,2.4581,9.5326,156.42
2023-04-25T02:36:39.534013+00:00,15.9256,66.31806,Arabian Sea,2.4647,8.4964,181.02
2023-11-11T15:17:22.279063+00:00,-0.42827,63.16042,Indian Ocean,1.9931,7.4034,260.29
2023-09-04T10:41:34.651111+00:00,4.14951,85.58217,Indian Ocean,2.0051,9.5884,269.03
2023-11-16T05:14:02.768897+00:00,19.65191,95.23919,Bay of Bengal,1.7107,9.0688,227.18
2025-11-06T13:56:31.420295+00:00,20.56847,92.41373,Bay of Bengal,1.4837,8.4004,274.62
2024-05-23T13:03:43.536043+00:00,5.96547,77.47324,Arabian Sea,1.8691,9.7878,238.75
2024-10-25T04:44:34.425714+00:00,22.20765,66.51811,Arabian Sea,2.6785,9.8496,266.84
2024-10-23T08:30:19.814627+00:00,21.05157,93.85148,Bay of Bengal,1.9788,10.0249,270.41
2023-12-24T00:23:05.763526+00:00,6.60607,73.55307,Arabian Sea,1.6094,8.3097,212.43
2023-11-14T15:53:33.503901+00:00,3.34773,92.09461,Andaman Sea,2.4962,7.8441,265.7
2023-09-11T08:19:33.570607+00:00,21.78112,68.11311,Arabian Sea,2.4197,7.7161,296.76
2025-05-28T22:14:19.791121+00:00,18.22174,94.70073,Bay of Bengal,1.4487,8.9167,232.43
2023-01-24T02:35:45.488877+00:00,18.32487,69.74058,Arabian Sea,1.6723,8.8294,219.65
2024-01-18T23:02:10.119923+00:00,19.57328,96.4934,Bay of Bengal,1.5951,7.0196,164.95
2025-12-26T03:27:29.178974+00:00,17.61465,98.23689,Bay of Bengal,1.4016,8.1589,185.61
2023-07-25T07:26:19.920600+00:00,20.77233,79.1171,Bay of Bengal,2.1261,8.8713,213.18
2023-10-01T08:54:14.854340+00:00,-1.40672,77.23274,Indian Ocean,2.3739,9.1376,280.5
2023-04-15T02:45:40.343722+00:00,18.70435,68.21329,Arabian Sea,2.1638,8.3187,182.81
2024-04-05T16:10:58.227566+00:00,20.59794,82.85372,Bay of Bengal,1.533,9.6231,142.48
2023-07-19T12:28:39.980183+00:00,2.95563,91.8204,Andaman Sea,1.3571,7.1944,255.55
2023-11-04T04:36:30.797425+00:00,-2.7762,90.13812,Indian Ocean,2.2234,9.4966,273.46
2023-05-02T19:32:46.612934+00:00,5.0987,70.26126,Arabian Sea,2.3205,9.5129,180.2
2023-07-11T19:58:10.902131+00:00,23.06557,64.68571,Arabian Sea,1.7623,9.1299,205.13
2025-03-24T00:06:42.592266+00:00,6.6475,74.43371,Arabian Sea,2.4171,10.5802,175.75
2025-06-25T20:06:21.331215+00:00,19.41606,98.91263,Bay of Bengal,1.9844,8.1938,254.66
2024-05-24T18:31:14.825070+00:00,19.08407,97.76155,Bay of Bengal,2.2563,9.2381,225.32
2024-11-30T10:20:28.395929+00:00,18.3739,78.97784,Bay of Bengal,1.328,8.2083,251.04
2023-10-14T01:40:25.713416+00:00,1.64457,68.35878,Indian Ocean,2.204,8.0671,269.94
2025-11-24T03:47:16.163441+00:00,18.06973,87.47951,Bay of Bengal,1.2781,7.5003,224.89
2025-09-26T01:44:03.516551+00:00,-1.32515,70.1844,Indian Ocean,2.5667,10.5711,258.53
2025-01-22T02:52:25.321870+00:00,19.89962,60.66096,Arabian Sea,1.4556,9.147,228.91
2023-09-20T21:11:57.490994+00:00,3.16688,77.19137,Indian Ocean,2.2936,8.9385,273.63
2024-04-11T03:51:40.794288+00:00,18.19825,63.88651,Arabian Sea,2.4202,8.1964,176.95
2023-05-10T21:54:30.029146+00:00,2.74268,63.34784,Indian Ocean,1.829,9.4672,163.86
2023-10-10T15:47:56.022235+00:00,21.24023,84.56926,Bay of Bengal,2.3972,9.0884,269.32
2024-11-10T03:18:27.044927+00:00,6.06747,63.16126,Arabian Sea,1.9045,8.9824,276.42
2025-08-15T02:19:43.506798+00:00,21.57611,82.03034,Bay of Bengal,1.8779,7.9207,224.19
2023-03-31T11:55:43.937826+00:00,14.24091,84.55586,Bay of Bengal,2.2549,8.7962,187.02
2024-01-10T05:19:49.705649+00:00,-3.9223,70.54309,Indian Ocean,1.7017,7.6715,255.51
2024-03-15T02:08:39.955564+00:00,1.68891,92.13261,Andaman Sea,2.4955,8.9816,151.11
2023-12-03T23:40:28.670222+00:00,17.40674,85.02683,Bay of Bengal,2.2656,8.36,219.97
2024-07-04T17:20:59.025252+00:00,4.46799,67.02773,Indian Ocean,1.9723,8.844,204.74
2025-09-06T05:38:11.767267+00:00,-3.40116,65.09718,Indian Ocean,2.2338,8.0807,273.77
2023-12-23T22:02:53.311753+00:00,-1.04721,73.3717,Indian Ocean,1.6947,7.9327,265.97
2023-06-25T07:32:29.248909+00:00,12.10631,70.65614,Arabian Sea,1.7288,7.5237,205.9
2024-01-29T02:56:45.764280+00:00,18.94231,63.78594,Arabian Sea,2.2168,9.1841,207.84
2024-02-04T09:47:45.641298+00:00,13.10224,69.57371,Arabian Sea,1.8442,9.1917,220.72
2024-10-24T02:15:56.709271+00:00,19.175,85.6822,Bay of Bengal,1.9853,9.3516,252.67
2024-03-02T06:27:03.956955+00:00,4.75555,90.48589,Andaman Sea,2.4908,7.9443,182.93
2025-05-16T15:37:03.569812+00:00,23.07401,97.41114,Indian Ocean,2.188,9.0045,225.61
2023-09-27T03:41:34.080236+00:00,7.97516,91.67858,Bay of Bengal,2.1411,10.2145,263.03
2023-05-27T19:33:35.905400+00:00,-3.73015,95.51804,Indian Ocean,2.0418,7.8945,235.43
2023-05-24T16:51:11.264566+00:00,23.0546,85.82658,Indian Ocean,1.6031,8.9398,210.22
2023-01-19T19:36:12.049816+00:00,20.93237,66.57514,Arabian Sea,1.9717,8.1622,232.59
2024-10-18T02:42:14.101063+00:00,16.94663,73.57559,Arabian Sea,2.6291,10.3637,327.07
2024-01-22T01:50:48.382441+00:00,0.34827,95.99315,Andaman Sea,1.4254,8.3437,179.55
2023-10-16T18:40:52.561820+00:00,-4.99092,83.2312,Indian Ocean,2.524,10.0214,293.45
2025-09-06T13:15:42.169726+00:00,10.63292,94.00554,Bay of Bengal,2.0515,10.6943,244.96
2024-03-02T10:04:54.985560+00:00,3.84244,66.49751,Indian Ocean,1.8183,9.8236,190.94
2023-10-30T08:04:51.739525+00:00,14.03932,74.45833,Arabian Sea,2.4654,9.9621,264.06
2023-02-18T04:13:37.687908+00:00,-2.09815,79.34362,Indian Ocean,1.7528,8.1504,162.1
2024-10-26T15:08:11.970147+00:00,22.02644,82.09518,Indian Ocean,1.9197,7.9837,278.17
2025-01-11T04:00:24.924945+00:00,17.56468,87.34559,Bay of Bengal,1.5322,8.6086,207.18
2025-05-18T08:06:52.162808+00:00,5.76734,83.24559,Bay of Bengal,2.501,8.9176,202.41
2024-05-04T17:36:35.013891+00:00,7.39489,81.39351,Bay of Bengal,1.883,9.206,180.27
2023-08-16T02:03:07.388601+00:00,2.96836,95.35464,Andaman Sea,1.7835,8.4033,280.44
2025-08-18T09:27:13.038935+00:00,14.1807,77.15692,Arabian Sea,2.3321,8.9038,291.45
2025-12-26T16:38:15.335192+00:00,18.92107,71.15497,Arabian Sea,1.8005,9.1755,254.74
2023-02-04T13:26:22.728631+00:00,1.8116,60.77117,Indian Ocean,1.6211,9.2292,239.58
2023-08-14T23:48:03.804323+00:00,14.84711,79.87866,Bay of Bengal,2.3279,7.9047,281.85
2024-09-14T04:38:10.472417+00:00,0.83204,68.46988,Indian Ocean,1.9128,8.968,287.01
2024-04-14T07:30:54.684382+00:00,10.20352,82.60079,Bay of Bengal,2.1488,10.2867,136.2
2025-04-18T17:07:36.619653+00:00,-2.10599,99.70659,Indian Ocean,2.5412,8.3751,200.39
2024-09-10T08:20:37.097573+00:00,11.54726,80.50177,Bay of Bengal,2.07,8.5574,278.55
2025-05-13T07:26:57.340221+00:00,17.5272,83.21092,Bay of Bengal,2.1742,8.1767,183.44
2024-07-27T09:05:46.038044+00:00,17.32399,76.76145,Arabian Sea,1.8737,9.3374,255.31
2024-03-12T17:11:09.981886+00:00,-0.69248,82.14004,Indian Ocean,2.2393,9.4776,172.67
2024-02-22T10:47:28.272855+00:00,18.17492,75.0824,Arabian Sea,2.6488,9.2968,153.03
2024-04-23T05:46:42.937176+00:00,17.28208,63.90607,Arabian Sea,2.6077,9.343,180.61
2023-07-23T14:54:08.401058+00:00,3.33057,85.24854,Indian Ocean,1.0756,7.8211,267.39
2024-09-30T13:18:33.316776+00:00,14.53662,82.79096,Bay of Bengal,2.426,9.6002,250.34
2025-10-27T00:00:15.779669+00:00,1.89969,88.66987,Indian Ocean,2.0318,8.1516,274.41
2023-08-19T07:48:25.973354+00:00,-1.99959,85.7213,Indian Ocean,1.6982,9.0645,289.41
2023-11-25T23:07:48.628133+00:00,18.7827,91.03948,Bay of Bengal,1.7565,8.9671,188.55
2024-01-06T01:33:03.145124+00:00,22.93428,93.49799,Indian Ocean,0.9962,6.4807,166.96
2023-04-30T09:14:41.569373+00:00,4.59558,68.12366,Indian Ocean,2.1841,8.1456,189.35
2023-09-26T14:51:02.008836+00:00,2.80174,88.85696,Indian Ocean,1.8867,7.4858,281.97
2023-03-23T15:55:12.460414+00:00,-4.43758,62.78653,Indian Ocean,1.1717,6.7714,192.89
2023-06-14T23:33:17.597979+00:00,18.32658,73.99128,Arabian Sea,1.8379,8.9532,178.8
2024-10-12T15:37:33.549989+00:00,4.16613,82.45262,Indian Ocean,1.9427,9.7301,276.82
2025-04-07T09:42:55.090079+00:00,17.67583,99.58564,Bay of Bengal,1.9586,9.0491,173.01
2024-07-13T11:04:34.692680+00:00,12.50553,68.02678,Arabian Sea,1.6875,7.9536,213.14
2025-09-29T09:37:48.216163+00:00,2.54816,91.47745,Andaman Sea,1.7725,7.83,262.55
2025-12-05T04:57:59.606094+00:00,22.74864,70.81859,Arabian Sea,2.1478,8.8465,239.41
2024-09-23T05:32:08.294233+00:00,21.40223,96.72923,Bay of Bengal,2.1342,7.9475,296.99
2023-08-20T06:53:11.359277+00:00,12.15428,61.42641,Arabian Sea,1.9841,9.658,239.51
2025-01-22T04:14:59.998065+00:00,7.88693,66.21256,Arabian Sea,1.8044,9.1949,226.11
2025-12-24T15:04:05.931401+00:00,21.54962,82.98776,Bay of Bengal,1.8809,8.2437,214.35
2024-01-10T08:24:32.765399+00:00,13.33582,74.89328,Arabian Sea,1.6144,8.443,206.81
2025-07-14T06:22:45.130820+00:00,23.23138,74.2299,Arabian Sea,1.8146,8.3909,223.09
2024-02-26T08:51:47.975871+00:00,-3.72893,62.16546,Indian Ocean,1.9986,9.3533,183.49
2025-01-20T15:27:02.170589+00:00,18.95048,64.02388,Arabian Sea,1.6926,7.9928,216.01
2025-05-12T03:24:45.659768+00:00,23.83746,62.79101,Arabian Sea,2.2822,8.3798,189.61
2024-12-11T23:33:06.797713+00:00,21.2667,78.48435,Bay of Bengal,1.9097,8.9792,221.53
2025-08-18T23:58:11.000025+00:00,9.11946,80.91432,Bay of Bengal,2.0546,7.1703,246.06
2023-07-26T01:42:09.107306+00:00,1.82434,76.68789,Indian Ocean,2.2114,11.0888,250.81
2024-12-05T06:45:30.759879+00:00,20.84303,73.01515,Arabian Sea,2.146,9.7227,243.83
2023-07-17T15:32:07.011503+00:00,1.36149,63.14116,Indian Ocean,1.494,8.6957,216.82
2024-08-29T18:01:44.208749+00:00,2.72878,75.22402,Indian Ocean,2.0706,8.5706,252.8
2023-01-02T11:15:34.717961+00:00,5.51266,60.19605,Arabian Sea,1.7542,8.5206,269.21
2024-11-23T09:10:33.326960+00:00,-1.98819,73.82305,Indian Ocean,1.0488,7.4203,251.61
2025-07-11T00:42:51.399303+00:00,14.41075,62.20631,Arabian Sea,1.8967,8.8425,201.69
2023-05-03T17:18:48.447526+00:00,7.47811,83.86521,Bay of Bengal,2.3663,9.0763,191.54
2025-01-30T00:47:25.845387+00:00,20.93502,99.25888,Bay of Bengal,1.5123,9.3835,152.7
2025-07-31T09:21:00.614305+00:00,21.80466,67.26935,Arabian Sea,1.8564,7.4027,249.2
2024-06-05T14:24:32.785791+00:00,23.66945,63.00913,Arabian Sea,1.8539,8.857,191.34
2023-05-04T17:58:04.544687+00:00,1.8261,92.01301,Andaman Sea,2.1763,10.2026,204.55
2025-07-25T05:22:29.587481+00:00,-4.19732,64.70451,Indian Ocean,1.2275,7.9192,211.72
2024-05-23T11:26:38.577935+00:00,-0.41242,73.51662,Indian Ocean,1.5397,9.696,169.81
2024-11-15T20:45:30.689191+00:00,1.52107,71.55632,Indian Ocean,1.1103,8.6287,247.87
2025-02-09T04:19:13.941227+00:00,14.60885,99.68175,Bay of Bengal,1.6256,9.3638,172.93
2023-05-15T16:16:21.160093+00:00,12.62186,76.86918,Arabian Sea,1.8572,9.1924,183.66
2025-01-24T06:30:11.541956+00:00,11.60486,88.68288,Bay of Bengal,1.9979,10.0343,192.55
2025-08-17T10:20:07.920847+00:00,16.00155,67.05125,Arabian Sea,1.6699,9.561,234.52
2023-01-26T17:10:26.624975+00:00,15.2472,99.06025,Bay of Bengal,1.6244,8.2363,137.29
2024-11-26T18:29:30.836782+00:00,1.91542,67.57214,Indian Ocean,1.6365,8.0812,248.81
2023-12-26T05:12:49.573761+00:00,5.44319,95.06529,Bay of Bengal,1.2094,8.8704,219.24
2023-02-03T12:06:42.869753+00:00,6.38688,94.01771,Bay of Bengal,1.5752,8.4216,155.53
2025-10-24T00:16:41.614053+00:00,-2.35071,63.36629,Indian Ocean,2.2484,9.5237,256.24
2023-02-16T01:52:06.075818+00:00,2.91877,63.56749,Indian Ocean,2.3414,9.2565,184.01
2024-05-08T21:41:01.041451+00:00,-0.13233,67.28418,Indian Ocean,2.187,8.7384,148.03
2025-11-18T16:20:50.519718+00:00,11.50712,64.89129,Arabian Sea,2.2033,8.0863,283.63
2024-03-10T17:07:08.377992+00:00,17.20125,71.90313,Arabian Sea,2.3515,9.7241,175.53
2025-02-08T03:17:44.485376+00:00,5.90168,92.6723,Bay of Bengal,2.1145,9.7988,158.45
2023-06-03T00:10:57.642427+00:00,16.80479,87.75501,Bay of Bengal,2.2654,10.3743,210.55
2023-08-11T16:04:16.690220+00:00,0.09322,68.93643,Indian Ocean,2.1064,8.4213,231.18
2023-05-04T12:29:12.951488+00:00,-3.13739,66.49853,Indian Ocean,1.8539,9.1657,196.32
2023-11-28T17:59:19.331564+00:00,8.84995,96.91321,Bay of Bengal,1.4718,8.7171,215.34
2025-02-03T18:01:13.193425+00:00,0.92908,70.65255,Indian Ocean,1.4832,9.5143,210.94
2024-11-24T08:50:21.948945+00:00,18.95359,95.45401,Bay of Bengal,1.6146,7.6033,242.38
2024-07-08T22:14:30.034614+00:00,11.3103,98.21324,Bay of Bengal,1.6878,8.0934,305.54
2025-06-25T09:37:29.652238+00:00,-4.84571,67.33452,Indian Ocean,1.7542,8.3001,204.19
2023-11-22T19:34:46.391211+00:00,21.874,71.75797,Arabian Sea,2.4891,9.128,254.19
2025-09-01T00:37:13.234327+00:00,15.12325,85.75656,Bay of Bengal,1.9417,8.5317,266.79
2023-07-07T08:11:28.196374+00:00,5.19562,77.14633,Arabian Sea,1.2858,8.1874,258.62
2024-08-29T07:05:11.564738+00:00,-2.22104,85.81133,Indian Ocean,2.2934,9.5051,257.7
2025-04-22T06:32:49.497559+00:00,7.50745,91.47292,Bay of Bengal,1.7174,9.3718,166.7
2024-05-25T12:48:27.322112+00:00,21.63865,63.43229,Arabian Sea,2.3851,8.4922,158.37
2023-01-30T01:53:48.819669+00:00,19.76568,86.06828,Bay of Bengal,1.7812,8.9061,139.96
2023-08-16T20:20:59.588916+00:00,-0.2096,89.39974,Indian Ocean,2.0081,8.9165,269.87
2024-10-20T19:58:08.323392+00:00,16.98803,98.06215,Bay of Bengal,2.2632,9.5459,240.8
2023-07-27T02:02:04.083758+00:00,-2.63842,64.29123,Indian Ocean,2.102,9.1945,234.78
2023-12-09T09:16:54.874416+00:00,-1.17359,65.32168,Indian Ocean,1.381,7.2976,259.59
2024-11-13T21:47:15.157584+00:00,1.83954,82.18734,Indian Ocean,1.5257,7.7924,266.87
2024-07-29T12:10:58.794858+00:00,21.50791,68.78085,Arabian Sea,2.5152,9.3949,225.43
2023-04-22T10:28:56.486071+00:00,13.34817,64.29587,Arabian Sea,2.2162,9.3121,165.34
2023-09-03T15:42:22.348723+00:00,-4.48056,94.75802,Indian Ocean,1.9664,8.8373,263.93
2025-11-28T18:50:07.040821+00:00,10.89651,82.16447,Bay of Bengal,1.8005,8.7354,243.91
2024-01-31T11:30:54.339394+00:00,15.62378,90.68994,Bay of Bengal,2.1377,8.3342,160.08
2023-08-12T07:04:38.052166+00:00,-1.15309,64.83827,Indian Ocean,1.9323,10.2803,204.04
2024-06-26T23:57:38.526813+00:00,11.64478,95.41855,Bay of Bengal,1.208,8.1282,241.3
2024-06-19T10:33:46.392313+00:00,11.40373,68.30352,Arabian Sea,1.6452,8.5483,168.35
2025-01-18T06:32:46.055555+00:00,15.62765,72.48976,Arabian Sea,2.2733,8.0188,232.01
2024-12-18T11:10:47.894650+00:00,17.91878,96.67204,Bay of Bengal,1.7133,8.2152,181.45
2025-07-26T04:19:28.786963+00:00,-1.3929,97.02512,Andaman Sea,1.6469,8.2715,250.31
2025-09-25T13:23:59.312696+00:00,9.72394,65.70998,Arabian Sea,1.8915,9.2253,289.08
2023-03-28T03:58:19.732781+00:00,16.9873,75.50316,Arabian Sea,2.1842,9.289,171.19
2023-11-22T05:32:14.368421+00:00,6.46818,83.61878,Bay of Bengal,2.2966,10.1252,258.71
2025-12-03T12:11:32.264812+00:00,16.04922,86.30671,Bay of Bengal,1.5002,6.4584,227.73
2023-08-31T03:33:16.128922+00:00,6.69947,65.97241,Arabian Sea,1.8171,9.6518,239.01
2024-07-27T15:20:40.439084+00:00,0.7417,72.77154,Indian Ocean,1.581,9.7311,236.98
2025-01-26T13:29:30.567248+00:00,-3.04585,64.3285,Indian Ocean,1.6466,8.266,227.47
2024-06-28T04:21:59.188860+00:00,15.383,81.72613,Bay of Bengal,1.6139,9.1054,208.95
2025-03-22T07:50:05.710846+00:00,2.6559,72.74622,Indian Ocean,2.2747,10.3736,147.41
2025-02-15T10:42:09.334016+00:00,13.05407,78.74189,Bay of Bengal,2.1988,8.0038,167.25
2025-10-03T03:10:25.215330+00:00,15.92472,73.61223,Arabian Sea,2.6028,8.6091,293.45
2025-11-14T11:09:57.020402+00:00,3.16628,81.95797,Indian Ocean,1.9228,9.6932,278.42
2025-01-08T20:59:26.167418+00:00,-3.79686,80.33688,Indian Ocean,1.2146,9.5667,224.63
2024-03-06T23:03:36.836210+00:00,17.32532,89.6878,Bay of Bengal,2.1641,8.1701,174.93
2023-06-11T19:08:05.394526+00:00,21.47717,94.4859,Bay of Bengal,1.7499,9.0505,262.04
2024-06-22T08:01:53.726287+00:00,9.97036,78.47019,Bay of Bengal,1.5438,7.0614,199.41
2023-04-10T10:42:49.473928+00:00,23.27933,70.39405,Arabian Sea,1.9842,7.55,148.1
2023-12-03T15:53:31.417904+00:00,2.49038,93.3995,Andaman Sea,1.5358,9.0987,242.83
2023-06-04T19:08:14.287771+00:00,6.93307,65.25058,Arabian Sea,1.7211,8.4689,191.89
2024-02-23T21:38:50.114798+00:00,10.0093,71.57016,Arabian Sea,1.8877,9.118,158.75
2024-06-03T21:26:40.076520+00:00,15.77931,72.11896,Arabian Sea,1.9942,8.2217,173.24
2024-06-25T15:19:05.401908+00:00,11.14338,76.19051,Arabian Sea,1.3118,6.6724,227.06
2025-05-10T17:10:59.210909+00:00,11.09826,87.49524,Bay of Bengal,1.9499,10.5246,193.74
2025-11-26T18:25:51.292710+00:00,3.88051,77.80213,Indian Ocean,1.1872,8.3282,253.52
2024-02-05T17:59:19.453000+00:00,2.92074,91.19061,Andaman Sea,1.7929,7.5662,178.77
2024-02-03T17:13:05.125353+00:00,3.51444,74.02415,Indian Ocean,1.6717,8.6022,183.06
2024-11-17T12:02:40.993250+00:00,-3.55375,60.00959,Indian Ocean,1.6089,8.5892,254.21
2025-08-22T01:24:13.950942+00:00,14.00594,63.01122,Arabian Sea,2.0491,9.6592,249.61
2024-08-29T09:22:41.376331+00:00,-4.197,92.15302,Indian Ocean,1.9495,8.5039,242.41
2025-01-11T10:16:26.495818+00:00,17.24877,77.84516,Arabian Sea,1.4928,8.1968,207.63
2023-08-05T16:17:12.957515+00:00,21.12766,97.87459,Bay of Bengal,1.4388,6.589,286.12
2023-04-27T21:32:00.693544+00:00,14.70321,72.17711,Arabian Sea,2.263,9.4121,196.06
2024-05-07T14:42:51.250539+00:00,11.39007,92.18586,Bay of Bengal,2.2304,10.332,210.27
2023-03-25T22:01:55.363826+00:00,-3.49174,62.68337,Indian Ocean,1.9405,9.006,180.67
2024-05-04T23:36:36.592884+00:00,17.27304,71.78801,Arabian Sea,2.0298,9.4531,149.02
2024-03-31T04:11:51.726575+00:00,19.95549,88.015,Bay of Bengal,2.1729,9.6645,162.48
2024-10-18T01:36:59.652985+00:00,12.02901,97.99633,Bay of Bengal,2.1523,8.2894,252.31
2024-05-06T18:05:04.440276+00:00,8.05657,93.89367,Bay of Bengal,1.6543,10.3003,223.3
2024-08-19T16:01:40.994621+00:00,-2.97793,63.24129,Indian Ocean,2.1405,9.3461,207.12
2024-12-14T23:45:33.117681+00:00,9.70592,63.70653,Arabian Sea,1.7758,9.6033,251.53
2024-02-11T23:14:50.744086+00:00,23.91483,84.7959,Indian Ocean,1.9141,7.8504,175.35
2025-01-01T10:47:19.235082+00:00,14.87518,88.5695,Bay of Bengal,1.5338,8.3843,207.07
2023-02-26T06:29:39.626341+00:00,7.10437,66.80852,Arabian Sea,2.094,9.1929,187.26
2023-08-23T15:54:04.395412+00:00,16.20882,66.70054,Arabian Sea,1.553,9.1761,249.25
2025-02-07T01:09:03.705428+00:00,20.39214,77.98403,Arabian Sea,1.977,9.8557,187.78
2025-09-26T15:40:20.776189+00:00,-1.10938,65.44763,Indian Ocean,1.8884,7.2062,254.05
2025-11-11T10:15:38.142074+00:00,2.75159,82.57201,Indian Ocean,1.7366,7.6785,281.84
2024-11-15T11:38:42.805845+00:00,11.76962,85.51877,Bay of Bengal,2.2515,9.7298,249.75
2025-11-22T03:28:16.657929+00:00,14.80402,86.96118,Bay of Bengal,1.1776,7.1314,214.12
2025-06-10T10:36:01.219485+00:00,10.02139,60.50957,Arabian Sea,1.9402,9.2447,156.17
2024-12-15T02:06:21.528685+00:00,12.93301,68.05464,Arabian Sea,1.4429,9.5211,232.19
2023-10-30T19:22:24.920212+00:00,1.44027,68.51,Indian Ocean,2.3308,10.8653,293.61
2023-01-25T06:31:01.493860+00:00,15.27764,63.54742,Arabian Sea,1.7409,8.4944,245.45
2023-11-09T01:53:49.202025+00:00,10.33332,83.56402,Bay of Bengal,2.035,8.8332,258.44
2024-07-20T04:33:40.894280+00:00,6.79329,65.84306,Arabian Sea,1.7721,9.4303,197.67
2025-02-25T13:05:39.545881+00:00,3.32233,72.86129,Indian Ocean,2.0714,9.8371,210.47
2023-01-17T08:22:41.516911+00:00,-1.70421,91.97821,Andaman Sea,1.6364,7.0977,157.12
2024-12-12T09:30:32.242173+00:00,-1.91324,86.72446,Indian Ocean,2.1799,9.9769,206.5
2024-09-20T07:21:23.712885+00:00,5.62532,63.05153,Arabian Sea,2.4315,7.6593,245.31
2023-04-19T07:10:10.652307+00:00,10.61111,73.40772,Arabian Sea,2.1828,8.9958,137.99
2024-11-11T04:48:58.454724+00:00,18.57144,66.38517,Arabian Sea,2.2708,7.8118,259.04
2025-09-14T08:56:57.436768+00:00,5.1406,60.29468,Arabian Sea,2.1272,8.3471,259.43
2023-10-23T20:05:23.116483+00:00,23.45296,64.78259,Arabian Sea,2.8483,10.9372,293.28
2024-12-19T07:31:44.409882+00:00,-3.04258,82.18914,Indian Ocean,2.0671,9.6673,203.09
2024-02-03T17:33:33.787652+00:00,11.60878,87.95308,Bay of Bengal,1.7795,7.9759,163.03
2024-11-17T07:30:09.798002+00:00,4.96035,79.31857,Indian Ocean,1.5754,8.3319,234.09
2025-05-03T04:56:43.468528+00:00,2.0536,97.45911,Andaman Sea,2.2065,9.2009,226.55
2024-05-29T22:35:12.676187+00:00,15.19205,77.08045,Arabian Sea,1.9139,8.7744,192.62
2025-03-24T01:07:49.263279+00:00,2.51755,70.32441,Indian Ocean,2.02,9.5587,135.3
2025-12-27T20:06:07.430604+00:00,-1.71916,91.83339,Andaman Sea,1.8058,8.7581,183.43
2023-01-11T00:28:28.025301+00:00,19.12975,78.4384,Bay of Bengal,1.9688,10.0268,215.66
2023-12-11T05:02:05.329860+00:00,22.86956,93.1176,Indian Ocean,1.7386,7.9023,190.87
2025-01-30T09:50:19.316910+00:00,22.93203,84.28223,Indian Ocean,1.5866,8.1716,181.33
2025-08-25T01:06:59.848462+00:00,18.31788,75.308,Arabian Sea,2.1748,8.901,271.43
2025-06-06T22:53:24.277717+00:00,14.12467,89.4878,Bay of Bengal,1.8449,7.7805,224.45
2023-09-29T03:01:06.191147+00:00,20.83222,75.24467,Arabian Sea,2.3867,9.0039,271.25
2023-01-25T18:36:38.729025+00:00,2.87827,82.43874,Indian Ocean,1.944,10.0506,209.91
2023-11-19T05:04:31.222434+00:00,-0.81897,67.63614,Indian Ocean,2.0232,8.6285,287.96
2025-03-17T11:11:58.759174+00:00,16.54343,63.20039,Arabian Sea,1.9539,8.1233,187.07
2024-10-24T20:21:58.947917+00:00,-0.06892,98.9764,Andaman Sea,1.9915,8.4633,212.94
2023-05-20T03:20:51.624049+00:00,4.04981,63.09514,Indian Ocean,1.9375,8.557,164.51
2025-11-03T02:14:42.219128+00:00,-1.74973,78.20353,Indian Ocean,1.6933,7.3365,273.53
2025-07-04T20:43:25.435520+00:00,0.56244,96.7979,Andaman Sea,1.7493,8.9069,264.4
2023-08-24T02:26:32.298973+00:00,18.55765,92.72595,Bay of Bengal,1.996,9.143,264.82
2024-08-28T00:51:44.364254+00:00,22.92499,82.1875,Indian Ocean,2.0397,8.1521,255.12
2024-11-16T02:47:48.831705+00:00,17.34538,78.60833,Bay of Bengal,2.2927,7.5401,248.26
2025-06-09T00:53:05.532139+00:00,0.47442,70.04859,Indian Ocean,1.6173,7.5662,198.88
2024-07-26T03:51:46.807023+00:00,1.22198,61.93404,Indian Ocean,1.7983,7.6541,230.42
2024-03-02T07:16:37.220612+00:00,19.78906,92.37945,Bay of Bengal,1.9547,8.3065,150.86
2024-03-11T09:25:30.959258+00:00,1.65694,78.92802,Indian Ocean,2.3102,8.9466,153.52
2024-04-22T09:30:23.492235+00:00,17.44377,63.91757,Arabian Sea,1.8186,8.3972,143.64
2025-11-11T06:06:53.597998+00:00,15.53017,90.75017,Bay of Bengal,1.8348,8.8126,234.42
2024-06-27T17:30:39.785011+00:00,0.86993,70.87048,Indian Ocean,1.0366,8.22,195.9
2024-01-12T18:06:48.160318+00:00,-1.79923,88.64985,Indian Ocean,1.6828,8.7919,161.15
2025-02-28T05:01:59.072023+00:00,3.17928,65.49453,Indian Ocean,1.8915,8.6062,191.65
2025-02-24T00:36:07.061053+00:00,6.08187,81.26526,Bay of Bengal,2.1999,8.3555,161.09
2024-05-20T16:12:57.693443+00:00,20.33853,89.31633,Bay of Bengal,2.1351,7.7179,237.38
2025-11-16T07:57:05.540201+00:00,11.68048,65.38824,Arabian Sea,2.2583,9.0997,246.39
2023-12-04T08:11:12.485753+00:00,0.25545,64.51968,Indian Ocean,1.7299,8.4632,241.39
2025-05-24T22:21:47.646539+00:00,23.49182,76.02421,Arabian Sea,1.8394,8.4166,185.08
2025-05-10T08:31:17.316158+00:00,8.20715,72.37484,Arabian Sea,2.7635,9.0206,191.86
2025-05-05T22:28:49.679195+00:00,5.61839,83.81557,Bay of Bengal,2.2519,9.755,180.16
2025-01-09T11:29:20.341987+00:00,3.6109,99.50268,Andaman Sea,1.5778,9.8505,180.8
2023-09-30T19:26:27.520966+00:00,12.80436,77.68028,Arabian Sea,2.434,7.7857,270.72
2023-02-25T07:54:44.167256+00:00,0.03299,88.16369,Indian Ocean,1.82,8.5663,169.93
2025-06-02T20:44:33.903109+00:00,5.02591,78.29782,Bay of Bengal,1.4914,8.2093,202.45
2024-07-23T15:00:04.026554+00:00,21.72623,75.27645,Arabian Sea,1.9991,9.0183,225.38
2025-11-01T14:30:19.235518+00:00,-1.37158,73.8988,Indian Ocean,1.7656,9.1025,244.75
2025-09-26T12:01:35.877718+00:00,-3.5393,87.3523,Indian Ocean,2.3307,9.5942,282.48
2023-03-10T01:49:58.397417+00:00,-3.40623,83.9567,Indian Ocean,2.259,8.6984,130.15
2024-12-30T04:00:51.691358+00:00,-0.63872,84.77083,Indian Ocean,0.7463,7.8378,188.62
2024-07-07T17:06:34.232665+00:00,20.8435,60.25516,Arabian Sea,1.8971,7.5965,197.01
2024-06-30T02:20:47.691276+00:00,2.76153,70.13428,Indian Ocean,1.2108,8.4494,202.22
2023-03-02T21:49:02.936562+00:00,1.5477,75.07204,Indian Ocean,2.1278,9.4387,180.07
2023-08-23T05:23:30.406758+00:00,-4.10347,71.99803,Indian Ocean,1.7574,8.6523,238.08
2024-01-16T23:23:59.549841+00:00,12.07938,70.83576,Arabian Sea,2.1545,8.6365,243.41
2024-05-14T10:54:00.124488+00:00,16.95862,74.04593,Arabian Sea,1.6589,7.7911,178.6
2023-07-29T04:28:16.819655+00:00,0.90075,71.15045,Indian Ocean,1.6226,7.7547,246.28
2024-12-04T11:23:09.560232+00:00,6.8158,86.38019,Bay of Bengal,1.9169,9.4916,240.6
2025-01-30T19:37:55.913756+00:00,3.34973,82.71007,Indian Ocean,1.507,7.6155,176.68
2025-11-14T21:14:49.709988+00:00,-4.98215,68.86179,Indian Ocean,1.5756,9.1213,260.58
2024-11-07T02:17:04.887189+00:00,16.07982,82.22619,Bay of Bengal,2.0664,9.1998,258.51
2025-07-01T12:45:18.116115+00:00,15.10469,64.50262,Arabian Sea,1.8765,8.8271,195.99
2024-10-14T14:52:59.981884+00:00,18.79236,74.84895,Arabian Sea,2.7152,9.7845,268.15
2024-01-08T19:01:38.376194+00:00,-0.03149,89.55016,Indian Ocean,1.2712,8.9434,202.5
2023-11-13T08:46:26.797253+00:00,10.39537,68.31605,Arabian Sea,2.0336,9.6063,296.16
2023-05-30T20:27:22.881569+00:00,1.22872,67.51156,Indian Ocean,1.788,7.6811,184.48
2024-05-20T12:19:09.552690+00:00,10.93302,96.22041,Bay of Bengal,1.9961,9.0948,251.69
2025-10-03T20:35:44.255823+00:00,21.04719,77.28918,Arabian Sea,2.395,9.984,250.62
2023-07-14T02:07:28.676844+00:00,21.83047,88.41961,Bay of Bengal,1.7349,7.0849,228.52
2024-04-15T04:45:49.778324+00:00,17.17093,96.84386,Bay of Bengal,2.2177,9.0642,199.74
2024-02-04T02:40:10.169090+00:00,22.66743,95.32544,Indian Ocean,2.1466,9.4746,206.94
2024-02-08T14:11:52.309139+00:00,16.44589,88.09343,Bay of Bengal,2.2847,10.2009,167.61
2025-05-03T23:00:03.838770+00:00,6.58596,73.87011,Arabian Sea,2.5737,8.6363,169.96
2024-11-03T20:53:52.364363+00:00,4.30519,65.80101,Indian Ocean,2.0224,8.1227,267.07
2023-01-14T19:39:08.699224+00:00,18.0164,73.62707,Arabian Sea,2.002,10.481,218.4
2025-09-23T12:51:55.855136+00:00,8.58562,90.75187,Bay of Bengal,2.4774,8.2826,267.67
2025-06-29T10:36:46.666554+00:00,-2.10637,82.82183,Indian Ocean,2.1802,7.5174,224.82
2024-06-12T01:24:51.246241+00:00,8.44402,67.06758,Arabian Sea,2.0023,8.3463,184.93
2023-11-17T10:36:56.653763+00:00,7.13347,77.67049,Arabian Sea,2.1885,10.1131,245.59
2024-02-05T13:59:11.864090+00:00,17.59606,65.95735,Arabian Sea,2.0827,7.8939,228.75
2025-02-16T08:54:58.829944+00:00,-3.78603,68.33641,Indian Ocean,1.626,8.4324,191.22
2024-06-25T06:25:55.670579+00:00,21.10448,66.56222,Arabian Sea,1.8316,7.9987,201.19
2025-10-22T03:50:18.162208+00:00,-0.5268,94.33817,Andaman Sea,2.3754,9.3289,277.67
2024-05-22T08:08:09.039365+00:00,6.25587,83.22564,Bay of Bengal,1.414,7.8432,197.03
2024-03-29T01:15:00.190307+00:00,19.34748,78.19223,Bay of Bengal,2.2096,7.8508,164.34
2023-12-15T10:18:39.039513+00:00,11.90803,96.82891,Bay of Bengal,2.2466,10.2628,191.49
2025-09-14T06:43:31.611218+00:00,10.45411,83.37732,Bay of Bengal,2.1163,8.9902,267.01
2023-03-10T21:03:45.591535+00:00,16.6558,81.44644,Bay of Bengal,2.0275,10.0044,199.05
2025-06-09T01:07:37.059941+00:00,-2.28157,87.42695,Indian Ocean,1.4461,7.7957,218.02
2023-02-19T08:10:15.315653+00:00,0.51347,98.58103,Andaman Sea,1.7297,8.967,107.12
2025-04-06T11:03:13.140930+00:00,11.04185,60.74844,Arabian Sea,2.7642,8.2202,171.88
2024-02-12T15:08:49.270969+00:00,18.26833,74.50812,Arabian Sea,2.0145,9.5054,196.54
2023-03-08T20:38:40.447257+00:00,2.0818,72.18496,Indian Ocean,2.109,9.044,202.08
2025-03-23T13:16:12.572961+00:00,2.46862,74.75554,Indian Ocean,2.2268,9.624,179.97
2024-06-06T05:56:26.144905+00:00,3.1014,95.74268,Andaman Sea,1.738,9.0295,234.78
2024-06-02T15:45:23.018060+00:00,-0.67601,60.14167,Indian Ocean,1.8399,9.3973,180.21
2023-09-06T08:31:11.466778+00:00,18.46492,74.03395,Arabian Sea,2.4655,8.9786,239.39
2025-06-10T00:25:00.945848+00:00,0.12396,66.86153,Indian Ocean,1.684,8.3579,156.44
2023-12-31T11:07:49.406422+00:00,14.26199,92.23962,Bay of Bengal,1.4737,8.2437,194.15
2024-08-16T10:17:33.638043+00:00,-1.24222,68.10215,Indian Ocean,1.7545,9.5247,252.69
2025-07-28T13:59:51.907917+00:00,0.17433,87.95749,Indian Ocean,1.9236,9.3788,280.33
2023-09-01T09:24:48.298052+00:00,6.8078,62.10154,Arabian Sea,2.5521,8.7501,217.35
2023-05-02T13:21:01.985515+00:00,9.02567,60.6834,Arabian Sea,2.2761,9.1313,196.09
2023-05-02T04:44:05.719428+00:00,8.94751,78.57201,Bay of Bengal,2.1797,9.4716,180.09
2023-04-17T21:01:07.818374+00:00,4.69234,61.38779,Indian Ocean,2.0515,8.3762,191.58
2025-05-07T09:41:29.031777+00:00,18.99282,79.34794,Bay of Bengal,1.4385,8.9664,177.57
2024-06-26T22:55:51.386417+00:00,4.83587,89.93477,Indian Ocean,1.0495,7.7734,234.27
2024-07-12T00:47:40.467627+00:00,14.86467,68.01761,Arabian Sea,1.6707,7.8109,208.24
2023-02-12T00:22:04.083100+00:00,-4.95037,74.77331,Indian Ocean,1.747,9.1819,157.65
2024-04-26T22:55:08.741652+00:00,2.33764,99.32624,Andaman Sea,2.2097,9.1696,218.58
2025-05-29T18:29:37.380664+00:00,19.77478,70.89719,Arabian Sea,1.5629,8.8092,206.48
2024-07-21T01:44:27.702303+00:00,5.72255,78.18623,Bay of Bengal,2.0379,8.8396,240.56
2025-04-19T05:42:06.534676+00:00,2.91969,90.83964,Andaman Sea,2.2258,9.3618,199.14
2023-09-02T03:22:24.030401+00:00,22.35775,75.71834,Arabian Sea,2.8739,8.7079,226.67
2024-12-09T18:34:25.783327+00:00,21.39045,69.86007,Arabian Sea,1.8623,8.8997,258.85
2024-10-15T06:56:24.645334+00:00,-3.11264,77.93614,Indian Ocean,2.0568,8.7356,249.68
2023-07-13T23:41:59.137100+00:00,4.27704,81.64074,Indian Ocean,1.2986,7.1495,265.17
2024-09-21T19:40:58.811659+00:00,14.50887,64.17105,Arabian Sea,2.2328,9.4304,247.4
2024-07-04T11:02:24.040836+00:00,7.18717,79.02053,Bay of Bengal,1.2895,9.0654,214.19
2025-04-25T03:36:47.905612+00:00,15.55581,73.5893,Arabian Sea,2.5234,9.2339,154.45
2023-10-09T05:46:04.697322+00:00,22.42262,82.48248,Indian Ocean,2.3539,10.1197,267.53
2025-04-29T05:48:17.818757+00:00,21.79372,87.77923,Bay of Bengal,1.8599,8.3617,205.74
2024-04-02T04:04:06.352008+00:00,15.57969,92.45616,Bay of Bengal,2.553,8.9403,155.15
2024-01-04T18:04:59.853727+00:00,0.77319,76.54679,Indian Ocean,1.1009,8.268,214.45
2025-04-18T19:26:46.419395+00:00,-4.34318,78.99091,Indian Ocean,2.2796,7.5698,158.34
2024-05-19T04:30:23.600502+00:00,-2.40325,64.8303,Indian Ocean,2.4974,10.4258,176.79
2024-02-10T21:20:09.184333+00:00,9.78656,89.56709,Bay of Bengal,2.027,10.5545,182.18
2023-08-31T23:43:18.663002+00:00,17.44345,99.84929,Bay of Bengal,2.1224,8.4434,289.86
2023-04-07T18:48:35.618995+00:00,-1.07967,98.45871,Andaman Sea,1.9143,8.2042,203.84
2024-08-21T12:03:46.694572+00:00,-1.1952,67.56787,Indian Ocean,1.8884,7.9315,226.5
2024-08-25T23:06:36.608570+00:00,-0.72032,92.68784,Andaman Sea,2.1973,9.0477,273.11
2025-03-15T00:23:18.810153+00:00,23.2879,61.47436,Arabian Sea,2.2584,8.6746,173.25
2025-10-02T05:38:49.115090+00:00,7.02962,73.96129,Arabian Sea,2.3201,9.0879,245.32
2025-01-05T17:00:07.241464+00:00,18.80966,88.36437,Bay of Bengal,1.6663,10.0189,194.51
2024-10-07T20:38:13.592888+00:00,18.30906,84.21158,Bay of Bengal,1.9899,8.6892,254.69
2024-03-08T17:26:13.079799+00:00,2.83591,81.3224,Indian Ocean,2.1695,9.9798,156.91
2024-06-16T09:21:01.237251+00:00,-2.77086,90.85714,Indian Ocean,1.671,8.7384,247.7
2024-02-24T04:01:28.974545+00:00,2.08127,68.3539,Indian Ocean,1.325,8.7514,211.71
2023-04-29T21:51:35.920606+00:00,-3.69371,80.96433,Indian Ocean,1.7325,8.9932,200.27
2023-08-23T20:53:04.675609+00:00,7.08701,91.62424,Bay of Bengal,1.9035,9.253,287.93
2024-12-23T15:42:18.935915+00:00,18.42385,82.85954,Bay of Bengal,1.212,7.0406,219.46
2024-11-30T19:18:45.621039+00:00,7.88254,79.35687,Bay of Bengal,1.5738,8.7644,261.51
2023-12-13T15:57:09.769894+00:00,22.37083,97.53101,Indian Ocean,1.4071,8.5946,208.96
2023-07-19T05:12:03.845608+00:00,15.93111,90.48284,Bay of Bengal,1.2249,7.142,280.31
2024-02-02T05:49:54.591652+00:00,-1.82323,77.70238,Indian Ocean,1.5418,9.3325,173.0
2024-07-16T00:48:50.248059+00:00,1.11536,67.72775,Indian Ocean,1.1713,8.0714,227.6
2023-04-14T20:05:34.797242+00:00,15.08344,85.25136,Bay of Bengal,2.475,9.5527,155.87
2024-07-20T13:29:02.508417+00:00,-1.81876,95.43342,Andaman Sea,1.8707,7.44,252.5
2025-06-06T02:01:00.151298+00:00,6.60494,67.52455,Arabian Sea,1.5909,7.4946,164.82
2025-12-24T18:10:01.333317+00:00,18.24437,97.51977,Bay of Bengal,1.6872,8.189,195.03
2023-12-01T16:34:40.451699+00:00,10.78798,71.25578,Arabian Sea,2.0679,9.1384,250.17
2025-05-19T21:57:46.665688+00:00,7.4311,77.14897,Arabian Sea,2.1111,9.3718,173.24
2025-01-26T07:25:34.476935+00:00,11.4885,63.86667,Arabian Sea,1.958,8.8959,196.06
2025-05-15T22:05:57.943612+00:00,6.21319,85.36921,Bay of Bengal,2.3207,9.8932,178.65
2023-04-25T03:20:42.267652+00:00,-1.01723,60.0499,Indian Ocean,1.5303,9.2087,184.34
2025-04-13T14:30:59.380027+00:00,1.09789,86.5402,Indian Ocean,2.4032,8.5175,186.87
2025-10-01T22:46:55.561172+00:00,14.72189,93.12779,Bay of Bengal,2.17,7.8782,244.58
2025-05-23T23:49:35.449458+00:00,-0.65637,76.80215,Indian Ocean,2.2802,8.1087,174.34
2024-10-20T01:41:59.625457+00:00,10.0185,69.84858,Arabian Sea,2.1362,8.5104,260.83
2025-05-30T21:58:21.078533+00:00,19.26103,81.63526,Bay of Bengal,1.7748,8.4507,180.45
2023-09-06T19:58:25.604858+00:00,19.98669,81.52005,Bay of Bengal,2.1063,9.0161,271.67
2025-01-26T20:16:41.059847+00:00,20.86487,84.67567,Bay of Bengal,1.8327,6.6626,187.9
2024-07-27T21:17:56.796940+00:00,4.5409,90.56244,Andaman Sea,1.55,8.0045,284.74
2024-10-11T16:02:09.244740+00:00,-0.65954,97.71173,Andaman Sea,1.9191,8.5085,237.73
2023-02-09T17:53:29.064959+00:00,-1.16804,87.83852,Indian Ocean,2.6532,9.891,153.27
2023-05-12T07:42:06.342007+00:00,15.24969,81.81418,Bay of Bengal,2.456,8.892,202.33
2024-05-16T23:29:55.521994+00:00,20.76124,86.88279,Bay of Bengal,2.162,8.8362,197.37
2023-10-08T01:50:29.477552+00:00,22.76807,67.11406,Arabian Sea,3.0365,9.7588,264.02
2025-03-18T18:05:00.461638+00:00,13.25065,84.55104,Bay of Bengal,1.9823,8.9745,147.97
2025-11-21T07:08:53.829155+00:00,22.62582,63.69175,Arabian Sea,1.8856,9.6241,263.85
2024-08-22T03:18:18.383381+00:00,21.22726,97.47134,Bay of Bengal,2.3699,9.2389,258.56
2025-12-22T22:07:21.446101+00:00,7.87979,82.29343,Bay of Bengal,1.8036,8.1959,249.24
2024-03-31T08:02:02.275584+00:00,-2.66395,89.0447,Indian Ocean,2.3858,8.4907,191.5
2024-05-17T08:50:58.265929+00:00,4.93936,85.92643,Indian Ocean,1.7411,9.5274,188.13
2025-11-23T01:47:34.863805+00:00,4.01234,77.99132,Indian Ocean,2.6856,9.0012,269.86
2023-09-09T00:50:37.325047+00:00,3.56793,79.64602,Indian Ocean,2.4577,10.2466,253.9
2023-09-02T06:25:38.303651+00:00,23.97252,76.61276,Arabian Sea,2.8065,8.8597,291.07
2025-08-22T07:44:44.469587+00:00,1.81496,70.05358,Indian Ocean,1.9343,8.3304,242.53
2023-04-13T13:08:52.599983+00:00,20.85482,66.10488,Arabian Sea,2.5256,8.8894,168.03
2024-05-08T11:23:42.221003+00:00,14.22473,83.36126,Bay of Bengal,2.0436,9.0876,201.21
2024-02-22T15:52:55.133750+00:00,10.76909,96.57224,Bay of Bengal,1.7594,8.0261,143.43
2025-08-21T01:12:30.840181+00:00,4.24465,76.67605,Indian Ocean,2.3355,7.4675,265.06
2025-09-16T06:36:19.864356+00:00,5.23852,95.15166,Bay of Bengal,2.2811,8.9916,247.6
2025-11-01T17:13:05.571504+00:00,-3.01178,82.4061,Indian Ocean,2.2304,8.402,274.47
2025-01-24T02:37:25.165890+00:00,19.43541,81.37115,Bay of Bengal,1.8451,9.0008,181.38
2023-04-14T21:06:24.382909+00:00,-0.96908,86.74839,Indian Ocean,1.9288,9.2839,199.25
2024-12-11T16:08:32.501798+00:00,4.31707,90.37336,Andaman Sea,1.4335,9.8541,197.7
2025-09-03T16:08:04.135936+00:00,-2.21092,63.29651,Indian Ocean,1.7018,8.8059,222.42
2025-01-27T03:55:29.677424+00:00,14.30477,98.21056,Bay of Bengal,1.8865,9.6585,152.69
2025-03-08T03:14:01.470973+00:00,7.26691,84.27913,Bay of Bengal,2.7952,10.6273,146.88
2023-02-26T16:37:29.712502+00:00,6.89347,66.13392,Arabian Sea,2.119,8.3948,191.07
2024-03-14T11:11:20.577350+00:00,-3.42291,99.52834,Indian Ocean,2.104,8.7769,159.26
2024-05-30T20:23:29.164524+00:00,7.91396,76.32184,Arabian Sea,2.0348,8.1255,202.13
2025-03-20T02:09:07.008758+00:00,-2.7867,89.73195,Indian Ocean,2.22,8.2603,137.0
2024-05-13T00:19:12.381005+00:00,0.76709,66.96159,Indian Ocean,1.9653,8.4182,144.42
2025-03-29T08:30:39.405405+00:00,2.31003,92.55616,Andaman Sea,2.2057,9.1959,161.73
2023-03-05T05:40:20.865668+00:00,19.2319,82.0546,Bay of Bengal,2.027,9.0557,164.52
2025-02-24T18:24:46.349430+00:00,8.48552,62.86519,Arabian Sea,2.7222,9.6482,198.36
2024-07-24T14:20:00.459519+00:00,5.97546,64.49111,Arabian Sea,2.1126,10.0848,247.07
2025-11-27T12:45:14.185121+00:00,15.88661,63.60824,Arabian Sea,1.6444,8.8302,254.37
2024-01-20T18:12:44.628493+00:00,-0.33945,99.21862,Andaman Sea,1.511,9.3146,166.63
2025-06-09T22:58:40.080289+00:00,4.76621,72.26301,Indian Ocean,1.3978,7.2236,198.57
2023-04-04T07:35:02.859374+00:00,23.82395,94.45276,Indian Ocean,1.9141,8.2991,179.71
2025-02-28T10:51:14.379381+00:00,-1.87094,68.20887,Indian Ocean,2.2446,8.5887,161.12
2023-10-25T11:28:08.937073+00:00,2.02668,90.65994,Andaman Sea,2.5793,9.0187,263.88
2023-05-22T18:02:21.319669+00:00,6.79898,71.86972,Arabian Sea,2.0897,9.4635,108.7
2023-12-24T11:08:58.072129+00:00,-0.80399,65.23706,Indian Ocean,1.4038,6.9241,246.55
2023-03-20T07:00:21.889767+00:00,13.41544,60.38722,Arabian Sea,2.7008,11.1216,186.06
2023-03-01T18:51:51.508002+00:00,7.42382,93.52255,Bay of Bengal,1.9181,9.3636,123.49
2024-02-23T15:25:03.842945+00:00,15.09224,86.59,Bay of Bengal,2.4321,8.7726,147.69
2023-08-08T22:34:55.197227+00:00,8.52478,78.75897,Bay of Bengal,2.3504,8.538,266.12
2023-08-04T17:46:44.785265+00:00,12.41328,66.32538,Arabian Sea,2.0031,6.6621,217.24
2024-04-14T10:37:15.143322+00:00,-1.72284,80.53488,Indian Ocean,1.8237,8.5993,174.08
2024-06-25T16:02:47.379222+00:00,15.08683,80.07266,Bay of Bengal,1.6647,9.0339,239.28
2025-04-26T02:01:36.379703+00:00,1.5768,96.52251,Andaman Sea,2.0896,9.8852,179.08
2025-01-21T23:47:53.505436+00:00,11.66227,96.32951,Bay of Bengal,1.7192,9.1446,154.79
2024-03-10T14:49:52.531298+00:00,-1.34031,80.3963,Indian Ocean,2.1075,10.0489,164.44
2025-10-03T20:58:41.227027+00:00,11.85791,80.55103,Bay of Bengal,2.865,10.2618,292.04
2023-05-07T05:57:34.579358+00:00,8.6847,64.33132,Arabian Sea,1.8831,7.5996,171.12
2023-09-24T09:17:49.723447+00:00,23.0905,78.91605,Indian Ocean,2.1489,7.2924,277.22
2025-03-31T22:43:23.200194+00:00,22.96445,61.33655,Arabian Sea,1.7565,7.1659,174.46
2025-03-05T13:45:43.091628+00:00,0.13048,83.26501,Indian Ocean,2.3305,9.929,133.84
2024-04-06T03:36:11.686317+00:00,17.19172,96.5592,Bay of Bengal,2.3672,8.5117,217.47
2023-11-14T14:25:39.606912+00:00,10.88839,66.19812,Arabian Sea,1.8049,8.4616,279.43
2025-06-07T05:04:03.460350+00:00,18.17123,79.85489,Bay of Bengal,2.155,8.2694,161.16
2024-08-07T18:10:00.402337+00:00,0.3871,80.98388,Indian Ocean,1.5522,7.7859,220.08
2025-11-28T18:25:07.763345+00:00,4.4616,71.41008,Indian Ocean,1.6701,7.5694,281.76
2023-02-17T22:42:53.735276+00:00,16.04225,86.10789,Bay of Bengal,1.8821,8.7274,174.33
2025-08-11T04:40:22.050080+00:00,12.45525,95.95777,Bay of Bengal,2.2605,9.2109,291.28
2024-05-15T03:56:14.970970+00:00,-4.80962,80.53342,Indian Ocean,1.8685,8.243,155.97
2024-11-10T07:58:26.472565+00:00,11.05685,90.25058,Bay of Bengal,1.8649,8.4517,209.47
2024-11-10T23:57:49.814892+00:00,17.08333,63.01606,Arabian Sea,2.1889,8.8628,269.56
2025-10-25T15:40:17.727089+00:00,7.33337,74.69467,Arabian Sea,2.0318,8.8769,253.32
2023-03-29T19:27:01.228980+00:00,-2.598,64.56457,Indian Ocean,2.2321,9.2967,192.99
2023-01-12T21:35:58.882980+00:00,23.2371,65.53793,Arabian Sea,2.2675,8.2512,240.75
2025-06-13T17:09:21.133508+00:00,2.95981,61.93331,Indian Ocean,1.8014,8.3416,156.71
2023-12-30T00:18:00.157384+00:00,6.99086,75.02989,Arabian Sea,2.0238,7.6845,212.08
2024-06-10T15:03:01.530335+00:00,19.57056,80.31151,Bay of Bengal,1.8798,10.155,184.98
2024-03-20T03:50:25.419781+00:00,-0.48718,79.35841,Indian Ocean,2.3289,9.3933,163.47
2024-05-28T09:00:20.254169+00:00,11.81545,70.49423,Arabian Sea,1.706,9.62,161.63
2024-10-25T00:08:38.666910+00:00,1.17632,87.75885,Indian Ocean,2.1736,9.4911,273.28
2023-10-17T13:13:40.936726+00:00,6.92498,70.1685,Arabian Sea,2.7156,9.1341,276.0
2024-09-13T11:33:54.080425+00:00,23.09418,62.3791,Arabian Sea,2.0616,9.2607,290.18
2024-06-20T12:25:13.149282+00:00,20.92714,62.44077,Arabian Sea,1.6525,8.7791,200.75
2023-01-26T17:17:01.812012+00:00,12.49898,86.59384,Bay of Bengal,1.9067,9.9928,185.08
2024-08-22T12:37:21.871071+00:00,5.29952,72.05851,Arabian Sea,2.6475,9.4658,241.87
2023-05-08T21:40:12.104041+00:00,17.08416,82.09207,Bay of Bengal,2.6547,10.2735,170.86
2023-09-07T20:52:34.116624+00:00,0.23678,81.31155,Indian Ocean,2.1662,7.2733,258.67
2023-11-03T21:45:20.646642+00:00,0.83068,74.41596,Indian Ocean,1.3758,8.4062,268.72
2025-06-25T09:19:02.741059+00:00,23.34977,86.50617,Indian Ocean,1.1702,8.9141,222.5
2024-08-25T15:16:01.941842+00:00,3.34653,65.64139,Indian Ocean,2.3929,7.7957,239.99
2024-03-27T15:56:12.339471+00:00,6.68179,77.17896,Arabian Sea,2.4044,9.6409,139.97
2024-11-21T19:19:56.905145+00:00,18.98481,95.74268,Bay of Bengal,2.241,9.624,194.07
2023-05-05T06:46:24.451056+00:00,18.67278,71.46266,Arabian Sea,2.4644,8.7147,210.57
2025-02-06T19:21:30.341377+00:00,23.71346,96.98406,Indian Ocean,2.146,9.2326,148.26
2024-12-05T13:31:04.473446+00:00,6.72985,74.46086,Arabian Sea,1.8538,8.2992,267.03
2025-09-06T08:53:45.785470+00:00,20.2541,64.11566,Arabian Sea,2.3328,8.6049,270.58
2024-12-10T13:26:47.927333+00:00,3.61178,84.79794,Indian Ocean,1.3904,8.3002,228.14
2023-01-07T10:03:18.949404+00:00,17.49439,60.45764,Arabian Sea,1.689,8.6878,238.46
2024-12-23T10:14:26.901306+00:00,23.00073,63.62815,Arabian Sea,1.8817,8.366,238.29
2024-07-28T01:55:54.748615+00:00,7.84751,90.01753,Bay of Bengal,2.0379,8.3852,246.19
2025-09-13T22:01:57.686774+00:00,-4.03624,79.27058,Indian Ocean,1.9932,8.2334,276.26
2023-01-25T08:48:33.792531+00:00,8.62625,73.32768,Arabian Sea,1.4064,7.941,201.17
2024-05-10T00:10:05.944898+00:00,23.93485,97.87368,Indian Ocean,2.075,9.6247,264.85
2023-01-02T19:21:48.756675+00:00,20.51225,74.08001,Arabian Sea,1.5627,8.9887,211.89
2024-03-21T14:27:28.099645+00:00,11.28444,82.33408,Bay of Bengal,2.5634,9.9741,182.35
2025-05-17T07:14:19.982581+00:00,21.84862,80.10845,Bay of Bengal,1.8287,8.015,140.5
2024-07-17T18:06:14.602114+00:00,-4.21076,80.10111,Indian Ocean,1.6932,8.3587,235.99
2025-10-22T08:40:19.890082+00:00,20.71244,72.58847,Arabian Sea,1.8855,9.1276,289.58
2023-08-12T04:05:56.139015+00:00,13.42208,60.93346,Arabian Sea,2.1206,9.7968,217.55
2023-06-20T05:45:42.732906+00:00,19.65719,88.47462,Bay of Bengal,1.3691,8.3663,249.29
2025-06-14T01:00:37.900083+00:00,18.5296,71.28363,Arabian Sea,1.9277,7.6989,194.5
2023-03-08T01:20:43.119061+00:00,22.01176,99.80395,Indian Ocean,2.4498,9.491,158.98
2023-09-02T13:11:50.981757+00:00,23.12357,61.33291,Arabian Sea,2.6754,10.4858,252.56
2024-10-02T15:52:07.906944+00:00,16.62596,98.41606,Bay of Bengal,2.1131,8.3176,273.22
2024-08-16T19:03:02.084237+00:00,10.46676,95.68634,Bay of Bengal,2.4069,10.5617,256.23
2023-10-05T14:38:15.429221+00:00,0.23849,94.63867,Andaman Sea,2.197,9.0143,281.13
2025-12-01T16:43:42.219487+00:00,6.15161,77.72735,Arabian Sea,2.2958,9.3102,231.46
2025-09-11T07:30:46.733772+00:00,19.97688,97.93714,Bay of Bengal,2.3698,10.4984,262.9
2023-09-08T12:36:32.562894+00:00,22.39682,62.52815,Arabian Sea,2.2338,9.9555,254.31
2023-08-19T19:12:18.979732+00:00,1.65192,80.53376,Indian Ocean,1.97,8.2545,262.53
2023-06-24T03:29:32.941704+00:00,23.78526,81.10287,Indian Ocean,1.4658,9.3337,209.72
2024-08-06T22:11:09.273067+00:00,1.18798,65.24056,Indian Ocean,2.0186,8.7315,238.97
2023-09-21T22:11:00.760133+00:00,21.20913,64.87785,Arabian Sea,2.5286,7.8855,275.54
2023-07-28T00:55:54.423767+00:00,14.97765,69.21057,Arabian Sea,1.8881,9.1819,194.77
2023-12-01T07:00:34.078609+00:00,12.08588,73.62074,Arabian Sea,1.6542,8.2558,246.27
2024-11-26T10:03:58.438710+00:00,21.81741,63.935,Arabian Sea,1.6821,8.2943,282.01
2023-05-20T05:01:46.712490+00:00,20.26288,75.86446,Arabian Sea,2.3244,9.678,174.18
2023-09-05T01:09:31.547680+00:00,23.46585,61.6271,Arabian Sea,2.2837,9.5962,221.53
2023-05-30T13:07:32.248275+00:00,17.39222,65.37868,Arabian Sea,1.6819,6.8785,163.54
2024-07-05T01:12:29.821234+00:00,19.87789,70.94993,Arabian Sea,1.9489,8.7379,224.84
2023-08-12T09:13:18.926327+00:00,21.22069,85.94695,Bay of Bengal,2.1534,9.5205,261.72
2025-10-30T19:26:11.110807+00:00,14.34638,99.29826,Bay of Bengal,1.7979,8.3484,254.69
2023-02-27T15:41:02.047497+00:00,-2.74988,61.16832,Indian Ocean,2.0051,9.9092,194.05
2025-11-19T16:07:04.591684+00:00,19.59109,91.41322,Bay of Bengal,2.1664,9.4183,234.99
2025-10-23T22:14:38.540722+00:00,-1.19495,80.78913,Indian Ocean,1.9412,6.5478,271.37
2023-06-28T18:50:35.887180+00:00,10.28248,73.66254,Arabian Sea,1.8714,9.706,202.63
2025-01-27T07:50:53.743522+00:00,4.71761,89.52442,Indian Ocean,1.903,8.0036,193.54
2024-02-12T18:54:01.211116+00:00,22.42526,88.71077,Indian Ocean,1.9432,9.1146,154.34
2024-08-25T01:18:58.354178+00:00,5.20053,90.08795,Bay of Bengal,1.8133,7.8686,257.51
2025-12-07T12:32:05.600953+00:00,8.97741,98.05602,Bay of Bengal,1.776,8.6403,205.88
2024-05-11T13:26:45.701442+00:00,-0.62465,74.8207,Indian Ocean,1.9675,9.0216,170.34
2024-12-30T07:18:47.453299+00:00,21.61465,80.79446,Bay of Bengal,1.5861,9.584,238.45
2025-04-15T19:22:27.391529+00:00,4.60813,93.0359,Andaman Sea,2.1966,8.5897,145.55
2024-04-24T06:32:54.259690+00:00,13.75341,66.87097,Arabian Sea,2.203,9.997,169.73
2023-07-16T15:38:36.797326+00:00,5.2725,73.51802,Arabian Sea,1.7043,8.0515,232.52
2024-11-05T02:45:08.519600+00:00,1.23783,99.03083,Andaman Sea,1.678,10.163,228.25
2024-10-02T07:19:25.022837+00:00,-0.93674,95.78166,Andaman Sea,2.1882,8.5612,293.29
2024-08-13T12:39:48.926333+00:00,2.27005,85.85642,Indian Ocean,2.0589,8.6483,286.94
2023-09-02T05:32:53.879991+00:00,20.51736,85.92675,Bay of Bengal,2.0513,9.5252,240.93
2024-09-05T15:51:56.164889+00:00,19.70254,82.3585,Bay of Bengal,1.9246,8.797,252.04
2025-09-05T18:42:34.560344+00:00,17.73088,87.63067,Bay of Bengal,2.0316,7.9371,297.36
2024-05-13T23:06:34.518119+00:00,-1.33165,68.86586,Indian Ocean,2.0101,9.1358,183.88
2025-08-31T18:41:36.678784+00:00,13.15245,74.38371,Arabian Sea,2.2468,7.2293,256.05
2025-01-22T21:04:24.642409+00:00,-2.30105,87.69959,Indian Ocean,1.3907,8.6369,199.86
2025-04-21T13:33:37.797549+00:00,-1.4838,85.23452,Indian Ocean,2.0122,8.5395,138.25
2025-10-21T05:59:43.012591+00:00,23.63353,82.48139,Indian Ocean,2.1125,9.1407,267.84
2025-05-18T12:53:46.883589+00:00,3.79665,62.9527,Indian Ocean,1.5901,8.9837,174.03
2023-12-18T10:14:41.551963+00:00,5.13346,73.02557,Arabian Sea,1.3624,9.2594,242.83
2025-01-18T06:54:47.801777+00:00,17.18166,90.09373,Bay of Bengal,1.833,8.0048,192.95
2024-09-24T09:23:35.389106+00:00,7.77395,90.44036,Bay of Bengal,1.9529,9.5769,285.88
2024-07-17T04:13:57.568640+00:00,15.07965,77.32121,Arabian Sea,2.4428,10.4877,215.33
2023-10-06T03:40:37.959386+00:00,3.2233,61.44938,Indian Ocean,1.7662,8.9163,276.87
2025-08-23T12:55:05.002648+00:00,-0.42741,60.18121,Indian Ocean,1.8232,9.776,208.5
2023-02-01T12:44:37.519979+00:00,2.71118,87.69826,Indian Ocean,1.6664,8.9095,192.53
2023-02-24T17:27:47.523110+00:00,11.82331,95.06715,Bay of Bengal,1.7715,8.2268,136.95
2024-08-05T20:26:16.751473+00:00,20.05258,84.70312,Bay of Bengal,1.6779,8.938,271.88
2024-06-24T03:33:27.822304+00:00,16.291,89.75644,Bay of Bengal,1.7087,7.8737,228.67
2023-01-15T02:25:08.237526+00:00,16.67449,79.8925,Bay of Bengal,1.8068,8.5014,176.25
2024-11-07T23:09:33.215299+00:00,19.98176,91.50903,Bay of Bengal,1.9941,9.0604,228.85
2025-02-20T19:49:19.534167+00:00,16.46632,65.84706,Arabian Sea,2.6479,9.7883,202.58
2023-05-30T02:25:36.631658+00:00,-1.21173,80.65898,Indian Ocean,1.654,8.9859,183.16
2025-06-28T09:40:43.721342+00:00,4.95061,92.39194,Andaman Sea,1.4113,8.2612,243.41
2024-01-07T06:38:51.848928+00:00,12.34823,66.38052,Arabian Sea,1.875,8.238,235.93
2023-03-25T11:46:13.022720+00:00,0.47393,65.51599,Indian Ocean,2.3281,10.319,178.42
2024-06-03T15:02:26.100894+00:00,9.89601,68.66544,Arabian Sea,1.9105,9.869,182.49
2025-04-29T07:08:59.875268+00:00,20.52352,92.28986,Bay of Bengal,1.8953,9.1184,197.73
2024-04-15T22:41:56.162056+00:00,13.56958,96.60639,Bay of Bengal,1.8626,8.2344,202.24
2024-12-26T18:32:10.547997+00:00,12.13945,60.16493,Arabian Sea,1.6384,7.7044,273.67
2023-08-09T22:24:12.774527+00:00,-2.32192,63.76933,Indian Ocean,1.9784,8.9667,223.24
2025-08-27T01:05:52.333028+00:00,13.57102,77.16429,Arabian Sea,2.711,10.7784,283.09
2023-06-12T05:06:40.037119+00:00,13.15396,78.86886,Bay of Bengal,1.4555,8.3346,195.52
2025-07-20T02:03:31.705463+00:00,9.60126,78.59461,Bay of Bengal,1.8941,10.2173,254.91
2024-11-27T19:42:17.110709+00:00,1.74486,79.22004,Indian Ocean,1.2415,8.6941,264.68
2023-02-24T04:53:31.001876+00:00,13.86746,61.12629,Arabian Sea,2.2404,8.1289,225.17
2025-09-03T08:06:17.232755+00:00,18.15548,66.04859,Arabian Sea,2.1888,8.6838,264.87
2025-06-01T01:42:15.471476+00:00,3.26177,71.67275,Indian Ocean,1.9518,8.6855,164.95
2025-02-18T19:13:59.209843+00:00,22.56486,83.28317,Indian Ocean,2.338,10.7913,165.02
2023-07-29T07:35:01.929071+00:00,-0.23296,73.36541,Indian Ocean,2.5224,9.3547,255.95
2025-05-13T18:56:35.466036+00:00,15.9942,78.14789,Bay of Bengal,2.3306,8.9829,178.12
2023-11-23T20:38:11.345028+00:00,-1.95388,71.42096,Indian Ocean,2.1365,8.3703,278.9
2024-08-01T16:33:37.406169+00:00,19.76788,95.18128,Bay of Bengal,1.953,8.8428,249.19
2025-01-08T08:25:42.084198+00:00,15.05112,77.12196,Arabian Sea,1.2097,6.981,249.31
2023-11-24T04:56:49.244892+00:00,21.74498,96.92608,Bay of Bengal,1.7839,7.06,216.41
2023-01-12T17:30:49.605808+00:00,2.20138,62.50028,Indian Ocean,1.6708,8.893,247.39
2024-08-03T21:34:27.346860+00:00,3.35791,84.82594,Indian Ocean,1.9075,8.3544,243.79
2023-08-13T10:16:53.788969+00:00,14.48511,62.79376,Arabian Sea,2.0291,8.6565,221.19
2024-02-17T13:12:25.566315+00:00,-4.30994,91.55958,Indian Ocean,1.765,6.4622,143.9
2024-11-13T10:09:25.139709+00:00,-2.08545,76.94995,Indian Ocean,1.7059,9.0373,259.12
2023-04-11T11:22:50.656523+00:00,23.40496,87.40076,Indian Ocean,1.9729,9.4066,150.41
2025-07-26T00:40:36.358588+00:00,-2.62921,62.20837,Indian Ocean,1.6577,8.3856,170.7
2023-01-28T16:16:13.113994+00:00,12.28833,78.63249,Bay of Bengal,1.8249,8.2059,200.99
2024-09-07T12:05:31.803642+00:00,17.2098,74.26652,Arabian Sea,2.3288,9.126,250.73
2025-06-08T10:37:37.139724+00:00,-1.10914,97.84275,Andaman Sea,1.5612,8.6181,210.98
2024-02-07T01:54:48.090309+00:00,1.86345,90.46797,Andaman Sea,2.0048,9.3266,171.2
2025-03-26T08:07:46.856380+00:00,-0.14005,70.12968,Indian Ocean,2.0481,8.6191,188.09
2023-12-03T07:57:45.546707+00:00,6.80166,60.82173,Arabian Sea,1.8206,7.7334,273.3
2023-05-17T10:29:33.915449+00:00,11.12219,98.83622,Bay of Bengal,2.2733,8.6261,243.16
2025-12-28T03:14:14.133234+00:00,3.45499,91.91109,Andaman Sea,1.3776,7.712,196.97
2023-10-14T13:01:41.229294+00:00,19.14223,95.5177,Bay of Bengal,2.4434,9.772,251.69
2025-06-20T10:22:01.672588+00:00,9.14186,74.40087,Arabian Sea,2.1341,9.28,204.51
2025-06-09T01:37:23.135985+00:00,4.86292,71.99866,Indian Ocean,1.6924,8.9407,194.21
2023-09-15T19:14:39.951187+00:00,22.67686,99.53143,Indian Ocean,2.2531,7.3676,239.68
2025-12-17T19:03:39.678447+00:00,15.32092,73.04093,Arabian Sea,1.7555,9.28,233.72
2025-05-12T18:30:11.601448+00:00,8.22018,81.33581,Bay of Bengal,1.9875,8.5803,175.42
2023-08-04T13:34:48.776984+00:00,6.65695,68.67306,Arabian Sea,1.9409,8.666,250.1
2024-05-03T23:26:37.989815+00:00,-4.61206,71.46826,Indian Ocean,1.7284,9.7031,186.91
2023-05-24T04:27:07.983430+00:00,21.59418,63.69693,Arabian Sea,1.9881,8.8987,198.97
2023-05-29T08:11:13.033693+00:00,-2.95523,79.87429,Indian Ocean,1.8883,7.5534,170.4
2024-01-22T10:30:00.835386+00:00,18.33468,66.17384,Arabian Sea,1.9905,8.8626,234.78
2025-03-28T14:07:16.100648+00:00,-4.50646,82.0378,Indian Ocean,1.8775,9.0976,146.33
2025-09-18T06:52:08.707382+00:00,-0.98832,79.41091,Indian Ocean,1.814,8.5849,289.4
2023-06-07T00:43:55.908634+00:00,0.53824,69.89947,Indian Ocean,1.7542,8.8672,152.36
2024-01-29T05:13:24.281197+00:00,1.51914,71.70889,Indian Ocean,1.4474,8.2917,181.5
2023-07-22T17:04:46.821454+00:00,2.49265,94.36394,Andaman Sea,2.0702,8.3969,274.03
2025-02-11T10:11:29.599882+00:00,13.88661,92.84786,Bay of Bengal,1.7332,9.3947,130.97
2023-08-16T03:52:29.176199+00:00,23.29439,77.16461,Arabian Sea,2.1205,8.5628,261.7
2025-03-05T06:34:26.661484+00:00,14.76752,62.43881,Arabian Sea,2.2163,8.8435,169.09
2025-08-02T01:21:44.434508+00:00,15.84051,64.13115,Arabian Sea,2.0301,8.9761,219.61
2023-10-04T08:03:31.749146+00:00,14.31843,83.5117,Bay of Bengal,1.7993,7.933,274.01
2023-10-21T20:19:07.438835+00:00,11.94487,63.16303,Arabian Sea,2.2932,8.1378,250.14
2023-11-05T09:31:41.267867+00:00,16.48771,80.89558,Bay of Bengal,2.2326,9.8984,255.64
2024-02-15T17:44:15.797610+00:00,-2.75433,72.35847,Indian Ocean,2.3419,8.5973,179.63
2023-09-01T00:01:34.051040+00:00,10.22993,67.23661,Arabian Sea,2.188,8.867,254.97
2025-10-04T02:58:18.674321+00:00,-3.09785,61.0094,Indian Ocean,2.0204,8.2967,249.49
2024-11-29T12:44:08.304378+00:00,3.13016,99.89148,Andaman Sea,2.0728,9.2076,202.5
2025-11-30T02:02:52.527024+00:00,3.55646,71.03321,Indian Ocean,2.0507,9.6648,260.83
2024-05-24T00:29:54.406140+00:00,8.44423,73.18126,Arabian Sea,2.0674,8.511,197.04
2023-07-13T12:44:40.823598+00:00,18.69495,95.95295,Bay of Bengal,1.5945,9.7891,286.31
2024-09-20T22:12:42.593816+00:00,22.50214,93.56457,Indian Ocean,2.3965,9.4868,237.18
2023-01-30T09:45:31.592118+00:00,14.88255,78.9048,Bay of Bengal,1.9441,8.6953,196.79
2025-03-22T21:30:55.380360+00:00,19.84263,77.1687,Arabian Sea,2.4883,8.6245,137.8
2023-09-02T15:32:21.086739+00:00,19.37904,93.72306,Bay of Bengal,2.0166,10.2641,243.81
2024-10-09T21:37:14.273148+00:00,1.22671,94.14295,Andaman Sea,2.2186,9.4514,242.95
2023-01-01T10:21:09.352179+00:00,17.67289,68.09658,Arabian Sea,1.928,9.0522,241.65
2024-06-29T01:08:07.560130+00:00,16.61474,66.59585,Arabian Sea,0.9344,8.4803,205.61
2025-03-08T08:41:42.684575+00:00,6.10773,89.81652,Bay of Bengal,2.5379,11.2036,169.03
2023-03-10T01:41:07.504053+00:00,2.23138,99.44787,Andaman Sea,2.6253,10.3384,168.15
2025-09-21T17:30:40.163227+00:00,-0.90854,76.39303,Indian Ocean,2.4063,10.1367,282.4
2025-03-06T01:36:27.671323+00:00,4.24443,74.1222,Indian Ocean,2.3723,7.5798,218.55
2023-07-03T00:11:19.761443+00:00,-2.74052,63.36303,Indian Ocean,1.5394,8.6432,197.78
2024-09-09T03:21:58.011418+00:00,15.15509,93.55361,Bay of Bengal,2.1908,8.2681,270.36
2024-09-21T23:00:11.441431+00:00,15.15458,99.12574,Bay of Bengal,2.0739,8.4765,263.07
2025-03-08T19:39:22.498835+00:00,23.69554,87.27257,Indian Ocean,2.6317,9.7905,195.43
2025-10-16T01:31:12.910533+00:00,-2.11424,66.16686,Indian Ocean,2.0531,8.5919,279.1
2024-01-26T02:42:47.196812+00:00,-1.11931,95.58137,Andaman Sea,1.6704,9.4889,159.93
2024-02-11T13:37:30.348129+00:00,12.79512,81.22413,Bay of Bengal,1.4597,8.4193,160.55
2025-09-09T04:20:24.516215+00:00,13.00498,73.78491,Arabian Sea,2.1726,9.0856,258.35
2024-02-17T10:05:58.506086+00:00,-2.07669,90.55957,Indian Ocean,1.6408,8.6343,137.24
2025-03-03T14:01:07.244881+00:00,21.46395,86.67532,Bay of Bengal,2.2683,8.8323,169.06
2024-01-28T16:32:46.990094+00:00,11.01616,95.98733,Bay of Bengal,1.8501,9.2908,173.64
2023-11-05T15:27:25.395217+00:00,11.91085,97.46969,Bay of Bengal,1.9398,8.4617,244.88
2023-06-02T06:58:03.215402+00:00,2.08178,75.76519,Indian Ocean,1.8904,7.7265,188.45
2024-07-03T11:24:55.435374+00:00,16.87188,93.14026,Bay of Bengal,1.3576,9.0827,258.37
2025-05-21T18:47:32.800244+00:00,14.46393,86.49633,Bay of Bengal,1.6844,8.2756,186.16
2025-11-09T00:49:54.898742+00:00,2.72938,87.98892,Indian Ocean,2.2293,8.76,243.03
2024-04-22T04:30:58.755850+00:00,-3.02817,69.20303,Indian Ocean,1.8121,7.6461,188.81
2025-08-08T18:14:17.122398+00:00,9.87127,60.29107,Arabian Sea,2.0017,8.76,226.62
2025-07-14T04:04:39.650953+00:00,21.90813,91.85374,Bay of Bengal,2.0484,8.5705,242.42
2025-09-26T02:39:38.585077+00:00,10.43866,75.01551,Arabian Sea,2.1064,8.3485,296.92
2024-11-05T22:19:10.227136+00:00,10.3074,72.55111,Arabian Sea,2.3846,8.5637,275.89
2025-10-02T01:07:36.083598+00:00,-0.89246,92.1526,Andaman Sea,2.2731,8.5691,265.07
2025-04-25T00:10:50.302431+00:00,13.07557,86.58755,Bay of Bengal,2.1763,8.3653,151.78
2023-03-29T01:14:55.513485+00:00,21.55609,69.03399,Arabian Sea,2.6161,8.1094,164.81
2025-03-31T14:15:19.361479+00:00,-2.1848,60.80522,Indian Ocean,2.068,8.2059,164.54
2023-12-24T14:23:23.779343+00:00,11.5315,91.73411,Bay of Bengal,1.4685,8.9609,176.42
2024-11-02T07:39:58.125515+00:00,-4.83315,67.84307,Indian Ocean,1.8595,6.7849,271.67
2023-11-24T15:57:26.338294+00:00,0.39517,77.53992,Indian Ocean,2.2568,9.5356,264.43
2023-02-19T14:38:36.192951+00:00,-1.55674,62.93753,Indian Ocean,1.9727,10.0367,251.52
2025-08-15T10:42:39.077981+00:00,15.23657,95.76368,Bay of Bengal,2.1859,8.793,283.98
2025-05-13T03:57:04.755936+00:00,-1.18101,84.42811,Indian Ocean,2.5528,8.5274,175.48
2023-02-19T12:19:01.764079+00:00,13.54157,67.06425,Arabian Sea,1.9428,7.3268,190.92
2025-04-28T14:21:33.750434+00:00,-2.27714,78.4393,Indian Ocean,1.972,8.3004,152.6
2025-01-14T11:58:53.537852+00:00,1.68871,62.83169,Indian Ocean,1.7333,8.0678,228.31
2024-01-22T06:47:55.340740+00:00,12.84983,96.60608,Bay of Bengal,2.2536,9.0654,188.72
2025-03-20T01:57:47.859698+00:00,19.48979,95.60812,Bay of Bengal,2.098,10.2554,146.6
2024-08-13T08:50:51.159427+00:00,-1.37392,79.61366,Indian Ocean,1.8055,8.8015,232.09
2024-12-15T09:06:34.766122+00:00,-3.28545,77.99383,Indian Ocean,1.6039,8.5015,248.09
2025-05-10T03:47:18.682876+00:00,19.86765,85.72719,Bay of Bengal,2.3157,8.7211,202.45
2025-02-10T04:14:07.962037+00:00,0.75061,67.69194,Indian Ocean,2.1184,8.9294,184.76
2025-01-28T02:12:02.456523+00:00,-0.97389,95.93035,Andaman Sea,1.8699,8.0923,188.14
2024-09-27T21:05:03.941270+00:00,3.12182,63.50014,Indian Ocean,2.0022,8.5731,275.98
2023-11-04T18:50:13.397946+00:00,10.92851,69.56196,Arabian Sea,2.0561,8.3259,255.24
2025-10-07T19:49:51.521722+00:00,0.38147,90.91827,Andaman Sea,2.5435,8.3271,217.19
2025-11-04T13:43:15.383713+00:00,-4.09138,93.19178,Indian Ocean,2.0774,8.3286,225.71
2023-02-18T15:05:58.620565+00:00,11.10107,97.32189,Bay of Bengal,2.1013,7.7717,182.13
2025-03-16T15:24:39.936623+00:00,16.95093,98.78218,Bay of Bengal,2.0021,7.5541,170.52
2023-10-19T11:19:13.835120+00:00,2.22474,91.90166,Andaman Sea,1.8818,10.6327,249.28
2025-09-10T12:20:36.854538+00:00,4.25061,91.30875,Andaman Sea,2.2361,10.3253,272.26
2023-10-16T02:43:04.400283+00:00,2.6637,89.11387,Indian Ocean,2.345,10.0254,294.84
2024-12-17T09:51:08.912373+00:00,19.40249,88.32869,Bay of Bengal,1.4364,8.9151,192.45
2023-02-25T21:09:45.601291+00:00,8.57942,67.99001,Arabian Sea,2.6999,8.6095,178.42
2025-01-26T18:24:12.383221+00:00,7.10085,72.6456,Arabian Sea,2.049,9.1178,217.83
2025-09-26T17:31:44.255220+00:00,0.73114,88.21678,Indian Ocean,2.129,8.3969,283.69
2024-08-19T07:58:16.940898+00:00,-4.70273,75.08506,Indian Ocean,2.1362,10.0006,241.58
2023-05-22T06:47:10.435589+00:00,-4.8263,73.41991,Indian Ocean,2.007,8.6341,204.96
2023-08-25T13:59:51.727110+00:00,6.57504,87.65519,Bay of Bengal,2.091,7.8452,274.67
2024-10-08T05:38:56.678468+00:00,13.35411,86.37078,Bay of Bengal,2.0416,8.9541,252.77
2024-01-24T12:25:29.554463+00:00,7.45917,96.96428,Bay of Bengal,1.9712,7.9391,154.29
2024-05-19T18:43:50.690698+00:00,8.52465,60.4338,Arabian Sea,2.1069,8.5143,176.0
2024-11-19T20:11:11.572485+00:00,22.6361,73.41407,Arabian Sea,1.9472,8.7274,250.47
2024-09-30T15:02:37.101932+00:00,17.94251,74.36402,Arabian Sea,2.5378,9.1182,274.46
2024-07-06T21:31:05.255797+00:00,18.55011,93.33494,Bay of Bengal,1.9712,8.2768,250.57
2024-05-10T18:09:12.160539+00:00,23.15574,86.97241,Indian Ocean,1.6643,8.3556,192.49
2024-06-30T07:59:33.162832+00:00,6.47241,69.39232,Arabian Sea,1.242,7.0489,206.1
2025-09-06T09:30:35.837610+00:00,3.91656,66.69202,Indian Ocean,2.044,7.121,239.5
2024-01-03T15:17:22.622561+00:00,15.49218,81.51752,Bay of Bengal,1.8928,8.0051,193.64
2024-09-06T20:01:56.630430+00:00,22.91518,83.03966,Indian Ocean,2.2085,8.8329,242.69
2025-08-02T20:47:13.968197+00:00,22.04878,82.90063,Indian Ocean,1.4779,8.4147,271.04
2023-10-28T01:44:30.632923+00:00,13.12252,94.06239,Bay of Bengal,2.4342,9.5385,267.59
2024-04-16T09:31:03.311221+00:00,20.92585,92.87022,Bay of Bengal,2.4008,9.3374,190.73
2025-07-30T06:47:45.154127+00:00,7.54801,67.88286,Arabian Sea,2.0638,9.6546,191.51
2023-04-01T22:33:16.656586+00:00,-1.10623,88.05241,Indian Ocean,1.8602,9.1426,151.22
2024-06-18T23:38:09.986567+00:00,11.79305,84.26558,Bay of Bengal,1.5336,7.6677,240.93
2024-05-30T14:36:49.701985+00:00,4.98864,87.41289,Indian Ocean,2.0623,7.9684,203.16
2025-11-03T13:13:38.109326+00:00,3.28416,95.69937,Andaman Sea,2.0573,9.5574,255.92
2023-01-03T15:45:07.284349+00:00,14.20486,94.73247,Bay of Bengal,1.9938,9.1964,168.62
2024-02-02T03:45:21.150197+00:00,18.14727,67.49219,Arabian Sea,1.7452,8.0092,192.11
2025-10-15T19:33:27.821848+00:00,14.84932,96.45632,Bay of Bengal,2.0982,9.7385,250.14
2024-04-06T17:00:26.669652+00:00,9.49134,65.52569,Arabian Sea,2.4678,9.4214,170.64
2024-07-15T12:45:15.185663+00:00,18.19605,94.95005,Bay of Bengal,1.1739,8.7635,280.96
2023-06-12T17:19:26.188018+00:00,11.66606,92.06386,Bay of Bengal,1.7468,9.6656,224.1
2024-12-27T17:11:55.403624+00:00,-4.46488,69.78595,Indian Ocean,1.3995,8.6036,238.41
2025-01-22T18:25:58.194363+00:00,12.55141,82.31166,Bay of Bengal,1.0464,7.3868,185.67
2025-11-30T08:52:11.637475+00:00,19.96291,91.54067,Bay of Bengal,1.8941,8.649,194.83
2024-07-27T19:17:29.050474+00:00,5.77463,74.07057,Arabian Sea,2.0066,8.9402,211.94
2025-06-14T17:31:31.731663+00:00,19.42276,87.63131,Bay of Bengal,1.6457,9.1574,246.67
2025-10-03T15:59:56.901150+00:00,2.79586,72.58801,Indian Ocean,1.7565,7.0978,298.61
2024-12-06T11:56:01.384595+00:00,9.02906,84.67906,Bay of Bengal,1.9423,8.7971,207.52
2023-12-14T12:27:57.386829+00:00,16.09188,65.48913,Arabian Sea,1.5969,8.5642,269.71
2024-06-02T23:30:17.996915+00:00,8.60073,95.89792,Bay of Bengal,2.0023,8.6391,271.97
2024-04-05T21:52:20.883976+00:00,18.73189,72.53051,Arabian Sea,3.4742,10.5171,179.1
2025-05-08T05:48:09.905126+00:00,-4.91344,76.90768,Indian Ocean,1.562,7.927,181.95
2024-06-15T04:12:48.112278+00:00,12.6196,96.39203,Bay of Bengal,1.5418,8.3823,254.9
2023-11-26T04:25:52.827079+00:00,-1.98477,98.65308,Andaman Sea,1.8628,7.1271,189.22
2024-02-27T15:28:05.905502+00:00,21.99825,91.29692,Bay of Bengal,1.8963,9.652,164.96
2025-12-15T12:27:13.880758+00:00,-2.68893,62.82523,Indian Ocean,1.1012,7.2193,278.07
2024-09-26T18:15:44.384154+00:00,7.02005,84.58519,Bay of Bengal,2.6055,10.5385,267.15
2023-03-20T13:00:40.110072+00:00,20.0612,84.37706,Bay of Bengal,2.6126,9.5527,144.41
2023-04-22T05:57:53.677215+00:00,21.63211,99.62677,Bay of Bengal,1.9617,8.2831,224.87
2023-06-08T20:24:19.048659+00:00,9.67754,90.38007,Bay of Bengal,1.894,8.0619,243.74
2023-09-13T12:05:29.875063+00:00,22.34726,88.53346,Indian Ocean,1.757,7.662,270.82
2024-09-22T19:49:15.220699+00:00,-0.09778,61.34516,Indian Ocean,2.028,9.3711,225.95
2025-11-27T13:32:53.977674+00:00,-3.49315,77.48477,Indian Ocean,1.8933,9.2584,236.55
2025-10-03T17:36:21.634792+00:00,-3.60646,69.08306,Indian Ocean,2.4114,8.4888,297.73
2024-07-22T08:02:18.320703+00:00,17.5938,66.40985,Arabian Sea,1.7963,9.0526,201.62
2025-11-26T22:51:53.357593+00:00,16.84682,77.99423,Arabian Sea,2.248,8.951,281.7
2023-01-03T10:31:03.197675+00:00,8.81188,98.95779,Bay of Bengal,1.3681,7.9815,177.2
2024-06-25T22:58:54.101252+00:00,23.7986,99.57525,Indian Ocean,1.118,8.2848,273.4
2023-02-22T06:56:25.696745+00:00,18.48669,79.85231,Bay of Bengal,1.79,9.0724,166.73
2024-06-23T07:14:37.075035+00:00,8.80371,70.04324,Arabian Sea,1.5202,7.3946,182.59
2023-10-29T02:27:06.425965+00:00,13.79069,77.1982,Arabian Sea,2.2895,10.2167,274.23
2024-04-29T19:27:50.707280+00:00,16.19002,72.43289,Arabian Sea,1.9678,9.2595,173.38
2024-06-30T02:17:17.361734+00:00,12.10933,80.48479,Bay of Bengal,1.6924,8.2732,227.3
2023-06-08T20:36:07.518856+00:00,17.98471,60.89529,Arabian Sea,2.1383,8.1573,143.06
2023-01-10T11:18:52.986816+00:00,11.54392,86.5194,Bay of Bengal,1.5652,8.1924,219.66
2025-06-05T08:19:53.439132+00:00,10.35192,91.36166,Bay of Bengal,1.6092,8.0314,202.66
2025-05-08T07:10:59.695729+00:00,5.81568,81.26246,Bay of Bengal,1.8771,7.7217,175.46
2025-04-16T05:19:05.079870+00:00,19.58267,72.70408,Arabian Sea,1.9112,8.7228,183.83
2024-10-14T08:26:52.348932+00:00,-4.57423,75.06199,Indian Ocean,2.1517,8.5079,301.08
2023-10-30T21:18:17.595184+00:00,-1.85595,61.84447,Indian Ocean,1.4673,8.5728,269.55
2023-04-11T00:03:27.782302+00:00,1.00463,97.22603,Andaman Sea,1.689,8.2571,168.25
2025-04-30T01:17:59.489544+00:00,6.62608,81.0382,Bay of Bengal,2.0289,8.5822,166.64
2023-04-25T10:10:15.297637+00:00,-4.42067,61.07274,Indian Ocean,2.3192,10.229,183.75
2025-04-08T23:00:42.674250+00:00,13.27024,71.40577,Arabian Sea,2.2478,9.6745,147.47
2023-07-10T07:36:04.512005+00:00,-3.20447,73.96162,Indian Ocean,0.9494,7.3117,203.82
2025-01-02T17:21:33.730083+00:00,21.24478,99.13012,Bay of Bengal,1.6859,8.4735,142.21
2024-09-02T18:22:23.226077+00:00,12.97079,97.14318,Bay of Bengal,2.0184,8.9719,241.88
2025-02-18T11:58:22.017859+00:00,14.86727,60.44537,Arabian Sea,1.7754,8.8397,207.1
2023-09-21T19:06:56.899971+00:00,14.76931,70.04221,Arabian Sea,2.181,9.4971,280.24
2025-01-02T02:19:48.865633+00:00,19.11362,80.62517,Bay of Bengal,1.59,7.6556,196.63
2024-11-29T00:43:37.309413+00:00,1.88169,89.82964,Indian Ocean,1.7509,9.6447,213.16
2025-02-11T17:52:17.594738+00:00,9.36259,60.82058,Arabian Sea,2.0408,9.1446,204.57
2025-05-15T01:21:07.941277+00:00,19.88216,66.5072,Arabian Sea,1.9537,7.7755,154.99
2024-04-12T08:34:52.018939+00:00,17.38911,66.20615,Arabian Sea,2.6563,8.692,203.35
2024-06-14T22:29:38.256960+00:00,-2.12184,91.8827,Indian Ocean,2.0457,9.6943,216.94
2023-05-23T21:11:12.419385+00:00,17.9202,64.57298,Arabian Sea,2.4017,8.7598,154.76
2023-04-18T13:18:24.044863+00:00,18.12945,79.10009,Bay of Bengal,2.5189,8.8618,171.97
2025-01-31T12:59:56.211098+00:00,22.68621,70.7028,Arabian Sea,2.2498,7.887,227.04
2024-11-04T12:29:21.923481+00:00,-3.09293,80.06332,Indian Ocean,1.6212,8.3778,269.06
2025-09-22T23:28:48.929274+00:00,17.86436,80.31566,Bay of Bengal,2.1026,8.4472,275.91
2024-10-25T01:44:29.956409+00:00,6.9901,98.29953,Bay of Bengal,2.0368,9.0628,242.43
2024-04-08T21:18:13.466180+00:00,-4.07814,90.08472,Indian Ocean,2.2273,10.3526,183.0
2025-10-15T10:10:40.392127+00:00,4.43998,79.39446,Indian Ocean,1.9052,10.4411,300.2
2023-02-19T03:11:52.011637+00:00,14.0827,70.07994,Arabian Sea,2.1673,7.5266,209.61
2025-09-12T02:16:16.289774+00:00,10.78853,88.16699,Bay of Bengal,1.7385,9.6317,257.92
2025-03-21T01:54:59.476014+00:00,4.90833,61.30507,Indian Ocean,2.4916,9.509,168.75
2025-07-30T08:08:46.266141+00:00,-1.41847,71.41236,Indian Ocean,1.5122,7.6319,222.84
2025-02-09T16:08:13.399363+00:00,19.06756,99.99266,Bay of Bengal,2.1529,8.5934,170.96
2023-06-16T18:08:45.058454+00:00,-1.72967,79.67704,Indian Ocean,1.6822,8.9034,201.69
2023-09-12T20:07:23.258356+00:00,11.39077,97.13542,Bay of Bengal,1.5064,7.2372,267.76
2024-05-09T23:04:34.557762+00:00,15.03589,62.96681,Arabian Sea,2.4161,8.7093,161.24
2023-04-15T12:37:59.579581+00:00,5.34657,92.16786,Bay of Bengal,1.8738,8.3617,168.63
2023-04-03T13:10:30.514127+00:00,0.83846,83.12009,Indian Ocean,2.1701,9.4582,207.47
2024-01-15T03:47:14.782771+00:00,1.77143,99.59031,Andaman Sea,1.6408,7.4497,175.27
2024-05-03T21:12:08.736838+00:00,21.35263,91.58718,Bay of Bengal,2.4369,9.0489,206.64
2024-04-03T05:29:42.537775+00:00,2.42034,61.44535,Indian Ocean,2.3524,8.9237,190.83
2025-11-01T02:22:04.079641+00:00,18.07625,62.76165,Arabian Sea,2.2039,9.2175,275.61
2024-11-04T00:28:26.955062+00:00,3.64733,69.08074,Indian Ocean,2.184,7.5134,246.45
2025-09-07T20:31:20.159245+00:00,16.93442,91.3785,Bay of Bengal,2.3573,8.747,266.24
2024-05-09T00:40:40.640981+00:00,12.70342,76.80231,Arabian Sea,1.5992,7.4807,154.12
2025-01-26T14:58:51.529071+00:00,5.00567,87.68547,Bay of Bengal,1.5623,9.1904,160.69
2023-06-02T03:15:50.964837+00:00,18.94373,87.57815,Bay of Bengal,1.9464,8.5635,208.5
2025-01-28T18:57:44.227852+00:00,13.92021,89.40064,Bay of Bengal,1.5536,8.0894,182.32
2024-01-18T12:06:34.926698+00:00,4.66844,79.01859,Indian Ocean,1.3744,7.5977,174.07
2023-02-23T19:33:02.962476+00:00,8.68919,87.71355,Bay of Bengal,2.7069,8.6149,151.74
2025-06-04T22:28:03.881231+00:00,23.21922,88.77546,Indian Ocean,1.4564,8.0578,190.62
2024-04-02T16:05:53.831566+00:00,13.14312,88.45677,Bay of Bengal,1.7851,9.6507,166.67
2023-02-23T11:39:59.702811+00:00,19.26164,92.75588,Bay of Bengal,1.6097,6.8551,188.1
2025-08-16T11:55:49.942668+00:00,23.62111,75.44561,Arabian Sea,1.9753,8.5963,259.88
2025-04-18T04:39:31.850451+00:00,21.4694,92.85492,Bay of Bengal,2.0119,8.9758,134.58
2023-01-11T07:36:34.025808+00:00,-0.38417,88.88184,Indian Ocean,2.273,8.4713,175.05
2024-03-16T01:54:15.327331+00:00,21.80151,86.12812,Bay of Bengal,2.0552,7.5955,159.07
2023-07-09T01:28:49.900359+00:00,7.52377,70.75469,Arabian Sea,1.3657,8.3972,176.32
2024-10-18T23:54:15.103778+00:00,12.79623,63.93238,Arabian Sea,2.6733,8.8143,287.53
2025-09-13T07:51:21.300500+00:00,13.38436,70.43017,Arabian Sea,1.8489,8.6379,257.3
2023-09-19T09:24:14.348775+00:00,-4.43246,74.87716,Indian Ocean,1.988,8.9915,279.95
2024-10-14T04:25:20.853762+00:00,15.1418,67.30999,Arabian Sea,2.54,8.7579,222.14
2024-07-05T02:04:13.496589+00:00,22.54099,87.98449,Indian Ocean,1.3334,8.5688,244.29
2023-05-04T16:46:54.212897+00:00,-1.97589,72.20656,Indian Ocean,1.816,8.3386,166.22
2023-04-06T23:09:33.668158+00:00,14.08799,72.67377,Arabian Sea,2.4455,11.7449,150.52
2025-08-29T00:29:51.046202+00:00,-0.81701,62.63154,Indian Ocean,2.163,10.0953,228.42
2025-01-10T18:49:55.826899+00:00,8.9693,74.24077,Arabian Sea,1.7866,8.9959,229.19
2023-03-08T10:43:46.375962+00:00,3.5989,77.69965,Indian Ocean,1.8647,8.5355,177.48
2023-01-01T04:12:28.032679+00:00,19.60022,99.03897,Bay of Bengal,1.7362,8.4768,163.64
2024-07-17T11:54:30.968905+00:00,15.44479,70.32145,Arabian Sea,1.5941,8.4842,200.52
2023-05-30T15:40:31.756922+00:00,20.51343,93.69466,Bay of Bengal,1.7282,9.1532,209.84
2023-05-04T10:06:13.745794+00:00,-4.60698,91.4033,Indian Ocean,2.0948,9.9727,197.16
2024-01-17T21:57:37.025944+00:00,8.27042,74.18563,Arabian Sea,1.774,6.7514,218.71
2023-02-10T09:46:35.183371+00:00,-3.72596,84.36944,Indian Ocean,1.5239,8.1731,183.41
2023-01-13T21:54:52.651052+00:00,-4.05232,63.19328,Indian Ocean,1.5486,8.6771,204.22
2023-11-28T18:22:33.955091+00:00,22.94058,62.01277,Arabian Sea,2.1453,8.4465,265.65
2023-01-24T07:31:58.683597+00:00,5.38319,98.4475,Bay of Bengal,1.7761,9.0971,189.77
2023-09-29T23:14:32.480239+00:00,1.27115,68.68043,Indian Ocean,2.2931,7.9027,267.69
2023-10-31T17:26:14.182520+00:00,0.82785,89.71164,Indian Ocean,2.0646,9.2871,266.6
2025-07-09T23:25:57.186037+00:00,22.52116,72.80671,Arabian Sea,2.1092,8.494,235.88
2024-03-04T12:28:52.240833+00:00,13.24686,81.52838,Bay of Bengal,2.1622,8.1916,146.92
2023-10-23T04:44:45.902691+00:00,-1.74951,77.29231,Indian Ocean,2.4775,8.5618,275.27
2025-03-01T19:37:15.640949+00:00,-1.23162,75.81994,Indian Ocean,1.833,9.3303,196.03
2023-03-24T15:05:09.757186+00:00,12.60456,73.60269,Arabian Sea,1.9568,10.8526,180.81
2024-02-07T14:01:54.762610+00:00,9.01434,63.68754,Arabian Sea,1.734,6.5778,235.02
2024-03-11T04:08:33.111874+00:00,1.61347,70.41796,Indian Ocean,2.0992,7.1016,192.95
2023-12-17T10:02:54.742450+00:00,7.23216,81.43401,Bay of Bengal,1.6933,9.4407,208.71
2025-11-20T09:57:08.141657+00:00,3.74881,85.90555,Indian Ocean,1.9525,9.4734,238.37
2023-03-01T18:12:45.762118+00:00,23.81889,88.97307,Indian Ocean,1.4987,8.4468,161.96
2025-10-30T21:02:28.789956+00:00,1.95749,86.71377,Indian Ocean,2.1468,9.0929,272.11
2025-07-20T16:57:27.969433+00:00,19.18265,63.70769,Arabian Sea,2.0253,8.7853,192.12
2023-05-29T20:52:44.838012+00:00,2.1876,84.83183,Indian Ocean,1.5214,9.4792,205.44
2023-06-21T10:08:53.600432+00:00,-3.27736,99.99984,Indian Ocean,1.6296,8.5947,244.18
2025-09-30T23:22:00.584112+00:00,-2.57463,84.88346,Indian Ocean,1.8742,7.598,273.64
2024-05-03T12:14:13.210899+00:00,3.31262,88.41612,Indian Ocean,1.7389,8.8682,205.12
2023-06-28T19:56:01.545551+00:00,2.65245,67.99564,Indian Ocean,1.1137,8.51,179.88
2025-01-28T08:21:00.020468+00:00,2.10719,64.79585,Indian Ocean,1.8206,8.7544,234.88
2024-06-06T15:07:00.580863+00:00,16.05755,78.50589,Bay of Bengal,1.6968,8.2777,185.82
2025-02-27T20:49:46.781474+00:00,1.86227,92.78467,Andaman Sea,2.4301,9.9955,142.83
2024-10-20T04:33:05.145681+00:00,14.31865,69.1608,Arabian Sea,2.6443,8.8272,240.65
2023-02-08T10:20:11.021857+00:00,15.94187,84.40874,Bay of Bengal,2.2925,9.1945,181.94
2024-10-24T15:27:22.219308+00:00,16.84959,64.67828,Arabian Sea,1.8531,7.8067,270.4
2023-05-19T19:57:23.784820+00:00,18.70396,73.1129,Arabian Sea,2.2749,10.1695,169.64
2025-09-06T09:59:28.433667+00:00,16.72788,93.22968,Bay of Bengal,2.1566,9.2096,261.4
2023-12-09T21:12:26.659561+00:00,7.958,99.54489,Bay of Bengal,2.1308,8.0585,218.98
2025-10-16T17:30:27.932759+00:00,7.85138,92.6453,Bay of Bengal,2.7561,9.2099,262.78
2024-05-15T06:49:38.512691+00:00,1.09373,84.13033,Indian Ocean,2.0326,8.6191,163.26
2025-02-02T07:35:40.687545+00:00,-1.88457,84.44121,Indian Ocean,2.0938,8.12,199.21
2024-11-15T20:14:46.974549+00:00,3.94097,89.46851,Indian Ocean,1.6903,9.8379,231.72
2023-04-16T15:45:36.346421+00:00,22.73124,78.55621,Indian Ocean,2.4598,9.6997,170.38
2024-04-21T01:49:34.578439+00:00,-1.70819,68.36114,Indian Ocean,1.9219,7.9068,179.44
2023-06-16T10:24:09.353600+00:00,22.56851,64.70227,Arabian Sea,1.7611,8.3996,168.16
2023-06-14T13:14:18.935009+00:00,14.8543,68.17574,Arabian Sea,2.1615,9.1777,163.58
2023-09-11T23:18:31.797382+00:00,11.1602,62.27665,Arabian Sea,2.5851,9.5473,246.07
2024-10-20T08:00:43.775546+00:00,22.95125,66.54699,Arabian Sea,2.872,9.6805,264.53
2023-06-21T05:02:33.250476+00:00,14.26382,67.44877,Arabian Sea,1.7564,8.6452,206.22
2025-01-16T11:29:06.254798+00:00,22.64694,85.44507,Indian Ocean,1.8132,8.1629,205.23
2023-03-03T22:45:55.552373+00:00,18.60604,71.60011,Arabian Sea,2.3032,8.0812,194.25
2023-01-22T04:41:00.387837+00:00,4.14544,71.1716,Indian Ocean,1.8993,8.1014,205.47
2023-12-15T21:33:47.698334+00:00,14.13323,81.31276,Bay of Bengal,1.6134,8.8311,236.95
2025-08-24T07:48:52.931116+00:00,22.94917,90.6757,Indian Ocean,2.2469,8.203,296.91
2023-09-23T06:12:54.046456+00:00,2.6885,65.66568,Indian Ocean,2.3629,8.4701,271.76
2023-04-28T03:34:46.938440+00:00,13.97458,75.03116,Arabian Sea,2.0701,7.8988,202.92
2023-06-25T09:28:09.844118+00:00,11.75308,76.78166,Arabian Sea,2.0639,8.9549,183.31
2025-08-09T19:14:15.165488+00:00,22.887,63.81241,Arabian Sea,2.0872,9.435,202.0
2025-09-04T16:53:08.087837+00:00,14.50114,99.4928,Bay of Bengal,2.3969,9.0237,267.42
2024-12-12T03:28:50.275643+00:00,6.38644,66.11168,Arabian Sea,2.0041,8.7883,267.43
2025-12-02T09:26:46.306676+00:00,-3.63413,65.72856,Indian Ocean,1.9148,8.4296,277.87
2024-10-01T02:25:49.958029+00:00,14.44459,86.36982,Bay of Bengal,1.9814,8.7476,265.05
2023-09-01T00:21:01.336274+00:00,7.94509,66.66639,Arabian Sea,1.8689,8.6613,230.56
2025-04-19T14:27:13.320288+00:00,20.60117,96.57522,Bay of Bengal,1.9069,9.4337,183.52
2023-09-29T00:11:13.800865+00:00,22.95105,87.87313,Indian Ocean,1.6066,7.3189,234.63
2023-11-18T17:59:21.514313+00:00,-3.31271,94.09423,Indian Ocean,1.7304,8.8321,239.16
2025-06-05T05:53:14.154172+00:00,3.21705,71.24325,Indian Ocean,1.7071,7.4562,190.62
2023-03-27T15:37:39.327113+00:00,-1.81876,74.8913,Indian Ocean,2.1658,7.9862,150.81
2025-07-25T06:25:12.105170+00:00,18.5319,72.18002,Arabian Sea,1.6554,8.7071,237.78
2024-05-29T14:12:59.045104+00:00,16.15718,79.34143,Bay of Bengal,1.8793,7.9574,192.49
2025-08-01T00:18:43.219558+00:00,5.36292,74.27778,Arabian Sea,2.4084,8.7008,225.67
2025-11-04T00:05:04.188585+00:00,9.80229,76.9447,Arabian Sea,2.7091,8.5031,271.24
2023-09-09T12:58:12.098181+00:00,-0.37385,64.70071,Indian Ocean,1.8659,8.336,259.93
2023-12-11T06:08:11.678405+00:00,23.99159,71.83547,Arabian Sea,2.2073,9.8817,274.81
2024-02-05T20:53:11.373765+00:00,-2.62425,86.5956,Indian Ocean,1.6916,8.8009,179.5
2024-04-02T11:06:32.773122+00:00,-4.65776,96.74619,Indian Ocean,2.3092,9.7899,190.28
2025-07-21T17:14:49.952756+00:00,11.25317,68.07482,Arabian Sea,1.7006,8.8057,218.78
2025-10-27T01:41:23.826527+00:00,13.51746,81.24018,Bay of Bengal,2.4414,8.955,232.99
2023-09-27T00:57:15.912667+00:00,-0.03699,62.81092,Indian Ocean,1.8868,8.0518,270.82
2023-06-16T10:31:48.262488+00:00,5.69765,95.18171,Bay of Bengal,1.732,8.3633,260.95
2023-10-09T11:33:07.824404+00:00,-1.54315,90.75397,Andaman Sea,2.0113,8.1619,282.52
2025-07-10T03:00:37.500316+00:00,13.07414,89.55732,Bay of Bengal,1.7821,6.6924,240.94
2024-12-04T05:56:11.330828+00:00,12.19753,85.33596,Bay of Bengal,1.9727,8.0615,205.93
2025-01-17T19:43:16.270458+00:00,21.6084,99.56275,Bay of Bengal,1.4658,9.2254,182.57
2023-10-02T03:11:43.914278+00:00,20.70934,83.06028,Bay of Bengal,2.1137,7.4193,271.53
2025-03-15T21:28:14.839657+00:00,6.68647,96.60366,Bay of Bengal,2.2987,9.0994,154.27
2023-11-17T16:56:35.213424+00:00,4.4181,82.00804,Indian Ocean,1.5072,8.0516,236.8
2025-08-20T14:23:12.083944+00:00,14.94382,88.8596,Bay of Bengal,2.1591,9.4805,293.58
2023-02-09T19:44:41.606428+00:00,12.50443,91.6684,Bay of Bengal,1.6837,8.8045,160.22
2025-03-04T12:38:42.950254+00:00,-4.28986,63.11371,Indian Ocean,2.1459,9.1782,200.84
2023-02-26T02:12:59.336068+00:00,15.29066,70.69251,Arabian Sea,2.1705,10.2181,167.75
2024-06-12T00:28:29.367921+00:00,15.7857,66.49827,Arabian Sea,1.6498,7.5528,205.97
2024-04-08T09:35:24.581291+00:00,16.48789,76.42274,Arabian Sea,2.1787,8.8337,183.0
2025-04-16T15:44:29.213433+00:00,-0.64438,92.34887,Andaman Sea,2.5603,8.9237,165.72
2025-02-01T14:50:43.067418+00:00,0.43898,63.78751,Indian Ocean,2.0343,9.9542,216.04
2024-07-02T14:48:25.861933+00:00,-3.23072,76.00711,Indian Ocean,1.0956,7.0298,230.68
2024-11-21T21:48:14.615112+00:00,8.13346,74.67389,Arabian Sea,1.8061,7.5589,281.79
2023-08-28T05:51:45.803977+00:00,20.98805,92.82827,Bay of Bengal,2.2038,7.1136,321.81
2025-04-21T14:17:10.219882+00:00,15.84776,84.39034,Bay of Bengal,2.0866,8.6096,196.49
2023-05-15T05:48:31.621086+00:00,2.2685,87.10103,Indian Ocean,1.8461,7.841,176.69
2025-11-21T14:43:39.905953+00:00,1.0409,91.61186,Andaman Sea,1.4525,7.0692,229.74
2025-10-24T22:35:48.771942+00:00,-2.3707,92.87011,Indian Ocean,1.8622,8.7053,261.11
2023-09-26T17:42:46.956024+00:00,13.87498,99.38462,Bay of Bengal,2.3612,9.9082,246.69
2025-05-08T13:23:27.743203+00:00,12.70839,93.85171,Bay of Bengal,2.2496,9.122,196.1
2024-07-07T00:54:47.756913+00:00,5.28121,76.882,Arabian Sea,2.0923,8.4588,238.28
2025-01-17T00:43:15.144745+00:00,9.55205,61.55722,Arabian Sea,1.8593,7.4398,267.67
2025-03-27T15:16:35.455906+00:00,9.9139,80.97949,Bay of Bengal,2.2942,8.1431,174.82
2024-11-26T15:54:55.052863+00:00,17.76896,79.71473,Bay of Bengal,1.8428,8.912,228.71
2023-02-27T14:37:57.090103+00:00,7.28248,78.00923,Bay of Bengal,1.5108,9.0789,221.61
2023-07-21T18:06:21.057201+00:00,3.51068,96.21082,Andaman Sea,1.964,8.4566,262.65
2023-10-11T21:58:07.978724+00:00,1.83734,85.41828,Indian Ocean,2.0397,9.0409,263.02
2025-03-19T00:41:13.417602+00:00,8.10262,96.94725,Bay of Bengal,2.3231,9.8144,181.13
2024-12-10T16:07:31.136915+00:00,20.81259,64.89804,Arabian Sea,1.4398,9.4095,276.97
2023-11-28T22:55:14.003144+00:00,2.42458,65.59538,Indian Ocean,1.6629,7.9394,286.72
2025-04-13T15:07:30.109344+00:00,22.59104,93.83556,Indian Ocean,1.5545,7.8057,193.83
2025-03-14T19:25:04.936074+00:00,-4.16617,68.15854,Indian Ocean,1.8142,8.4084,150.74
2023-09-17T17:10:31.171891+00:00,2.52857,70.7599,Indian Ocean,1.6494,8.7165,276.68
2025-01-10T11:50:24.902218+00:00,9.28157,81.35859,Bay of Bengal,1.9285,9.0917,215.97
2025-12-03T09:42:21.330687+00:00,2.45339,65.08692,Indian Ocean,2.0007,9.4867,294.7
2024-09-05T07:16:28.977329+00:00,21.99445,91.39156,Bay of Bengal,2.0709,9.0125,299.44
2025-01-19T23:17:12.148684+00:00,8.66141,69.62111,Arabian Sea,1.7757,10.2655,213.34
2023-04-29T22:37:41.483802+00:00,11.30938,78.28713,Bay of Bengal,2.2443,9.777,180.22
2025-03-24T01:01:33.788809+00:00,20.95129,64.98216,Arabian Sea,2.4702,8.6335,182.3
2025-03-06T09:37:05.149241+00:00,10.69548,80.41811,Bay of Bengal,2.2056,9.522,168.2
2023-05-21T07:58:29.042465+00:00,23.7042,99.40917,Indian Ocean,1.6886,8.6846,210.98
2025-10-09T16:27:21.181409+00:00,14.43305,91.70509,Bay of Bengal,2.2785,8.192,256.07
2024-04-10T21:06:45.555739+00:00,23.24524,91.50476,Indian Ocean,2.0741,10.3832,144.04
2024-08-03T18:09:35.675470+00:00,12.90137,97.99514,Bay of Bengal,2.0826,8.7165,286.61
2023-10-05T04:56:52.759592+00:00,9.02733,76.96407,Arabian Sea,1.8034,8.4095,266.43
2025-09-06T07:39:17.595885+00:00,22.48847,91.04307,Indian Ocean,1.9462,8.2657,291.99
2025-06-16T19:19:05.227801+00:00,1.21108,83.70059,Indian Ocean,1.3196,7.714,214.83
2023-11-25T23:15:16.707837+00:00,22.04904,68.59507,Arabian Sea,1.685,9.465,260.83
2025-08-23T11:57:53.423442+00:00,17.60441,79.69431,Bay of Bengal,1.7077,7.7912,270.28
2023-07-14T20:09:29.858588+00:00,11.80857,85.66031,Bay of Bengal,1.1592,8.1006,233.06
2024-06-30T01:20:36.394250+00:00,0.86683,85.83701,Indian Ocean,1.2116,7.9935,222.81
2023-10-27T09:20:42.321383+00:00,0.27813,92.9571,Andaman Sea,1.891,9.8619,249.83
2024-09-05T20:25:55.181920+00:00,4.74305,70.86749,Indian Ocean,2.2905,10.0183,237.88
2024-05-04T12:45:35.213744+00:00,19.87865,85.87378,Bay of Bengal,2.5996,8.2101,149.23
2023-04-25T00:15:16.487920+00:00,19.56044,79.70889,Bay of Bengal,2.0311,9.6871,132.75
2023-06-14T06:01:39.104859+00:00,5.64528,85.89107,Bay of Bengal,1.9709,8.4205,215.0
2025-09-30T15:32:06.064561+00:00,22.22659,63.48328,Arabian Sea,1.9247,10.2335,241.24
2023-01-23T04:49:51.534560+00:00,6.4746,76.79223,Arabian Sea,1.9813,9.9159,224.71
2024-08-31T16:44:57.729177+00:00,18.77104,81.71169,Bay of Bengal,2.133,8.2416,264.21
2025-06-04T15:06:42.176825+00:00,1.23576,83.99419,Indian Ocean,1.7906,8.6355,205.59
2025-08-01T18:13:09.403882+00:00,7.12018,93.52738,Bay of Bengal,1.6552,7.8914,291.56
2025-11-17T18:20:25.466744+00:00,12.93847,60.81191,Arabian Sea,2.3149,9.9847,249.75
2025-12-14T09:41:26.386807+00:00,23.75047,83.22242,Indian Ocean,2.0623,7.4646,219.79
2023-09-27T13:32:22.631524+00:00,1.71442,78.44459,Indian Ocean,2.0392,6.9897,272.61
2024-01-29T15:03:29.142626+00:00,13.26393,89.45153,Bay of Bengal,2.5352,9.6578,171.95
2024-11-03T17:07:01.495434+00:00,17.62802,69.27794,Arabian Sea,2.4444,9.1715,256.14
2024-09-16T20:10:06.743961+00:00,-0.36871,60.13139,Indian Ocean,2.5021,8.8086,241.03
2024-08-12T01:55:21.783511+00:00,19.72959,98.75605,Bay of Bengal,1.9432,7.5899,314.49
2023-11-08T11:55:37.809178+00:00,3.12032,68.80995,Indian Ocean,2.399,7.216,258.47
2024-01-21T00:06:22.960466+00:00,12.75256,88.22721,Bay of Bengal,2.2608,9.286,186.57
2023-03-24T17:57:46.920764+00:00,19.63683,74.26402,Arabian Sea,2.2293,10.4291,194.47
2025-09-28T15:22:55.015702+00:00,9.48448,77.83153,Arabian Sea,2.6564,10.0662,275.99
2025-10-10T18:17:29.049251+00:00,1.15547,68.21122,Indian Ocean,1.9718,9.1862,249.14
2025-04-17T03:10:10.450001+00:00,6.79181,65.90978,Arabian Sea,2.3991,9.2384,165.0
2025-01-26T09:21:33.161890+00:00,2.40601,87.55562,Indian Ocean,1.6609,8.6517,181.81
2023-08-11T17:57:32.404316+00:00,22.89708,60.26265,Arabian Sea,1.954,9.8941,205.21
2023-08-21T19:23:37.170990+00:00,13.51632,85.93041,Bay of Bengal,2.1089,8.5566,253.21
2023-03-17T16:21:58.380606+00:00,23.4734,88.47571,Indian Ocean,2.3973,9.4114,151.89
2023-05-24T12:39:58.017823+00:00,4.64961,92.95546,Andaman Sea,1.0958,9.0134,174.24
2023-02-08T09:05:12.083149+00:00,10.9665,76.08032,Arabian Sea,2.1778,9.2996,184.02
2024-07-09T01:17:29.186765+00:00,-0.79011,77.16023,Indian Ocean,1.5569,7.8584,246.04
2024-04-28T02:38:36.658370+00:00,6.32306,68.91194,Arabian Sea,2.7183,8.8384,170.42
2025-07-03T00:49:00.009994+00:00,5.6333,74.59447,Arabian Sea,1.9044,9.0084,191.47
2025-11-13T07:11:22.576073+00:00,6.37834,84.35572,Bay of Bengal,1.9587,8.6245,261.82
2024-10-10T02:52:53.896679+00:00,23.36472,96.72336,Indian Ocean,1.925,9.0761,267.95
2025-06-16T16:06:40.060207+00:00,19.00661,73.65527,Arabian Sea,2.1853,9.2893,183.18
2023-06-24T14:28:46.347673+00:00,7.39972,63.28894,Arabian Sea,1.9695,9.6006,163.76
2024-04-22T18:47:33.033062+00:00,8.2981,76.60536,Arabian Sea,2.4039,9.2982,123.15
2023-12-04T14:05:56.782512+00:00,15.32811,64.76485,Arabian Sea,1.9219,8.5035,217.19
2024-12-03T07:45:11.131312+00:00,3.3938,94.30191,Andaman Sea,1.9213,9.2729,173.37
2024-08-01T20:44:17.720692+00:00,6.04094,76.28102,Arabian Sea,1.9541,8.9899,228.32
2025-12-03T18:18:21.618657+00:00,22.33707,94.85213,Indian Ocean,2.1657,10.2522,190.92
2025-05-25T18:32:32.911168+00:00,5.76105,89.02088,Bay of Bengal,1.8423,8.626,190.65
2023-05-11T18:17:36.780575+00:00,-4.33441,76.70757,Indian Ocean,1.8673,9.0144,206.32
2024-10-22T18:43:00.104491+00:00,16.30257,75.63673,Arabian Sea,2.3619,8.988,288.91
2023-07-09T18:00:55.349106+00:00,18.66802,81.6262,Bay of Bengal,1.1599,8.8967,226.56
2023-12-26T21:52:56.095633+00:00,6.38635,65.78181,Arabian Sea,1.7043,8.8001,232.25
2024-03-12T01:08:42.841041+00:00,-1.80255,94.55891,Andaman Sea,1.6622,9.1597,163.35
2023-06-28T01:39:51.113301+00:00,-0.57914,77.78928,Indian Ocean,1.5118,8.6612,214.6
2024-06-23T03:34:43.313086+00:00,14.66221,80.30882,Bay of Bengal,1.1782,6.0596,176.56
2024-11-15T06:56:54.833664+00:00,19.83971,85.68293,Bay of Bengal,1.7179,8.7618,235.93
2023-03-20T10:54:16.555943+00:00,19.0624,69.88166,Arabian Sea,1.9608,8.731,166.55
2025-09-28T21:16:13.310084+00:00,17.54177,79.05118,Bay of Bengal,1.9605,9.3759,271.09
2024-04-13T02:53:44.461949+00:00,-0.98133,89.60087,Indian Ocean,1.605,8.2425,198.37
2024-04-02T17:09:45.821656+00:00,14.62826,68.21239,Arabian Sea,2.2228,9.5611,198.77
2023-06-04T20:58:00.814665+00:00,9.30683,66.9991,Arabian Sea,2.8057,9.2923,159.84
2023-03-31T07:10:15.100944+00:00,21.39062,68.57228,Arabian Sea,2.4501,8.0477,166.2
2023-01-24T14:02:34.814743+00:00,2.01723,99.51299,Andaman Sea,1.6052,9.1498,176.5
2024-09-25T19:33:14.474497+00:00,16.30411,95.2146,Bay of Bengal,2.047,9.8253,259.38
2023-05-18T00:36:54.383946+00:00,18.34196,67.36472,Arabian Sea,2.305,8.3308,168.56
2024-10-20T01:53:29.387920+00:00,2.86319,93.83102,Andaman Sea,2.3555,10.4577,274.27
2025-01-30T06:38:01.540517+00:00,18.55124,78.42639,Bay of Bengal,1.9505,7.6182,194.71
2024-06-16T16:09:01.853895+00:00,-1.65444,92.92928,Andaman Sea,1.7526,8.9382,235.33
2025-02-04T05:30:28.929694+00:00,3.84789,82.21977,Indian Ocean,1.2912,9.2168,184.93
2025-03-10T01:48:04.052120+00:00,-4.4208,65.30215,Indian Ocean,2.471,8.1685,183.97
2024-03-06T10:29:47.300261+00:00,21.24762,89.18298,Bay of Bengal,2.3392,8.1941,162.09
2024-10-07T22:24:01.321341+00:00,13.04716,71.01872,Arabian Sea,2.2303,10.1076,249.19
2024-11-16T00:32:19.655223+00:00,21.81949,65.12355,Arabian Sea,2.1351,9.1886,299.66
2023-06-13T15:22:13.679855+00:00,-1.95247,91.22066,Andaman Sea,0.8632,7.2535,238.71
2025-12-30T17:32:29.616440+00:00,14.89547,91.79706,Bay of Bengal,1.7856,8.7294,172.62
2025-03-16T21:02:24.668644+00:00,20.30695,79.22597,Bay of Bengal,2.5165,10.3372,149.35
2025-02-22T18:45:27.743892+00:00,-0.76149,94.65999,Andaman Sea,2.2887,8.3457,177.89
2023-12-16T10:18:06.183713+00:00,18.15595,73.79195,Arabian Sea,1.1908,7.3754,226.7
2023-04-13T07:24:18.871081+00:00,3.8197,91.18924,Andaman Sea,1.9546,8.7335,178.24
2023-04-12T09:11:02.328351+00:00,12.61443,61.43637,Arabian Sea,2.4385,10.2806,168.75
2024-06-03T16:51:14.015573+00:00,15.54907,66.97247,Arabian Sea,1.7805,8.6457,186.83
2025-02-11T18:18:17.410987+00:00,-4.19275,62.81615,Indian Ocean,2.4633,9.7493,226.56
2025-05-06T03:30:49.712331+00:00,1.08842,65.51131,Indian Ocean,1.6659,8.9183,144.67
2025-06-03T05:33:00.120607+00:00,13.36293,93.23999,Bay of Bengal,1.9636,9.9604,236.34
2023-03-12T06:28:52.835274+00:00,18.26409,94.44993,Bay of Bengal,2.0483,9.8165,166.95
2023-06-13T04:11:23.757483+00:00,12.22544,92.28923,Bay of Bengal,1.7991,9.4324,206.3
2023-05-03T23:23:33.299812+00:00,7.79633,84.49372,Bay of Bengal,1.9696,9.0162,199.51
2023-11-28T15:31:19.259481+00:00,22.63406,61.90699,Arabian Sea,2.167,9.2383,265.13
2023-04-10T12:53:51.987870+00:00,3.76132,97.01616,Andaman Sea,2.0097,8.3469,180.26
2023-06-18T04:16:44.568597+00:00,-0.93907,85.59092,Indian Ocean,1.852,9.0553,214.81
2025-10-08T11:51:38.019571+00:00,14.784,62.56576,Arabian Sea,2.3526,9.9107,295.46
2024-10-31T23:40:30.430201+00:00,4.13786,67.19956,Indian Ocean,1.9957,8.929,263.91
2023-11-17T00:00:10.852768+00:00,3.90849,84.62874,Indian Ocean,1.6496,8.4716,222.45
2023-07-08T02:53:16.369088+00:00,23.21711,91.57329,Indian Ocean,1.4485,8.8491,247.04
2024-05-02T16:42:04.660561+00:00,11.55149,89.00525,Bay of Bengal,1.9751,9.3249,213.37
2025-07-02T09:02:13.913070+00:00,14.33034,72.83897,Arabian Sea,1.246,6.0241,229.13
2023-04-22T21:21:42.903803+00:00,0.89085,96.03447,Andaman Sea,2.6946,10.5604,211.79
2023-08-24T21:08:40.342570+00:00,3.04226,90.35735,Andaman Sea,1.4618,8.7688,265.8
2024-12-11T00:37:02.800899+00:00,2.89588,88.29229,Indian Ocean,1.6182,8.4584,224.07
2025-03-05T01:10:47.584982+00:00,11.76706,89.53592,Bay of Bengal,2.6031,9.2891,159.15
2025-10-27T11:39:14.204354+00:00,-2.20622,73.18341,Indian Ocean,2.0767,7.6265,256.31
2024-04-20T07:03:04.800655+00:00,8.1744,73.98858,Arabian Sea,2.3466,8.8001,210.33
2025-12-29T14:28:48.961469+00:00,14.66283,98.0993,Bay of Bengal,1.9432,7.94,187.6
2025-02-21T14:55:34.116476+00:00,3.35123,77.49261,Indian Ocean,1.7664,8.1242,175.72
2023-12-13T12:27:42.571158+00:00,-4.42109,62.62296,Indian Ocean,1.2988,8.8416,267.76
2023-10-31T00:45:49.882195+00:00,19.56196,64.29925,Arabian Sea,2.4679,9.4903,313.81
2023-07-18T04:47:38.725406+00:00,3.02194,73.11061,Indian Ocean,1.4068,8.6495,247.78
2025-11-30T05:10:59.002107+00:00,13.64671,94.0688,Bay of Bengal,1.5179,9.3672,255.67
2024-11-08T16:25:07.229660+00:00,15.1563,64.13355,Arabian Sea,2.5327,9.7791,290.8
2025-04-17T03:16:41.271168+00:00,-2.62792,98.84982,Indian Ocean,2.5447,10.2328,186.33
2023-09-10T16:27:29.256969+00:00,7.33533,82.86752,Bay of Bengal,2.4864,9.9478,261.08
2025-04-19T10:44:33.234176+00:00,9.54141,90.45614,Bay of Bengal,1.9976,8.1005,163.37
2023-11-04T17:20:34.473623+00:00,4.36666,71.2078,Indian Ocean,1.8337,8.05,276.62
2023-06-23T19:52:10.206585+00:00,13.5655,60.06083,Arabian Sea,2.0791,10.121,178.23
2025-04-11T09:59:07.823772+00:00,-0.18672,77.55492,Indian Ocean,1.8891,8.6895,179.36
2025-05-24T10:53:54.487576+00:00,19.36352,66.43696,Arabian Sea,1.9923,9.7279,198.5
2025-12-30T14:34:45.443116+00:00,23.72196,80.49626,Indian Ocean,1.153,6.1794,231.94
2025-07-11T04:28:18.289202+00:00,15.75863,90.75892,Bay of Bengal,2.0809,9.6329,250.75
2024-04-21T03:38:31.683889+00:00,11.04717,81.90904,Bay of Bengal,2.2801,8.7287,147.63
2024-07-29T19:27:22.874222+00:00,23.75546,76.48135,Arabian Sea,1.9519,7.996,224.12
2023-05-14T05:29:02.238173+00:00,14.60712,97.47796,Bay of Bengal,2.071,8.4568,205.59
2025-07-19T20:22:56.371209+00:00,-3.38908,83.19603,Indian Ocean,1.2808,8.8576,255.5
2025-08-10T00:06:47.281046+00:00,20.62067,63.7961,Arabian Sea,2.3158,10.3197,227.58
2024-10-30T03:46:01.239957+00:00,-1.1329,73.76339,Indian Ocean,1.7512,7.1954,254.0
2024-08-21T06:34:43.584947+00:00,2.61763,98.52313,Andaman Sea,1.9742,8.2451,267.78
2024-03-18T01:30:34.817638+00:00,16.49883,90.08305,Bay of Bengal,2.2892,8.4311,133.11
2023-05-09T09:07:20.935251+00:00,18.12372,74.2809,Arabian Sea,2.5802,8.8467,149.81
2023-08-01T19:27:45.450078+00:00,12.08147,64.00335,Arabian Sea,1.718,8.7972,222.34
2025-07-28T12:15:02.202342+00:00,21.54946,98.83229,Bay of Bengal,2.0829,8.6681,298.23
2023-12-02T11:25:58.929711+00:00,-4.66691,97.82736,Indian Ocean,1.5196,7.6326,227.98
2023-06-02T16:35:01.050652+00:00,5.60498,87.39402,Bay of Bengal,1.3653,8.5742,201.11
2024-03-18T15:29:25.003066+00:00,4.953,62.70103,Indian Ocean,2.1343,9.0361,175.67
2025-10-11T06:13:37.226761+00:00,20.1374,65.04239,Arabian Sea,2.3076,10.9351,253.02
2024-08-21T14:44:47.929607+00:00,4.01167,82.14423,Indian Ocean,1.8761,9.2728,263.36
2024-10-23T12:56:32.348442+00:00,23.91894,83.34528,Indian Ocean,2.1394,8.8686,300.12
2024-07-14T19:09:32.316972+00:00,13.86473,82.80349,Bay of Bengal,1.9802,9.4539,277.89
2024-04-16T06:02:27.619437+00:00,0.27017,80.15623,Indian Ocean,1.9859,9.024,176.79
2023-05-09T11:36:12.305747+00:00,19.50969,80.70409,Bay of Bengal,2.322,8.8262,157.79
2025-01-27T22:42:47.824870+00:00,18.90677,82.04947,Bay of Bengal,2.3031,8.5251,182.23
2025-04-21T02:50:36.950796+00:00,14.83203,82.73882,Bay of Bengal,1.7477,7.84,180.0
2024-07-10T03:25:22.390108+00:00,4.53187,75.03658,Indian Ocean,1.736,9.7105,227.97
2023-08-10T20:24:24.823123+00:00,23.83191,98.89367,Indian Ocean,1.8657,8.0874,248.6
2024-09-26T02:38:09.368910+00:00,10.725,74.43967,Arabian Sea,2.2042,7.9982,262.9
2025-10-08T09:25:15.193462+00:00,3.33145,83.61569,Indian Ocean,2.1548,9.8201,285.45
2023-04-10T05:54:02.234934+00:00,5.48729,75.7917,Arabian Sea,2.5602,10.4212,152.44
2025-12-31T09:49:23.843092+00:00,16.53742,80.37463,Bay of Bengal,1.6256,8.8159,196.7
2023-05-21T19:18:39.612273+00:00,7.41642,86.65182,Bay of Bengal,2.0301,8.9738,196.83
2024-06-25T05:11:12.820246+00:00,9.40597,80.31881,Bay of Bengal,1.7856,7.9012,215.29
2023-01-05T09:37:58.060929+00:00,12.04216,87.4449,Bay of Bengal,1.3791,6.9981,190.7
2025-12-31T01:35:09.827746+00:00,-0.88614,64.95541,Indian Ocean,1.1846,7.5684,248.02
2024-07-13T05:27:24.927359+00:00,8.39652,76.08818,Arabian Sea,2.0124,8.3429,236.28
2024-03-04T16:59:22.598959+00:00,13.62293,63.90464,Arabian Sea,1.87,8.4363,176.78
2025-03-26T22:36:06.489099+00:00,9.06442,98.5017,Bay of Bengal,2.2939,10.5361,150.52
2023-07-15T02:21:42.445896+00:00,20.75299,67.59749,Arabian Sea,2.4857,8.6392,215.85
2024-02-18T04:36:28.005163+00:00,2.76832,97.05567,Andaman Sea,1.5197,6.9203,144.54
2024-11-17T21:23:10.139060+00:00,9.90355,62.00433,Arabian Sea,2.0729,8.4845,248.41
2025-03-30T11:22:26.655421+00:00,-2.81601,83.36133,Indian Ocean,1.7623,8.7715,172.47
2024-02-08T13:33:26.866872+00:00,8.86585,85.1568,Bay of Bengal,2.0639,9.2903,205.98
2023-12-22T10:02:15.842528+00:00,-3.42243,95.06482,Indian Ocean,1.5129,8.9732,205.54
2025-08-31T21:51:22.061387+00:00,12.69416,87.65134,Bay of Bengal,2.0002,10.1638,313.37
2023-10-30T10:13:48.862117+00:00,3.98209,60.772,Indian Ocean,2.4349,8.2312,269.15
2025-02-25T12:28:59.904241+00:00,8.16231,92.90403,Bay of Bengal,1.4322,8.1951,161.73
2024-08-17T03:23:42.217440+00:00,22.901,98.38232,Indian Ocean,1.9175,7.4802,277.77
2024-08-15T08:02:26.094425+00:00,6.52295,63.2287,Arabian Sea,2.7941,9.4745,236.8
2025-10-14T07:57:19.452259+00:00,20.94664,95.47234,Bay of Bengal,2.3009,9.2045,231.92
2025-04-02T17:33:04.150523+00:00,5.96404,87.67963,Bay of Bengal,1.94,7.5979,161.65
2025-11-29T18:44:14.219727+00:00,10.08457,97.82511,Bay of Bengal,1.4383,7.6321,209.22
2025-05-13T15:54:07.403432+00:00,-3.04353,89.45688,Indian Ocean,2.0526,8.996,178.38
2023-04-22T09:25:15.442225+00:00,13.82362,91.52918,Bay of Bengal,2.0279,8.0366,177.07
2025-07-09T11:20:33.331627+00:00,14.95242,72.15329,Arabian Sea,2.0842,8.259,229.76
2024-02-09T05:34:12.225448+00:00,9.17181,89.75597,Bay of Bengal,1.7114,10.301,176.29
2023-08-28T15:52:03.034754+00:00,-2.01841,85.89229,Indian Ocean,1.568,8.6119,281.88
2023-12-16T19:30:24.437802+00:00,6.70215,87.85736,Bay of Bengal,2.0097,9.1737,214.76
2025-06-29T00:24:03.817288+00:00,3.99477,63.17892,Indian Ocean,0.7737,6.0362,187.81
2024-02-28T10:10:24.646815+00:00,12.84505,62.86881,Arabian Sea,2.0727,10.172,175.51
2024-10-16T19:01:08.049731+00:00,21.16322,94.61343,Bay of Bengal,2.0022,8.3373,280.32
2024-05-30T17:02:15.164772+00:00,19.4547,68.76116,Arabian Sea,1.631,8.1843,196.77
2025-09-30T14:33:24.330535+00:00,23.72411,99.10223,Indian Ocean,2.3495,8.9076,255.76
2025-12-07T07:15:21.575219+00:00,-1.27737,92.39834,Andaman Sea,1.8802,9.2918,180.35
2023-10-28T16:55:52.885377+00:00,20.24928,92.05603,Bay of Bengal,2.1009,7.7096,225.86
2025-04-07T20:48:28.522607+00:00,-0.10992,84.53052,Indian Ocean,2.2071,9.7726,157.49
2023-12-04T13:41:10.301848+00:00,1.43437,63.00174,Indian Ocean,1.5497,9.8419,275.28
2025-07-11T15:08:13.968199+00:00,-2.47045,84.77976,Indian Ocean,1.6423,8.3909,253.89
2024-10-20T21:43:32.035433+00:00,17.93577,71.34536,Arabian Sea,3.1035,9.4829,257.86
2025-05-08T11:36:16.120417+00:00,-3.68678,71.88381,Indian Ocean,1.9565,9.2802,168.81
2025-10-26T14:55:26.162916+00:00,21.80118,99.99768,Bay of Bengal,2.5851,9.613,240.34
2023-10-22T10:32:46.255037+00:00,18.62468,62.44131,Arabian Sea,1.9092,8.9376,266.73
2023-02-23T01:10:40.976153+00:00,13.88248,79.38254,Bay of Bengal,1.9221,8.0543,215.15
2025-05-10T12:23:49.952016+00:00,-1.49085,63.75946,Indian Ocean,2.0495,8.0011,164.2
2024-02-09T05:17:59.104807+00:00,12.56846,60.2783,Arabian Sea,1.7791,8.4066,244.97
2025-08-12T11:52:55.749168+00:00,17.00569,73.738,Arabian Sea,1.927,8.9792,244.16
2024-10-29T09:52:23.601453+00:00,6.52117,64.68452,Arabian Sea,2.3409,8.8278,296.81
2024-08-02T22:52:40.466354+00:00,20.5679,97.06672,Bay of Bengal,1.48,9.3923,267.09
2025-04-05T04:13:58.473361+00:00,18.13956,65.31736,Arabian Sea,2.3103,10.1079,180.82
2023-08-17T06:38:51.802008+00:00,-1.59235,75.31164,Indian Ocean,2.0287,9.5802,256.7
2024-08-10T13:28:32.233880+00:00,-3.60531,66.57797,Indian Ocean,1.8451,8.7093,221.75
2024-10-30T03:13:56.788104+00:00,6.46073,75.07683,Arabian Sea,1.8977,9.4745,308.64
2025-04-14T07:08:37.095649+00:00,14.30928,67.74465,Arabian Sea,2.2693,9.9914,184.79
2024-08-08T18:48:13.342199+00:00,-3.84276,92.26116,Indian Ocean,2.3295,9.8855,232.27
2024-06-06T09:58:06.505305+00:00,5.94665,82.56193,Bay of Bengal,1.896,9.2174,177.62
2024-12-06T05:02:57.324078+00:00,5.83828,88.7277,Bay of Bengal,1.8185,7.9198,219.13
2025-11-18T04:40:21.194123+00:00,3.99938,91.65628,Andaman Sea,1.8516,8.9258,247.06
2023-03-27T14:22:23.192373+00:00,6.17097,92.93444,Bay of Bengal,2.3712,9.4949,150.67
2023-06-07T07:53:51.389197+00:00,8.11892,89.23507,Bay of Bengal,1.5644,8.5843,249.71
2025-09-05T20:01:42.465978+00:00,-4.57359,80.93756,Indian Ocean,1.7197,8.6159,262.82
2024-12-29T17:25:52.224710+00:00,20.31619,96.01815,Bay of Bengal,1.4182,8.5161,167.46
2025-01-05T09:34:15.523440+00:00,22.01034,60.08348,Arabian Sea,1.5958,9.5264,256.56
2024-12-17T03:16:13.952717+00:00,9.47722,75.09769,Arabian Sea,1.4361,8.9576,280.39
2025-06-26T15:01:18.050656+00:00,15.77757,98.47363,Bay of Bengal,1.8385,7.483,284.94
2024-09-22T03:38:33.234348+00:00,12.40706,96.06719,Bay of Bengal,2.2136,9.6904,261.7
2025-03-10T03:05:56.293229+00:00,3.02357,66.03007,Indian Ocean,2.4324,9.276,196.89
2024-09-16T01:02:40.011029+00:00,19.19364,75.88963,Arabian Sea,1.8465,8.2989,294.86
2023-07-18T10:47:57.519733+00:00,17.24617,74.65324,Arabian Sea,2.048,8.1528,242.88
2023-10-26T04:11:56.882617+00:00,23.80847,61.52584,Arabian Sea,2.4825,10.0922,297.59
2025-01-04T23:00:58.132866+00:00,14.02403,94.42348,Bay of Bengal,1.5104,8.4523,182.46
2023-09-05T05:37:13.259421+00:00,-3.25147,87.29841,Indian Ocean,2.3214,8.8663,272.11
2023-06-18T12:09:18.197995+00:00,9.10566,77.89116,Arabian Sea,1.9266,9.1479,195.13
2024-08-07T04:42:33.555164+00:00,1.7916,74.651,Indian Ocean,1.6605,9.1666,257.73
2025-09-08T03:09:54.908599+00:00,-1.87106,74.29459,Indian Ocean,2.2727,8.734,262.12
2024-07-09T04:46:24.013579+00:00,3.95884,82.11627,Indian Ocean,1.3145,8.2549,198.31
2025-08-20T03:32:09.553707+00:00,-1.07374,99.36915,Andaman Sea,1.6901,8.1675,234.88
2025-07-20T14:30:53.841836+00:00,8.92909,92.98551,Bay of Bengal,1.5243,6.9602,274.54
2023-06-11T16:06:16.226258+00:00,22.784,88.24932,Indian Ocean,1.6705,7.8666,192.21
2025-10-30T01:42:48.178776+00:00,10.00232,82.22314,Bay of Bengal,2.5897,10.7811,252.69
2025-03-22T12:50:18.125351+00:00,18.53671,94.48717,Bay of Bengal,2.268,8.9331,175.89
2025-02-04T06:39:25.144179+00:00,2.18717,78.56091,Indian Ocean,1.9976,7.8504,184.83
2025-09-30T01:50:07.937247+00:00,6.78231,81.35838,Bay of Bengal,1.7635,8.9345,283.46
2025-06-12T11:51:53.790552+00:00,18.71336,77.54704,Arabian Sea,1.8445,9.6312,182.45
2024-01-02T01:26:39.954396+00:00,-0.0423,77.0402,Indian Ocean,1.1672,9.8683,208.7
2025-09-05T02:40:58.870792+00:00,23.93174,85.03424,Indian Ocean,1.5403,9.3355,269.97
2023-06-13T03:41:43.871451+00:00,4.41893,72.80618,Indian Ocean,1.5972,7.438,187.13
2025-07-22T09:50:23.638858+00:00,22.7349,79.23173,Indian Ocean,1.7441,8.875,208.09
2023-11-15T00:27:11.095562+00:00,0.03795,60.56629,Indian Ocean,2.394,9.0192,295.98
2024-12-17T06:35:29.678850+00:00,14.07995,79.1344,Bay of Bengal,1.6767,7.5526,255.31
2025-08-12T04:18:10.208247+00:00,-2.11429,75.2746,Indian Ocean,2.3403,10.6473,253.6
2024-06-18T12:52:10.158661+00:00,6.27356,84.03416,Bay of Bengal,1.7333,8.7255,212.45
2024-06-17T06:29:16.665419+00:00,15.07932,86.58342,Bay of Bengal,1.4626,7.9538,218.34
2024-07-20T01:32:10.701783+00:00,-2.66852,90.60292,Indian Ocean,1.5057,7.4217,274.51
2024-10-14T10:15:30.507957+00:00,-2.24457,79.14107,Indian Ocean,1.8897,9.7682,294.38
2025-12-11T01:08:10.176727+00:00,-0.42987,67.68576,Indian Ocean,1.5777,8.7969,267.32
2025-08-31T22:34:07.761579+00:00,10.81053,77.74405,Arabian Sea,2.0743,8.751,262.26
2024-11-16T04:22:37.911289+00:00,0.91061,83.75479,Indian Ocean,1.5223,8.2632,261.65
2024-06-11T20:12:58.363255+00:00,14.88637,60.95604,Arabian Sea,1.9543,7.4606,155.22
2023-12-27T22:42:01.572251+00:00,19.733,63.51189,Arabian Sea,1.9508,7.9922,284.28
2023-02-14T13:10:50.708938+00:00,9.25832,93.6728,Bay of Bengal,2.1247,8.6572,186.25
2023-07-25T16:23:44.491185+00:00,22.36818,63.08825,Arabian Sea,1.7306,7.8474,203.45
2024-10-04T13:40:44.950359+00:00,7.35104,66.94485,Arabian Sea,2.298,10.0652,272.64
2023-11-15T08:27:14.899886+00:00,10.28822,99.13681,Bay of Bengal,2.3246,9.5067,227.83
2025-07-10T21:42:39.301361+00:00,23.28577,98.15291,Indian Ocean,0.8467,6.6797,259.18
2025-11-11T17:22:04.254757+00:00,-3.54579,61.16058,Indian Ocean,2.0259,8.9209,299.15
2025-05-22T13:13:14.056705+00:00,5.31272,97.24985,Bay of Bengal,1.7809,7.8747,226.88
2024-08-21T17:45:33.778958+00:00,21.19745,60.80882,Arabian Sea,2.3831,8.5822,244.11
2024-01-25T01:58:17.484662+00:00,9.40655,98.52833,Bay of Bengal,2.0301,10.264,159.94
2025-12-12T18:30:31.448239+00:00,18.7064,81.69891,Bay of Bengal,2.206,9.8608,220.94
2023-10-19T19:40:01.407114+00:00,-4.3493,70.58323,Indian Ocean,2.311,9.118,289.35
2023-02-25T09:08:44.264321+00:00,22.71962,94.31929,Indian Ocean,2.1154,8.4898,156.84
2023-01-09T14:40:41.153545+00:00,22.948,80.89663,Indian Ocean,1.5145,8.0812,207.91
2025-04-08T09:40:30.415556+00:00,1.87106,98.39727,Andaman Sea,1.9884,9.2223,187.95
2025-05-18T16:17:59.983806+00:00,1.40099,97.78393,Andaman Sea,2.0253,9.0842,193.74
2023-05-12T07:20:39.510360+00:00,9.11787,97.71777,Bay of Bengal,1.8837,10.5657,203.7
2024-05-09T16:32:49.393014+00:00,16.01832,84.07212,Bay of Bengal,2.4281,8.689,183.92
2025-08-13T15:38:52.734172+00:00,15.29904,91.00876,Bay of Bengal,1.7966,9.3088,290.92
2023-03-17T09:20:34.133712+00:00,22.97677,61.6402,Arabian Sea,2.091,7.8624,210.16
2025-11-14T04:01:28.833872+00:00,8.87493,89.15203,Bay of Bengal,2.2344,8.0387,210.15
2023-12-02T08:32:56.949773+00:00,2.35819,96.7705,Andaman Sea,2.0991,8.6599,202.46
2024-03-17T04:28:29.636858+00:00,12.72687,73.9621,Arabian Sea,2.2705,11.2134,147.26
2025-04-09T12:37:46.932852+00:00,12.47603,96.63727,Bay of Bengal,2.1363,9.4157,180.39
2025-09-28T02:37:30.509761+00:00,-3.52161,74.28443,Indian Ocean,2.1831,9.1452,294.7
2024-12-20T04:34:09.898029+00:00,14.09994,70.43859,Arabian Sea,1.7345,8.5552,237.99
2023-10-06T20:57:03.068251+00:00,17.95872,91.82003,Bay of Bengal,2.4684,9.2196,278.9
2025-10-14T01:58:11.370945+00:00,2.9936,62.09716,Indian Ocean,2.1234,9.4615,277.43
2024-04-27T19:10:07.403372+00:00,17.34939,79.70506,Bay of Bengal,1.9968,9.5526,187.97
2024-04-16T17:48:11.950427+00:00,14.03232,79.14122,Bay of Bengal,2.1041,7.7731,152.94
2024-11-03T12:59:03.405190+00:00,19.5505,75.64002,Arabian Sea,2.5826,8.6434,302.48
2024-01-25T01:42:27.513325+00:00,15.09491,78.38701,Bay of Bengal,1.6774,8.831,161.09
2025-11-12T15:45:55.023915+00:00,13.81056,80.43728,Bay of Bengal,2.0562,8.4499,250.25
2025-05-03T11:20:13.767320+00:00,5.38024,91.95332,Bay of Bengal,1.9989,7.7847,199.11
2024-07-06T17:40:54.290726+00:00,14.63945,64.11857,Arabian Sea,1.7646,8.1302,236.29
2023-10-10T00:51:41.665718+00:00,-1.18797,81.07217,Indian Ocean,1.798,8.4591,218.6
2024-11-23T07:30:50.204703+00:00,8.19337,83.57573,Bay of Bengal,1.8295,8.2369,249.65
2025-07-10T15:27:55.309965+00:00,-4.08331,79.83253,Indian Ocean,1.5963,8.2175,219.58
2023-05-15T17:54:23.431952+00:00,9.03918,95.33556,Bay of Bengal,2.1159,8.7821,209.5
2023-04-07T04:08:17.507648+00:00,19.01169,81.39074,Bay of Bengal,1.9031,8.2031,157.18
2023-03-17T03:02:02.722534+00:00,17.5733,75.554,Arabian Sea,2.2873,8.6859,145.16
2025-06-17T20:41:18.710212+00:00,11.73539,99.10884,Bay of Bengal,1.6517,8.804,252.29
2024-08-03T22:35:49.816717+00:00,23.51234,76.47739,Arabian Sea,2.2338,8.8731,231.05
2023-03-05T11:55:18.130624+00:00,2.3679,86.90156,Indian Ocean,2.0349,8.5764,175.47
2023-10-13T19:57:27.751106+00:00,4.98781,94.81498,Andaman Sea,2.1757,9.0303,244.91
2025-08-20T20:07:35.373068+00:00,7.08422,82.32436,Bay of Bengal,2.2893,9.4556,287.45
2024-05-15T04:32:30.929246+00:00,-2.10614,68.28195,Indian Ocean,1.7904,7.1462,179.62
2023-09-27T11:09:51.390464+00:00,16.05641,69.92094,Arabian Sea,1.8307,8.1787,270.4
2023-06-12T18:10:26.526619+00:00,-1.46373,78.5897,Indian Ocean,1.47,8.2092,198.81
2023-09-02T01:19:23.772839+00:00,19.37814,64.53477,Arabian Sea,2.3219,9.6525,264.32
2025-07-10T13:01:38.451626+00:00,16.43046,77.34183,Arabian Sea,1.456,8.1538,241.91
2023-08-20T17:05:41.237315+00:00,-3.06942,63.16964,Indian Ocean,1.9355,9.03,228.01
2024-05-20T08:13:49.237284+00:00,12.87021,69.37268,Arabian Sea,2.2428,9.1014,178.64
2025-02-24T06:18:01.676703+00:00,11.96614,96.46453,Bay of Bengal,2.0377,8.1311,153.69
2024-09-23T16:30:41.327704+00:00,2.94155,90.3902,Andaman Sea,2.4176,8.619,272.6
2024-07-03T01:13:20.617780+00:00,11.96786,99.20044,Bay of Bengal,1.4593,7.7655,271.97
2024-09-18T16:22:38.431732+00:00,6.88138,62.99111,Arabian Sea,2.6375,9.2568,270.42
2025-06-26T17:35:23.350832+00:00,23.84561,77.25439,Arabian Sea,1.3802,8.2919,210.31
2024-01-02T16:50:39.466949+00:00,23.93956,96.42681,Indian Ocean,1.8022,8.0425,203.99
2024-06-10T14:58:29.305349+00:00,2.23594,94.58917,Andaman Sea,1.9595,7.6428,207.83
2025-07-29T17:56:42.167597+00:00,6.78651,62.80811,Arabian Sea,2.1429,8.6859,239.47
2023-01-28T20:22:56.974154+00:00,22.6678,67.53222,Arabian Sea,2.2182,9.9148,228.64
2025-02-03T02:50:55.296097+00:00,22.05969,71.25757,Arabian Sea,1.7419,8.9113,191.75
2024-02-16T00:57:56.027980+00:00,14.49001,61.21051,Arabian Sea,2.2463,9.8952,209.35
2023-01-17T01:51:22.960128+00:00,-0.94218,85.0099,Indian Ocean,1.7503,7.8664,200.26
2024-09-05T21:38:59.201425+00:00,15.22441,88.15091,Bay of Bengal,2.2553,9.8227,286.26
2023-10-04T16:54:08.980590+00:00,-3.7785,97.7384,Indian Ocean,2.1772,9.2159,230.54
2025-12-12T17:55:17.789164+00:00,19.17133,76.81255,Arabian Sea,1.846,7.1544,249.46
2024-09-01T11:57:26.004055+00:00,-1.02171,92.53722,Andaman Sea,1.5384,6.9765,266.77
2025-02-24T16:52:43.995727+00:00,16.57919,96.03294,Bay of Bengal,2.0347,8.7415,150.18
2025-04-19T02:15:32.214921+00:00,22.53129,60.33996,Arabian Sea,2.2208,9.6705,143.72
2023-01-03T07:27:30.864143+00:00,22.47043,92.95962,Indian Ocean,1.5183,8.3324,159.88
2023-12-26T01:14:33.434272+00:00,18.82123,65.81708,Arabian Sea,1.6632,9.485,251.88
2024-08-18T14:41:03.189744+00:00,9.46028,96.53791,Bay of Bengal,1.4207,8.4691,295.06
2024-08-23T23:04:30.133806+00:00,-0.28747,93.67742,Andaman Sea,1.9521,8.4708,275.32
2024-01-25T08:26:28.483258+00:00,5.39156,82.81452,Bay of Bengal,1.7268,6.2718,164.96
2024-09-10T23:28:35.566460+00:00,-1.32706,97.57527,Andaman Sea,2.0476,9.7003,278.59
2023-04-07T09:56:56.182241+00:00,14.56308,82.03349,Bay of Bengal,1.968,10.156,163.59
2025-07-21T13:35:07.006605+00:00,9.06794,81.8854,Bay of Bengal,1.7447,9.044,259.9
2024-11-01T07:42:04.071558+00:00,5.56629,85.20345,Bay of Bengal,2.2674,7.5577,283.06
2024-05-03T14:12:14.813285+00:00,18.50387,72.47633,Arabian Sea,1.9655,9.4343,177.96
2025-02-07T09:46:35.501192+00:00,17.09789,67.76025,Arabian Sea,1.5719,7.8533,201.24
2023-02-26T00:05:40.447885+00:00,11.44019,89.87897,Bay of Bengal,1.8462,8.714,179.51
2024-11-28T16:34:27.554594+00:00,-4.03824,98.86585,Indian Ocean,1.5498,7.7983,222.84
2024-07-07T12:54:21.532834+00:00,-2.78788,96.24768,Indian Ocean,1.6332,8.3405,247.15
2025-04-15T09:01:37.109280+00:00,4.09829,98.53762,Andaman Sea,1.8387,7.8829,207.34
2025-07-23T17:53:04.989029+00:00,2.36157,60.82932,Indian Ocean,1.461,7.6707,206.63
2024-10-02T14:32:24.979583+00:00,9.08396,85.9885,Bay of Bengal,2.3831,10.354,262.65
2024-11-01T04:14:00.064793+00:00,7.43986,96.55422,Bay of Bengal,1.9727,10.0395,236.87
2025-07-11T20:09:43.381778+00:00,22.93081,63.87084,Arabian Sea,1.7125,8.8816,228.93
2025-07-14T03:59:57.031923+00:00,17.92912,76.42511,Arabian Sea,1.7367,8.8438,239.89
2025-03-06T22:47:32.484950+00:00,9.53275,64.16977,Arabian Sea,1.8276,8.1476,177.35
2025-06-04T01:38:57.953656+00:00,4.47535,78.24202,Indian Ocean,1.8827,9.165,195.06
2025-01-12T03:05:58.440350+00:00,-3.95807,85.94663,Indian Ocean,2.0477,9.5723,178.05
2025-07-23T21:21:00.176598+00:00,21.32444,94.56909,Bay of Bengal,1.4513,9.5452,295.67
2025-04-22T02:15:05.181014+00:00,17.46779,90.52161,Bay of Bengal,2.4573,10.4787,187.13
2025-04-20T22:45:42.021471+00:00,22.42297,79.95888,Indian Ocean,1.9981,8.4861,172.07
2024-08-16T10:42:26.585756+00:00,5.17563,63.11563,Arabian Sea,1.7648,9.0337,233.05
2023-10-28T09:32:01.824734+00:00,8.81272,91.93501,Bay of Bengal,1.6942,9.2053,270.96
2024-03-29T04:19:59.497420+00:00,13.53044,74.36004,Arabian Sea,2.4497,8.7911,166.83
2025-07-26T11:24:58.925004+00:00,0.44557,76.79885,Indian Ocean,2.0811,9.8109,220.86
2024-03-15T13:02:45.701078+00:00,-1.69795,93.97372,Andaman Sea,2.2168,7.998,168.61
2023-02-05T07:20:13.922430+00:00,-1.74247,92.20895,Andaman Sea,1.9671,9.6711,188.54
2024-02-03T03:50:54.551604+00:00,6.90859,82.34389,Bay of Bengal,2.0929,9.2816,184.79
2024-01-30T07:07:13.823747+00:00,9.50994,71.18095,Arabian Sea,1.4992,8.0161,185.65
2023-06-23T16:12:32.536449+00:00,1.57557,64.35761,Indian Ocean,1.5033,8.8472,197.54
2025-04-08T04:17:20.877426+00:00,12.79935,70.83118,Arabian Sea,2.8167,9.3956,173.57
2024-09-15T11:27:03.597475+00:00,23.49019,93.23244,Indian Ocean,2.5211,10.1659,286.77
2024-07-29T00:52:10.379319+00:00,4.79254,61.74062,Indian Ocean,1.9762,8.3719,199.19
2025-03-20T11:10:31.122439+00:00,6.22409,89.34747,Bay of Bengal,2.7893,9.5127,190.56
2025-01-17T17:01:09.439713+00:00,22.2275,75.25032,Arabian Sea,2.1323,9.4022,206.4
2023-10-25T07:20:32.107102+00:00,16.51205,90.20691,Bay of Bengal,2.2161,8.2081,264.17
2025-01-14T01:23:48.761417+00:00,15.20978,68.56168,Arabian Sea,1.6507,8.2405,220.84
2023-06-03T08:44:40.928802+00:00,9.6626,72.99838,Arabian Sea,1.5275,7.1666,184.46
2023-12-15T12:53:53.374068+00:00,10.97339,86.72934,Bay of Bengal,1.0806,7.1835,207.16
2023-12-25T00:28:43.809604+00:00,9.94867,81.43199,Bay of Bengal,1.526,8.711,197.0
2023-11-07T23:58:12.720703+00:00,12.08895,66.36721,Arabian Sea,2.7716,9.6274,240.49
2023-02-19T23:02:33.597942+00:00,6.01855,74.74774,Arabian Sea,2.2847,9.2831,173.27
2025-05-17T01:17:59.781284+00:00,21.1022,83.73267,Bay of Bengal,1.7086,8.0609,182.83
2025-09-01T04:58:01.261569+00:00,17.96365,78.13666,Bay of Bengal,1.7146,8.2388,280.64
2025-06-13T20:43:49.953983+00:00,21.02133,98.99569,Bay of Bengal,1.7153,8.7838,251.6
2023-08-30T01:53:55.987446+00:00,-4.00342,99.15639,Indian Ocean,1.4486,7.9604,284.39
2024-09-15T07:48:17.642516+00:00,21.00101,77.76711,Arabian Sea,2.213,8.954,248.94
2025-05-16T14:47:52.550250+00:00,19.32234,66.21787,Arabian Sea,1.7819,9.3651,184.56
2024-10-19T23:18:31.631436+00:00,2.37667,91.01705,Andaman Sea,1.9674,8.012,260.35
2024-04-06T11:52:11.312673+00:00,22.90005,93.36729,Indian Ocean,2.4753,8.3771,163.71
2024-10-27T10:00:08.336264+00:00,19.7476,83.90415,Bay of Bengal,1.855,8.3833,252.0
2025-05-01T15:50:43.677543+00:00,0.36575,99.42655,Andaman Sea,2.1005,7.7134,230.12
2023-01-27T11:35:03.194875+00:00,23.5531,64.83421,Arabian Sea,1.9583,8.159,259.65
2023-08-24T17:34:50.474988+00:00,7.83706,76.24163,Arabian Sea,2.2582,10.1752,226.66
2024-09-18T19:51:14.862406+00:00,-1.20178,65.59315,Indian Ocean,2.0616,8.7603,282.68
2023-07-06T17:13:28.159098+00:00,21.46961,94.10098,Bay of Bengal,1.1322,9.0463,300.01
2023-03-20T07:10:07.176403+00:00,19.86037,92.99884,Bay of Bengal,2.5312,9.8722,153.95
2025-10-05T03:07:40.357974+00:00,19.57591,72.05151,Arabian Sea,2.6895,9.6635,269.68
2025-07-22T06:19:16.523511+00:00,-0.60777,64.16465,Indian Ocean,1.4947,7.9759,242.01
2023-10-18T15:47:03.483904+00:00,10.2412,67.31846,Arabian Sea,2.2201,8.286,264.99
2024-09-21T20:16:37.190721+00:00,-0.02523,69.76241,Indian Ocean,1.7911,9.157,311.41
2023-01-29T08:12:08.110593+00:00,-0.77345,86.51842,Indian Ocean,1.7065,9.968,162.71
2025-07-04T14:22:11.006285+00:00,15.78332,65.74382,Arabian Sea,1.0513,8.3542,161.87
2025-08-28T20:11:48.924430+00:00,18.75613,93.65847,Bay of Bengal,2.407,8.3999,267.01
2025-12-18T14:34:39.696515+00:00,5.02091,68.59243,Arabian Sea,1.6046,6.7426,257.4
2025-10-24T16:31:15.878396+00:00,19.67956,62.41798,Arabian Sea,2.4344,8.5503,286.79
2024-10-22T13:49:42.290591+00:00,15.03784,87.66347,Bay of Bengal,1.6515,7.7076,289.79
2024-08-25T10:00:31.935611+00:00,2.33758,93.86247,Andaman Sea,1.9319,9.1918,278.82
2024-07-25T13:22:56.193206+00:00,11.64706,67.05029,Arabian Sea,2.1922,10.2845,228.49
2025-12-28T13:24:33.464234+00:00,3.61454,63.78609,Indian Ocean,1.4019,9.5624,248.0
2024-08-08T06:17:51.588798+00:00,-4.42152,80.9867,Indian Ocean,1.7453,8.0166,250.82
2024-10-11T17:47:57.433774+00:00,-2.96401,74.64339,Indian Ocean,2.1419,8.5591,276.64
2025-12-09T09:58:41.986284+00:00,16.56241,84.76266,Bay of Bengal,1.9835,9.5912,236.71
2023-08-04T19:46:54.941044+00:00,5.69051,80.34379,Bay of Bengal,1.5094,8.8022,281.24
2024-08-06T15:44:59.816695+00:00,17.70546,76.14311,Arabian Sea,2.1887,9.5984,267.99
2024-12-30T09:17:48.247630+00:00,5.94367,65.23943,Arabian Sea,1.6766,8.1306,250.51
2023-06-08T19:48:00.615999+00:00,8.39733,84.08042,Bay of Bengal,1.935,8.0391,217.95
2024-11-27T13:23:11.044608+00:00,7.56017,65.74579,Arabian Sea,2.6495,9.155,297.87
2025-05-18T07:54:22.157478+00:00,3.18478,66.69351,Indian Ocean,2.1097,9.9498,181.0
2023-11-15T01:25:41.898593+00:00,20.33765,89.25419,Bay of Bengal,1.8659,9.0904,251.29
2025-01-19T06:02:27.793971+00:00,3.45612,89.49611,Indian Ocean,1.9012,7.8881,161.78
2024-03-01T16:22:10.263807+00:00,21.20987,97.25319,Bay of Bengal,2.1124,9.3158,166.97
2024-09-26T22:23:46.487531+00:00,1.75452,78.73933,Indian Ocean,1.609,8.4726,267.61
2024-01-19T00:14:59.716846+00:00,23.40815,83.09006,Indian Ocean,1.9199,8.1788,203.93
2025-03-03T17:01:40.390219+00:00,4.42156,80.30971,Indian Ocean,1.8516,6.9273,161.35
2024-11-09T23:12:10.754931+00:00,21.48248,85.54635,Bay of Bengal,1.791,8.7344,226.7
2025-01-26T20:32:15.550639+00:00,4.64278,82.22182,Indian Ocean,1.8798,8.4251,163.04
2023-03-08T18:22:59.218266+00:00,3.65922,84.46319,Indian Ocean,1.907,8.2857,177.58
2024-04-06T14:35:20.046193+00:00,4.99216,73.49656,Indian Ocean,1.8297,8.8853,145.59
2023-07-21T02:17:09.054976+00:00,13.30415,75.01533,Arabian Sea,2.0025,8.2343,220.6
2024-11-26T18:20:21.666374+00:00,4.84079,70.70685,Indian Ocean,1.3811,7.8782,267.56
2025-02-20T15:28:48.741584+00:00,-0.09409,80.92531,Indian Ocean,1.9311,8.3525,199.99
2025-01-25T18:10:15.333479+00:00,-2.47416,93.28714,Indian Ocean,1.8011,7.6575,153.61
2023-07-03T12:53:30.271760+00:00,16.81527,63.32699,Arabian Sea,1.3995,8.5248,211.39
2024-12-09T19:54:16.475953+00:00,0.38479,73.4808,Indian Ocean,1.9616,9.0857,212.9
2025-03-03T20:20:47.532856+00:00,10.9022,74.00652,Arabian Sea,2.767,9.3409,185.35
2024-02-16T02:43:20.621649+00:00,19.86077,60.76294,Arabian Sea,1.8602,8.5492,219.02
2025-04-13T04:27:35.572295+00:00,9.52948,82.04269,Bay of Bengal,2.5042,9.6528,169.31
2025-06-13T12:24:51.013937+00:00,6.32556,88.94053,Bay of Bengal,1.4062,9.2873,242.97
2025-09-07T21:21:35.262711+00:00,4.98149,84.96075,Indian Ocean,2.5851,10.1599,285.17
2023-11-20T11:37:11.650681+00:00,23.95178,90.04629,Indian Ocean,1.5177,7.6159,235.28
2025-04-18T07:27:59.963832+00:00,21.51532,73.10264,Arabian Sea,1.9765,8.7159,127.32
2023-03-27T19:47:44.196469+00:00,10.68329,83.32842,Bay of Bengal,2.2202,8.7925,177.62
2025-03-19T19:34:51.857347+00:00,20.41676,84.82863,Bay of Bengal,1.894,7.7365,163.13
2024-06-06T10:57:01.652669+00:00,-1.91719,60.53766,Indian Ocean,1.2727,7.3981,176.47
2024-01-24T14:53:34.641585+00:00,-4.74485,72.14359,Indian Ocean,1.8286,8.4944,223.34
2025-05-20T07:48:47.549875+00:00,21.03179,75.84544,Arabian Sea,2.4967,9.6651,173.76
2024-08-29T01:48:00.656609+00:00,8.03346,92.29018,Bay of Bengal,1.8646,8.8987,268.05
2023-05-05T14:59:18.084075+00:00,3.04441,88.3334,Indian Ocean,1.8196,9.2804,150.34
2024-12-13T02:25:51.355744+00:00,0.26441,98.22127,Andaman Sea,1.8555,9.7205,216.0
2024-04-25T16:52:47.851531+00:00,10.85343,83.03333,Bay of Bengal,2.2515,8.3239,163.67
2025-04-17T01:06:03.610753+00:00,11.53803,72.23628,Arabian Sea,2.2487,8.7624,148.5
2024-08-11T04:18:52.418709+00:00,10.49091,77.87489,Arabian Sea,2.2825,10.1591,236.3
2023-02-03T23:17:26.000001+00:00,10.46322,61.3353,Arabian Sea,1.8557,9.0737,218.58
2025-05-04T19:08:17.160746+00:00,18.53427,89.58304,Bay of Bengal,1.8725,7.9391,232.24
2024-07-07T04:59:19.222463+00:00,15.39437,68.8918,Arabian Sea,1.2508,7.0656,203.75
2025-04-26T06:58:11.282193+00:00,-4.43578,73.79485,Indian Ocean,2.3486,9.0854,157.98
2023-09-26T19:39:57.719868+00:00,-4.83692,84.90235,Indian Ocean,1.8935,8.5861,260.37
2023-02-24T01:21:29.651053+00:00,19.41328,93.25858,Bay of Bengal,1.4619,8.7033,153.67
2024-08-05T20:25:17.821629+00:00,11.59427,62.20129,Arabian Sea,2.4203,8.7714,213.16
2023-01-12T17:40:02.426789+00:00,0.06294,97.02261,Andaman Sea,1.6089,8.0607,133.49
2024-02-06T08:14:38.694252+00:00,21.0445,83.34253,Bay of Bengal,2.1746,8.9483,207.18
2025-12-13T21:30:45.997520+00:00,17.46546,71.8766,Arabian Sea,1.2751,8.7089,252.76
2024-03-10T12:06:31.557881+00:00,17.3726,67.94404,Arabian Sea,2.3178,8.565,179.36
2024-02-12T06:48:13.612264+00:00,20.95314,66.33944,Arabian Sea,2.4012,8.7659,242.54
2025-08-14T09:14:20.287768+00:00,23.65233,90.57309,Indian Ocean,2.3179,9.3919,251.5
2025-12-06T07:34:22.818512+00:00,19.8877,61.73306,Arabian Sea,1.7464,8.2258,300.49
2025-08-13T15:24:46.634723+00:00,4.81215,87.40514,Indian Ocean,1.7757,8.9544,247.49
2025-07-26T11:24:40.548181+00:00,12.40959,95.59219,Bay of Bengal,1.4668,7.6182,283.51
2025-01-12T02:09:12.662766+00:00,10.40014,60.06937,Arabian Sea,2.1604,10.6697,244.16
2025-02-18T19:26:41.902545+00:00,19.47703,91.43493,Bay of Bengal,2.2795,8.0668,148.89
2023-07-14T18:55:58.057895+00:00,17.61146,82.00364,Bay of Bengal,1.4258,7.6767,224.53
2023-09-24T13:12:13.050389+00:00,14.78797,71.25044,Arabian Sea,2.2859,9.7575,237.98
2023-03-28T08:35:22.140745+00:00,13.23724,63.37734,Arabian Sea,2.0481,9.1655,180.84
2023-10-25T15:57:59.917983+00:00,16.53738,68.50031,Arabian Sea,2.35,8.9312,260.98
2025-12-02T02:18:25.356552+00:00,-0.74215,89.11654,Indian Ocean,2.5637,8.785,213.45
2025-02-08T15:59:43.172890+00:00,14.99519,91.45924,Bay of Bengal,1.4826,7.8191,179.55
2025-08-18T03:35:42.529261+00:00,22.10883,87.86186,Indian Ocean,1.6599,8.6192,231.46
2025-10-11T01:16:03.744540+00:00,7.60051,83.69836,Bay of Bengal,2.3121,9.4322,278.43
2025-10-20T21:33:16.977599+00:00,7.00087,83.40461,Bay of Bengal,2.4641,9.1881,265.59
2025-03-22T17:46:40.164635+00:00,3.29957,85.56843,Indian Ocean,1.6616,8.0112,143.85
2024-03-04T09:36:43.357975+00:00,2.90707,80.69913,Indian Ocean,1.6823,7.9888,144.68
2025-06-11T20:16:17.419677+00:00,7.50005,91.61958,Bay of Bengal,1.4839,8.1231,214.15
2025-08-12T01:38:09.707031+00:00,-4.28446,65.43134,Indian Ocean,1.8685,9.2664,234.34
2025-01-03T13:37:36.933439+00:00,20.17058,99.35472,Bay of Bengal,1.8099,7.2271,175.64
2025-02-12T20:18:25.210555+00:00,4.80037,62.38141,Indian Ocean,1.5099,7.8554,211.81
2024-04-22T05:12:09.126859+00:00,19.69658,77.75294,Arabian Sea,2.7514,9.5919,169.14
2023-07-07T18:19:25.684367+00:00,7.08965,80.14351,Bay of Bengal,1.5481,7.4999,233.25
2024-05-09T21:32:29.068187+00:00,19.1705,71.15569,Arabian Sea,2.364,8.3657,154.48
2023-10-09T08:23:10.269248+00:00,-0.57965,60.70847,Indian Ocean,2.2119,10.5077,273.59
2025-01-02T10:50:12.079197+00:00,-4.50751,73.92696,Indian Ocean,1.2368,6.2751,242.96
2025-09-06T23:08:14.667831+00:00,12.48055,63.52262,Arabian Sea,2.4107,9.9729,273.4
2025-03-29T14:20:03.077562+00:00,11.80238,74.66103,Arabian Sea,2.0813,8.4368,149.49
2024-02-06T06:39:49.393755+00:00,21.5873,60.41287,Arabian Sea,2.4721,9.6253,235.15
2023-12-10T05:42:01.553549+00:00,9.45592,89.56234,Bay of Bengal,1.8457,9.6202,204.0
2025-02-10T12:51:17.879307+00:00,17.34929,70.26638,Arabian Sea,1.6238,7.6133,195.99
2025-07-16T17:19:17.103661+00:00,20.36777,96.43853,Bay of Bengal,1.854,7.9995,283.63
2023-06-13T09:37:10.740276+00:00,4.29429,83.09777,Indian Ocean,1.5461,7.9181,216.02
2025-06-26T17:43:34.258148+00:00,22.86736,65.6708,Arabian Sea,1.8062,9.6787,188.8
2025-12-12T18:30:43.840150+00:00,8.74001,70.37425,Arabian Sea,2.1579,6.8055,260.96
2023-04-26T13:32:16.265923+00:00,4.53507,66.93008,Indian Ocean,2.0717,9.382,157.68
2023-01-31T00:45:02.815853+00:00,13.55459,69.72161,Arabian Sea,2.1415,8.6328,213.09
2024-10-02T18:03:27.204823+00:00,1.82839,84.29844,Indian Ocean,1.7693,8.8318,227.78
2024-05-26T03:29:40.773736+00:00,11.38425,95.18185,Bay of Bengal,1.837,6.3594,271.82
2023-12-08T12:03:21.455478+00:00,20.65896,67.2926,Arabian Sea,1.7237,7.4297,257.51
2024-04-06T04:12:53.268983+00:00,-4.31785,85.4574,Indian Ocean,1.5278,9.6835,116.25
2024-03-27T00:00:50.587264+00:00,13.09358,67.96484,Arabian Sea,2.0967,10.7961,152.98
2025-10-10T14:24:08.001531+00:00,17.26431,86.1918,Bay of Bengal,1.6451,7.553,261.51
2025-05-28T06:28:11.750503+00:00,1.30275,98.54842,Andaman Sea,1.6883,9.3376,232.14
2023-03-15T13:37:24.989993+00:00,-4.37076,78.47465,Indian Ocean,1.7013,7.9211,157.54
2024-02-27T18:17:48.409428+00:00,19.48182,71.16245,Arabian Sea,2.42,9.3904,169.05
2023-10-19T07:05:58.096727+00:00,0.31312,72.58071,Indian Ocean,1.5898,7.6033,288.13
2025-10-21T21:17:28.174909+00:00,12.80255,95.66105,Bay of Bengal,1.9651,9.3367,249.54
2025-10-15T07:39:13.473675+00:00,23.77138,89.71088,Indian Ocean,2.0131,9.174,279.76
2023-08-10T11:47:58.670670+00:00,13.80883,81.59844,Bay of Bengal,1.3342,6.3659,250.74
2024-04-21T11:53:24.687009+00:00,9.02445,61.61087,Arabian Sea,1.5663,8.8188,140.88
2025-03-16T19:33:39.912835+00:00,-1.96964,90.39662,Andaman Sea,1.4477,8.837,168.92
2023-07-05T14:26:54.455944+00:00,-2.32499,81.4206,Indian Ocean,1.2765,7.542,245.94
2023-01-24T17:19:24.366979+00:00,21.8938,93.07026,Bay of Bengal,1.545,8.7729,177.25
2023-03-28T06:14:52.551666+00:00,8.66814,68.21972,Arabian Sea,2.6031,9.0549,187.11
2024-04-16T20:14:23.190661+00:00,5.95307,87.36127,Bay of Bengal,1.9577,8.7593,158.06
2025-07-17T04:43:35.405754+00:00,0.56879,63.68924,Indian Ocean,1.4257,8.9517,178.06
2025-03-26T03:23:15.491818+00:00,7.70418,87.0956,Bay of Bengal,1.5755,8.3625,167.88
2023-01-10T00:29:36.681207+00:00,14.62418,61.82608,Arabian Sea,1.6738,7.7339,248.15
2023-03-15T04:27:43.041114+00:00,-2.31218,67.98478,Indian Ocean,2.2477,8.5323,172.95
2025-01-21T05:01:56.237275+00:00,-4.18603,89.40113,Indian Ocean,1.2956,7.1604,201.72
2024-07-06T20:45:21.131040+00:00,20.101,69.61921,Arabian Sea,1.3732,8.1572,198.86
2023-08-03T02:43:03.028695+00:00,14.08038,99.92607,Bay of Bengal,1.8224,7.7303,293.95
2024-11-28T08:46:55.553485+00:00,7.59944,83.16406,Bay of Bengal,1.8479,8.386,218.9
2023-07-01T15:33:09.375979+00:00,11.9342,69.41534,Arabian Sea,1.5016,9.2878,199.27
2025-02-01T13:41:33.884209+00:00,-0.40364,61.20367,Indian Ocean,1.8263,7.5995,254.21
2023-02-09T17:00:12.465431+00:00,3.47813,77.99874,Indian Ocean,2.2774,7.9657,247.76
2023-12-24T22:37:11.674017+00:00,8.05014,60.91304,Arabian Sea,1.61,7.8175,264.88
2024-02-09T07:52:27.740770+00:00,21.26082,96.00398,Bay of Bengal,1.7881,9.494,167.53
2024-11-03T04:03:07.596026+00:00,19.93973,73.35789,Arabian Sea,2.5386,8.1999,252.54
2023-06-03T05:47:41.274479+00:00,2.82519,68.08073,Indian Ocean,1.9885,8.7822,197.95
2023-02-19T12:30:09.941587+00:00,8.77364,94.25017,Bay of Bengal,2.0707,8.2507,149.45
2025-07-13T02:10:15.752723+00:00,7.62749,91.0636,Bay of Bengal,2.1928,8.9535,240.8
2023-02-11T01:03:15.104952+00:00,-1.33855,72.02042,Indian Ocean,2.1074,8.5297,164.34
2025-09-18T19:50:20.330600+00:00,12.3375,96.84917,Bay of Bengal,1.83,9.6149,247.69
2024-08-12T08:39:13.158579+00:00,14.25645,82.59,Bay of Bengal,1.5864,7.542,243.17
2025-08-14T04:22:10.351797+00:00,-1.18677,91.88228,Andaman Sea,1.8093,8.8692,289.66
2025-05-24T11:29:21.284219+00:00,20.68892,67.3026,Arabian Sea,1.799,9.063,137.2
2023-06-03T14:31:13.777491+00:00,16.41441,83.03683,Bay of Bengal,1.6468,9.7056,219.78
2023-06-01T04:34:14.743850+00:00,5.47412,67.0574,Arabian Sea,2.4171,9.7224,166.42
2023-11-27T13:38:02.857574+00:00,22.83978,69.83734,Arabian Sea,1.4346,7.6908,250.1
2024-11-24T17:55:03.183710+00:00,17.44452,82.6202,Bay of Bengal,1.8409,8.4094,247.25
2024-09-07T02:13:56.679840+00:00,-2.71094,65.71528,Indian Ocean,2.0645,9.4566,273.86
2024-10-22T06:06:30.584315+00:00,23.31895,72.45541,Arabian Sea,2.0499,11.223,278.44
2025-08-08T07:53:45.015265+00:00,22.71501,82.41823,Indian Ocean,2.3586,8.7039,283.26
2025-12-27T09:32:37.755459+00:00,10.40404,67.80195,Arabian Sea,1.521,8.9599,253.72
2025-09-04T21:41:02.043187+00:00,9.65277,76.24559,Arabian Sea,1.9817,8.4439,270.91
2023-07-11T01:33:20.228276+00:00,5.38729,61.8233,Arabian Sea,1.7548,7.4552,194.72
2024-12-20T09:23:26.116932+00:00,5.41693,76.7513,Arabian Sea,1.6047,8.7561,218.79
2024-03-26T14:29:13.926710+00:00,9.23622,96.93307,Bay of Bengal,2.7089,10.0384,192.19
2023-02-07T22:28:13.210321+00:00,21.42596,82.85581,Bay of Bengal,2.035,7.2497,218.82
2023-10-14T12:09:22.262217+00:00,7.57467,66.4806,Arabian Sea,2.3233,8.5551,284.57
2023-08-17T16:32:31.484973+00:00,7.21189,74.44747,Arabian Sea,2.2529,7.6013,237.34
2025-07-02T10:10:15.759207+00:00,-4.89543,76.90427,Indian Ocean,0.8717,8.0746,203.03
2025-04-30T00:02:19.531378+00:00,11.13331,82.51058,Bay of Bengal,2.3477,10.5889,157.52
2025-07-19T16:11:06.378255+00:00,14.4678,97.65475,Bay of Bengal,1.1538,7.0974,242.55
2024-12-21T00:58:00.315455+00:00,-2.7822,91.77008,Indian Ocean,1.4695,6.9885,209.52
2025-11-22T03:03:16.878138+00:00,0.66524,81.26608,Indian Ocean,1.8281,8.8186,252.98
2024-12-28T15:38:33.599038+00:00,8.01404,76.1848,Arabian Sea,1.8136,7.0518,209.69
2024-01-11T17:12:18.221253+00:00,2.44236,88.31042,Indian Ocean,1.9127,8.9309,208.03
2025-08-21T17:40:27.442093+00:00,11.64668,61.27753,Arabian Sea,1.773,7.6651,225.05
2024-07-15T14:50:39.087408+00:00,21.59443,96.98933,Bay of Bengal,1.7306,8.644,263.27
2024-03-16T00:58:55.524576+00:00,18.95677,65.62538,Arabian Sea,2.0656,9.7006,192.06
2024-12-17T01:20:39.071116+00:00,-3.1328,82.68857,Indian Ocean,1.6826,9.7631,199.58
2025-03-25T11:01:24.179433+00:00,18.80318,87.1159,Bay of Bengal,2.4352,8.1494,166.69
2024-03-15T20:29:33.952853+00:00,-3.79114,86.12119,Indian Ocean,2.7244,8.9532,152.05
2025-11-03T00:34:11.801464+00:00,-4.53509,76.46018,Indian Ocean,2.4572,9.8152,259.18
2024-07-07T20:59:28.518714+00:00,23.75258,70.00489,Arabian Sea,1.9954,8.9168,193.56
2024-06-10T22:05:24.824953+00:00,12.93586,62.93553,Arabian Sea,1.6711,8.1738,152.82
2023-09-14T16:52:35.297668+00:00,3.66089,81.58664,Indian Ocean,2.1512,8.9358,266.53
2025-11-06T23:02:39.602343+00:00,-2.00005,66.09207,Indian Ocean,2.1735,8.765,271.52
2025-12-29T17:09:51.956741+00:00,10.20105,71.79765,Arabian Sea,1.5241,8.1749,260.11
2025-10-20T00:47:03.987770+00:00,18.04088,60.59147,Arabian Sea,2.3386,8.3275,313.13
2023-01-28T12:59:26.530152+00:00,8.57945,76.88461,Arabian Sea,1.9321,8.678,182.49
2025-03-12T09:57:43.897998+00:00,9.55227,84.11911,Bay of Bengal,1.6628,8.0546,169.58
2025-06-24T21:40:06.324824+00:00,13.53816,75.11792,Arabian Sea,1.3614,9.1132,212.3
2023-08-08T16:19:19.339484+00:00,11.8114,83.95318,Bay of Bengal,1.9204,8.701,244.95
2024-03-21T14:15:40.686423+00:00,5.30272,87.40523,Bay of Bengal,2.4116,9.6848,182.03
2023-11-05T16:03:45.095009+00:00,13.28637,70.75508,Arabian Sea,2.9257,8.7068,269.28
2023-02-11T04:54:49.862897+00:00,-4.86768,75.28702,Indian Ocean,1.4585,9.3739,194.73
2025-04-18T23:52:05.777236+00:00,3.27781,82.23336,Indian Ocean,2.3597,9.0502,188.02
2024-03-13T13:50:05.722279+00:00,9.04459,84.49375,Bay of Bengal,2.3594,9.445,176.08
2023-05-23T00:11:38.654647+00:00,18.75721,70.15987,Arabian Sea,1.8887,8.2339,143.34
2025-06-17T06:53:24.939654+00:00,23.30308,89.99729,Indian Ocean,1.6717,7.1552,239.34
2023-06-17T10:24:26.967027+00:00,1.92174,60.95425,Indian Ocean,1.4901,8.2431,188.53
2025-03-16T05:47:11.503899+00:00,2.01379,77.97697,Indian Ocean,2.2107,9.3372,192.92
2023-07-13T09:57:06.370360+00:00,9.54285,65.02433,Arabian Sea,1.7214,8.5035,224.96
2024-04-30T18:23:59.262161+00:00,9.8278,95.70325,Bay of Bengal,2.0289,9.3426,215.32
2025-09-07T09:44:04.294518+00:00,13.32841,73.88699,Arabian Sea,2.3523,10.518,279.59
2023-08-31T21:55:18.322748+00:00,0.8158,86.82446,Indian Ocean,1.9696,7.2052,257.06
2023-06-12T02:14:23.437648+00:00,7.16009,78.80645,Bay of Bengal,1.2618,6.7223,199.62
2023-06-02T01:54:12.100762+00:00,-1.51215,67.76098,Indian Ocean,1.8616,8.7353,185.95
2025-03-04T10:45:29.711413+00:00,1.26196,79.16117,Indian Ocean,1.4733,8.5727,203.39
2023-11-13T15:15:52.656335+00:00,4.80641,98.42483,Andaman Sea,1.7041,7.3543,249.29
2024-07-27T06:48:54.102283+00:00,21.12273,87.10499,Bay of Bengal,1.6293,7.8149,234.08
2024-06-03T13:00:02.329329+00:00,7.63515,73.74094,Arabian Sea,1.9231,9.1457,197.28
2025-12-18T02:44:22.642264+00:00,17.00183,88.50167,Bay of Bengal,1.7628,8.2007,196.17
2024-11-14T02:35:42.497182+00:00,23.55696,89.47439,Indian Ocean,1.539,5.7176,241.22
2023-10-26T20:34:19.965226+00:00,19.15598,80.23449,Bay of Bengal,2.251,7.6437,267.31
2024-10-07T18:15:22.605331+00:00,5.47021,77.67841,Arabian Sea,2.4913,9.1323,294.9
2024-10-07T01:01:42.463566+00:00,7.71802,63.13579,Arabian Sea,1.9556,10.5825,252.28
2023-06-28T15:50:58.160246+00:00,-2.53461,82.29839,Indian Ocean,0.8798,5.9198,258.19
2024-10-08T22:17:44.306054+00:00,17.91174,99.6213,Bay of Bengal,2.0694,9.0265,265.59
2025-05-05T08:00:58.445953+00:00,7.31042,83.34752,Bay of Bengal,2.6108,7.9944,172.56
2024-05-09T18:58:46.597849+00:00,-2.28069,64.22424,Indian Ocean,2.4242,9.8578,149.39
2024-09-01T11:15:07.182276+00:00,9.53867,98.8854,Bay of Bengal,1.9658,7.4056,286.61
2024-08-20T05:16:39.263686+00:00,23.84488,97.24486,Indian Ocean,2.0252,9.5671,298.9
2024-03-29T15:20:28.444288+00:00,2.79488,98.2409,Andaman Sea,1.9948,8.8923,163.91
2024-04-09T22:27:08.430777+00:00,3.10104,71.99227,Indian Ocean,1.6953,8.1169,176.3
2023-01-03T23:27:37.492093+00:00,16.60703,78.29811,Bay of Bengal,1.2647,7.3968,207.73
2025-03-09T17:15:58.311054+00:00,11.31878,73.41955,Arabian Sea,2.1017,7.6824,193.27
2024-07-02T09:54:44.908449+00:00,9.45637,72.47055,Arabian Sea,1.8818,9.7841,217.18
2025-01-19T10:42:43.306142+00:00,8.74546,85.80666,Bay of Bengal,1.6363,7.77,193.24
2023-02-08T20:53:51.692485+00:00,15.1806,65.12939,Arabian Sea,1.8837,9.6359,183.32
2023-12-05T20:02:17.093179+00:00,-2.65386,68.51949,Indian Ocean,1.9367,9.3822,259.96
2024-11-11T18:29:47.261023+00:00,22.72212,83.44132,Indian Ocean,1.7109,8.291,234.62
2023-07-16T18:52:37.983701+00:00,1.05732,92.48986,Andaman Sea,1.6436,9.3498,260.72
2025-08-10T04:01:56.286955+00:00,23.99946,96.21054,Indian Ocean,1.6574,7.5829,278.13
2025-10-30T19:40:14.421325+00:00,6.31879,66.78674,Arabian Sea,1.9702,9.219,289.85
2024-10-11T20:23:32.052093+00:00,13.27923,83.0006,Bay of Bengal,2.4461,8.4353,290.49
2024-01-19T18:37:27.044563+00:00,16.14346,65.83989,Arabian Sea,1.9593,8.3193,227.29
2024-12-29T00:44:40.124171+00:00,12.06963,61.54355,Arabian Sea,1.7596,8.7899,238.18
2025-03-22T09:00:10.091794+00:00,8.07946,70.32193,Arabian Sea,2.3078,8.6862,180.99
2025-02-24T00:22:54.479183+00:00,-0.64593,88.58579,Indian Ocean,1.6884,8.7203,163.51
2025-11-27T00:52:50.308378+00:00,21.164,90.89112,Bay of Bengal,1.0886,7.2662,202.36
2023-12-22T15:10:03.284008+00:00,20.60945,98.7418,Bay of Bengal,0.9753,5.4993,171.44
2024-06-26T08:36:03.736998+00:00,6.94245,91.95911,Bay of Bengal,1.2336,8.3391,245.53
2023-06-01T19:54:09.003592+00:00,10.34426,88.38875,Bay of Bengal,1.7459,8.8412,234.04
2024-08-18T02:01:39.085613+00:00,6.61818,80.92147,Bay of Bengal,1.7451,9.1044,273.23
2023-12-26T14:16:19.531102+00:00,13.74308,94.30034,Bay of Bengal,1.692,8.2759,190.37
2025-11-13T08:06:31.533682+00:00,13.85648,75.79902,Arabian Sea,1.9562,8.7909,304.4
2025-04-06T12:05:48.232742+00:00,2.94333,68.39267,Indian Ocean,1.8471,9.5984,191.73
2025-09-06T18:56:17.046759+00:00,10.70905,81.0437,Bay of Bengal,2.569,10.7975,275.28
2024-08-02T20:28:01.240125+00:00,7.30717,61.56229,Arabian Sea,2.3437,9.2628,226.29
2024-08-16T11:52:17.207699+00:00,-3.17069,93.60318,Indian Ocean,1.8441,9.7282,284.38
2023-12-12T17:25:16.026922+00:00,-0.20368,80.87848,Indian Ocean,1.7632,9.0322,215.55
2025-03-23T02:48:31.020303+00:00,15.74885,83.40616,Bay of Bengal,2.1462,9.3464,177.73
2025-05-27T16:43:09.745302+00:00,-4.02507,88.52806,Indian Ocean,1.4747,8.0118,221.02
2023-09-25T10:49:26.634870+00:00,-1.52564,83.39174,Indian Ocean,1.9697,7.8805,290.87
2023-08-21T02:28:52.433515+00:00,21.9942,69.44622,Arabian Sea,2.1877,9.2463,271.02
2025-12-23T19:59:45.673114+00:00,17.8251,89.91763,Bay of Bengal,1.5179,6.7162,168.56
2024-01-02T18:28:30.983567+00:00,15.89789,91.33027,Bay of Bengal,1.5414,8.0359,200.57
2025-01-12T22:49:33.539576+00:00,10.45647,88.9996,Bay of Bengal,1.3626,8.2805,220.61
2023-11-25T00:39:53.987705+00:00,0.70391,99.18054,Andaman Sea,1.6362,8.6915,197.69
2023-12-13T17:26:12.427132+00:00,20.92547,66.34897,Arabian Sea,2.0728,9.1098,268.23
2023-07-26T10:48:20.066071+00:00,-2.00654,69.43095,Indian Ocean,1.4817,8.8655,218.73
2024-05-14T23:28:27.342502+00:00,21.6657,78.68927,Bay of Bengal,1.4312,6.6404,183.39
2023-06-26T00:44:12.879199+00:00,14.03743,75.05276,Arabian Sea,2.2423,8.7236,213.46
2023-09-28T18:06:10.771198+00:00,12.08286,83.88511,Bay of Bengal,2.5167,8.9099,277.63
2025-02-16T12:23:33.188974+00:00,12.58581,93.90424,Bay of Bengal,2.1886,7.3574,136.18
2023-04-19T10:15:20.771859+00:00,2.72379,86.05526,Indian Ocean,2.1265,7.0362,140.85
2023-04-18T10:20:12.982452+00:00,21.00362,80.79804,Bay of Bengal,1.9049,7.9093,154.16
2023-07-22T20:27:04.889393+00:00,-4.88569,64.20285,Indian Ocean,1.2853,8.3746,180.28
2025-11-24T16:52:08.893093+00:00,18.9905,70.00223,Arabian Sea,2.2909,9.8408,274.61
2024-12-16T21:48:26.769167+00:00,13.90682,74.67436,Arabian Sea,1.6701,8.0993,241.66
2024-07-15T02:17:59.404438+00:00,7.76475,91.46455,Bay of Bengal,1.4546,8.1015,256.69
2023-04-06T19:48:52.363551+00:00,12.3403,74.3069,Arabian Sea,1.9312,7.6367,182.18
2025-02-20T04:34:37.131776+00:00,18.28946,73.12784,Arabian Sea,2.0073,10.2278,196.54
2024-10-25T11:50:10.058083+00:00,23.61115,97.38679,Indian Ocean,2.5338,9.3962,208.87
2023-10-08T03:49:23.467607+00:00,0.51122,61.15969,Indian Ocean,1.7937,8.34,277.68
2025-01-23T18:45:14.169720+00:00,-4.27401,68.90049,Indian Ocean,1.0571,6.6814,196.33
2024-05-03T01:51:15.140523+00:00,23.79985,82.76765,Indian Ocean,2.6481,8.4929,208.45
2023-08-28T21:17:08.744847+00:00,-0.05216,93.67354,Andaman Sea,1.9924,9.1204,242.28
2025-09-30T13:25:29.628823+00:00,-3.96194,66.91604,Indian Ocean,2.5264,10.6862,281.82
2023-10-12T12:44:21.630345+00:00,12.95076,78.12819,Bay of Bengal,2.2203,9.1536,253.46
2023-05-07T12:49:28.544795+00:00,11.39123,94.06938,Bay of Bengal,2.3,8.9698,193.75
2024-01-20T09:35:08.049147+00:00,21.44875,94.42572,Bay of Bengal,1.859,9.2526,172.66
2025-07-31T23:38:40.614629+00:00,16.96162,69.68559,Arabian Sea,2.3852,8.6943,248.41
2023-08-15T22:50:06.023021+00:00,10.32652,92.12433,Bay of Bengal,2.0674,9.9841,309.88
2023-02-20T13:36:27.583547+00:00,-0.50691,73.11729,Indian Ocean,2.192,8.6571,211.61
2025-03-11T11:43:28.181588+00:00,-4.63002,81.89917,Indian Ocean,2.1173,8.409,174.2
2024-09-10T18:44:29.334156+00:00,23.27002,99.97353,Indian Ocean,1.9421,8.5164,260.16
2024-01-31T09:02:09.541999+00:00,0.29983,98.78186,Andaman Sea,1.5688,7.303,184.72
2024-08-08T14:16:58.954227+00:00,0.05463,82.71826,Indian Ocean,1.7047,8.3,273.34
2023-09-08T19:36:17.070078+00:00,23.2948,72.2065,Arabian Sea,2.5005,10.3545,288.35
2025-06-17T04:42:51.503741+00:00,18.45437,95.72879,Bay of Bengal,1.7132,7.8107,215.25
2025-11-18T12:42:41.671543+00:00,15.72405,91.32372,Bay of Bengal,1.6946,7.9298,235.99
2024-05-09T21:21:59.236654+00:00,18.9867,83.70632,Bay of Bengal,1.8624,9.4745,197.93
2023-11-30T09:08:25.224962+00:00,20.69185,68.55463,Arabian Sea,1.6251,6.9323,258.29
2024-07-05T00:26:26.821662+00:00,4.86862,65.69872,Indian Ocean,1.889,7.717,202.53
2025-09-10T21:15:10.943834+00:00,18.27796,94.83547,Bay of Bengal,2.4571,9.1358,237.21
2024-06-13T14:10:31.628692+00:00,6.14759,89.91918,Bay of Bengal,1.5617,8.2675,248.68
2023-12-20T17:43:28.538243+00:00,12.00051,92.41416,Bay of Bengal,1.2898,8.7622,171.99
2024-06-18T20:37:41.572670+00:00,0.47954,85.26388,Indian Ocean,1.069,7.6793,226.64
2023-04-05T12:30:26.670870+00:00,20.98526,99.7257,Bay of Bengal,2.6511,8.5549,167.75
2025-05-07T00:30:20.523527+00:00,17.02862,74.95124,Arabian Sea,2.0302,8.1676,160.13
2023-05-12T04:57:34.944202+00:00,21.42761,76.52519,Arabian Sea,1.598,7.2009,179.81
2024-05-26T04:37:12.838257+00:00,-2.67731,70.88748,Indian Ocean,1.9961,8.8823,162.57
2024-01-23T05:19:55.150249+00:00,23.25695,96.55001,Indian Ocean,1.4195,7.7814,193.43
2024-09-12T02:07:40.069483+00:00,4.52948,62.18822,Indian Ocean,2.2263,9.1533,255.47
2023-03-05T20:52:21.342287+00:00,-2.86724,72.26565,Indian Ocean,1.8396,7.6668,178.87
2023-06-25T14:36:58.612948+00:00,12.46606,94.22298,Bay of Bengal,1.5305,9.1847,245.82
2024-11-20T02:59:53.966905+00:00,21.7979,91.64017,Bay of Bengal,2.2327,8.476,218.45
2024-01-17T15:18:56.122717+00:00,-1.46237,86.32516,Indian Ocean,1.4293,8.9191,180.49
2024-05-18T02:53:29.493659+00:00,-2.93422,65.03319,Indian Ocean,1.9769,7.0198,188.6
2024-06-04T06:04:44.089372+00:00,19.76915,81.01347,Bay of Bengal,2.0241,9.2574,192.59
2025-10-16T15:32:22.774714+00:00,17.5058,69.60349,Arabian Sea,1.5716,8.7428,268.51
2025-09-15T12:55:11.950042+00:00,18.32667,97.36226,Bay of Bengal,2.6388,9.4076,256.8
2025-03-17T09:36:24.357038+00:00,9.72948,93.56952,Bay of Bengal,1.717,7.8572,131.76
2024-01-14T15:23:03.935825+00:00,10.18388,90.3888,Bay of Bengal,1.8366,7.7102,222.29
2024-05-04T20:17:00.685667+00:00,16.59832,68.1828,Arabian Sea,1.9063,8.9203,165.51
2025-12-24T06:42:47.440732+00:00,8.3916,66.37411,Arabian Sea,2.0589,8.3165,285.49
2023-03-28T21:32:41.318221+00:00,-4.05892,64.13717,Indian Ocean,2.4234,10.0497,158.82
2023-05-04T03:19:54.909962+00:00,23.74058,72.08383,Arabian Sea,1.5847,7.3986,128.86
2023-09-25T04:02:41.851528+00:00,16.64777,76.63468,Arabian Sea,2.4346,10.4102,265.41
2025-11-20T05:43:22.795730+00:00,19.9108,88.1313,Bay of Bengal,2.3973,9.5795,245.6
2024-07-09T02:02:25.968150+00:00,-4.60631,83.42284,Indian Ocean,1.4059,7.9614,208.61
2023-06-17T02:17:12.929345+00:00,6.48076,81.08955,Bay of Bengal,1.76,8.3514,195.21
2024-07-17T20:39:14.567316+00:00,8.59626,76.38421,Arabian Sea,1.8332,7.9055,209.63
2024-04-28T05:06:44.976498+00:00,19.83448,74.05468,Arabian Sea,1.8871,6.9731,153.65
2023-11-14T12:55:42.842599+00:00,0.02794,98.78077,Andaman Sea,2.1262,9.3163,217.19
2025-06-08T08:35:49.268622+00:00,7.6498,95.86762,Bay of Bengal,1.7914,8.2894,228.06
2023-01-28T00:18:51.581436+00:00,16.47717,86.31273,Bay of Bengal,1.4022,8.8253,173.83
2025-03-29T04:40:08.609838+00:00,3.95215,85.11186,Indian Ocean,1.7375,7.1822,161.38
2025-09-17T09:57:02.243769+00:00,4.80171,63.58357,Indian Ocean,2.1425,9.4744,260.51
2025-03-15T09:57:48.277958+00:00,3.14539,88.61642,Indian Ocean,1.9714,8.1012,171.32
2025-05-01T15:56:10.265273+00:00,-2.46976,92.57948,Indian Ocean,1.4872,8.6968,201.58
2023-05-21T06:07:03.097647+00:00,4.25589,88.6104,Indian Ocean,1.6555,8.1437,168.53
2023-04-08T09:04:22.962735+00:00,16.02759,68.04514,Arabian Sea,2.4098,8.3885,151.34
2025-08-07T22:11:00.010900+00:00,4.43008,84.52016,Indian Ocean,1.4606,8.2358,265.91
2023-03-30T18:22:36.557541+00:00,20.43169,92.75284,Bay of Bengal,2.1173,10.613,175.87
2023-05-28T17:22:44.659321+00:00,15.86981,95.02848,Bay of Bengal,1.7539,8.9689,246.22
2025-01-31T09:45:19.440521+00:00,13.62285,94.50622,Bay of Bengal,1.1842,7.3292,182.3
2023-09-27T16:16:31.260572+00:00,-1.02519,74.82877,Indian Ocean,2.1125,9.4249,306.42
2024-01-31T05:51:20.980473+00:00,-3.53633,65.07042,Indian Ocean,1.5372,10.1307,248.78
2024-06-04T09:23:54.921404+00:00,20.27147,89.57627,Bay of Bengal,1.4465,7.8841,217.37
2024-03-27T13:49:42.249439+00:00,7.39004,62.45161,Arabian Sea,2.5185,9.4002,194.56
2025-10-25T15:42:05.900031+00:00,19.37145,70.1703,Arabian Sea,2.274,10.5573,255.32
2025-06-07T06:30:49.019976+00:00,17.07212,64.71345,Arabian Sea,2.1272,8.6754,167.24
2025-12-19T02:19:49.176871+00:00,3.23679,63.53953,Indian Ocean,1.2228,7.5483,243.38
2023-10-13T17:05:38.051662+00:00,-2.78989,76.58456,Indian Ocean,1.4512,8.0901,253.32
2023-04-12T19:54:04.639227+00:00,1.30671,77.12863,Indian Ocean,1.8469,9.3828,149.42
2025-01-10T18:16:28.753108+00:00,-4.80826,64.80113,Indian Ocean,1.7926,7.7564,230.26
2024-12-26T05:07:52.433280+00:00,17.47911,74.46504,Arabian Sea,1.4498,9.0513,199.18
2025-08-18T03:01:59.554439+00:00,9.76197,91.14305,Bay of Bengal,1.7618,8.6676,285.75
2025-08-15T00:51:58.338981+00:00,1.68445,86.87613,Indian Ocean,1.3743,8.6843,278.41
2024-08-17T14:02:16.496691+00:00,21.78681,99.58976,Bay of Bengal,1.9047,8.8404,259.53
2024-01-06T07:26:02.081280+00:00,-0.98058,70.04988,Indian Ocean,1.3839,8.0448,236.51
2023-12-18T12:52:42.355722+00:00,17.06318,92.66979,Bay of Bengal,1.387,7.6152,192.88
2024-11-13T11:58:15.831405+00:00,22.96961,63.14555,Arabian Sea,2.3044,9.1431,271.51
2023-10-15T17:46:12.186441+00:00,2.47957,62.45897,Indian Ocean,2.2271,9.6303,253.16
2024-04-17T08:17:36.891524+00:00,0.8782,73.15637,Indian Ocean,2.1379,9.3195,153.27
2024-01-05T11:47:07.828828+00:00,2.81304,86.67093,Indian Ocean,1.2331,9.4665,172.62
2025-09-21T13:43:44.618409+00:00,2.02676,92.43826,Andaman Sea,1.7851,8.7515,274.8
2023-05-04T23:29:15.325406+00:00,0.58177,75.24879,Indian Ocean,2.0624,8.7258,166.43
2025-06-24T22:36:35.421460+00:00,19.23085,66.41266,Arabian Sea,2.0478,10.0583,174.48
2023-11-05T16:55:56.936148+00:00,12.18386,78.07839,Bay of Bengal,1.7553,8.4164,264.72
2023-05-19T06:53:52.865218+00:00,14.52929,84.05734,Bay of Bengal,1.8723,7.5852,204.86
2025-04-17T22:33:06.341516+00:00,4.17078,83.65713,Indian Ocean,2.0409,7.5312,149.23
2025-06-16T14:36:00.038533+00:00,-0.62752,81.79083,Indian Ocean,1.4534,7.5833,209.08
2023-01-03T05:07:36.690292+00:00,6.52047,60.94024,Arabian Sea,2.106,8.6856,238.15
2023-05-22T09:46:24.961158+00:00,-2.98248,93.8218,Indian Ocean,1.311,7.4046,197.32
2023-10-18T03:01:41.747061+00:00,-4.74503,75.73954,Indian Ocean,2.4228,8.9546,250.95
2023-09-03T08:16:16.611845+00:00,16.73182,70.91109,Arabian Sea,2.162,9.337,272.52
2025-02-04T09:11:46.580624+00:00,-0.06002,91.52817,Andaman Sea,2.18,7.908,159.92
2025-11-02T18:24:59.071814+00:00,22.74588,89.09261,Indian Ocean,1.7658,8.2883,261.18
2024-12-30T02:32:11.546316+00:00,7.48012,67.76171,Arabian Sea,1.5941,8.5877,233.33
2025-03-19T03:57:51.009828+00:00,19.38399,88.69574,Bay of Bengal,2.3418,9.3197,143.3
2024-08-21T03:38:28.913033+00:00,1.50653,90.27519,Andaman Sea,1.8319,9.2036,272.62
2024-06-02T01:30:18.080478+00:00,15.78273,97.49782,Bay of Bengal,2.1447,9.3524,239.97
2023-01-13T19:45:20.868220+00:00,-1.59161,68.90567,Indian Ocean,1.5532,7.9795,241.01
2025-01-15T21:59:54.908887+00:00,10.34544,97.54703,Bay of Bengal,1.6202,8.6157,161.27
2023-01-25T18:46:33.868913+00:00,23.72832,65.79622,Arabian Sea,1.8349,9.7173,225.0
2024-07-18T08:13:41.562078+00:00,16.04434,90.17475,Bay of Bengal,1.7075,8.1909,304.46
2023-06-30T02:20:08.182979+00:00,23.22605,71.89235,Arabian Sea,1.5259,8.1166,220.12
2023-06-13T19:54:39.107305+00:00,15.82826,94.39941,Bay of Bengal,2.0964,7.7481,227.82
2023-01-18T06:26:01.404892+00:00,13.16999,78.51902,Bay of Bengal,1.4382,6.9059,217.62
2023-05-03T18:54:55.605548+00:00,19.9716,91.43472,Bay of Bengal,2.173,8.2674,208.02
2025-09-09T08:32:38.700425+00:00,17.71544,83.44746,Bay of Bengal,1.7664,8.6608,273.6
2025-10-10T22:57:31.847589+00:00,3.30062,76.78589,Indian Ocean,1.8311,9.4033,277.27
2024-06-12T18:28:32.266400+00:00,21.56309,85.76731,Bay of Bengal,1.6368,8.984,239.16
2025-12-03T14:56:39.647809+00:00,16.19777,69.51969,Arabian Sea,1.8951,9.3806,253.98
2024-08-12T00:59:33.264255+00:00,14.28418,65.39221,Arabian Sea,2.1706,9.606,253.9
2023-01-15T05:27:49.187213+00:00,15.57111,84.38105,Bay of Bengal,1.9082,9.6345,178.77
2023-01-05T20:00:29.851608+00:00,4.51046,68.78679,Indian Ocean,0.9599,6.4432,207.23
2025-07-12T11:24:37.871435+00:00,8.00383,91.47945,Bay of Bengal,1.4004,6.8085,227.56
2023-08-22T14:26:20.104140+00:00,-4.74425,63.66491,Indian Ocean,2.2023,10.2752,280.34
2024-06-23T11:57:55.485725+00:00,5.88651,74.82725,Arabian Sea,1.669,8.3443,213.76
2023-10-27T08:04:15.551764+00:00,23.30372,91.24552,Indian Ocean,1.9637,8.5901,255.71
2025-09-11T03:08:38.234888+00:00,11.75221,81.9302,Bay of Bengal,1.9169,8.5037,291.38
2024-09-18T15:23:56.031879+00:00,0.86673,99.33627,Andaman Sea,2.0766,8.5177,258.24
2023-06-29T21:48:44.670807+00:00,21.90268,79.48171,Bay of Bengal,1.3671,7.6502,216.22
2024-08-15T02:26:34.881998+00:00,-3.88795,62.26106,Indian Ocean,1.3455,8.1109,225.07
2024-09-05T06:35:14.163324+00:00,4.24915,66.70185,Indian Ocean,1.8444,7.2184,246.37
2025-01-11T09:40:43.622290+00:00,-4.15414,71.83702,Indian Ocean,1.3525,5.7873,185.94
2024-01-29T19:31:44.879077+00:00,10.29438,77.95351,Arabian Sea,1.9006,7.3723,190.26
2025-09-11T15:49:38.713477+00:00,11.07284,98.88159,Bay of Bengal,2.0468,8.3186,248.78
2025-07-01T00:54:05.169988+00:00,11.91145,67.08277,Arabian Sea,1.4208,8.4954,234.42
2023-05-27T02:40:44.021520+00:00,-4.25658,71.70279,Indian Ocean,1.6523,9.4175,182.23
2023-11-13T00:04:23.813313+00:00,5.21539,87.07415,Bay of Bengal,2.1229,8.96,250.26
2024-06-26T09:40:20.419514+00:00,8.33947,78.95053,Bay of Bengal,1.5287,8.6497,189.62
2024-03-15T15:19:01.455987+00:00,3.21054,71.66763,Indian Ocean,2.2895,9.1544,148.48
2024-07-21T02:02:02.817199+00:00,13.17836,97.63832,Bay of Bengal,1.4999,7.9301,262.98
2024-05-30T06:51:33.070961+00:00,12.69193,78.331,Bay of Bengal,1.7844,8.7137,174.52
2024-02-23T00:35:15.418578+00:00,13.85592,84.21825,Bay of Bengal,2.2736,8.8244,184.72
2025-09-15T05:45:46.944352+00:00,15.43513,93.05807,Bay of Bengal,2.0274,9.2609,276.49
2025-07-27T11:38:20.837995+00:00,17.89969,87.80529,Bay of Bengal,1.4561,8.7657,254.26
2023-10-11T09:20:22.574755+00:00,1.24817,63.567,Indian Ocean,1.9499,8.1876,271.24
2023-06-06T17:19:18.028739+00:00,19.31823,88.12287,Bay of Bengal,1.6639,7.4448,239.64
2025-11-21T05:36:38.166538+00:00,12.94546,60.50367,Arabian Sea,2.1263,8.7472,232.29
2024-05-15T02:16:13.510351+00:00,2.95771,89.70797,Indian Ocean,2.3476,9.6734,222.34
2024-05-05T13:12:49.293130+00:00,11.24205,77.16682,Arabian Sea,2.0074,7.6372,158.97
2023-11-21T08:23:07.227248+00:00,3.65811,75.05549,Indian Ocean,1.6817,8.1294,238.88
2025-07-01T01:32:54.536557+00:00,14.99403,67.06368,Arabian Sea,1.4653,7.7067,210.85
2023-12-19T19:07:26.095542+00:00,5.36987,80.00088,Bay of Bengal,1.4352,8.4328,279.46
2025-07-24T05:23:56.392177+00:00,18.57011,78.4885,Bay of Bengal,1.5131,9.0629,260.93
2024-07-21T08:25:22.001541+00:00,14.62728,78.33622,Bay of Bengal,1.3938,7.5749,238.3
2023-05-30T12:24:46.420467+00:00,14.63574,64.57017,Arabian Sea,2.3734,8.2214,205.18
2024-03-22T09:00:37.948217+00:00,22.47559,87.73605,Indian Ocean,2.1138,8.9678,163.77
2025-07-07T08:57:13.650825+00:00,17.13222,61.39025,Arabian Sea,1.6004,8.6117,190.47
2023-03-13T17:11:07.540643+00:00,7.13196,71.98183,Arabian Sea,2.3885,10.1035,190.21
2024-06-10T10:16:34.012184+00:00,15.75907,78.447,Bay of Bengal,2.0057,10.2654,202.22
2025-10-30T10:51:33.959101+00:00,5.15086,91.40218,Bay of Bengal,1.9407,8.848,258.84
2024-04-07T09:16:41.777123+00:00,-4.72371,73.40607,Indian Ocean,2.6839,11.2635,144.4
2025-02-11T11:39:00.164257+00:00,9.60018,71.61163,Arabian Sea,2.4611,8.7086,208.54
2025-03-28T14:20:58.254836+00:00,-2.14068,73.79842,Indian Ocean,2.259,10.1629,206.87
2023-12-20T09:02:38.236930+00:00,8.97547,62.38084,Arabian Sea,1.191,8.0849,276.11
2024-06-07T03:36:48.218612+00:00,-0.16191,88.67936,Indian Ocean,1.9212,8.6603,220.63
2023-05-18T19:14:47.851819+00:00,2.76236,62.91158,Indian Ocean,1.3313,8.8219,149.25
2025-01-24T22:09:52.377677+00:00,17.7238,67.45558,Arabian Sea,2.1245,7.8147,207.19
2024-05-18T13:01:59.256976+00:00,4.48564,66.71542,Indian Ocean,1.428,7.6063,146.14
2023-07-08T06:54:31.777498+00:00,20.75293,78.29119,Bay of Bengal,1.4065,8.4338,197.1
2023-03-15T00:24:19.492825+00:00,-2.94339,87.01665,Indian Ocean,1.8334,8.7693,192.02
2025-03-26T07:29:06.946272+00:00,22.19259,60.08966,Arabian Sea,2.7337,9.3937,197.94
2023-12-28T21:32:00.036537+00:00,17.86912,91.68624,Bay of Bengal,1.2204,8.0793,187.56
2024-11-05T00:55:29.967698+00:00,21.71929,80.0415,Bay of Bengal,2.1361,9.076,265.18
2024-08-12T19:05:52.194305+00:00,22.26129,63.86622,Arabian Sea,2.1756,9.7983,190.25
2025-08-09T08:09:37.277441+00:00,19.34771,89.6156,Bay of Bengal,1.8108,7.5648,253.26
2023-02-25T23:51:59.988638+00:00,12.61565,67.34962,Arabian Sea,1.9322,7.9161,195.86
2024-12-29T01:55:23.466366+00:00,21.08942,62.33678,Arabian Sea,1.7528,8.9724,244.78
2023-07-01T14:35:53.712455+00:00,19.73338,72.65738,Arabian Sea,1.9814,9.4853,222.98
2024-01-22T03:49:39.351618+00:00,5.04437,80.28252,Bay of Bengal,1.9097,8.4853,193.06
2024-05-01T03:10:24.526274+00:00,6.43836,97.80531,Bay of Bengal,2.0061,8.5455,215.47
2025-10-28T08:51:08.861499+00:00,10.14109,69.63043,Arabian Sea,2.9741,9.9761,273.7
2023-05-29T09:00:31.675469+00:00,7.09504,76.05618,Arabian Sea,2.1259,9.0734,158.91
2023-02-15T14:30:07.691254+00:00,-2.18617,84.72104,Indian Ocean,2.1967,9.1476,178.85
2025-02-23T20:09:01.431836+00:00,-4.63645,88.55193,Indian Ocean,1.7493,7.771,155.1
2025-09-16T12:52:27.486323+00:00,14.70062,71.52306,Arabian Sea,2.2454,10.9094,290.85
2025-07-18T00:42:33.858159+00:00,17.58016,70.81941,Arabian Sea,1.5569,7.4977,232.21
2024-01-21T01:07:31.854015+00:00,7.657,85.2267,Bay of Bengal,1.8326,9.5863,204.23
2024-01-26T09:27:52.912331+00:00,14.25654,70.00992,Arabian Sea,1.9992,8.6412,227.81
2025-01-25T04:29:39.511333+00:00,6.70973,81.40789,Bay of Bengal,1.8282,7.9158,184.09
2024-11-05T17:37:27.831825+00:00,3.09094,89.84158,Indian Ocean,1.5562,7.5052,245.64
2023-02-04T06:42:55.963925+00:00,0.69755,86.34542,Indian Ocean,1.7156,7.6541,195.81
2024-10-01T05:16:59.836380+00:00,18.98371,92.65689,Bay of Bengal,2.3205,8.3481,263.27
2024-01-06T00:25:37.943027+00:00,20.87215,80.79782,Bay of Bengal,1.3587,9.3928,176.67
2024-11-11T22:40:16.552920+00:00,3.98763,65.1072,Indian Ocean,2.0213,8.2162,285.01
2023-11-28T18:50:41.988035+00:00,13.60048,96.1053,Bay of Bengal,1.6018,9.6839,218.51
2025-08-24T09:55:42.724526+00:00,0.24049,94.71136,Andaman Sea,1.6507,9.1804,257.14
2024-09-28T16:27:23.001737+00:00,5.67128,68.52606,Arabian Sea,3.1523,10.6719,285.03
2024-06-22T15:20:54.521280+00:00,-1.65671,97.54333,Andaman Sea,2.1727,8.5797,284.88
2025-09-16T03:20:28.898148+00:00,18.47335,75.31984,Arabian Sea,2.1888,9.6262,252.15
2023-06-09T09:11:00.056132+00:00,20.81452,67.02993,Arabian Sea,2.1514,7.9518,205.25
2024-03-08T07:48:07.157299+00:00,-2.29443,90.44465,Indian Ocean,1.9512,9.5974,172.49
2023-02-08T07:58:38.558704+00:00,4.32057,90.63544,Andaman Sea,2.1646,9.4493,173.04
2025-03-08T15:45:41.652162+00:00,6.35163,81.95997,Bay of Bengal,2.2621,9.7793,157.85
2024-03-05T08:44:33.581662+00:00,11.60954,67.78837,Arabian Sea,2.3852,10.3595,219.96
2025-09-04T22:57:23.503802+00:00,10.45044,94.1557,Bay of Bengal,2.1915,9.4898,266.77
2025-01-27T23:57:10.146088+00:00,7.80674,81.77469,Bay of Bengal,1.5093,7.8249,207.59
2024-09-29T02:46:08.108599+00:00,23.60699,60.04577,Arabian Sea,2.8844,9.7983,238.09
2024-12-28T13:00:35.813403+00:00,12.512,92.77154,Bay of Bengal,1.2466,8.0013,192.41
2023-10-29T14:57:11.828041+00:00,17.61213,62.48771,Arabian Sea,2.3384,9.0605,290.41
2024-06-12T16:29:54.646720+00:00,-4.18487,80.88565,Indian Ocean,1.72,10.8974,189.81
2023-08-13T04:53:14.775840+00:00,7.91557,81.11047,Bay of Bengal,1.4084,6.6037,229.25
2023-05-24T04:19:44.660671+00:00,21.96378,71.78462,Arabian Sea,1.4024,9.4284,194.67
2025-08-22T08:21:46.821973+00:00,17.51115,67.50266,Arabian Sea,2.2244,9.3781,193.45
